instance,precedence_encoding,precedence_graph,precedence_configuration,solver,objective,domain_mode,basic,imp1,imp2,imp12,imp12+
forum-13.prec15,pairwise,direct,pairwise+direct,incremental,IdleRange(P*),full,-,-,-,-,0.7 0
forum-13.prec15,pairwise,direct,pairwise+direct,maxsat,IdleRange(P*),full,-,-,-,-,0.9 0
forum-13.prec15,pairwise,direct,pairwise+direct,multiple,IdleRange(P*),full,-,-,-,-,1.0 0
forum-13.prec15,pairwise,distance_closure,pairwise+distance_closure,incremental,IdleRange(P*),full,-,-,-,-,0.7 0
forum-13.prec15,pairwise,distance_closure,pairwise+distance_closure,maxsat,IdleRange(P*),full,-,-,-,-,0.9 0
forum-13.prec15,pairwise,distance_closure,pairwise+distance_closure,multiple,IdleRange(P*),full,-,-,-,-,1.0 0
forum-13.prec15,sparse_suffix,direct,sparse_suffix+direct,incremental,IdleRange(P*),full,-,-,-,-,0.6 0
forum-13.prec15,sparse_suffix,direct,sparse_suffix+direct,maxsat,IdleRange(P*),full,-,-,-,-,0.8 0
forum-13.prec15,sparse_suffix,direct,sparse_suffix+direct,multiple,IdleRange(P*),full,-,-,-,-,1.0 0
forum-13.prec15,sparse_suffix,distance_closure,sparse_suffix+distance_closure,incremental,IdleRange(P*),full,-,-,-,-,0.6 0
forum-13.prec15,sparse_suffix,distance_closure,sparse_suffix+distance_closure,maxsat,IdleRange(P*),full,-,-,-,-,0.8 0
forum-13.prec15,sparse_suffix,distance_closure,sparse_suffix+distance_closure,multiple,IdleRange(P*),full,-,-,-,-,1.0 0
forum-13.prec15,pairwise,direct,pairwise+direct,incremental,IdleRange(P*),reduced,-,-,-,-,0.5 0
forum-13.prec15,pairwise,direct,pairwise+direct,maxsat,IdleRange(P*),reduced,-,-,-,-,0.7 0
forum-13.prec15,pairwise,direct,pairwise+direct,multiple,IdleRange(P*),reduced,-,-,-,-,0.8 0
forum-13.prec15,pairwise,distance_closure,pairwise+distance_closure,incremental,IdleRange(P*),reduced,-,-,-,-,0.5 0
forum-13.prec15,pairwise,distance_closure,pairwise+distance_closure,maxsat,IdleRange(P*),reduced,-,-,-,-,0.7 0
forum-13.prec15,pairwise,distance_closure,pairwise+distance_closure,multiple,IdleRange(P*),reduced,-,-,-,-,0.8 0
forum-13.prec15,sparse_suffix,direct,sparse_suffix+direct,incremental,IdleRange(P*),reduced,-,-,-,-,0.4 0
forum-13.prec15,sparse_suffix,direct,sparse_suffix+direct,maxsat,IdleRange(P*),reduced,-,-,-,-,0.7 0
forum-13.prec15,sparse_suffix,direct,sparse_suffix+direct,multiple,IdleRange(P*),reduced,-,-,-,-,0.8 0
forum-13.prec15,sparse_suffix,distance_closure,sparse_suffix+distance_closure,incremental,IdleRange(P*),reduced,-,-,-,-,0.4 0
forum-13.prec15,sparse_suffix,distance_closure,sparse_suffix+distance_closure,maxsat,IdleRange(P*),reduced,-,-,-,-,0.7 0
forum-13.prec15,sparse_suffix,distance_closure,sparse_suffix+distance_closure,multiple,IdleRange(P*),reduced,-,-,-,-,0.8 0
forum-13.prec25,pairwise,direct,pairwise+direct,incremental,IdleRange(P*),full,-,-,-,-,UNSAT
forum-13.prec25,pairwise,direct,pairwise+direct,maxsat,IdleRange(P*),full,-,-,-,-,UNSAT
forum-13.prec25,pairwise,direct,pairwise+direct,multiple,IdleRange(P*),full,-,-,-,-,UNSAT
forum-13.prec25,pairwise,distance_closure,pairwise+distance_closure,incremental,IdleRange(P*),full,-,-,-,-,UNSAT
forum-13.prec25,pairwise,distance_closure,pairwise+distance_closure,maxsat,IdleRange(P*),full,-,-,-,-,UNSAT
forum-13.prec25,pairwise,distance_closure,pairwise+distance_closure,multiple,IdleRange(P*),full,-,-,-,-,UNSAT
forum-13.prec25,sparse_suffix,direct,sparse_suffix+direct,incremental,IdleRange(P*),full,-,-,-,-,UNSAT
forum-13.prec25,sparse_suffix,direct,sparse_suffix+direct,maxsat,IdleRange(P*),full,-,-,-,-,UNSAT
forum-13.prec25,sparse_suffix,direct,sparse_suffix+direct,multiple,IdleRange(P*),full,-,-,-,-,UNSAT
forum-13.prec25,sparse_suffix,distance_closure,sparse_suffix+distance_closure,incremental,IdleRange(P*),full,-,-,-,-,UNSAT
forum-13.prec25,sparse_suffix,distance_closure,sparse_suffix+distance_closure,maxsat,IdleRange(P*),full,-,-,-,-,UNSAT
forum-13.prec25,sparse_suffix,distance_closure,sparse_suffix+distance_closure,multiple,IdleRange(P*),full,-,-,-,-,UNSAT
forum-13.prec25,pairwise,direct,pairwise+direct,incremental,IdleRange(P*),reduced,-,-,-,-,UNSAT
forum-13.prec25,pairwise,direct,pairwise+direct,maxsat,IdleRange(P*),reduced,-,-,-,-,UNSAT
forum-13.prec25,pairwise,direct,pairwise+direct,multiple,IdleRange(P*),reduced,-,-,-,-,UNSAT
forum-13.prec25,pairwise,distance_closure,pairwise+distance_closure,incremental,IdleRange(P*),reduced,-,-,-,-,UNSAT
forum-13.prec25,pairwise,distance_closure,pairwise+distance_closure,maxsat,IdleRange(P*),reduced,-,-,-,-,UNSAT
forum-13.prec25,pairwise,distance_closure,pairwise+distance_closure,multiple,IdleRange(P*),reduced,-,-,-,-,UNSAT
forum-13.prec25,sparse_suffix,direct,sparse_suffix+direct,incremental,IdleRange(P*),reduced,-,-,-,-,UNSAT
forum-13.prec25,sparse_suffix,direct,sparse_suffix+direct,maxsat,IdleRange(P*),reduced,-,-,-,-,UNSAT
forum-13.prec25,sparse_suffix,direct,sparse_suffix+direct,multiple,IdleRange(P*),reduced,-,-,-,-,UNSAT
forum-13.prec25,sparse_suffix,distance_closure,sparse_suffix+distance_closure,incremental,IdleRange(P*),reduced,-,-,-,-,UNSAT
forum-13.prec25,sparse_suffix,distance_closure,sparse_suffix+distance_closure,maxsat,IdleRange(P*),reduced,-,-,-,-,UNSAT
forum-13.prec25,sparse_suffix,distance_closure,sparse_suffix+distance_closure,multiple,IdleRange(P*),reduced,-,-,-,-,UNSAT
forum-13crafb.prec15,pairwise,direct,pairwise+direct,incremental,IdleRange(P*),full,-,-,-,-,UNSAT
forum-13crafb.prec15,pairwise,direct,pairwise+direct,maxsat,IdleRange(P*),full,-,-,-,-,UNSAT
forum-13crafb.prec15,pairwise,direct,pairwise+direct,multiple,IdleRange(P*),full,-,-,-,-,UNSAT
forum-13crafb.prec15,pairwise,distance_closure,pairwise+distance_closure,incremental,IdleRange(P*),full,-,-,-,-,UNSAT
forum-13crafb.prec15,pairwise,distance_closure,pairwise+distance_closure,maxsat,IdleRange(P*),full,-,-,-,-,UNSAT
forum-13crafb.prec15,pairwise,distance_closure,pairwise+distance_closure,multiple,IdleRange(P*),full,-,-,-,-,UNSAT
forum-13crafb.prec15,sparse_suffix,direct,sparse_suffix+direct,incremental,IdleRange(P*),full,-,-,-,-,UNSAT
forum-13crafb.prec15,sparse_suffix,direct,sparse_suffix+direct,maxsat,IdleRange(P*),full,-,-,-,-,UNSAT
forum-13crafb.prec15,sparse_suffix,direct,sparse_suffix+direct,multiple,IdleRange(P*),full,-,-,-,-,UNSAT
forum-13crafb.prec15,sparse_suffix,distance_closure,sparse_suffix+distance_closure,incremental,IdleRange(P*),full,-,-,-,-,UNSAT
forum-13crafb.prec15,sparse_suffix,distance_closure,sparse_suffix+distance_closure,maxsat,IdleRange(P*),full,-,-,-,-,UNSAT
forum-13crafb.prec15,sparse_suffix,distance_closure,sparse_suffix+distance_closure,multiple,IdleRange(P*),full,-,-,-,-,UNSAT
forum-13crafb.prec15,pairwise,direct,pairwise+direct,incremental,IdleRange(P*),reduced,-,-,-,-,UNSAT
forum-13crafb.prec15,pairwise,direct,pairwise+direct,maxsat,IdleRange(P*),reduced,-,-,-,-,UNSAT
forum-13crafb.prec15,pairwise,direct,pairwise+direct,multiple,IdleRange(P*),reduced,-,-,-,-,UNSAT
forum-13crafb.prec15,pairwise,distance_closure,pairwise+distance_closure,incremental,IdleRange(P*),reduced,-,-,-,-,UNSAT
forum-13crafb.prec15,pairwise,distance_closure,pairwise+distance_closure,maxsat,IdleRange(P*),reduced,-,-,-,-,UNSAT
forum-13crafb.prec15,pairwise,distance_closure,pairwise+distance_closure,multiple,IdleRange(P*),reduced,-,-,-,-,UNSAT
forum-13crafb.prec15,sparse_suffix,direct,sparse_suffix+direct,incremental,IdleRange(P*),reduced,-,-,-,-,UNSAT
forum-13crafb.prec15,sparse_suffix,direct,sparse_suffix+direct,maxsat,IdleRange(P*),reduced,-,-,-,-,UNSAT
forum-13crafb.prec15,sparse_suffix,direct,sparse_suffix+direct,multiple,IdleRange(P*),reduced,-,-,-,-,UNSAT
forum-13crafb.prec15,sparse_suffix,distance_closure,sparse_suffix+distance_closure,incremental,IdleRange(P*),reduced,-,-,-,-,UNSAT
forum-13crafb.prec15,sparse_suffix,distance_closure,sparse_suffix+distance_closure,maxsat,IdleRange(P*),reduced,-,-,-,-,UNSAT
forum-13crafb.prec15,sparse_suffix,distance_closure,sparse_suffix+distance_closure,multiple,IdleRange(P*),reduced,-,-,-,-,UNSAT
forum-13crafb.prec25,pairwise,direct,pairwise+direct,incremental,IdleRange(P*),full,-,-,-,-,UNSAT
forum-13crafb.prec25,pairwise,direct,pairwise+direct,maxsat,IdleRange(P*),full,-,-,-,-,UNSAT
forum-13crafb.prec25,pairwise,direct,pairwise+direct,multiple,IdleRange(P*),full,-,-,-,-,UNSAT
forum-13crafb.prec25,pairwise,distance_closure,pairwise+distance_closure,incremental,IdleRange(P*),full,-,-,-,-,UNSAT
forum-13crafb.prec25,pairwise,distance_closure,pairwise+distance_closure,maxsat,IdleRange(P*),full,-,-,-,-,UNSAT
forum-13crafb.prec25,pairwise,distance_closure,pairwise+distance_closure,multiple,IdleRange(P*),full,-,-,-,-,UNSAT
forum-13crafb.prec25,sparse_suffix,direct,sparse_suffix+direct,incremental,IdleRange(P*),full,-,-,-,-,UNSAT
forum-13crafb.prec25,sparse_suffix,direct,sparse_suffix+direct,maxsat,IdleRange(P*),full,-,-,-,-,UNSAT
forum-13crafb.prec25,sparse_suffix,direct,sparse_suffix+direct,multiple,IdleRange(P*),full,-,-,-,-,UNSAT
forum-13crafb.prec25,sparse_suffix,distance_closure,sparse_suffix+distance_closure,incremental,IdleRange(P*),full,-,-,-,-,UNSAT
forum-13crafb.prec25,sparse_suffix,distance_closure,sparse_suffix+distance_closure,maxsat,IdleRange(P*),full,-,-,-,-,UNSAT
forum-13crafb.prec25,sparse_suffix,distance_closure,sparse_suffix+distance_closure,multiple,IdleRange(P*),full,-,-,-,-,UNSAT
forum-13crafb.prec25,pairwise,direct,pairwise+direct,incremental,IdleRange(P*),reduced,-,-,-,-,UNSAT
forum-13crafb.prec25,pairwise,direct,pairwise+direct,maxsat,IdleRange(P*),reduced,-,-,-,-,UNSAT
forum-13crafb.prec25,pairwise,direct,pairwise+direct,multiple,IdleRange(P*),reduced,-,-,-,-,UNSAT
forum-13crafb.prec25,pairwise,distance_closure,pairwise+distance_closure,incremental,IdleRange(P*),reduced,-,-,-,-,UNSAT
forum-13crafb.prec25,pairwise,distance_closure,pairwise+distance_closure,maxsat,IdleRange(P*),reduced,-,-,-,-,UNSAT
forum-13crafb.prec25,pairwise,distance_closure,pairwise+distance_closure,multiple,IdleRange(P*),reduced,-,-,-,-,UNSAT
forum-13crafb.prec25,sparse_suffix,direct,sparse_suffix+direct,incremental,IdleRange(P*),reduced,-,-,-,-,UNSAT
forum-13crafb.prec25,sparse_suffix,direct,sparse_suffix+direct,maxsat,IdleRange(P*),reduced,-,-,-,-,UNSAT
forum-13crafb.prec25,sparse_suffix,direct,sparse_suffix+direct,multiple,IdleRange(P*),reduced,-,-,-,-,UNSAT
forum-13crafb.prec25,sparse_suffix,distance_closure,sparse_suffix+distance_closure,incremental,IdleRange(P*),reduced,-,-,-,-,UNSAT
forum-13crafb.prec25,sparse_suffix,distance_closure,sparse_suffix+distance_closure,maxsat,IdleRange(P*),reduced,-,-,-,-,UNSAT
forum-13crafb.prec25,sparse_suffix,distance_closure,sparse_suffix+distance_closure,multiple,IdleRange(P*),reduced,-,-,-,-,UNSAT
forum-13crafc.prec15,pairwise,direct,pairwise+direct,incremental,IdleRange(P*),full,-,-,-,-,3.4 0
forum-13crafc.prec15,pairwise,direct,pairwise+direct,maxsat,IdleRange(P*),full,-,-,-,-,0.9 0
forum-13crafc.prec15,pairwise,direct,pairwise+direct,multiple,IdleRange(P*),full,-,-,-,-,1.2 0
forum-13crafc.prec15,pairwise,distance_closure,pairwise+distance_closure,incremental,IdleRange(P*),full,-,-,-,-,3.4 0
forum-13crafc.prec15,pairwise,distance_closure,pairwise+distance_closure,maxsat,IdleRange(P*),full,-,-,-,-,0.9 0
forum-13crafc.prec15,pairwise,distance_closure,pairwise+distance_closure,multiple,IdleRange(P*),full,-,-,-,-,1.2 0
forum-13crafc.prec15,sparse_suffix,direct,sparse_suffix+direct,incremental,IdleRange(P*),full,-,-,-,-,2.4 0
forum-13crafc.prec15,sparse_suffix,direct,sparse_suffix+direct,maxsat,IdleRange(P*),full,-,-,-,-,0.9 0
forum-13crafc.prec15,sparse_suffix,direct,sparse_suffix+direct,multiple,IdleRange(P*),full,-,-,-,-,1.3 0
forum-13crafc.prec15,sparse_suffix,distance_closure,sparse_suffix+distance_closure,incremental,IdleRange(P*),full,-,-,-,-,2.4 0
forum-13crafc.prec15,sparse_suffix,distance_closure,sparse_suffix+distance_closure,maxsat,IdleRange(P*),full,-,-,-,-,0.9 0
forum-13crafc.prec15,sparse_suffix,distance_closure,sparse_suffix+distance_closure,multiple,IdleRange(P*),full,-,-,-,-,1.3 0
forum-13crafc.prec15,pairwise,direct,pairwise+direct,incremental,IdleRange(P*),reduced,-,-,-,-,1.0 0
forum-13crafc.prec15,pairwise,direct,pairwise+direct,maxsat,IdleRange(P*),reduced,-,-,-,-,3.8 0
forum-13crafc.prec15,pairwise,direct,pairwise+direct,multiple,IdleRange(P*),reduced,-,-,-,-,1.1 0
forum-13crafc.prec15,pairwise,distance_closure,pairwise+distance_closure,incremental,IdleRange(P*),reduced,-,-,-,-,1.0 0
forum-13crafc.prec15,pairwise,distance_closure,pairwise+distance_closure,maxsat,IdleRange(P*),reduced,-,-,-,-,3.8 0
forum-13crafc.prec15,pairwise,distance_closure,pairwise+distance_closure,multiple,IdleRange(P*),reduced,-,-,-,-,1.1 0
forum-13crafc.prec15,sparse_suffix,direct,sparse_suffix+direct,incremental,IdleRange(P*),reduced,-,-,-,-,1.2 0
forum-13crafc.prec15,sparse_suffix,direct,sparse_suffix+direct,maxsat,IdleRange(P*),reduced,-,-,-,-,0.7 0
forum-13crafc.prec15,sparse_suffix,direct,sparse_suffix+direct,multiple,IdleRange(P*),reduced,-,-,-,-,1.0 0
forum-13crafc.prec15,sparse_suffix,distance_closure,sparse_suffix+distance_closure,incremental,IdleRange(P*),reduced,-,-,-,-,1.2 0
forum-13crafc.prec15,sparse_suffix,distance_closure,sparse_suffix+distance_closure,maxsat,IdleRange(P*),reduced,-,-,-,-,0.7 0
forum-13crafc.prec15,sparse_suffix,distance_closure,sparse_suffix+distance_closure,multiple,IdleRange(P*),reduced,-,-,-,-,1.0 0
forum-13crafc.prec25,pairwise,direct,pairwise+direct,incremental,IdleRange(P*),full,-,-,-,-,UNSAT
forum-13crafc.prec25,pairwise,direct,pairwise+direct,maxsat,IdleRange(P*),full,-,-,-,-,UNSAT
forum-13crafc.prec25,pairwise,direct,pairwise+direct,multiple,IdleRange(P*),full,-,-,-,-,UNSAT
forum-13crafc.prec25,pairwise,distance_closure,pairwise+distance_closure,incremental,IdleRange(P*),full,-,-,-,-,UNSAT
forum-13crafc.prec25,pairwise,distance_closure,pairwise+distance_closure,maxsat,IdleRange(P*),full,-,-,-,-,UNSAT
forum-13crafc.prec25,pairwise,distance_closure,pairwise+distance_closure,multiple,IdleRange(P*),full,-,-,-,-,UNSAT
forum-13crafc.prec25,sparse_suffix,direct,sparse_suffix+direct,incremental,IdleRange(P*),full,-,-,-,-,UNSAT
forum-13crafc.prec25,sparse_suffix,direct,sparse_suffix+direct,maxsat,IdleRange(P*),full,-,-,-,-,UNSAT
forum-13crafc.prec25,sparse_suffix,direct,sparse_suffix+direct,multiple,IdleRange(P*),full,-,-,-,-,UNSAT
forum-13crafc.prec25,sparse_suffix,distance_closure,sparse_suffix+distance_closure,incremental,IdleRange(P*),full,-,-,-,-,UNSAT
forum-13crafc.prec25,sparse_suffix,distance_closure,sparse_suffix+distance_closure,maxsat,IdleRange(P*),full,-,-,-,-,UNSAT
forum-13crafc.prec25,sparse_suffix,distance_closure,sparse_suffix+distance_closure,multiple,IdleRange(P*),full,-,-,-,-,UNSAT
forum-13crafc.prec25,pairwise,direct,pairwise+direct,incremental,IdleRange(P*),reduced,-,-,-,-,UNSAT
forum-13crafc.prec25,pairwise,direct,pairwise+direct,maxsat,IdleRange(P*),reduced,-,-,-,-,UNSAT
forum-13crafc.prec25,pairwise,direct,pairwise+direct,multiple,IdleRange(P*),reduced,-,-,-,-,UNSAT
forum-13crafc.prec25,pairwise,distance_closure,pairwise+distance_closure,incremental,IdleRange(P*),reduced,-,-,-,-,UNSAT
forum-13crafc.prec25,pairwise,distance_closure,pairwise+distance_closure,maxsat,IdleRange(P*),reduced,-,-,-,-,UNSAT
forum-13crafc.prec25,pairwise,distance_closure,pairwise+distance_closure,multiple,IdleRange(P*),reduced,-,-,-,-,UNSAT
forum-13crafc.prec25,sparse_suffix,direct,sparse_suffix+direct,incremental,IdleRange(P*),reduced,-,-,-,-,UNSAT
forum-13crafc.prec25,sparse_suffix,direct,sparse_suffix+direct,maxsat,IdleRange(P*),reduced,-,-,-,-,UNSAT
forum-13crafc.prec25,sparse_suffix,direct,sparse_suffix+direct,multiple,IdleRange(P*),reduced,-,-,-,-,UNSAT
forum-13crafc.prec25,sparse_suffix,distance_closure,sparse_suffix+distance_closure,incremental,IdleRange(P*),reduced,-,-,-,-,UNSAT
forum-13crafc.prec25,sparse_suffix,distance_closure,sparse_suffix+distance_closure,maxsat,IdleRange(P*),reduced,-,-,-,-,UNSAT
forum-13crafc.prec25,sparse_suffix,distance_closure,sparse_suffix+distance_closure,multiple,IdleRange(P*),reduced,-,-,-,-,UNSAT
forum-14.prec15,pairwise,direct,pairwise+direct,incremental,IdleRange(P*),full,-,-,-,-,1.8 4
forum-14.prec15,pairwise,direct,pairwise+direct,maxsat,IdleRange(P*),full,-,-,-,-,2.7 4
forum-14.prec15,pairwise,direct,pairwise+direct,multiple,IdleRange(P*),full,-,-,-,-,2.5 4
forum-14.prec15,pairwise,distance_closure,pairwise+distance_closure,incremental,IdleRange(P*),full,-,-,-,-,2.8 4
forum-14.prec15,pairwise,distance_closure,pairwise+distance_closure,maxsat,IdleRange(P*),full,-,-,-,-,2.8 4
forum-14.prec15,pairwise,distance_closure,pairwise+distance_closure,multiple,IdleRange(P*),full,-,-,-,-,2.5 4
forum-14.prec15,sparse_suffix,direct,sparse_suffix+direct,incremental,IdleRange(P*),full,-,-,-,-,1.8 4
forum-14.prec15,sparse_suffix,direct,sparse_suffix+direct,maxsat,IdleRange(P*),full,-,-,-,-,2.7 4
forum-14.prec15,sparse_suffix,direct,sparse_suffix+direct,multiple,IdleRange(P*),full,-,-,-,-,2.5 4
forum-14.prec15,sparse_suffix,distance_closure,sparse_suffix+distance_closure,incremental,IdleRange(P*),full,-,-,-,-,1.8 4
forum-14.prec15,sparse_suffix,distance_closure,sparse_suffix+distance_closure,maxsat,IdleRange(P*),full,-,-,-,-,2.6 4
forum-14.prec15,sparse_suffix,distance_closure,sparse_suffix+distance_closure,multiple,IdleRange(P*),full,-,-,-,-,3.3 4
forum-14.prec15,pairwise,direct,pairwise+direct,incremental,IdleRange(P*),reduced,-,-,-,-,1.7 4
forum-14.prec15,pairwise,direct,pairwise+direct,maxsat,IdleRange(P*),reduced,-,-,-,-,2.4 4
forum-14.prec15,pairwise,direct,pairwise+direct,multiple,IdleRange(P*),reduced,-,-,-,-,2.3 4
forum-14.prec15,pairwise,distance_closure,pairwise+distance_closure,incremental,IdleRange(P*),reduced,-,-,-,-,1.6 4
forum-14.prec15,pairwise,distance_closure,pairwise+distance_closure,maxsat,IdleRange(P*),reduced,-,-,-,-,2.4 4
forum-14.prec15,pairwise,distance_closure,pairwise+distance_closure,multiple,IdleRange(P*),reduced,-,-,-,-,2.4 4
forum-14.prec15,sparse_suffix,direct,sparse_suffix+direct,incremental,IdleRange(P*),reduced,-,-,-,-,1.6 4
forum-14.prec15,sparse_suffix,direct,sparse_suffix+direct,maxsat,IdleRange(P*),reduced,-,-,-,-,2.4 4
forum-14.prec15,sparse_suffix,direct,sparse_suffix+direct,multiple,IdleRange(P*),reduced,-,-,-,-,2.2 4
forum-14.prec15,sparse_suffix,distance_closure,sparse_suffix+distance_closure,incremental,IdleRange(P*),reduced,-,-,-,-,1.6 4
forum-14.prec15,sparse_suffix,distance_closure,sparse_suffix+distance_closure,maxsat,IdleRange(P*),reduced,-,-,-,-,2.4 4
forum-14.prec15,sparse_suffix,distance_closure,sparse_suffix+distance_closure,multiple,IdleRange(P*),reduced,-,-,-,-,2.2 4
forum-14.prec25,pairwise,direct,pairwise+direct,incremental,IdleRange(P*),full,-,-,-,-,UNSAT
forum-14.prec25,pairwise,direct,pairwise+direct,maxsat,IdleRange(P*),full,-,-,-,-,UNSAT
forum-14.prec25,pairwise,direct,pairwise+direct,multiple,IdleRange(P*),full,-,-,-,-,UNSAT
forum-14.prec25,pairwise,distance_closure,pairwise+distance_closure,incremental,IdleRange(P*),full,-,-,-,-,UNSAT
forum-14.prec25,pairwise,distance_closure,pairwise+distance_closure,maxsat,IdleRange(P*),full,-,-,-,-,UNSAT
forum-14.prec25,pairwise,distance_closure,pairwise+distance_closure,multiple,IdleRange(P*),full,-,-,-,-,UNSAT
forum-14.prec25,sparse_suffix,direct,sparse_suffix+direct,incremental,IdleRange(P*),full,-,-,-,-,UNSAT
forum-14.prec25,sparse_suffix,direct,sparse_suffix+direct,maxsat,IdleRange(P*),full,-,-,-,-,UNSAT
forum-14.prec25,sparse_suffix,direct,sparse_suffix+direct,multiple,IdleRange(P*),full,-,-,-,-,UNSAT
forum-14.prec25,sparse_suffix,distance_closure,sparse_suffix+distance_closure,incremental,IdleRange(P*),full,-,-,-,-,UNSAT
forum-14.prec25,sparse_suffix,distance_closure,sparse_suffix+distance_closure,maxsat,IdleRange(P*),full,-,-,-,-,UNSAT
forum-14.prec25,sparse_suffix,distance_closure,sparse_suffix+distance_closure,multiple,IdleRange(P*),full,-,-,-,-,UNSAT
forum-14.prec25,pairwise,direct,pairwise+direct,incremental,IdleRange(P*),reduced,-,-,-,-,UNSAT
forum-14.prec25,pairwise,direct,pairwise+direct,maxsat,IdleRange(P*),reduced,-,-,-,-,UNSAT
forum-14.prec25,pairwise,direct,pairwise+direct,multiple,IdleRange(P*),reduced,-,-,-,-,UNSAT
forum-14.prec25,pairwise,distance_closure,pairwise+distance_closure,incremental,IdleRange(P*),reduced,-,-,-,-,UNSAT
forum-14.prec25,pairwise,distance_closure,pairwise+distance_closure,maxsat,IdleRange(P*),reduced,-,-,-,-,UNSAT
forum-14.prec25,pairwise,distance_closure,pairwise+distance_closure,multiple,IdleRange(P*),reduced,-,-,-,-,UNSAT
forum-14.prec25,sparse_suffix,direct,sparse_suffix+direct,incremental,IdleRange(P*),reduced,-,-,-,-,UNSAT
forum-14.prec25,sparse_suffix,direct,sparse_suffix+direct,maxsat,IdleRange(P*),reduced,-,-,-,-,UNSAT
forum-14.prec25,sparse_suffix,direct,sparse_suffix+direct,multiple,IdleRange(P*),reduced,-,-,-,-,UNSAT
forum-14.prec25,sparse_suffix,distance_closure,sparse_suffix+distance_closure,incremental,IdleRange(P*),reduced,-,-,-,-,UNSAT
forum-14.prec25,sparse_suffix,distance_closure,sparse_suffix+distance_closure,maxsat,IdleRange(P*),reduced,-,-,-,-,UNSAT
forum-14.prec25,sparse_suffix,distance_closure,sparse_suffix+distance_closure,multiple,IdleRange(P*),reduced,-,-,-,-,UNSAT
forumt-14.prec15,pairwise,direct,pairwise+direct,incremental,IdleRange(P*),full,-,-,-,-,0.3 2
forumt-14.prec15,pairwise,direct,pairwise+direct,maxsat,IdleRange(P*),full,-,-,-,-,0.5 2
forumt-14.prec15,pairwise,direct,pairwise+direct,multiple,IdleRange(P*),full,-,-,-,-,0.3 2
forumt-14.prec15,pairwise,distance_closure,pairwise+distance_closure,incremental,IdleRange(P*),full,-,-,-,-,0.3 2
forumt-14.prec15,pairwise,distance_closure,pairwise+distance_closure,maxsat,IdleRange(P*),full,-,-,-,-,0.5 2
forumt-14.prec15,pairwise,distance_closure,pairwise+distance_closure,multiple,IdleRange(P*),full,-,-,-,-,0.3 2
forumt-14.prec15,sparse_suffix,direct,sparse_suffix+direct,incremental,IdleRange(P*),full,-,-,-,-,0.3 2
forumt-14.prec15,sparse_suffix,direct,sparse_suffix+direct,maxsat,IdleRange(P*),full,-,-,-,-,0.5 2
forumt-14.prec15,sparse_suffix,direct,sparse_suffix+direct,multiple,IdleRange(P*),full,-,-,-,-,0.3 2
forumt-14.prec15,sparse_suffix,distance_closure,sparse_suffix+distance_closure,incremental,IdleRange(P*),full,-,-,-,-,0.3 2
forumt-14.prec15,sparse_suffix,distance_closure,sparse_suffix+distance_closure,maxsat,IdleRange(P*),full,-,-,-,-,0.5 2
forumt-14.prec15,sparse_suffix,distance_closure,sparse_suffix+distance_closure,multiple,IdleRange(P*),full,-,-,-,-,0.3 2
forumt-14.prec15,pairwise,direct,pairwise+direct,incremental,IdleRange(P*),reduced,-,-,-,-,0.2 2
forumt-14.prec15,pairwise,direct,pairwise+direct,maxsat,IdleRange(P*),reduced,-,-,-,-,0.5 2
forumt-14.prec15,pairwise,direct,pairwise+direct,multiple,IdleRange(P*),reduced,-,-,-,-,0.3 2
forumt-14.prec15,pairwise,distance_closure,pairwise+distance_closure,incremental,IdleRange(P*),reduced,-,-,-,-,0.2 2
forumt-14.prec15,pairwise,distance_closure,pairwise+distance_closure,maxsat,IdleRange(P*),reduced,-,-,-,-,0.5 2
forumt-14.prec15,pairwise,distance_closure,pairwise+distance_closure,multiple,IdleRange(P*),reduced,-,-,-,-,0.3 2
forumt-14.prec15,sparse_suffix,direct,sparse_suffix+direct,incremental,IdleRange(P*),reduced,-,-,-,-,0.2 2
forumt-14.prec15,sparse_suffix,direct,sparse_suffix+direct,maxsat,IdleRange(P*),reduced,-,-,-,-,0.5 2
forumt-14.prec15,sparse_suffix,direct,sparse_suffix+direct,multiple,IdleRange(P*),reduced,-,-,-,-,0.3 2
forumt-14.prec15,sparse_suffix,distance_closure,sparse_suffix+distance_closure,incremental,IdleRange(P*),reduced,-,-,-,-,0.3 2
forumt-14.prec15,sparse_suffix,distance_closure,sparse_suffix+distance_closure,maxsat,IdleRange(P*),reduced,-,-,-,-,0.5 2
forumt-14.prec15,sparse_suffix,distance_closure,sparse_suffix+distance_closure,multiple,IdleRange(P*),reduced,-,-,-,-,0.3 2
forumt-14.prec25,pairwise,direct,pairwise+direct,incremental,IdleRange(P*),full,-,-,-,-,0.3 2
forumt-14.prec25,pairwise,direct,pairwise+direct,maxsat,IdleRange(P*),full,-,-,-,-,0.6 2
forumt-14.prec25,pairwise,direct,pairwise+direct,multiple,IdleRange(P*),full,-,-,-,-,0.4 2
forumt-14.prec25,pairwise,distance_closure,pairwise+distance_closure,incremental,IdleRange(P*),full,-,-,-,-,0.3 2
forumt-14.prec25,pairwise,distance_closure,pairwise+distance_closure,maxsat,IdleRange(P*),full,-,-,-,-,0.6 2
forumt-14.prec25,pairwise,distance_closure,pairwise+distance_closure,multiple,IdleRange(P*),full,-,-,-,-,0.4 2
forumt-14.prec25,sparse_suffix,direct,sparse_suffix+direct,incremental,IdleRange(P*),full,-,-,-,-,0.3 2
forumt-14.prec25,sparse_suffix,direct,sparse_suffix+direct,maxsat,IdleRange(P*),full,-,-,-,-,0.6 2
forumt-14.prec25,sparse_suffix,direct,sparse_suffix+direct,multiple,IdleRange(P*),full,-,-,-,-,0.4 2
forumt-14.prec25,sparse_suffix,distance_closure,sparse_suffix+distance_closure,incremental,IdleRange(P*),full,-,-,-,-,0.3 2
forumt-14.prec25,sparse_suffix,distance_closure,sparse_suffix+distance_closure,maxsat,IdleRange(P*),full,-,-,-,-,0.5 2
forumt-14.prec25,sparse_suffix,distance_closure,sparse_suffix+distance_closure,multiple,IdleRange(P*),full,-,-,-,-,0.4 2
forumt-14.prec25,pairwise,direct,pairwise+direct,incremental,IdleRange(P*),reduced,-,-,-,-,0.3 2
forumt-14.prec25,pairwise,direct,pairwise+direct,maxsat,IdleRange(P*),reduced,-,-,-,-,0.5 2
forumt-14.prec25,pairwise,direct,pairwise+direct,multiple,IdleRange(P*),reduced,-,-,-,-,0.4 2
forumt-14.prec25,pairwise,distance_closure,pairwise+distance_closure,incremental,IdleRange(P*),reduced,-,-,-,-,0.3 2
forumt-14.prec25,pairwise,distance_closure,pairwise+distance_closure,maxsat,IdleRange(P*),reduced,-,-,-,-,0.5 2
forumt-14.prec25,pairwise,distance_closure,pairwise+distance_closure,multiple,IdleRange(P*),reduced,-,-,-,-,0.4 2
forumt-14.prec25,sparse_suffix,direct,sparse_suffix+direct,incremental,IdleRange(P*),reduced,-,-,-,-,0.3 2
forumt-14.prec25,sparse_suffix,direct,sparse_suffix+direct,maxsat,IdleRange(P*),reduced,-,-,-,-,0.5 2
forumt-14.prec25,sparse_suffix,direct,sparse_suffix+direct,multiple,IdleRange(P*),reduced,-,-,-,-,0.4 2
forumt-14.prec25,sparse_suffix,distance_closure,sparse_suffix+distance_closure,incremental,IdleRange(P*),reduced,-,-,-,-,0.3 2
forumt-14.prec25,sparse_suffix,distance_closure,sparse_suffix+distance_closure,maxsat,IdleRange(P*),reduced,-,-,-,-,0.5 2
forumt-14.prec25,sparse_suffix,distance_closure,sparse_suffix+distance_closure,multiple,IdleRange(P*),reduced,-,-,-,-,0.4 2
forumt-14crafc.prec15,pairwise,direct,pairwise+direct,incremental,IdleRange(P*),full,-,-,-,-,0.3 2
forumt-14crafc.prec15,pairwise,direct,pairwise+direct,maxsat,IdleRange(P*),full,-,-,-,-,0.5 2
forumt-14crafc.prec15,pairwise,direct,pairwise+direct,multiple,IdleRange(P*),full,-,-,-,-,0.3 2
forumt-14crafc.prec15,pairwise,distance_closure,pairwise+distance_closure,incremental,IdleRange(P*),full,-,-,-,-,0.3 2
forumt-14crafc.prec15,pairwise,distance_closure,pairwise+distance_closure,maxsat,IdleRange(P*),full,-,-,-,-,0.5 2
forumt-14crafc.prec15,pairwise,distance_closure,pairwise+distance_closure,multiple,IdleRange(P*),full,-,-,-,-,0.4 2
forumt-14crafc.prec15,sparse_suffix,direct,sparse_suffix+direct,incremental,IdleRange(P*),full,-,-,-,-,0.3 2
forumt-14crafc.prec15,sparse_suffix,direct,sparse_suffix+direct,maxsat,IdleRange(P*),full,-,-,-,-,0.5 2
forumt-14crafc.prec15,sparse_suffix,direct,sparse_suffix+direct,multiple,IdleRange(P*),full,-,-,-,-,0.3 2
forumt-14crafc.prec15,sparse_suffix,distance_closure,sparse_suffix+distance_closure,incremental,IdleRange(P*),full,-,-,-,-,0.3 2
forumt-14crafc.prec15,sparse_suffix,distance_closure,sparse_suffix+distance_closure,maxsat,IdleRange(P*),full,-,-,-,-,0.5 2
forumt-14crafc.prec15,sparse_suffix,distance_closure,sparse_suffix+distance_closure,multiple,IdleRange(P*),full,-,-,-,-,0.3 2
forumt-14crafc.prec15,pairwise,direct,pairwise+direct,incremental,IdleRange(P*),reduced,-,-,-,-,0.3 2
forumt-14crafc.prec15,pairwise,direct,pairwise+direct,maxsat,IdleRange(P*),reduced,-,-,-,-,0.5 2
forumt-14crafc.prec15,pairwise,direct,pairwise+direct,multiple,IdleRange(P*),reduced,-,-,-,-,0.3 2
forumt-14crafc.prec15,pairwise,distance_closure,pairwise+distance_closure,incremental,IdleRange(P*),reduced,-,-,-,-,0.3 2
forumt-14crafc.prec15,pairwise,distance_closure,pairwise+distance_closure,maxsat,IdleRange(P*),reduced,-,-,-,-,0.5 2
forumt-14crafc.prec15,pairwise,distance_closure,pairwise+distance_closure,multiple,IdleRange(P*),reduced,-,-,-,-,0.3 2
forumt-14crafc.prec15,sparse_suffix,direct,sparse_suffix+direct,incremental,IdleRange(P*),reduced,-,-,-,-,0.2 2
forumt-14crafc.prec15,sparse_suffix,direct,sparse_suffix+direct,maxsat,IdleRange(P*),reduced,-,-,-,-,0.5 2
forumt-14crafc.prec15,sparse_suffix,direct,sparse_suffix+direct,multiple,IdleRange(P*),reduced,-,-,-,-,0.3 2
forumt-14crafc.prec15,sparse_suffix,distance_closure,sparse_suffix+distance_closure,incremental,IdleRange(P*),reduced,-,-,-,-,0.2 2
forumt-14crafc.prec15,sparse_suffix,distance_closure,sparse_suffix+distance_closure,maxsat,IdleRange(P*),reduced,-,-,-,-,0.5 2
forumt-14crafc.prec15,sparse_suffix,distance_closure,sparse_suffix+distance_closure,multiple,IdleRange(P*),reduced,-,-,-,-,0.3 2
forumt-14crafc.prec25,pairwise,direct,pairwise+direct,incremental,IdleRange(P*),full,-,-,-,-,0.4 2
forumt-14crafc.prec25,pairwise,direct,pairwise+direct,maxsat,IdleRange(P*),full,-,-,-,-,0.6 2
forumt-14crafc.prec25,pairwise,direct,pairwise+direct,multiple,IdleRange(P*),full,-,-,-,-,0.4 2
forumt-14crafc.prec25,pairwise,distance_closure,pairwise+distance_closure,incremental,IdleRange(P*),full,-,-,-,-,0.3 2
forumt-14crafc.prec25,pairwise,distance_closure,pairwise+distance_closure,maxsat,IdleRange(P*),full,-,-,-,-,0.6 2
forumt-14crafc.prec25,pairwise,distance_closure,pairwise+distance_closure,multiple,IdleRange(P*),full,-,-,-,-,0.5 2
forumt-14crafc.prec25,sparse_suffix,direct,sparse_suffix+direct,incremental,IdleRange(P*),full,-,-,-,-,0.3 2
forumt-14crafc.prec25,sparse_suffix,direct,sparse_suffix+direct,maxsat,IdleRange(P*),full,-,-,-,-,0.6 2
forumt-14crafc.prec25,sparse_suffix,direct,sparse_suffix+direct,multiple,IdleRange(P*),full,-,-,-,-,0.4 2
forumt-14crafc.prec25,sparse_suffix,distance_closure,sparse_suffix+distance_closure,incremental,IdleRange(P*),full,-,-,-,-,0.3 2
forumt-14crafc.prec25,sparse_suffix,distance_closure,sparse_suffix+distance_closure,maxsat,IdleRange(P*),full,-,-,-,-,0.6 2
forumt-14crafc.prec25,sparse_suffix,distance_closure,sparse_suffix+distance_closure,multiple,IdleRange(P*),full,-,-,-,-,0.4 2
forumt-14crafc.prec25,pairwise,direct,pairwise+direct,incremental,IdleRange(P*),reduced,-,-,-,-,0.3 2
forumt-14crafc.prec25,pairwise,direct,pairwise+direct,maxsat,IdleRange(P*),reduced,-,-,-,-,0.5 2
forumt-14crafc.prec25,pairwise,direct,pairwise+direct,multiple,IdleRange(P*),reduced,-,-,-,-,0.4 2
forumt-14crafc.prec25,pairwise,distance_closure,pairwise+distance_closure,incremental,IdleRange(P*),reduced,-,-,-,-,0.3 2
forumt-14crafc.prec25,pairwise,distance_closure,pairwise+distance_closure,maxsat,IdleRange(P*),reduced,-,-,-,-,0.6 2
forumt-14crafc.prec25,pairwise,distance_closure,pairwise+distance_closure,multiple,IdleRange(P*),reduced,-,-,-,-,0.4 2
forumt-14crafc.prec25,sparse_suffix,direct,sparse_suffix+direct,incremental,IdleRange(P*),reduced,-,-,-,-,0.3 2
forumt-14crafc.prec25,sparse_suffix,direct,sparse_suffix+direct,maxsat,IdleRange(P*),reduced,-,-,-,-,0.5 2
forumt-14crafc.prec25,sparse_suffix,direct,sparse_suffix+direct,multiple,IdleRange(P*),reduced,-,-,-,-,0.4 2
forumt-14crafc.prec25,sparse_suffix,distance_closure,sparse_suffix+distance_closure,incremental,IdleRange(P*),reduced,-,-,-,-,0.3 2
forumt-14crafc.prec25,sparse_suffix,distance_closure,sparse_suffix+distance_closure,maxsat,IdleRange(P*),reduced,-,-,-,-,0.6 2
forumt-14crafc.prec25,sparse_suffix,distance_closure,sparse_suffix+distance_closure,multiple,IdleRange(P*),reduced,-,-,-,-,0.4 2
forumt-14crafd.prec15,pairwise,direct,pairwise+direct,incremental,IdleRange(P*),full,-,-,-,-,0.3 2
forumt-14crafd.prec15,pairwise,direct,pairwise+direct,maxsat,IdleRange(P*),full,-,-,-,-,0.5 2
forumt-14crafd.prec15,pairwise,direct,pairwise+direct,multiple,IdleRange(P*),full,-,-,-,-,0.4 2
forumt-14crafd.prec15,pairwise,distance_closure,pairwise+distance_closure,incremental,IdleRange(P*),full,-,-,-,-,0.3 2
forumt-14crafd.prec15,pairwise,distance_closure,pairwise+distance_closure,maxsat,IdleRange(P*),full,-,-,-,-,0.5 2
forumt-14crafd.prec15,pairwise,distance_closure,pairwise+distance_closure,multiple,IdleRange(P*),full,-,-,-,-,0.4 2
forumt-14crafd.prec15,sparse_suffix,direct,sparse_suffix+direct,incremental,IdleRange(P*),full,-,-,-,-,0.3 2
forumt-14crafd.prec15,sparse_suffix,direct,sparse_suffix+direct,maxsat,IdleRange(P*),full,-,-,-,-,0.5 2
forumt-14crafd.prec15,sparse_suffix,direct,sparse_suffix+direct,multiple,IdleRange(P*),full,-,-,-,-,0.3 2
forumt-14crafd.prec15,sparse_suffix,distance_closure,sparse_suffix+distance_closure,incremental,IdleRange(P*),full,-,-,-,-,0.3 2
forumt-14crafd.prec15,sparse_suffix,distance_closure,sparse_suffix+distance_closure,maxsat,IdleRange(P*),full,-,-,-,-,0.5 2
forumt-14crafd.prec15,sparse_suffix,distance_closure,sparse_suffix+distance_closure,multiple,IdleRange(P*),full,-,-,-,-,0.3 2
forumt-14crafd.prec15,pairwise,direct,pairwise+direct,incremental,IdleRange(P*),reduced,-,-,-,-,0.3 2
forumt-14crafd.prec15,pairwise,direct,pairwise+direct,maxsat,IdleRange(P*),reduced,-,-,-,-,0.5 2
forumt-14crafd.prec15,pairwise,direct,pairwise+direct,multiple,IdleRange(P*),reduced,-,-,-,-,0.3 2
forumt-14crafd.prec15,pairwise,distance_closure,pairwise+distance_closure,incremental,IdleRange(P*),reduced,-,-,-,-,0.2 2
forumt-14crafd.prec15,pairwise,distance_closure,pairwise+distance_closure,maxsat,IdleRange(P*),reduced,-,-,-,-,0.5 2
forumt-14crafd.prec15,pairwise,distance_closure,pairwise+distance_closure,multiple,IdleRange(P*),reduced,-,-,-,-,0.3 2
forumt-14crafd.prec15,sparse_suffix,direct,sparse_suffix+direct,incremental,IdleRange(P*),reduced,-,-,-,-,0.3 2
forumt-14crafd.prec15,sparse_suffix,direct,sparse_suffix+direct,maxsat,IdleRange(P*),reduced,-,-,-,-,0.5 2
forumt-14crafd.prec15,sparse_suffix,direct,sparse_suffix+direct,multiple,IdleRange(P*),reduced,-,-,-,-,0.3 2
forumt-14crafd.prec15,sparse_suffix,distance_closure,sparse_suffix+distance_closure,incremental,IdleRange(P*),reduced,-,-,-,-,0.3 2
forumt-14crafd.prec15,sparse_suffix,distance_closure,sparse_suffix+distance_closure,maxsat,IdleRange(P*),reduced,-,-,-,-,0.5 2
forumt-14crafd.prec15,sparse_suffix,distance_closure,sparse_suffix+distance_closure,multiple,IdleRange(P*),reduced,-,-,-,-,0.3 2
forumt-14crafd.prec25,pairwise,direct,pairwise+direct,incremental,IdleRange(P*),full,-,-,-,-,0.3 2
forumt-14crafd.prec25,pairwise,direct,pairwise+direct,maxsat,IdleRange(P*),full,-,-,-,-,0.6 2
forumt-14crafd.prec25,pairwise,direct,pairwise+direct,multiple,IdleRange(P*),full,-,-,-,-,0.4 2
forumt-14crafd.prec25,pairwise,distance_closure,pairwise+distance_closure,incremental,IdleRange(P*),full,-,-,-,-,0.4 2
forumt-14crafd.prec25,pairwise,distance_closure,pairwise+distance_closure,maxsat,IdleRange(P*),full,-,-,-,-,0.6 2
forumt-14crafd.prec25,pairwise,distance_closure,pairwise+distance_closure,multiple,IdleRange(P*),full,-,-,-,-,0.4 2
forumt-14crafd.prec25,sparse_suffix,direct,sparse_suffix+direct,incremental,IdleRange(P*),full,-,-,-,-,0.4 2
forumt-14crafd.prec25,sparse_suffix,direct,sparse_suffix+direct,maxsat,IdleRange(P*),full,-,-,-,-,0.5 2
forumt-14crafd.prec25,sparse_suffix,direct,sparse_suffix+direct,multiple,IdleRange(P*),full,-,-,-,-,0.4 2
forumt-14crafd.prec25,sparse_suffix,distance_closure,sparse_suffix+distance_closure,incremental,IdleRange(P*),full,-,-,-,-,0.3 2
forumt-14crafd.prec25,sparse_suffix,distance_closure,sparse_suffix+distance_closure,maxsat,IdleRange(P*),full,-,-,-,-,0.6 2
forumt-14crafd.prec25,sparse_suffix,distance_closure,sparse_suffix+distance_closure,multiple,IdleRange(P*),full,-,-,-,-,0.4 2
forumt-14crafd.prec25,pairwise,direct,pairwise+direct,incremental,IdleRange(P*),reduced,-,-,-,-,0.3 2
forumt-14crafd.prec25,pairwise,direct,pairwise+direct,maxsat,IdleRange(P*),reduced,-,-,-,-,0.5 2
forumt-14crafd.prec25,pairwise,direct,pairwise+direct,multiple,IdleRange(P*),reduced,-,-,-,-,0.4 2
forumt-14crafd.prec25,pairwise,distance_closure,pairwise+distance_closure,incremental,IdleRange(P*),reduced,-,-,-,-,0.3 2
forumt-14crafd.prec25,pairwise,distance_closure,pairwise+distance_closure,maxsat,IdleRange(P*),reduced,-,-,-,-,0.5 2
forumt-14crafd.prec25,pairwise,distance_closure,pairwise+distance_closure,multiple,IdleRange(P*),reduced,-,-,-,-,0.4 2
forumt-14crafd.prec25,sparse_suffix,direct,sparse_suffix+direct,incremental,IdleRange(P*),reduced,-,-,-,-,0.3 2
forumt-14crafd.prec25,sparse_suffix,direct,sparse_suffix+direct,maxsat,IdleRange(P*),reduced,-,-,-,-,0.5 2
forumt-14crafd.prec25,sparse_suffix,direct,sparse_suffix+direct,multiple,IdleRange(P*),reduced,-,-,-,-,0.3 2
forumt-14crafd.prec25,sparse_suffix,distance_closure,sparse_suffix+distance_closure,incremental,IdleRange(P*),reduced,-,-,-,-,0.3 2
forumt-14crafd.prec25,sparse_suffix,distance_closure,sparse_suffix+distance_closure,maxsat,IdleRange(P*),reduced,-,-,-,-,0.5 2
forumt-14crafd.prec25,sparse_suffix,distance_closure,sparse_suffix+distance_closure,multiple,IdleRange(P*),reduced,-,-,-,-,0.4 2
forumt-14crafe.prec15,pairwise,direct,pairwise+direct,incremental,IdleRange(P*),full,-,-,-,-,0.5 2
forumt-14crafe.prec15,pairwise,direct,pairwise+direct,maxsat,IdleRange(P*),full,-,-,-,-,0.9 2
forumt-14crafe.prec15,pairwise,direct,pairwise+direct,multiple,IdleRange(P*),full,-,-,-,-,0.5 2
forumt-14crafe.prec15,pairwise,distance_closure,pairwise+distance_closure,incremental,IdleRange(P*),full,-,-,-,-,0.4 2
forumt-14crafe.prec15,pairwise,distance_closure,pairwise+distance_closure,maxsat,IdleRange(P*),full,-,-,-,-,0.6 2
forumt-14crafe.prec15,pairwise,distance_closure,pairwise+distance_closure,multiple,IdleRange(P*),full,-,-,-,-,0.4 2
forumt-14crafe.prec15,sparse_suffix,direct,sparse_suffix+direct,incremental,IdleRange(P*),full,-,-,-,-,0.3 2
forumt-14crafe.prec15,sparse_suffix,direct,sparse_suffix+direct,maxsat,IdleRange(P*),full,-,-,-,-,0.7 2
forumt-14crafe.prec15,sparse_suffix,direct,sparse_suffix+direct,multiple,IdleRange(P*),full,-,-,-,-,0.4 2
forumt-14crafe.prec15,sparse_suffix,distance_closure,sparse_suffix+distance_closure,incremental,IdleRange(P*),full,-,-,-,-,0.5 2
forumt-14crafe.prec15,sparse_suffix,distance_closure,sparse_suffix+distance_closure,maxsat,IdleRange(P*),full,-,-,-,-,0.6 2
forumt-14crafe.prec15,sparse_suffix,distance_closure,sparse_suffix+distance_closure,multiple,IdleRange(P*),full,-,-,-,-,0.6 2
forumt-14crafe.prec15,pairwise,direct,pairwise+direct,incremental,IdleRange(P*),reduced,-,-,-,-,0.4 2
forumt-14crafe.prec15,pairwise,direct,pairwise+direct,maxsat,IdleRange(P*),reduced,-,-,-,-,0.6 2
forumt-14crafe.prec15,pairwise,direct,pairwise+direct,multiple,IdleRange(P*),reduced,-,-,-,-,0.4 2
forumt-14crafe.prec15,pairwise,distance_closure,pairwise+distance_closure,incremental,IdleRange(P*),reduced,-,-,-,-,0.4 2
forumt-14crafe.prec15,pairwise,distance_closure,pairwise+distance_closure,maxsat,IdleRange(P*),reduced,-,-,-,-,0.5 2
forumt-14crafe.prec15,pairwise,distance_closure,pairwise+distance_closure,multiple,IdleRange(P*),reduced,-,-,-,-,0.4 2
forumt-14crafe.prec15,sparse_suffix,direct,sparse_suffix+direct,incremental,IdleRange(P*),reduced,-,-,-,-,0.4 2
forumt-14crafe.prec15,sparse_suffix,direct,sparse_suffix+direct,maxsat,IdleRange(P*),reduced,-,-,-,-,0.7 2
forumt-14crafe.prec15,sparse_suffix,direct,sparse_suffix+direct,multiple,IdleRange(P*),reduced,-,-,-,-,0.4 2
forumt-14crafe.prec15,sparse_suffix,distance_closure,sparse_suffix+distance_closure,incremental,IdleRange(P*),reduced,-,-,-,-,0.8 2
forumt-14crafe.prec15,sparse_suffix,distance_closure,sparse_suffix+distance_closure,maxsat,IdleRange(P*),reduced,-,-,-,-,0.6 2
forumt-14crafe.prec15,sparse_suffix,distance_closure,sparse_suffix+distance_closure,multiple,IdleRange(P*),reduced,-,-,-,-,0.5 2
forumt-14crafe.prec25,pairwise,direct,pairwise+direct,incremental,IdleRange(P*),full,-,-,-,-,0.3 2
forumt-14crafe.prec25,pairwise,direct,pairwise+direct,maxsat,IdleRange(P*),full,-,-,-,-,1.1 2
forumt-14crafe.prec25,pairwise,direct,pairwise+direct,multiple,IdleRange(P*),full,-,-,-,-,1.0 2
forumt-14crafe.prec25,pairwise,distance_closure,pairwise+distance_closure,incremental,IdleRange(P*),full,-,-,-,-,0.5 2
forumt-14crafe.prec25,pairwise,distance_closure,pairwise+distance_closure,maxsat,IdleRange(P*),full,-,-,-,-,1.0 2
forumt-14crafe.prec25,pairwise,distance_closure,pairwise+distance_closure,multiple,IdleRange(P*),full,-,-,-,-,0.7 2
forumt-14crafe.prec25,sparse_suffix,direct,sparse_suffix+direct,incremental,IdleRange(P*),full,-,-,-,-,0.4 2
forumt-14crafe.prec25,sparse_suffix,direct,sparse_suffix+direct,maxsat,IdleRange(P*),full,-,-,-,-,0.6 2
forumt-14crafe.prec25,sparse_suffix,direct,sparse_suffix+direct,multiple,IdleRange(P*),full,-,-,-,-,0.4 2
forumt-14crafe.prec25,sparse_suffix,distance_closure,sparse_suffix+distance_closure,incremental,IdleRange(P*),full,-,-,-,-,0.5 2
forumt-14crafe.prec25,sparse_suffix,distance_closure,sparse_suffix+distance_closure,maxsat,IdleRange(P*),full,-,-,-,-,1.8 2
forumt-14crafe.prec25,sparse_suffix,distance_closure,sparse_suffix+distance_closure,multiple,IdleRange(P*),full,-,-,-,-,1.0 2
forumt-14crafe.prec25,pairwise,direct,pairwise+direct,incremental,IdleRange(P*),reduced,-,-,-,-,0.4 2
forumt-14crafe.prec25,pairwise,direct,pairwise+direct,maxsat,IdleRange(P*),reduced,-,-,-,-,0.6 2
forumt-14crafe.prec25,pairwise,direct,pairwise+direct,multiple,IdleRange(P*),reduced,-,-,-,-,0.5 2
forumt-14crafe.prec25,pairwise,distance_closure,pairwise+distance_closure,incremental,IdleRange(P*),reduced,-,-,-,-,0.3 2
forumt-14crafe.prec25,pairwise,distance_closure,pairwise+distance_closure,maxsat,IdleRange(P*),reduced,-,-,-,-,0.6 2
forumt-14crafe.prec25,pairwise,distance_closure,pairwise+distance_closure,multiple,IdleRange(P*),reduced,-,-,-,-,0.5 2
forumt-14crafe.prec25,sparse_suffix,direct,sparse_suffix+direct,incremental,IdleRange(P*),reduced,-,-,-,-,0.6 2
forumt-14crafe.prec25,sparse_suffix,direct,sparse_suffix+direct,maxsat,IdleRange(P*),reduced,-,-,-,-,0.5 2
forumt-14crafe.prec25,sparse_suffix,direct,sparse_suffix+direct,multiple,IdleRange(P*),reduced,-,-,-,-,0.6 2
forumt-14crafe.prec25,sparse_suffix,distance_closure,sparse_suffix+distance_closure,incremental,IdleRange(P*),reduced,-,-,-,-,0.5 2
forumt-14crafe.prec25,sparse_suffix,distance_closure,sparse_suffix+distance_closure,maxsat,IdleRange(P*),reduced,-,-,-,-,2.0 2
forumt-14crafe.prec25,sparse_suffix,distance_closure,sparse_suffix+distance_closure,multiple,IdleRange(P*),reduced,-,-,-,-,0.5 2
tic-12.prec15,pairwise,direct,pairwise+direct,incremental,IdleRange(P*),full,-,-,-,-,0.1 0
tic-12.prec15,pairwise,direct,pairwise+direct,maxsat,IdleRange(P*),full,-,-,-,-,0.1 0
tic-12.prec15,pairwise,direct,pairwise+direct,multiple,IdleRange(P*),full,-,-,-,-,0.1 0
tic-12.prec15,pairwise,distance_closure,pairwise+distance_closure,incremental,IdleRange(P*),full,-,-,-,-,0.1 0
tic-12.prec15,pairwise,distance_closure,pairwise+distance_closure,maxsat,IdleRange(P*),full,-,-,-,-,0.2 0
tic-12.prec15,pairwise,distance_closure,pairwise+distance_closure,multiple,IdleRange(P*),full,-,-,-,-,0.1 0
tic-12.prec15,sparse_suffix,direct,sparse_suffix+direct,incremental,IdleRange(P*),full,-,-,-,-,0.1 0
tic-12.prec15,sparse_suffix,direct,sparse_suffix+direct,maxsat,IdleRange(P*),full,-,-,-,-,0.2 0
tic-12.prec15,sparse_suffix,direct,sparse_suffix+direct,multiple,IdleRange(P*),full,-,-,-,-,0.1 0
tic-12.prec15,sparse_suffix,distance_closure,sparse_suffix+distance_closure,incremental,IdleRange(P*),full,-,-,-,-,0.1 0
tic-12.prec15,sparse_suffix,distance_closure,sparse_suffix+distance_closure,maxsat,IdleRange(P*),full,-,-,-,-,0.2 0
tic-12.prec15,sparse_suffix,distance_closure,sparse_suffix+distance_closure,multiple,IdleRange(P*),full,-,-,-,-,0.1 0
tic-12.prec15,pairwise,direct,pairwise+direct,incremental,IdleRange(P*),reduced,-,-,-,-,0.1 0
tic-12.prec15,pairwise,direct,pairwise+direct,maxsat,IdleRange(P*),reduced,-,-,-,-,0.1 0
tic-12.prec15,pairwise,direct,pairwise+direct,multiple,IdleRange(P*),reduced,-,-,-,-,0.1 0
tic-12.prec15,pairwise,distance_closure,pairwise+distance_closure,incremental,IdleRange(P*),reduced,-,-,-,-,0.1 0
tic-12.prec15,pairwise,distance_closure,pairwise+distance_closure,maxsat,IdleRange(P*),reduced,-,-,-,-,0.1 0
tic-12.prec15,pairwise,distance_closure,pairwise+distance_closure,multiple,IdleRange(P*),reduced,-,-,-,-,0.1 0
tic-12.prec15,sparse_suffix,direct,sparse_suffix+direct,incremental,IdleRange(P*),reduced,-,-,-,-,0.1 0
tic-12.prec15,sparse_suffix,direct,sparse_suffix+direct,maxsat,IdleRange(P*),reduced,-,-,-,-,0.1 0
tic-12.prec15,sparse_suffix,direct,sparse_suffix+direct,multiple,IdleRange(P*),reduced,-,-,-,-,0.1 0
tic-12.prec15,sparse_suffix,distance_closure,sparse_suffix+distance_closure,incremental,IdleRange(P*),reduced,-,-,-,-,0.1 0
tic-12.prec15,sparse_suffix,distance_closure,sparse_suffix+distance_closure,maxsat,IdleRange(P*),reduced,-,-,-,-,0.1 0
tic-12.prec15,sparse_suffix,distance_closure,sparse_suffix+distance_closure,multiple,IdleRange(P*),reduced,-,-,-,-,0.1 0
tic-12.prec25,pairwise,direct,pairwise+direct,incremental,IdleRange(P*),full,-,-,-,-,0.1 0
tic-12.prec25,pairwise,direct,pairwise+direct,maxsat,IdleRange(P*),full,-,-,-,-,0.2 0
tic-12.prec25,pairwise,direct,pairwise+direct,multiple,IdleRange(P*),full,-,-,-,-,0.2 0
tic-12.prec25,pairwise,distance_closure,pairwise+distance_closure,incremental,IdleRange(P*),full,-,-,-,-,0.1 0
tic-12.prec25,pairwise,distance_closure,pairwise+distance_closure,maxsat,IdleRange(P*),full,-,-,-,-,0.2 0
tic-12.prec25,pairwise,distance_closure,pairwise+distance_closure,multiple,IdleRange(P*),full,-,-,-,-,0.3 0
tic-12.prec25,sparse_suffix,direct,sparse_suffix+direct,incremental,IdleRange(P*),full,-,-,-,-,0.1 0
tic-12.prec25,sparse_suffix,direct,sparse_suffix+direct,maxsat,IdleRange(P*),full,-,-,-,-,0.3 0
tic-12.prec25,sparse_suffix,direct,sparse_suffix+direct,multiple,IdleRange(P*),full,-,-,-,-,0.2 0
tic-12.prec25,sparse_suffix,distance_closure,sparse_suffix+distance_closure,incremental,IdleRange(P*),full,-,-,-,-,0.1 0
tic-12.prec25,sparse_suffix,distance_closure,sparse_suffix+distance_closure,maxsat,IdleRange(P*),full,-,-,-,-,0.3 0
tic-12.prec25,sparse_suffix,distance_closure,sparse_suffix+distance_closure,multiple,IdleRange(P*),full,-,-,-,-,0.1 0
tic-12.prec25,pairwise,direct,pairwise+direct,incremental,IdleRange(P*),reduced,-,-,-,-,0.1 0
tic-12.prec25,pairwise,direct,pairwise+direct,maxsat,IdleRange(P*),reduced,-,-,-,-,0.2 0
tic-12.prec25,pairwise,direct,pairwise+direct,multiple,IdleRange(P*),reduced,-,-,-,-,0.1 0
tic-12.prec25,pairwise,distance_closure,pairwise+distance_closure,incremental,IdleRange(P*),reduced,-,-,-,-,0.1 0
tic-12.prec25,pairwise,distance_closure,pairwise+distance_closure,maxsat,IdleRange(P*),reduced,-,-,-,-,0.2 0
tic-12.prec25,pairwise,distance_closure,pairwise+distance_closure,multiple,IdleRange(P*),reduced,-,-,-,-,0.1 0
tic-12.prec25,sparse_suffix,direct,sparse_suffix+direct,incremental,IdleRange(P*),reduced,-,-,-,-,0.3 0
tic-12.prec25,sparse_suffix,direct,sparse_suffix+direct,maxsat,IdleRange(P*),reduced,-,-,-,-,0.3 0
tic-12.prec25,sparse_suffix,direct,sparse_suffix+direct,multiple,IdleRange(P*),reduced,-,-,-,-,0.2 0
tic-12.prec25,sparse_suffix,distance_closure,sparse_suffix+distance_closure,incremental,IdleRange(P*),reduced,-,-,-,-,0.1 0
tic-12.prec25,sparse_suffix,distance_closure,sparse_suffix+distance_closure,maxsat,IdleRange(P*),reduced,-,-,-,-,0.3 0
tic-12.prec25,sparse_suffix,distance_closure,sparse_suffix+distance_closure,multiple,IdleRange(P*),reduced,-,-,-,-,0.1 0
tic-12crafc.prec15,pairwise,direct,pairwise+direct,incremental,IdleRange(P*),full,-,-,-,-,0.1 0
tic-12crafc.prec15,pairwise,direct,pairwise+direct,maxsat,IdleRange(P*),full,-,-,-,-,0.2 0
tic-12crafc.prec15,pairwise,direct,pairwise+direct,multiple,IdleRange(P*),full,-,-,-,-,0.1 0
tic-12crafc.prec15,pairwise,distance_closure,pairwise+distance_closure,incremental,IdleRange(P*),full,-,-,-,-,0.1 0
tic-12crafc.prec15,pairwise,distance_closure,pairwise+distance_closure,maxsat,IdleRange(P*),full,-,-,-,-,0.2 0
tic-12crafc.prec15,pairwise,distance_closure,pairwise+distance_closure,multiple,IdleRange(P*),full,-,-,-,-,0.1 0
tic-12crafc.prec15,sparse_suffix,direct,sparse_suffix+direct,incremental,IdleRange(P*),full,-,-,-,-,0.1 0
tic-12crafc.prec15,sparse_suffix,direct,sparse_suffix+direct,maxsat,IdleRange(P*),full,-,-,-,-,0.2 0
tic-12crafc.prec15,sparse_suffix,direct,sparse_suffix+direct,multiple,IdleRange(P*),full,-,-,-,-,0.1 0
tic-12crafc.prec15,sparse_suffix,distance_closure,sparse_suffix+distance_closure,incremental,IdleRange(P*),full,-,-,-,-,0.1 0
tic-12crafc.prec15,sparse_suffix,distance_closure,sparse_suffix+distance_closure,maxsat,IdleRange(P*),full,-,-,-,-,0.2 0
tic-12crafc.prec15,sparse_suffix,distance_closure,sparse_suffix+distance_closure,multiple,IdleRange(P*),full,-,-,-,-,0.2 0
tic-12crafc.prec15,pairwise,direct,pairwise+direct,incremental,IdleRange(P*),reduced,-,-,-,-,0.1 0
tic-12crafc.prec15,pairwise,direct,pairwise+direct,maxsat,IdleRange(P*),reduced,-,-,-,-,0.2 0
tic-12crafc.prec15,pairwise,direct,pairwise+direct,multiple,IdleRange(P*),reduced,-,-,-,-,0.2 0
tic-12crafc.prec15,pairwise,distance_closure,pairwise+distance_closure,incremental,IdleRange(P*),reduced,-,-,-,-,0.1 0
tic-12crafc.prec15,pairwise,distance_closure,pairwise+distance_closure,maxsat,IdleRange(P*),reduced,-,-,-,-,0.2 0
tic-12crafc.prec15,pairwise,distance_closure,pairwise+distance_closure,multiple,IdleRange(P*),reduced,-,-,-,-,0.1 0
tic-12crafc.prec15,sparse_suffix,direct,sparse_suffix+direct,incremental,IdleRange(P*),reduced,-,-,-,-,0.1 0
tic-12crafc.prec15,sparse_suffix,direct,sparse_suffix+direct,maxsat,IdleRange(P*),reduced,-,-,-,-,0.2 0
tic-12crafc.prec15,sparse_suffix,direct,sparse_suffix+direct,multiple,IdleRange(P*),reduced,-,-,-,-,0.1 0
tic-12crafc.prec15,sparse_suffix,distance_closure,sparse_suffix+distance_closure,incremental,IdleRange(P*),reduced,-,-,-,-,0.1 0
tic-12crafc.prec15,sparse_suffix,distance_closure,sparse_suffix+distance_closure,maxsat,IdleRange(P*),reduced,-,-,-,-,0.2 0
tic-12crafc.prec15,sparse_suffix,distance_closure,sparse_suffix+distance_closure,multiple,IdleRange(P*),reduced,-,-,-,-,0.1 0
tic-12crafc.prec25,pairwise,direct,pairwise+direct,incremental,IdleRange(P*),full,-,-,-,-,0.3 0
tic-12crafc.prec25,pairwise,direct,pairwise+direct,maxsat,IdleRange(P*),full,-,-,-,-,0.8 0
tic-12crafc.prec25,pairwise,direct,pairwise+direct,multiple,IdleRange(P*),full,-,-,-,-,0.3 0
tic-12crafc.prec25,pairwise,distance_closure,pairwise+distance_closure,incremental,IdleRange(P*),full,-,-,-,-,0.4 0
tic-12crafc.prec25,pairwise,distance_closure,pairwise+distance_closure,maxsat,IdleRange(P*),full,-,-,-,-,0.5 0
tic-12crafc.prec25,pairwise,distance_closure,pairwise+distance_closure,multiple,IdleRange(P*),full,-,-,-,-,0.4 0
tic-12crafc.prec25,sparse_suffix,direct,sparse_suffix+direct,incremental,IdleRange(P*),full,-,-,-,-,0.2 0
tic-12crafc.prec25,sparse_suffix,direct,sparse_suffix+direct,maxsat,IdleRange(P*),full,-,-,-,-,0.5 0
tic-12crafc.prec25,sparse_suffix,direct,sparse_suffix+direct,multiple,IdleRange(P*),full,-,-,-,-,0.2 0
tic-12crafc.prec25,sparse_suffix,distance_closure,sparse_suffix+distance_closure,incremental,IdleRange(P*),full,-,-,-,-,0.5 0
tic-12crafc.prec25,sparse_suffix,distance_closure,sparse_suffix+distance_closure,maxsat,IdleRange(P*),full,-,-,-,-,0.6 0
tic-12crafc.prec25,sparse_suffix,distance_closure,sparse_suffix+distance_closure,multiple,IdleRange(P*),full,-,-,-,-,0.5 0
tic-12crafc.prec25,pairwise,direct,pairwise+direct,incremental,IdleRange(P*),reduced,-,-,-,-,0.5 0
tic-12crafc.prec25,pairwise,direct,pairwise+direct,maxsat,IdleRange(P*),reduced,-,-,-,-,0.5 0
tic-12crafc.prec25,pairwise,direct,pairwise+direct,multiple,IdleRange(P*),reduced,-,-,-,-,0.4 0
tic-12crafc.prec25,pairwise,distance_closure,pairwise+distance_closure,incremental,IdleRange(P*),reduced,-,-,-,-,0.4 0
tic-12crafc.prec25,pairwise,distance_closure,pairwise+distance_closure,maxsat,IdleRange(P*),reduced,-,-,-,-,0.4 0
tic-12crafc.prec25,pairwise,distance_closure,pairwise+distance_closure,multiple,IdleRange(P*),reduced,-,-,-,-,0.4 0
tic-12crafc.prec25,sparse_suffix,direct,sparse_suffix+direct,incremental,IdleRange(P*),reduced,-,-,-,-,0.7 0
tic-12crafc.prec25,sparse_suffix,direct,sparse_suffix+direct,maxsat,IdleRange(P*),reduced,-,-,-,-,0.2 0
tic-12crafc.prec25,sparse_suffix,direct,sparse_suffix+direct,multiple,IdleRange(P*),reduced,-,-,-,-,0.4 0
tic-12crafc.prec25,sparse_suffix,distance_closure,sparse_suffix+distance_closure,incremental,IdleRange(P*),reduced,-,-,-,-,0.3 0
tic-12crafc.prec25,sparse_suffix,distance_closure,sparse_suffix+distance_closure,maxsat,IdleRange(P*),reduced,-,-,-,-,0.9 0
tic-12crafc.prec25,sparse_suffix,distance_closure,sparse_suffix+distance_closure,multiple,IdleRange(P*),reduced,-,-,-,-,0.5 0
tic-13.prec15,pairwise,direct,pairwise+direct,incremental,IdleRange(P*),full,-,-,-,-,0.3 0
tic-13.prec15,pairwise,direct,pairwise+direct,maxsat,IdleRange(P*),full,-,-,-,-,0.5 0
tic-13.prec15,pairwise,direct,pairwise+direct,multiple,IdleRange(P*),full,-,-,-,-,0.3 0
tic-13.prec15,pairwise,distance_closure,pairwise+distance_closure,incremental,IdleRange(P*),full,-,-,-,-,0.3 0
tic-13.prec15,pairwise,distance_closure,pairwise+distance_closure,maxsat,IdleRange(P*),full,-,-,-,-,0.5 0
tic-13.prec15,pairwise,distance_closure,pairwise+distance_closure,multiple,IdleRange(P*),full,-,-,-,-,0.3 0
tic-13.prec15,sparse_suffix,direct,sparse_suffix+direct,incremental,IdleRange(P*),full,-,-,-,-,0.3 0
tic-13.prec15,sparse_suffix,direct,sparse_suffix+direct,maxsat,IdleRange(P*),full,-,-,-,-,0.5 0
tic-13.prec15,sparse_suffix,direct,sparse_suffix+direct,multiple,IdleRange(P*),full,-,-,-,-,0.3 0
tic-13.prec15,sparse_suffix,distance_closure,sparse_suffix+distance_closure,incremental,IdleRange(P*),full,-,-,-,-,0.3 0
tic-13.prec15,sparse_suffix,distance_closure,sparse_suffix+distance_closure,maxsat,IdleRange(P*),full,-,-,-,-,0.5 0
tic-13.prec15,sparse_suffix,distance_closure,sparse_suffix+distance_closure,multiple,IdleRange(P*),full,-,-,-,-,0.3 0
tic-13.prec15,pairwise,direct,pairwise+direct,incremental,IdleRange(P*),reduced,-,-,-,-,0.3 0
tic-13.prec15,pairwise,direct,pairwise+direct,maxsat,IdleRange(P*),reduced,-,-,-,-,0.5 0
tic-13.prec15,pairwise,direct,pairwise+direct,multiple,IdleRange(P*),reduced,-,-,-,-,0.3 0
tic-13.prec15,pairwise,distance_closure,pairwise+distance_closure,incremental,IdleRange(P*),reduced,-,-,-,-,0.3 0
tic-13.prec15,pairwise,distance_closure,pairwise+distance_closure,maxsat,IdleRange(P*),reduced,-,-,-,-,0.5 0
tic-13.prec15,pairwise,distance_closure,pairwise+distance_closure,multiple,IdleRange(P*),reduced,-,-,-,-,0.3 0
tic-13.prec15,sparse_suffix,direct,sparse_suffix+direct,incremental,IdleRange(P*),reduced,-,-,-,-,0.3 0
tic-13.prec15,sparse_suffix,direct,sparse_suffix+direct,maxsat,IdleRange(P*),reduced,-,-,-,-,0.4 0
tic-13.prec15,sparse_suffix,direct,sparse_suffix+direct,multiple,IdleRange(P*),reduced,-,-,-,-,0.3 0
tic-13.prec15,sparse_suffix,distance_closure,sparse_suffix+distance_closure,incremental,IdleRange(P*),reduced,-,-,-,-,0.3 0
tic-13.prec15,sparse_suffix,distance_closure,sparse_suffix+distance_closure,maxsat,IdleRange(P*),reduced,-,-,-,-,0.5 0
tic-13.prec15,sparse_suffix,distance_closure,sparse_suffix+distance_closure,multiple,IdleRange(P*),reduced,-,-,-,-,0.3 0
tic-13.prec25,pairwise,direct,pairwise+direct,incremental,IdleRange(P*),full,-,-,-,-,0.9 0
tic-13.prec25,pairwise,direct,pairwise+direct,maxsat,IdleRange(P*),full,-,-,-,-,0.8 0
tic-13.prec25,pairwise,direct,pairwise+direct,multiple,IdleRange(P*),full,-,-,-,-,0.4 0
tic-13.prec25,pairwise,distance_closure,pairwise+distance_closure,incremental,IdleRange(P*),full,-,-,-,-,0.9 0
tic-13.prec25,pairwise,distance_closure,pairwise+distance_closure,maxsat,IdleRange(P*),full,-,-,-,-,0.8 0
tic-13.prec25,pairwise,distance_closure,pairwise+distance_closure,multiple,IdleRange(P*),full,-,-,-,-,0.8 0
tic-13.prec25,sparse_suffix,direct,sparse_suffix+direct,incremental,IdleRange(P*),full,-,-,-,-,0.6 0
tic-13.prec25,sparse_suffix,direct,sparse_suffix+direct,maxsat,IdleRange(P*),full,-,-,-,-,0.5 0
tic-13.prec25,sparse_suffix,direct,sparse_suffix+direct,multiple,IdleRange(P*),full,-,-,-,-,0.4 0
tic-13.prec25,sparse_suffix,distance_closure,sparse_suffix+distance_closure,incremental,IdleRange(P*),full,-,-,-,-,0.7 0
tic-13.prec25,sparse_suffix,distance_closure,sparse_suffix+distance_closure,maxsat,IdleRange(P*),full,-,-,-,-,0.5 0
tic-13.prec25,sparse_suffix,distance_closure,sparse_suffix+distance_closure,multiple,IdleRange(P*),full,-,-,-,-,0.3 0
tic-13.prec25,pairwise,direct,pairwise+direct,incremental,IdleRange(P*),reduced,-,-,-,-,0.7 0
tic-13.prec25,pairwise,direct,pairwise+direct,maxsat,IdleRange(P*),reduced,-,-,-,-,0.4 0
tic-13.prec25,pairwise,direct,pairwise+direct,multiple,IdleRange(P*),reduced,-,-,-,-,0.4 0
tic-13.prec25,pairwise,distance_closure,pairwise+distance_closure,incremental,IdleRange(P*),reduced,-,-,-,-,0.3 0
tic-13.prec25,pairwise,distance_closure,pairwise+distance_closure,maxsat,IdleRange(P*),reduced,-,-,-,-,0.5 0
tic-13.prec25,pairwise,distance_closure,pairwise+distance_closure,multiple,IdleRange(P*),reduced,-,-,-,-,0.4 0
tic-13.prec25,sparse_suffix,direct,sparse_suffix+direct,incremental,IdleRange(P*),reduced,-,-,-,-,0.7 0
tic-13.prec25,sparse_suffix,direct,sparse_suffix+direct,maxsat,IdleRange(P*),reduced,-,-,-,-,0.7 0
tic-13.prec25,sparse_suffix,direct,sparse_suffix+direct,multiple,IdleRange(P*),reduced,-,-,-,-,0.4 0
tic-13.prec25,sparse_suffix,distance_closure,sparse_suffix+distance_closure,incremental,IdleRange(P*),reduced,-,-,-,-,0.3 0
tic-13.prec25,sparse_suffix,distance_closure,sparse_suffix+distance_closure,maxsat,IdleRange(P*),reduced,-,-,-,-,0.7 0
tic-13.prec25,sparse_suffix,distance_closure,sparse_suffix+distance_closure,multiple,IdleRange(P*),reduced,-,-,-,-,0.4 0
tic-13crafb.prec15,pairwise,direct,pairwise+direct,incremental,IdleRange(P*),full,-,-,-,-,0.3 0
tic-13crafb.prec15,pairwise,direct,pairwise+direct,maxsat,IdleRange(P*),full,-,-,-,-,0.4 0
tic-13crafb.prec15,pairwise,direct,pairwise+direct,multiple,IdleRange(P*),full,-,-,-,-,0.4 0
tic-13crafb.prec15,pairwise,distance_closure,pairwise+distance_closure,incremental,IdleRange(P*),full,-,-,-,-,0.2 0
tic-13crafb.prec15,pairwise,distance_closure,pairwise+distance_closure,maxsat,IdleRange(P*),full,-,-,-,-,0.5 0
tic-13crafb.prec15,pairwise,distance_closure,pairwise+distance_closure,multiple,IdleRange(P*),full,-,-,-,-,0.3 0
tic-13crafb.prec15,sparse_suffix,direct,sparse_suffix+direct,incremental,IdleRange(P*),full,-,-,-,-,0.3 0
tic-13crafb.prec15,sparse_suffix,direct,sparse_suffix+direct,maxsat,IdleRange(P*),full,-,-,-,-,0.5 0
tic-13crafb.prec15,sparse_suffix,direct,sparse_suffix+direct,multiple,IdleRange(P*),full,-,-,-,-,0.3 0
tic-13crafb.prec15,sparse_suffix,distance_closure,sparse_suffix+distance_closure,incremental,IdleRange(P*),full,-,-,-,-,0.2 0
tic-13crafb.prec15,sparse_suffix,distance_closure,sparse_suffix+distance_closure,maxsat,IdleRange(P*),full,-,-,-,-,0.4 0
tic-13crafb.prec15,sparse_suffix,distance_closure,sparse_suffix+distance_closure,multiple,IdleRange(P*),full,-,-,-,-,0.3 0
tic-13crafb.prec15,pairwise,direct,pairwise+direct,incremental,IdleRange(P*),reduced,-,-,-,-,0.3 0
tic-13crafb.prec15,pairwise,direct,pairwise+direct,maxsat,IdleRange(P*),reduced,-,-,-,-,0.4 0
tic-13crafb.prec15,pairwise,direct,pairwise+direct,multiple,IdleRange(P*),reduced,-,-,-,-,0.5 0
tic-13crafb.prec15,pairwise,distance_closure,pairwise+distance_closure,incremental,IdleRange(P*),reduced,-,-,-,-,0.3 0
tic-13crafb.prec15,pairwise,distance_closure,pairwise+distance_closure,maxsat,IdleRange(P*),reduced,-,-,-,-,0.4 0
tic-13crafb.prec15,pairwise,distance_closure,pairwise+distance_closure,multiple,IdleRange(P*),reduced,-,-,-,-,0.4 0
tic-13crafb.prec15,sparse_suffix,direct,sparse_suffix+direct,incremental,IdleRange(P*),reduced,-,-,-,-,0.3 0
tic-13crafb.prec15,sparse_suffix,direct,sparse_suffix+direct,maxsat,IdleRange(P*),reduced,-,-,-,-,0.4 0
tic-13crafb.prec15,sparse_suffix,direct,sparse_suffix+direct,multiple,IdleRange(P*),reduced,-,-,-,-,0.4 0
tic-13crafb.prec15,sparse_suffix,distance_closure,sparse_suffix+distance_closure,incremental,IdleRange(P*),reduced,-,-,-,-,0.2 0
tic-13crafb.prec15,sparse_suffix,distance_closure,sparse_suffix+distance_closure,maxsat,IdleRange(P*),reduced,-,-,-,-,0.4 0
tic-13crafb.prec15,sparse_suffix,distance_closure,sparse_suffix+distance_closure,multiple,IdleRange(P*),reduced,-,-,-,-,0.3 0
tic-13crafb.prec25,pairwise,direct,pairwise+direct,incremental,IdleRange(P*),full,-,-,-,-,0.3 0
tic-13crafb.prec25,pairwise,direct,pairwise+direct,maxsat,IdleRange(P*),full,-,-,-,-,0.5 0
tic-13crafb.prec25,pairwise,direct,pairwise+direct,multiple,IdleRange(P*),full,-,-,-,-,0.3 0
tic-13crafb.prec25,pairwise,distance_closure,pairwise+distance_closure,incremental,IdleRange(P*),full,-,-,-,-,0.4 0
tic-13crafb.prec25,pairwise,distance_closure,pairwise+distance_closure,maxsat,IdleRange(P*),full,-,-,-,-,0.5 0
tic-13crafb.prec25,pairwise,distance_closure,pairwise+distance_closure,multiple,IdleRange(P*),full,-,-,-,-,0.4 0
tic-13crafb.prec25,sparse_suffix,direct,sparse_suffix+direct,incremental,IdleRange(P*),full,-,-,-,-,0.3 0
tic-13crafb.prec25,sparse_suffix,direct,sparse_suffix+direct,maxsat,IdleRange(P*),full,-,-,-,-,0.5 0
tic-13crafb.prec25,sparse_suffix,direct,sparse_suffix+direct,multiple,IdleRange(P*),full,-,-,-,-,0.4 0
tic-13crafb.prec25,sparse_suffix,distance_closure,sparse_suffix+distance_closure,incremental,IdleRange(P*),full,-,-,-,-,0.3 0
tic-13crafb.prec25,sparse_suffix,distance_closure,sparse_suffix+distance_closure,maxsat,IdleRange(P*),full,-,-,-,-,0.4 0
tic-13crafb.prec25,sparse_suffix,distance_closure,sparse_suffix+distance_closure,multiple,IdleRange(P*),full,-,-,-,-,0.3 0
tic-13crafb.prec25,pairwise,direct,pairwise+direct,incremental,IdleRange(P*),reduced,-,-,-,-,0.3 0
tic-13crafb.prec25,pairwise,direct,pairwise+direct,maxsat,IdleRange(P*),reduced,-,-,-,-,0.6 0
tic-13crafb.prec25,pairwise,direct,pairwise+direct,multiple,IdleRange(P*),reduced,-,-,-,-,0.4 0
tic-13crafb.prec25,pairwise,distance_closure,pairwise+distance_closure,incremental,IdleRange(P*),reduced,-,-,-,-,0.3 0
tic-13crafb.prec25,pairwise,distance_closure,pairwise+distance_closure,maxsat,IdleRange(P*),reduced,-,-,-,-,0.4 0
tic-13crafb.prec25,pairwise,distance_closure,pairwise+distance_closure,multiple,IdleRange(P*),reduced,-,-,-,-,0.7 0
tic-13crafb.prec25,sparse_suffix,direct,sparse_suffix+direct,incremental,IdleRange(P*),reduced,-,-,-,-,0.3 0
tic-13crafb.prec25,sparse_suffix,direct,sparse_suffix+direct,maxsat,IdleRange(P*),reduced,-,-,-,-,0.4 0
tic-13crafb.prec25,sparse_suffix,direct,sparse_suffix+direct,multiple,IdleRange(P*),reduced,-,-,-,-,0.4 0
tic-13crafb.prec25,sparse_suffix,distance_closure,sparse_suffix+distance_closure,incremental,IdleRange(P*),reduced,-,-,-,-,0.4 0
tic-13crafb.prec25,sparse_suffix,distance_closure,sparse_suffix+distance_closure,maxsat,IdleRange(P*),reduced,-,-,-,-,0.5 0
tic-13crafb.prec25,sparse_suffix,distance_closure,sparse_suffix+distance_closure,multiple,IdleRange(P*),reduced,-,-,-,-,0.4 0
tic-13crafc.prec15,pairwise,direct,pairwise+direct,incremental,IdleRange(P*),full,-,-,-,-,0.4 1
tic-13crafc.prec15,pairwise,direct,pairwise+direct,maxsat,IdleRange(P*),full,-,-,-,-,0.8 1
tic-13crafc.prec15,pairwise,direct,pairwise+direct,multiple,IdleRange(P*),full,-,-,-,-,0.4 1
tic-13crafc.prec15,pairwise,distance_closure,pairwise+distance_closure,incremental,IdleRange(P*),full,-,-,-,-,0.5 1
tic-13crafc.prec15,pairwise,distance_closure,pairwise+distance_closure,maxsat,IdleRange(P*),full,-,-,-,-,0.5 1
tic-13crafc.prec15,pairwise,distance_closure,pairwise+distance_closure,multiple,IdleRange(P*),full,-,-,-,-,0.4 1
tic-13crafc.prec15,sparse_suffix,direct,sparse_suffix+direct,incremental,IdleRange(P*),full,-,-,-,-,0.6 1
tic-13crafc.prec15,sparse_suffix,direct,sparse_suffix+direct,maxsat,IdleRange(P*),full,-,-,-,-,0.5 1
tic-13crafc.prec15,sparse_suffix,direct,sparse_suffix+direct,multiple,IdleRange(P*),full,-,-,-,-,0.4 1
tic-13crafc.prec15,sparse_suffix,distance_closure,sparse_suffix+distance_closure,incremental,IdleRange(P*),full,-,-,-,-,0.2 1
tic-13crafc.prec15,sparse_suffix,distance_closure,sparse_suffix+distance_closure,maxsat,IdleRange(P*),full,-,-,-,-,0.5 1
tic-13crafc.prec15,sparse_suffix,distance_closure,sparse_suffix+distance_closure,multiple,IdleRange(P*),full,-,-,-,-,0.4 1
tic-13crafc.prec15,pairwise,direct,pairwise+direct,incremental,IdleRange(P*),reduced,-,-,-,-,0.8 1
tic-13crafc.prec15,pairwise,direct,pairwise+direct,maxsat,IdleRange(P*),reduced,-,-,-,-,0.5 1
tic-13crafc.prec15,pairwise,direct,pairwise+direct,multiple,IdleRange(P*),reduced,-,-,-,-,0.4 1
tic-13crafc.prec15,pairwise,distance_closure,pairwise+distance_closure,incremental,IdleRange(P*),reduced,-,-,-,-,0.5 1
tic-13crafc.prec15,pairwise,distance_closure,pairwise+distance_closure,maxsat,IdleRange(P*),reduced,-,-,-,-,0.5 1
tic-13crafc.prec15,pairwise,distance_closure,pairwise+distance_closure,multiple,IdleRange(P*),reduced,-,-,-,-,0.4 1
tic-13crafc.prec15,sparse_suffix,direct,sparse_suffix+direct,incremental,IdleRange(P*),reduced,-,-,-,-,0.4 1
tic-13crafc.prec15,sparse_suffix,direct,sparse_suffix+direct,maxsat,IdleRange(P*),reduced,-,-,-,-,0.6 1
tic-13crafc.prec15,sparse_suffix,direct,sparse_suffix+direct,multiple,IdleRange(P*),reduced,-,-,-,-,0.3 1
tic-13crafc.prec15,sparse_suffix,distance_closure,sparse_suffix+distance_closure,incremental,IdleRange(P*),reduced,-,-,-,-,0.4 1
tic-13crafc.prec15,sparse_suffix,distance_closure,sparse_suffix+distance_closure,maxsat,IdleRange(P*),reduced,-,-,-,-,0.5 1
tic-13crafc.prec15,sparse_suffix,distance_closure,sparse_suffix+distance_closure,multiple,IdleRange(P*),reduced,-,-,-,-,0.3 1
tic-13crafc.prec25,pairwise,direct,pairwise+direct,incremental,IdleRange(P*),full,-,-,-,-,1.0 1
tic-13crafc.prec25,pairwise,direct,pairwise+direct,maxsat,IdleRange(P*),full,-,-,-,-,1.1 1
tic-13crafc.prec25,pairwise,direct,pairwise+direct,multiple,IdleRange(P*),full,-,-,-,-,1.1 1
tic-13crafc.prec25,pairwise,distance_closure,pairwise+distance_closure,incremental,IdleRange(P*),full,-,-,-,-,0.6 1
tic-13crafc.prec25,pairwise,distance_closure,pairwise+distance_closure,maxsat,IdleRange(P*),full,-,-,-,-,0.6 1
tic-13crafc.prec25,pairwise,distance_closure,pairwise+distance_closure,multiple,IdleRange(P*),full,-,-,-,-,0.4 1
tic-13crafc.prec25,sparse_suffix,direct,sparse_suffix+direct,incremental,IdleRange(P*),full,-,-,-,-,0.5 1
tic-13crafc.prec25,sparse_suffix,direct,sparse_suffix+direct,maxsat,IdleRange(P*),full,-,-,-,-,2.0 1
tic-13crafc.prec25,sparse_suffix,direct,sparse_suffix+direct,multiple,IdleRange(P*),full,-,-,-,-,0.5 1
tic-13crafc.prec25,sparse_suffix,distance_closure,sparse_suffix+distance_closure,incremental,IdleRange(P*),full,-,-,-,-,0.6 1
tic-13crafc.prec25,sparse_suffix,distance_closure,sparse_suffix+distance_closure,maxsat,IdleRange(P*),full,-,-,-,-,1.9 1
tic-13crafc.prec25,sparse_suffix,distance_closure,sparse_suffix+distance_closure,multiple,IdleRange(P*),full,-,-,-,-,0.5 1
tic-13crafc.prec25,pairwise,direct,pairwise+direct,incremental,IdleRange(P*),reduced,-,-,-,-,0.7 1
tic-13crafc.prec25,pairwise,direct,pairwise+direct,maxsat,IdleRange(P*),reduced,-,-,-,-,0.5 1
tic-13crafc.prec25,pairwise,direct,pairwise+direct,multiple,IdleRange(P*),reduced,-,-,-,-,0.5 1
tic-13crafc.prec25,pairwise,distance_closure,pairwise+distance_closure,incremental,IdleRange(P*),reduced,-,-,-,-,0.8 1
tic-13crafc.prec25,pairwise,distance_closure,pairwise+distance_closure,maxsat,IdleRange(P*),reduced,-,-,-,-,0.8 1
tic-13crafc.prec25,pairwise,distance_closure,pairwise+distance_closure,multiple,IdleRange(P*),reduced,-,-,-,-,0.4 1
tic-13crafc.prec25,sparse_suffix,direct,sparse_suffix+direct,incremental,IdleRange(P*),reduced,-,-,-,-,0.6 1
tic-13crafc.prec25,sparse_suffix,direct,sparse_suffix+direct,maxsat,IdleRange(P*),reduced,-,-,-,-,0.9 1
tic-13crafc.prec25,sparse_suffix,direct,sparse_suffix+direct,multiple,IdleRange(P*),reduced,-,-,-,-,0.5 1
tic-13crafc.prec25,sparse_suffix,distance_closure,sparse_suffix+distance_closure,incremental,IdleRange(P*),reduced,-,-,-,-,0.3 1
tic-13crafc.prec25,sparse_suffix,distance_closure,sparse_suffix+distance_closure,maxsat,IdleRange(P*),reduced,-,-,-,-,1.0 1
tic-13crafc.prec25,sparse_suffix,distance_closure,sparse_suffix+distance_closure,multiple,IdleRange(P*),reduced,-,-,-,-,1.0 1
tic-14crafa.prec15,pairwise,direct,pairwise+direct,incremental,IdleRange(P*),full,-,-,-,-,0.4 0
tic-14crafa.prec15,pairwise,direct,pairwise+direct,maxsat,IdleRange(P*),full,-,-,-,-,0.6 0
tic-14crafa.prec15,pairwise,direct,pairwise+direct,multiple,IdleRange(P*),full,-,-,-,-,0.4 0
tic-14crafa.prec15,pairwise,distance_closure,pairwise+distance_closure,incremental,IdleRange(P*),full,-,-,-,-,0.4 0
tic-14crafa.prec15,pairwise,distance_closure,pairwise+distance_closure,maxsat,IdleRange(P*),full,-,-,-,-,0.6 0
tic-14crafa.prec15,pairwise,distance_closure,pairwise+distance_closure,multiple,IdleRange(P*),full,-,-,-,-,0.5 0
tic-14crafa.prec15,sparse_suffix,direct,sparse_suffix+direct,incremental,IdleRange(P*),full,-,-,-,-,0.4 0
tic-14crafa.prec15,sparse_suffix,direct,sparse_suffix+direct,maxsat,IdleRange(P*),full,-,-,-,-,0.6 0
tic-14crafa.prec15,sparse_suffix,direct,sparse_suffix+direct,multiple,IdleRange(P*),full,-,-,-,-,0.5 0
tic-14crafa.prec15,sparse_suffix,distance_closure,sparse_suffix+distance_closure,incremental,IdleRange(P*),full,-,-,-,-,0.4 0
tic-14crafa.prec15,sparse_suffix,distance_closure,sparse_suffix+distance_closure,maxsat,IdleRange(P*),full,-,-,-,-,0.6 0
tic-14crafa.prec15,sparse_suffix,distance_closure,sparse_suffix+distance_closure,multiple,IdleRange(P*),full,-,-,-,-,0.4 0
tic-14crafa.prec15,pairwise,direct,pairwise+direct,incremental,IdleRange(P*),reduced,-,-,-,-,0.4 0
tic-14crafa.prec15,pairwise,direct,pairwise+direct,maxsat,IdleRange(P*),reduced,-,-,-,-,0.6 0
tic-14crafa.prec15,pairwise,direct,pairwise+direct,multiple,IdleRange(P*),reduced,-,-,-,-,0.4 0
tic-14crafa.prec15,pairwise,distance_closure,pairwise+distance_closure,incremental,IdleRange(P*),reduced,-,-,-,-,0.4 0
tic-14crafa.prec15,pairwise,distance_closure,pairwise+distance_closure,maxsat,IdleRange(P*),reduced,-,-,-,-,0.6 0
tic-14crafa.prec15,pairwise,distance_closure,pairwise+distance_closure,multiple,IdleRange(P*),reduced,-,-,-,-,0.5 0
tic-14crafa.prec15,sparse_suffix,direct,sparse_suffix+direct,incremental,IdleRange(P*),reduced,-,-,-,-,0.3 0
tic-14crafa.prec15,sparse_suffix,direct,sparse_suffix+direct,maxsat,IdleRange(P*),reduced,-,-,-,-,0.6 0
tic-14crafa.prec15,sparse_suffix,direct,sparse_suffix+direct,multiple,IdleRange(P*),reduced,-,-,-,-,0.4 0
tic-14crafa.prec15,sparse_suffix,distance_closure,sparse_suffix+distance_closure,incremental,IdleRange(P*),reduced,-,-,-,-,0.4 0
tic-14crafa.prec15,sparse_suffix,distance_closure,sparse_suffix+distance_closure,maxsat,IdleRange(P*),reduced,-,-,-,-,0.6 0
tic-14crafa.prec15,sparse_suffix,distance_closure,sparse_suffix+distance_closure,multiple,IdleRange(P*),reduced,-,-,-,-,0.4 0
tic-14crafa.prec25,pairwise,direct,pairwise+direct,incremental,IdleRange(P*),full,-,-,-,-,1.1 0
tic-14crafa.prec25,pairwise,direct,pairwise+direct,maxsat,IdleRange(P*),full,-,-,-,-,1.2 0
tic-14crafa.prec25,pairwise,direct,pairwise+direct,multiple,IdleRange(P*),full,-,-,-,-,0.4 0
tic-14crafa.prec25,pairwise,distance_closure,pairwise+distance_closure,incremental,IdleRange(P*),full,-,-,-,-,0.5 0
tic-14crafa.prec25,pairwise,distance_closure,pairwise+distance_closure,maxsat,IdleRange(P*),full,-,-,-,-,1.2 0
tic-14crafa.prec25,pairwise,distance_closure,pairwise+distance_closure,multiple,IdleRange(P*),full,-,-,-,-,1.0 0
tic-14crafa.prec25,sparse_suffix,direct,sparse_suffix+direct,incremental,IdleRange(P*),full,-,-,-,-,1.2 0
tic-14crafa.prec25,sparse_suffix,direct,sparse_suffix+direct,maxsat,IdleRange(P*),full,-,-,-,-,0.6 0
tic-14crafa.prec25,sparse_suffix,direct,sparse_suffix+direct,multiple,IdleRange(P*),full,-,-,-,-,1.1 0
tic-14crafa.prec25,sparse_suffix,distance_closure,sparse_suffix+distance_closure,incremental,IdleRange(P*),full,-,-,-,-,0.9 0
tic-14crafa.prec25,sparse_suffix,distance_closure,sparse_suffix+distance_closure,maxsat,IdleRange(P*),full,-,-,-,-,1.0 0
tic-14crafa.prec25,sparse_suffix,distance_closure,sparse_suffix+distance_closure,multiple,IdleRange(P*),full,-,-,-,-,1.0 0
tic-14crafa.prec25,pairwise,direct,pairwise+direct,incremental,IdleRange(P*),reduced,-,-,-,-,0.9 0
tic-14crafa.prec25,pairwise,direct,pairwise+direct,maxsat,IdleRange(P*),reduced,-,-,-,-,1.0 0
tic-14crafa.prec25,pairwise,direct,pairwise+direct,multiple,IdleRange(P*),reduced,-,-,-,-,1.1 0
tic-14crafa.prec25,pairwise,distance_closure,pairwise+distance_closure,incremental,IdleRange(P*),reduced,-,-,-,-,0.6 0
tic-14crafa.prec25,pairwise,distance_closure,pairwise+distance_closure,maxsat,IdleRange(P*),reduced,-,-,-,-,1.7 0
tic-14crafa.prec25,pairwise,distance_closure,pairwise+distance_closure,multiple,IdleRange(P*),reduced,-,-,-,-,0.5 0
tic-14crafa.prec25,sparse_suffix,direct,sparse_suffix+direct,incremental,IdleRange(P*),reduced,-,-,-,-,0.4 0
tic-14crafa.prec25,sparse_suffix,direct,sparse_suffix+direct,maxsat,IdleRange(P*),reduced,-,-,-,-,1.1 0
tic-14crafa.prec25,sparse_suffix,direct,sparse_suffix+direct,multiple,IdleRange(P*),reduced,-,-,-,-,0.5 0
tic-14crafa.prec25,sparse_suffix,distance_closure,sparse_suffix+distance_closure,incremental,IdleRange(P*),reduced,-,-,-,-,1.0 0
tic-14crafa.prec25,sparse_suffix,distance_closure,sparse_suffix+distance_closure,maxsat,IdleRange(P*),reduced,-,-,-,-,0.6 0
tic-14crafa.prec25,sparse_suffix,distance_closure,sparse_suffix+distance_closure,multiple,IdleRange(P*),reduced,-,-,-,-,0.5 0
tic-14crafc.prec15,pairwise,direct,pairwise+direct,incremental,IdleRange(P*),full,-,-,-,-,0.9 0
tic-14crafc.prec15,pairwise,direct,pairwise+direct,maxsat,IdleRange(P*),full,-,-,-,-,0.6 0
tic-14crafc.prec15,pairwise,direct,pairwise+direct,multiple,IdleRange(P*),full,-,-,-,-,1.1 0
tic-14crafc.prec15,pairwise,distance_closure,pairwise+distance_closure,incremental,IdleRange(P*),full,-,-,-,-,0.4 0
tic-14crafc.prec15,pairwise,distance_closure,pairwise+distance_closure,maxsat,IdleRange(P*),full,-,-,-,-,0.6 0
tic-14crafc.prec15,pairwise,distance_closure,pairwise+distance_closure,multiple,IdleRange(P*),full,-,-,-,-,0.4 0
tic-14crafc.prec15,sparse_suffix,direct,sparse_suffix+direct,incremental,IdleRange(P*),full,-,-,-,-,0.4 0
tic-14crafc.prec15,sparse_suffix,direct,sparse_suffix+direct,maxsat,IdleRange(P*),full,-,-,-,-,0.6 0
tic-14crafc.prec15,sparse_suffix,direct,sparse_suffix+direct,multiple,IdleRange(P*),full,-,-,-,-,0.5 0
tic-14crafc.prec15,sparse_suffix,distance_closure,sparse_suffix+distance_closure,incremental,IdleRange(P*),full,-,-,-,-,0.4 0
tic-14crafc.prec15,sparse_suffix,distance_closure,sparse_suffix+distance_closure,maxsat,IdleRange(P*),full,-,-,-,-,0.6 0
tic-14crafc.prec15,sparse_suffix,distance_closure,sparse_suffix+distance_closure,multiple,IdleRange(P*),full,-,-,-,-,0.4 0
tic-14crafc.prec15,pairwise,direct,pairwise+direct,incremental,IdleRange(P*),reduced,-,-,-,-,0.4 0
tic-14crafc.prec15,pairwise,direct,pairwise+direct,maxsat,IdleRange(P*),reduced,-,-,-,-,0.6 0
tic-14crafc.prec15,pairwise,direct,pairwise+direct,multiple,IdleRange(P*),reduced,-,-,-,-,0.4 0
tic-14crafc.prec15,pairwise,distance_closure,pairwise+distance_closure,incremental,IdleRange(P*),reduced,-,-,-,-,0.4 0
tic-14crafc.prec15,pairwise,distance_closure,pairwise+distance_closure,maxsat,IdleRange(P*),reduced,-,-,-,-,0.6 0
tic-14crafc.prec15,pairwise,distance_closure,pairwise+distance_closure,multiple,IdleRange(P*),reduced,-,-,-,-,0.4 0
tic-14crafc.prec15,sparse_suffix,direct,sparse_suffix+direct,incremental,IdleRange(P*),reduced,-,-,-,-,0.5 0
tic-14crafc.prec15,sparse_suffix,direct,sparse_suffix+direct,maxsat,IdleRange(P*),reduced,-,-,-,-,0.6 0
tic-14crafc.prec15,sparse_suffix,direct,sparse_suffix+direct,multiple,IdleRange(P*),reduced,-,-,-,-,0.6 0
tic-14crafc.prec15,sparse_suffix,distance_closure,sparse_suffix+distance_closure,incremental,IdleRange(P*),reduced,-,-,-,-,0.7 0
tic-14crafc.prec15,sparse_suffix,distance_closure,sparse_suffix+distance_closure,maxsat,IdleRange(P*),reduced,-,-,-,-,0.6 0
tic-14crafc.prec15,sparse_suffix,distance_closure,sparse_suffix+distance_closure,multiple,IdleRange(P*),reduced,-,-,-,-,0.6 0
tic-14crafc.prec25,pairwise,direct,pairwise+direct,incremental,IdleRange(P*),full,-,-,-,-,0.4 0
tic-14crafc.prec25,pairwise,direct,pairwise+direct,maxsat,IdleRange(P*),full,-,-,-,-,0.9 0
tic-14crafc.prec25,pairwise,direct,pairwise+direct,multiple,IdleRange(P*),full,-,-,-,-,0.4 0
tic-14crafc.prec25,pairwise,distance_closure,pairwise+distance_closure,incremental,IdleRange(P*),full,-,-,-,-,0.5 0
tic-14crafc.prec25,pairwise,distance_closure,pairwise+distance_closure,maxsat,IdleRange(P*),full,-,-,-,-,0.6 0
tic-14crafc.prec25,pairwise,distance_closure,pairwise+distance_closure,multiple,IdleRange(P*),full,-,-,-,-,0.4 0
tic-14crafc.prec25,sparse_suffix,direct,sparse_suffix+direct,incremental,IdleRange(P*),full,-,-,-,-,0.4 0
tic-14crafc.prec25,sparse_suffix,direct,sparse_suffix+direct,maxsat,IdleRange(P*),full,-,-,-,-,1.6 0
tic-14crafc.prec25,sparse_suffix,direct,sparse_suffix+direct,multiple,IdleRange(P*),full,-,-,-,-,0.5 0
tic-14crafc.prec25,sparse_suffix,distance_closure,sparse_suffix+distance_closure,incremental,IdleRange(P*),full,-,-,-,-,0.9 0
tic-14crafc.prec25,sparse_suffix,distance_closure,sparse_suffix+distance_closure,maxsat,IdleRange(P*),full,-,-,-,-,1.0 0
tic-14crafc.prec25,sparse_suffix,distance_closure,sparse_suffix+distance_closure,multiple,IdleRange(P*),full,-,-,-,-,2.0 0
tic-14crafc.prec25,pairwise,direct,pairwise+direct,incremental,IdleRange(P*),reduced,-,-,-,-,0.9 0
tic-14crafc.prec25,pairwise,direct,pairwise+direct,maxsat,IdleRange(P*),reduced,-,-,-,-,0.9 0
tic-14crafc.prec25,pairwise,direct,pairwise+direct,multiple,IdleRange(P*),reduced,-,-,-,-,0.5 0
tic-14crafc.prec25,pairwise,distance_closure,pairwise+distance_closure,incremental,IdleRange(P*),reduced,-,-,-,-,1.1 0
tic-14crafc.prec25,pairwise,distance_closure,pairwise+distance_closure,maxsat,IdleRange(P*),reduced,-,-,-,-,0.9 0
tic-14crafc.prec25,pairwise,distance_closure,pairwise+distance_closure,multiple,IdleRange(P*),reduced,-,-,-,-,0.6 0
tic-14crafc.prec25,sparse_suffix,direct,sparse_suffix+direct,incremental,IdleRange(P*),reduced,-,-,-,-,0.4 0
tic-14crafc.prec25,sparse_suffix,direct,sparse_suffix+direct,maxsat,IdleRange(P*),reduced,-,-,-,-,0.9 0
tic-14crafc.prec25,sparse_suffix,direct,sparse_suffix+direct,multiple,IdleRange(P*),reduced,-,-,-,-,0.5 0
tic-14crafc.prec25,sparse_suffix,distance_closure,sparse_suffix+distance_closure,incremental,IdleRange(P*),reduced,-,-,-,-,0.4 0
tic-14crafc.prec25,sparse_suffix,distance_closure,sparse_suffix+distance_closure,maxsat,IdleRange(P*),reduced,-,-,-,-,1.0 0
tic-14crafc.prec25,sparse_suffix,distance_closure,sparse_suffix+distance_closure,multiple,IdleRange(P*),reduced,-,-,-,-,0.5 0
tic-14crafd.prec15,pairwise,direct,pairwise+direct,incremental,IdleRange(P*),full,-,-,-,-,0.4 0
tic-14crafd.prec15,pairwise,direct,pairwise+direct,maxsat,IdleRange(P*),full,-,-,-,-,0.6 0
tic-14crafd.prec15,pairwise,direct,pairwise+direct,multiple,IdleRange(P*),full,-,-,-,-,0.4 0
tic-14crafd.prec15,pairwise,distance_closure,pairwise+distance_closure,incremental,IdleRange(P*),full,-,-,-,-,0.4 0
tic-14crafd.prec15,pairwise,distance_closure,pairwise+distance_closure,maxsat,IdleRange(P*),full,-,-,-,-,0.6 0
tic-14crafd.prec15,pairwise,distance_closure,pairwise+distance_closure,multiple,IdleRange(P*),full,-,-,-,-,0.4 0
tic-14crafd.prec15,sparse_suffix,direct,sparse_suffix+direct,incremental,IdleRange(P*),full,-,-,-,-,0.4 0
tic-14crafd.prec15,sparse_suffix,direct,sparse_suffix+direct,maxsat,IdleRange(P*),full,-,-,-,-,0.6 0
tic-14crafd.prec15,sparse_suffix,direct,sparse_suffix+direct,multiple,IdleRange(P*),full,-,-,-,-,0.4 0
tic-14crafd.prec15,sparse_suffix,distance_closure,sparse_suffix+distance_closure,incremental,IdleRange(P*),full,-,-,-,-,0.3 0
tic-14crafd.prec15,sparse_suffix,distance_closure,sparse_suffix+distance_closure,maxsat,IdleRange(P*),full,-,-,-,-,0.5 0
tic-14crafd.prec15,sparse_suffix,distance_closure,sparse_suffix+distance_closure,multiple,IdleRange(P*),full,-,-,-,-,0.4 0
tic-14crafd.prec15,pairwise,direct,pairwise+direct,incremental,IdleRange(P*),reduced,-,-,-,-,0.4 0
tic-14crafd.prec15,pairwise,direct,pairwise+direct,maxsat,IdleRange(P*),reduced,-,-,-,-,0.5 0
tic-14crafd.prec15,pairwise,direct,pairwise+direct,multiple,IdleRange(P*),reduced,-,-,-,-,0.4 0
tic-14crafd.prec15,pairwise,distance_closure,pairwise+distance_closure,incremental,IdleRange(P*),reduced,-,-,-,-,0.3 0
tic-14crafd.prec15,pairwise,distance_closure,pairwise+distance_closure,maxsat,IdleRange(P*),reduced,-,-,-,-,0.6 0
tic-14crafd.prec15,pairwise,distance_closure,pairwise+distance_closure,multiple,IdleRange(P*),reduced,-,-,-,-,0.4 0
tic-14crafd.prec15,sparse_suffix,direct,sparse_suffix+direct,incremental,IdleRange(P*),reduced,-,-,-,-,0.4 0
tic-14crafd.prec15,sparse_suffix,direct,sparse_suffix+direct,maxsat,IdleRange(P*),reduced,-,-,-,-,0.6 0
tic-14crafd.prec15,sparse_suffix,direct,sparse_suffix+direct,multiple,IdleRange(P*),reduced,-,-,-,-,0.4 0
tic-14crafd.prec15,sparse_suffix,distance_closure,sparse_suffix+distance_closure,incremental,IdleRange(P*),reduced,-,-,-,-,0.3 0
tic-14crafd.prec15,sparse_suffix,distance_closure,sparse_suffix+distance_closure,maxsat,IdleRange(P*),reduced,-,-,-,-,0.6 0
tic-14crafd.prec15,sparse_suffix,distance_closure,sparse_suffix+distance_closure,multiple,IdleRange(P*),reduced,-,-,-,-,0.4 0
tic-14crafd.prec25,pairwise,direct,pairwise+direct,incremental,IdleRange(P*),full,-,-,-,-,0.7 0
tic-14crafd.prec25,pairwise,direct,pairwise+direct,maxsat,IdleRange(P*),full,-,-,-,-,0.9 0
tic-14crafd.prec25,pairwise,direct,pairwise+direct,multiple,IdleRange(P*),full,-,-,-,-,0.7 0
tic-14crafd.prec25,pairwise,distance_closure,pairwise+distance_closure,incremental,IdleRange(P*),full,-,-,-,-,1.0 0
tic-14crafd.prec25,pairwise,distance_closure,pairwise+distance_closure,maxsat,IdleRange(P*),full,-,-,-,-,1.5 0
tic-14crafd.prec25,pairwise,distance_closure,pairwise+distance_closure,multiple,IdleRange(P*),full,-,-,-,-,0.6 0
tic-14crafd.prec25,sparse_suffix,direct,sparse_suffix+direct,incremental,IdleRange(P*),full,-,-,-,-,1.7 0
tic-14crafd.prec25,sparse_suffix,direct,sparse_suffix+direct,maxsat,IdleRange(P*),full,-,-,-,-,0.6 0
tic-14crafd.prec25,sparse_suffix,direct,sparse_suffix+direct,multiple,IdleRange(P*),full,-,-,-,-,1.0 0
tic-14crafd.prec25,sparse_suffix,distance_closure,sparse_suffix+distance_closure,incremental,IdleRange(P*),full,-,-,-,-,0.4 0
tic-14crafd.prec25,sparse_suffix,distance_closure,sparse_suffix+distance_closure,maxsat,IdleRange(P*),full,-,-,-,-,0.9 0
tic-14crafd.prec25,sparse_suffix,distance_closure,sparse_suffix+distance_closure,multiple,IdleRange(P*),full,-,-,-,-,0.5 0
tic-14crafd.prec25,pairwise,direct,pairwise+direct,incremental,IdleRange(P*),reduced,-,-,-,-,0.8 0
tic-14crafd.prec25,pairwise,direct,pairwise+direct,maxsat,IdleRange(P*),reduced,-,-,-,-,0.8 0
tic-14crafd.prec25,pairwise,direct,pairwise+direct,multiple,IdleRange(P*),reduced,-,-,-,-,0.5 0
tic-14crafd.prec25,pairwise,distance_closure,pairwise+distance_closure,incremental,IdleRange(P*),reduced,-,-,-,-,0.4 0
tic-14crafd.prec25,pairwise,distance_closure,pairwise+distance_closure,maxsat,IdleRange(P*),reduced,-,-,-,-,2.0 0
tic-14crafd.prec25,pairwise,distance_closure,pairwise+distance_closure,multiple,IdleRange(P*),reduced,-,-,-,-,0.5 0
tic-14crafd.prec25,sparse_suffix,direct,sparse_suffix+direct,incremental,IdleRange(P*),reduced,-,-,-,-,0.5 0
tic-14crafd.prec25,sparse_suffix,direct,sparse_suffix+direct,maxsat,IdleRange(P*),reduced,-,-,-,-,0.8 0
tic-14crafd.prec25,sparse_suffix,direct,sparse_suffix+direct,multiple,IdleRange(P*),reduced,-,-,-,-,0.4 0
tic-14crafd.prec25,sparse_suffix,distance_closure,sparse_suffix+distance_closure,incremental,IdleRange(P*),reduced,-,-,-,-,0.9 0
tic-14crafd.prec25,sparse_suffix,distance_closure,sparse_suffix+distance_closure,maxsat,IdleRange(P*),reduced,-,-,-,-,0.5 0
tic-14crafd.prec25,sparse_suffix,distance_closure,sparse_suffix+distance_closure,multiple,IdleRange(P*),reduced,-,-,-,-,0.5 0
ticf-13crafa.prec15,pairwise,direct,pairwise+direct,incremental,IdleRange(P*),full,-,-,-,-,0.7 0
ticf-13crafa.prec15,pairwise,direct,pairwise+direct,maxsat,IdleRange(P*),full,-,-,-,-,0.8 0
ticf-13crafa.prec15,pairwise,direct,pairwise+direct,multiple,IdleRange(P*),full,-,-,-,-,1.0 0
ticf-13crafa.prec15,pairwise,distance_closure,pairwise+distance_closure,incremental,IdleRange(P*),full,-,-,-,-,0.7 0
ticf-13crafa.prec15,pairwise,distance_closure,pairwise+distance_closure,maxsat,IdleRange(P*),full,-,-,-,-,0.8 0
ticf-13crafa.prec15,pairwise,distance_closure,pairwise+distance_closure,multiple,IdleRange(P*),full,-,-,-,-,1.0 0
ticf-13crafa.prec15,sparse_suffix,direct,sparse_suffix+direct,incremental,IdleRange(P*),full,-,-,-,-,0.6 0
ticf-13crafa.prec15,sparse_suffix,direct,sparse_suffix+direct,maxsat,IdleRange(P*),full,-,-,-,-,0.9 0
ticf-13crafa.prec15,sparse_suffix,direct,sparse_suffix+direct,multiple,IdleRange(P*),full,-,-,-,-,0.9 0
ticf-13crafa.prec15,sparse_suffix,distance_closure,sparse_suffix+distance_closure,incremental,IdleRange(P*),full,-,-,-,-,0.6 0
ticf-13crafa.prec15,sparse_suffix,distance_closure,sparse_suffix+distance_closure,maxsat,IdleRange(P*),full,-,-,-,-,0.9 0
ticf-13crafa.prec15,sparse_suffix,distance_closure,sparse_suffix+distance_closure,multiple,IdleRange(P*),full,-,-,-,-,0.9 0
ticf-13crafa.prec15,pairwise,direct,pairwise+direct,incremental,IdleRange(P*),reduced,-,-,-,-,0.4 0
ticf-13crafa.prec15,pairwise,direct,pairwise+direct,maxsat,IdleRange(P*),reduced,-,-,-,-,0.6 0
ticf-13crafa.prec15,pairwise,direct,pairwise+direct,multiple,IdleRange(P*),reduced,-,-,-,-,0.7 0
ticf-13crafa.prec15,pairwise,distance_closure,pairwise+distance_closure,incremental,IdleRange(P*),reduced,-,-,-,-,0.5 0
ticf-13crafa.prec15,pairwise,distance_closure,pairwise+distance_closure,maxsat,IdleRange(P*),reduced,-,-,-,-,0.6 0
ticf-13crafa.prec15,pairwise,distance_closure,pairwise+distance_closure,multiple,IdleRange(P*),reduced,-,-,-,-,0.7 0
ticf-13crafa.prec15,sparse_suffix,direct,sparse_suffix+direct,incremental,IdleRange(P*),reduced,-,-,-,-,0.5 0
ticf-13crafa.prec15,sparse_suffix,direct,sparse_suffix+direct,maxsat,IdleRange(P*),reduced,-,-,-,-,0.6 0
ticf-13crafa.prec15,sparse_suffix,direct,sparse_suffix+direct,multiple,IdleRange(P*),reduced,-,-,-,-,0.7 0
ticf-13crafa.prec15,sparse_suffix,distance_closure,sparse_suffix+distance_closure,incremental,IdleRange(P*),reduced,-,-,-,-,0.4 0
ticf-13crafa.prec15,sparse_suffix,distance_closure,sparse_suffix+distance_closure,maxsat,IdleRange(P*),reduced,-,-,-,-,0.6 0
ticf-13crafa.prec15,sparse_suffix,distance_closure,sparse_suffix+distance_closure,multiple,IdleRange(P*),reduced,-,-,-,-,0.7 0
ticf-13crafa.prec25,pairwise,direct,pairwise+direct,incremental,IdleRange(P*),full,-,-,-,-,UNSAT
ticf-13crafa.prec25,pairwise,direct,pairwise+direct,maxsat,IdleRange(P*),full,-,-,-,-,UNSAT
ticf-13crafa.prec25,pairwise,direct,pairwise+direct,multiple,IdleRange(P*),full,-,-,-,-,UNSAT
ticf-13crafa.prec25,pairwise,distance_closure,pairwise+distance_closure,incremental,IdleRange(P*),full,-,-,-,-,UNSAT
ticf-13crafa.prec25,pairwise,distance_closure,pairwise+distance_closure,maxsat,IdleRange(P*),full,-,-,-,-,UNSAT
ticf-13crafa.prec25,pairwise,distance_closure,pairwise+distance_closure,multiple,IdleRange(P*),full,-,-,-,-,UNSAT
ticf-13crafa.prec25,sparse_suffix,direct,sparse_suffix+direct,incremental,IdleRange(P*),full,-,-,-,-,UNSAT
ticf-13crafa.prec25,sparse_suffix,direct,sparse_suffix+direct,maxsat,IdleRange(P*),full,-,-,-,-,UNSAT
ticf-13crafa.prec25,sparse_suffix,direct,sparse_suffix+direct,multiple,IdleRange(P*),full,-,-,-,-,UNSAT
ticf-13crafa.prec25,sparse_suffix,distance_closure,sparse_suffix+distance_closure,incremental,IdleRange(P*),full,-,-,-,-,UNSAT
ticf-13crafa.prec25,sparse_suffix,distance_closure,sparse_suffix+distance_closure,maxsat,IdleRange(P*),full,-,-,-,-,UNSAT
ticf-13crafa.prec25,sparse_suffix,distance_closure,sparse_suffix+distance_closure,multiple,IdleRange(P*),full,-,-,-,-,UNSAT
ticf-13crafa.prec25,pairwise,direct,pairwise+direct,incremental,IdleRange(P*),reduced,-,-,-,-,UNSAT
ticf-13crafa.prec25,pairwise,direct,pairwise+direct,maxsat,IdleRange(P*),reduced,-,-,-,-,UNSAT
ticf-13crafa.prec25,pairwise,direct,pairwise+direct,multiple,IdleRange(P*),reduced,-,-,-,-,UNSAT
ticf-13crafa.prec25,pairwise,distance_closure,pairwise+distance_closure,incremental,IdleRange(P*),reduced,-,-,-,-,UNSAT
ticf-13crafa.prec25,pairwise,distance_closure,pairwise+distance_closure,maxsat,IdleRange(P*),reduced,-,-,-,-,UNSAT
ticf-13crafa.prec25,pairwise,distance_closure,pairwise+distance_closure,multiple,IdleRange(P*),reduced,-,-,-,-,UNSAT
ticf-13crafa.prec25,sparse_suffix,direct,sparse_suffix+direct,incremental,IdleRange(P*),reduced,-,-,-,-,UNSAT
ticf-13crafa.prec25,sparse_suffix,direct,sparse_suffix+direct,maxsat,IdleRange(P*),reduced,-,-,-,-,UNSAT
ticf-13crafa.prec25,sparse_suffix,direct,sparse_suffix+direct,multiple,IdleRange(P*),reduced,-,-,-,-,UNSAT
ticf-13crafa.prec25,sparse_suffix,distance_closure,sparse_suffix+distance_closure,incremental,IdleRange(P*),reduced,-,-,-,-,UNSAT
ticf-13crafa.prec25,sparse_suffix,distance_closure,sparse_suffix+distance_closure,maxsat,IdleRange(P*),reduced,-,-,-,-,UNSAT
ticf-13crafa.prec25,sparse_suffix,distance_closure,sparse_suffix+distance_closure,multiple,IdleRange(P*),reduced,-,-,-,-,UNSAT
ticf-13crafb.prec15,pairwise,direct,pairwise+direct,incremental,IdleRange(P*),full,-,-,-,-,UNSAT
ticf-13crafb.prec15,pairwise,direct,pairwise+direct,maxsat,IdleRange(P*),full,-,-,-,-,UNSAT
ticf-13crafb.prec15,pairwise,direct,pairwise+direct,multiple,IdleRange(P*),full,-,-,-,-,UNSAT
ticf-13crafb.prec15,pairwise,distance_closure,pairwise+distance_closure,incremental,IdleRange(P*),full,-,-,-,-,UNSAT
ticf-13crafb.prec15,pairwise,distance_closure,pairwise+distance_closure,maxsat,IdleRange(P*),full,-,-,-,-,UNSAT
ticf-13crafb.prec15,pairwise,distance_closure,pairwise+distance_closure,multiple,IdleRange(P*),full,-,-,-,-,UNSAT
ticf-13crafb.prec15,sparse_suffix,direct,sparse_suffix+direct,incremental,IdleRange(P*),full,-,-,-,-,UNSAT
ticf-13crafb.prec15,sparse_suffix,direct,sparse_suffix+direct,maxsat,IdleRange(P*),full,-,-,-,-,UNSAT
ticf-13crafb.prec15,sparse_suffix,direct,sparse_suffix+direct,multiple,IdleRange(P*),full,-,-,-,-,UNSAT
ticf-13crafb.prec15,sparse_suffix,distance_closure,sparse_suffix+distance_closure,incremental,IdleRange(P*),full,-,-,-,-,UNSAT
ticf-13crafb.prec15,sparse_suffix,distance_closure,sparse_suffix+distance_closure,maxsat,IdleRange(P*),full,-,-,-,-,UNSAT
ticf-13crafb.prec15,sparse_suffix,distance_closure,sparse_suffix+distance_closure,multiple,IdleRange(P*),full,-,-,-,-,UNSAT
ticf-13crafb.prec15,pairwise,direct,pairwise+direct,incremental,IdleRange(P*),reduced,-,-,-,-,UNSAT
ticf-13crafb.prec15,pairwise,direct,pairwise+direct,maxsat,IdleRange(P*),reduced,-,-,-,-,UNSAT
ticf-13crafb.prec15,pairwise,direct,pairwise+direct,multiple,IdleRange(P*),reduced,-,-,-,-,UNSAT
ticf-13crafb.prec15,pairwise,distance_closure,pairwise+distance_closure,incremental,IdleRange(P*),reduced,-,-,-,-,UNSAT
ticf-13crafb.prec15,pairwise,distance_closure,pairwise+distance_closure,maxsat,IdleRange(P*),reduced,-,-,-,-,UNSAT
ticf-13crafb.prec15,pairwise,distance_closure,pairwise+distance_closure,multiple,IdleRange(P*),reduced,-,-,-,-,UNSAT
ticf-13crafb.prec15,sparse_suffix,direct,sparse_suffix+direct,incremental,IdleRange(P*),reduced,-,-,-,-,UNSAT
ticf-13crafb.prec15,sparse_suffix,direct,sparse_suffix+direct,maxsat,IdleRange(P*),reduced,-,-,-,-,UNSAT
ticf-13crafb.prec15,sparse_suffix,direct,sparse_suffix+direct,multiple,IdleRange(P*),reduced,-,-,-,-,UNSAT
ticf-13crafb.prec15,sparse_suffix,distance_closure,sparse_suffix+distance_closure,incremental,IdleRange(P*),reduced,-,-,-,-,UNSAT
ticf-13crafb.prec15,sparse_suffix,distance_closure,sparse_suffix+distance_closure,maxsat,IdleRange(P*),reduced,-,-,-,-,UNSAT
ticf-13crafb.prec15,sparse_suffix,distance_closure,sparse_suffix+distance_closure,multiple,IdleRange(P*),reduced,-,-,-,-,UNSAT
ticf-13crafb.prec25,pairwise,direct,pairwise+direct,incremental,IdleRange(P*),full,-,-,-,-,UNSAT
ticf-13crafb.prec25,pairwise,direct,pairwise+direct,maxsat,IdleRange(P*),full,-,-,-,-,UNSAT
ticf-13crafb.prec25,pairwise,direct,pairwise+direct,multiple,IdleRange(P*),full,-,-,-,-,UNSAT
ticf-13crafb.prec25,pairwise,distance_closure,pairwise+distance_closure,incremental,IdleRange(P*),full,-,-,-,-,UNSAT
ticf-13crafb.prec25,pairwise,distance_closure,pairwise+distance_closure,maxsat,IdleRange(P*),full,-,-,-,-,UNSAT
ticf-13crafb.prec25,pairwise,distance_closure,pairwise+distance_closure,multiple,IdleRange(P*),full,-,-,-,-,UNSAT
ticf-13crafb.prec25,sparse_suffix,direct,sparse_suffix+direct,incremental,IdleRange(P*),full,-,-,-,-,UNSAT
ticf-13crafb.prec25,sparse_suffix,direct,sparse_suffix+direct,maxsat,IdleRange(P*),full,-,-,-,-,UNSAT
ticf-13crafb.prec25,sparse_suffix,direct,sparse_suffix+direct,multiple,IdleRange(P*),full,-,-,-,-,UNSAT
ticf-13crafb.prec25,sparse_suffix,distance_closure,sparse_suffix+distance_closure,incremental,IdleRange(P*),full,-,-,-,-,UNSAT
ticf-13crafb.prec25,sparse_suffix,distance_closure,sparse_suffix+distance_closure,maxsat,IdleRange(P*),full,-,-,-,-,UNSAT
ticf-13crafb.prec25,sparse_suffix,distance_closure,sparse_suffix+distance_closure,multiple,IdleRange(P*),full,-,-,-,-,UNSAT
ticf-13crafb.prec25,pairwise,direct,pairwise+direct,incremental,IdleRange(P*),reduced,-,-,-,-,UNSAT
ticf-13crafb.prec25,pairwise,direct,pairwise+direct,maxsat,IdleRange(P*),reduced,-,-,-,-,UNSAT
ticf-13crafb.prec25,pairwise,direct,pairwise+direct,multiple,IdleRange(P*),reduced,-,-,-,-,UNSAT
ticf-13crafb.prec25,pairwise,distance_closure,pairwise+distance_closure,incremental,IdleRange(P*),reduced,-,-,-,-,UNSAT
ticf-13crafb.prec25,pairwise,distance_closure,pairwise+distance_closure,maxsat,IdleRange(P*),reduced,-,-,-,-,UNSAT
ticf-13crafb.prec25,pairwise,distance_closure,pairwise+distance_closure,multiple,IdleRange(P*),reduced,-,-,-,-,UNSAT
ticf-13crafb.prec25,sparse_suffix,direct,sparse_suffix+direct,incremental,IdleRange(P*),reduced,-,-,-,-,UNSAT
ticf-13crafb.prec25,sparse_suffix,direct,sparse_suffix+direct,maxsat,IdleRange(P*),reduced,-,-,-,-,UNSAT
ticf-13crafb.prec25,sparse_suffix,direct,sparse_suffix+direct,multiple,IdleRange(P*),reduced,-,-,-,-,UNSAT
ticf-13crafb.prec25,sparse_suffix,distance_closure,sparse_suffix+distance_closure,incremental,IdleRange(P*),reduced,-,-,-,-,UNSAT
ticf-13crafb.prec25,sparse_suffix,distance_closure,sparse_suffix+distance_closure,maxsat,IdleRange(P*),reduced,-,-,-,-,UNSAT
ticf-13crafb.prec25,sparse_suffix,distance_closure,sparse_suffix+distance_closure,multiple,IdleRange(P*),reduced,-,-,-,-,UNSAT
ticf-13crafc.prec15,pairwise,direct,pairwise+direct,incremental,IdleRange(P*),full,-,-,-,-,1.5 0
ticf-13crafc.prec15,pairwise,direct,pairwise+direct,maxsat,IdleRange(P*),full,-,-,-,-,0.9 0
ticf-13crafc.prec15,pairwise,direct,pairwise+direct,multiple,IdleRange(P*),full,-,-,-,-,1.4 0
ticf-13crafc.prec15,pairwise,distance_closure,pairwise+distance_closure,incremental,IdleRange(P*),full,-,-,-,-,1.5 0
ticf-13crafc.prec15,pairwise,distance_closure,pairwise+distance_closure,maxsat,IdleRange(P*),full,-,-,-,-,0.9 0
ticf-13crafc.prec15,pairwise,distance_closure,pairwise+distance_closure,multiple,IdleRange(P*),full,-,-,-,-,1.4 0
ticf-13crafc.prec15,sparse_suffix,direct,sparse_suffix+direct,incremental,IdleRange(P*),full,-,-,-,-,1.9 0
ticf-13crafc.prec15,sparse_suffix,direct,sparse_suffix+direct,maxsat,IdleRange(P*),full,-,-,-,-,0.9 0
ticf-13crafc.prec15,sparse_suffix,direct,sparse_suffix+direct,multiple,IdleRange(P*),full,-,-,-,-,1.2 0
ticf-13crafc.prec15,sparse_suffix,distance_closure,sparse_suffix+distance_closure,incremental,IdleRange(P*),full,-,-,-,-,1.9 0
ticf-13crafc.prec15,sparse_suffix,distance_closure,sparse_suffix+distance_closure,maxsat,IdleRange(P*),full,-,-,-,-,0.9 0
ticf-13crafc.prec15,sparse_suffix,distance_closure,sparse_suffix+distance_closure,multiple,IdleRange(P*),full,-,-,-,-,1.2 0
ticf-13crafc.prec15,pairwise,direct,pairwise+direct,incremental,IdleRange(P*),reduced,-,-,-,-,0.6 0
ticf-13crafc.prec15,pairwise,direct,pairwise+direct,maxsat,IdleRange(P*),reduced,-,-,-,-,0.8 0
ticf-13crafc.prec15,pairwise,direct,pairwise+direct,multiple,IdleRange(P*),reduced,-,-,-,-,1.8 0
ticf-13crafc.prec15,pairwise,distance_closure,pairwise+distance_closure,incremental,IdleRange(P*),reduced,-,-,-,-,0.6 0
ticf-13crafc.prec15,pairwise,distance_closure,pairwise+distance_closure,maxsat,IdleRange(P*),reduced,-,-,-,-,0.8 0
ticf-13crafc.prec15,pairwise,distance_closure,pairwise+distance_closure,multiple,IdleRange(P*),reduced,-,-,-,-,1.8 0
ticf-13crafc.prec15,sparse_suffix,direct,sparse_suffix+direct,incremental,IdleRange(P*),reduced,-,-,-,-,0.6 0
ticf-13crafc.prec15,sparse_suffix,direct,sparse_suffix+direct,maxsat,IdleRange(P*),reduced,-,-,-,-,0.8 0
ticf-13crafc.prec15,sparse_suffix,direct,sparse_suffix+direct,multiple,IdleRange(P*),reduced,-,-,-,-,1.0 0
ticf-13crafc.prec15,sparse_suffix,distance_closure,sparse_suffix+distance_closure,incremental,IdleRange(P*),reduced,-,-,-,-,0.6 0
ticf-13crafc.prec15,sparse_suffix,distance_closure,sparse_suffix+distance_closure,maxsat,IdleRange(P*),reduced,-,-,-,-,0.8 0
ticf-13crafc.prec15,sparse_suffix,distance_closure,sparse_suffix+distance_closure,multiple,IdleRange(P*),reduced,-,-,-,-,1.0 0
ticf-13crafc.prec25,pairwise,direct,pairwise+direct,incremental,IdleRange(P*),full,-,-,-,-,UNSAT
ticf-13crafc.prec25,pairwise,direct,pairwise+direct,maxsat,IdleRange(P*),full,-,-,-,-,UNSAT
ticf-13crafc.prec25,pairwise,direct,pairwise+direct,multiple,IdleRange(P*),full,-,-,-,-,UNSAT
ticf-13crafc.prec25,pairwise,distance_closure,pairwise+distance_closure,incremental,IdleRange(P*),full,-,-,-,-,UNSAT
ticf-13crafc.prec25,pairwise,distance_closure,pairwise+distance_closure,maxsat,IdleRange(P*),full,-,-,-,-,UNSAT
ticf-13crafc.prec25,pairwise,distance_closure,pairwise+distance_closure,multiple,IdleRange(P*),full,-,-,-,-,UNSAT
ticf-13crafc.prec25,sparse_suffix,direct,sparse_suffix+direct,incremental,IdleRange(P*),full,-,-,-,-,UNSAT
ticf-13crafc.prec25,sparse_suffix,direct,sparse_suffix+direct,maxsat,IdleRange(P*),full,-,-,-,-,UNSAT
ticf-13crafc.prec25,sparse_suffix,direct,sparse_suffix+direct,multiple,IdleRange(P*),full,-,-,-,-,UNSAT
ticf-13crafc.prec25,sparse_suffix,distance_closure,sparse_suffix+distance_closure,incremental,IdleRange(P*),full,-,-,-,-,UNSAT
ticf-13crafc.prec25,sparse_suffix,distance_closure,sparse_suffix+distance_closure,maxsat,IdleRange(P*),full,-,-,-,-,UNSAT
ticf-13crafc.prec25,sparse_suffix,distance_closure,sparse_suffix+distance_closure,multiple,IdleRange(P*),full,-,-,-,-,UNSAT
ticf-13crafc.prec25,pairwise,direct,pairwise+direct,incremental,IdleRange(P*),reduced,-,-,-,-,UNSAT
ticf-13crafc.prec25,pairwise,direct,pairwise+direct,maxsat,IdleRange(P*),reduced,-,-,-,-,UNSAT
ticf-13crafc.prec25,pairwise,direct,pairwise+direct,multiple,IdleRange(P*),reduced,-,-,-,-,UNSAT
ticf-13crafc.prec25,pairwise,distance_closure,pairwise+distance_closure,incremental,IdleRange(P*),reduced,-,-,-,-,UNSAT
ticf-13crafc.prec25,pairwise,distance_closure,pairwise+distance_closure,maxsat,IdleRange(P*),reduced,-,-,-,-,UNSAT
ticf-13crafc.prec25,pairwise,distance_closure,pairwise+distance_closure,multiple,IdleRange(P*),reduced,-,-,-,-,UNSAT
ticf-13crafc.prec25,sparse_suffix,direct,sparse_suffix+direct,incremental,IdleRange(P*),reduced,-,-,-,-,UNSAT
ticf-13crafc.prec25,sparse_suffix,direct,sparse_suffix+direct,maxsat,IdleRange(P*),reduced,-,-,-,-,UNSAT
ticf-13crafc.prec25,sparse_suffix,direct,sparse_suffix+direct,multiple,IdleRange(P*),reduced,-,-,-,-,UNSAT
ticf-13crafc.prec25,sparse_suffix,distance_closure,sparse_suffix+distance_closure,incremental,IdleRange(P*),reduced,-,-,-,-,UNSAT
ticf-13crafc.prec25,sparse_suffix,distance_closure,sparse_suffix+distance_closure,maxsat,IdleRange(P*),reduced,-,-,-,-,UNSAT
ticf-13crafc.prec25,sparse_suffix,distance_closure,sparse_suffix+distance_closure,multiple,IdleRange(P*),reduced,-,-,-,-,UNSAT
ticf-14crafa.prec15,pairwise,direct,pairwise+direct,incremental,IdleRange(P*),full,-,-,-,-,11.4 0
ticf-14crafa.prec15,pairwise,direct,pairwise+direct,maxsat,IdleRange(P*),full,-,-,-,-,36.8 0
ticf-14crafa.prec15,pairwise,direct,pairwise+direct,multiple,IdleRange(P*),full,-,-,-,-,9.9 0
ticf-14crafa.prec15,pairwise,distance_closure,pairwise+distance_closure,incremental,IdleRange(P*),full,-,-,-,-,25.5 0
ticf-14crafa.prec15,pairwise,distance_closure,pairwise+distance_closure,maxsat,IdleRange(P*),full,-,-,-,-,29.8 0
ticf-14crafa.prec15,pairwise,distance_closure,pairwise+distance_closure,multiple,IdleRange(P*),full,-,-,-,-,9.9 0
ticf-14crafa.prec15,sparse_suffix,direct,sparse_suffix+direct,incremental,IdleRange(P*),full,-,-,-,-,26.1 0
ticf-14crafa.prec15,sparse_suffix,direct,sparse_suffix+direct,maxsat,IdleRange(P*),full,-,-,-,-,8.9 0
ticf-14crafa.prec15,sparse_suffix,direct,sparse_suffix+direct,multiple,IdleRange(P*),full,-,-,-,-,14.8 0
ticf-14crafa.prec15,sparse_suffix,distance_closure,sparse_suffix+distance_closure,incremental,IdleRange(P*),full,-,-,-,-,9.3 0
ticf-14crafa.prec15,sparse_suffix,distance_closure,sparse_suffix+distance_closure,maxsat,IdleRange(P*),full,-,-,-,-,13.7 0
ticf-14crafa.prec15,sparse_suffix,distance_closure,sparse_suffix+distance_closure,multiple,IdleRange(P*),full,-,-,-,-,23.6 0
ticf-14crafa.prec15,pairwise,direct,pairwise+direct,incremental,IdleRange(P*),reduced,-,-,-,-,25.4 0
ticf-14crafa.prec15,pairwise,direct,pairwise+direct,maxsat,IdleRange(P*),reduced,-,-,-,-,8.6 0
ticf-14crafa.prec15,pairwise,direct,pairwise+direct,multiple,IdleRange(P*),reduced,-,-,-,-,14.9 0
ticf-14crafa.prec15,pairwise,distance_closure,pairwise+distance_closure,incremental,IdleRange(P*),reduced,-,-,-,-,7.0 0
ticf-14crafa.prec15,pairwise,distance_closure,pairwise+distance_closure,maxsat,IdleRange(P*),reduced,-,-,-,-,16.3 0
ticf-14crafa.prec15,pairwise,distance_closure,pairwise+distance_closure,multiple,IdleRange(P*),reduced,-,-,-,-,9.5 0
ticf-14crafa.prec15,sparse_suffix,direct,sparse_suffix+direct,incremental,IdleRange(P*),reduced,-,-,-,-,10.8 0
ticf-14crafa.prec15,sparse_suffix,direct,sparse_suffix+direct,maxsat,IdleRange(P*),reduced,-,-,-,-,23.5 0
ticf-14crafa.prec15,sparse_suffix,direct,sparse_suffix+direct,multiple,IdleRange(P*),reduced,-,-,-,-,6.2 0
ticf-14crafa.prec15,sparse_suffix,distance_closure,sparse_suffix+distance_closure,incremental,IdleRange(P*),reduced,-,-,-,-,104.9 0
ticf-14crafa.prec15,sparse_suffix,distance_closure,sparse_suffix+distance_closure,maxsat,IdleRange(P*),reduced,-,-,-,-,14.2 0
ticf-14crafa.prec15,sparse_suffix,distance_closure,sparse_suffix+distance_closure,multiple,IdleRange(P*),reduced,-,-,-,-,9.3 0
ticf-14crafa.prec25,pairwise,direct,pairwise+direct,incremental,IdleRange(P*),full,-,-,-,-,UNSAT
ticf-14crafa.prec25,pairwise,direct,pairwise+direct,maxsat,IdleRange(P*),full,-,-,-,-,UNSAT
ticf-14crafa.prec25,pairwise,direct,pairwise+direct,multiple,IdleRange(P*),full,-,-,-,-,UNSAT
ticf-14crafa.prec25,pairwise,distance_closure,pairwise+distance_closure,incremental,IdleRange(P*),full,-,-,-,-,UNSAT
ticf-14crafa.prec25,pairwise,distance_closure,pairwise+distance_closure,maxsat,IdleRange(P*),full,-,-,-,-,UNSAT
ticf-14crafa.prec25,pairwise,distance_closure,pairwise+distance_closure,multiple,IdleRange(P*),full,-,-,-,-,UNSAT
ticf-14crafa.prec25,sparse_suffix,direct,sparse_suffix+direct,incremental,IdleRange(P*),full,-,-,-,-,UNSAT
ticf-14crafa.prec25,sparse_suffix,direct,sparse_suffix+direct,maxsat,IdleRange(P*),full,-,-,-,-,UNSAT
ticf-14crafa.prec25,sparse_suffix,direct,sparse_suffix+direct,multiple,IdleRange(P*),full,-,-,-,-,UNSAT
ticf-14crafa.prec25,sparse_suffix,distance_closure,sparse_suffix+distance_closure,incremental,IdleRange(P*),full,-,-,-,-,UNSAT
ticf-14crafa.prec25,sparse_suffix,distance_closure,sparse_suffix+distance_closure,maxsat,IdleRange(P*),full,-,-,-,-,UNSAT
ticf-14crafa.prec25,sparse_suffix,distance_closure,sparse_suffix+distance_closure,multiple,IdleRange(P*),full,-,-,-,-,UNSAT
ticf-14crafa.prec25,pairwise,direct,pairwise+direct,incremental,IdleRange(P*),reduced,-,-,-,-,UNSAT
ticf-14crafa.prec25,pairwise,direct,pairwise+direct,maxsat,IdleRange(P*),reduced,-,-,-,-,UNSAT
ticf-14crafa.prec25,pairwise,direct,pairwise+direct,multiple,IdleRange(P*),reduced,-,-,-,-,UNSAT
ticf-14crafa.prec25,pairwise,distance_closure,pairwise+distance_closure,incremental,IdleRange(P*),reduced,-,-,-,-,UNSAT
ticf-14crafa.prec25,pairwise,distance_closure,pairwise+distance_closure,maxsat,IdleRange(P*),reduced,-,-,-,-,UNSAT
ticf-14crafa.prec25,pairwise,distance_closure,pairwise+distance_closure,multiple,IdleRange(P*),reduced,-,-,-,-,UNSAT
ticf-14crafa.prec25,sparse_suffix,direct,sparse_suffix+direct,incremental,IdleRange(P*),reduced,-,-,-,-,UNSAT
ticf-14crafa.prec25,sparse_suffix,direct,sparse_suffix+direct,maxsat,IdleRange(P*),reduced,-,-,-,-,UNSAT
ticf-14crafa.prec25,sparse_suffix,direct,sparse_suffix+direct,multiple,IdleRange(P*),reduced,-,-,-,-,UNSAT
ticf-14crafa.prec25,sparse_suffix,distance_closure,sparse_suffix+distance_closure,incremental,IdleRange(P*),reduced,-,-,-,-,UNSAT
ticf-14crafa.prec25,sparse_suffix,distance_closure,sparse_suffix+distance_closure,maxsat,IdleRange(P*),reduced,-,-,-,-,UNSAT
ticf-14crafa.prec25,sparse_suffix,distance_closure,sparse_suffix+distance_closure,multiple,IdleRange(P*),reduced,-,-,-,-,UNSAT
