nohup: ignoring input
============================================================
Sequential Gurobi benchmark
Project : /home/dclng566/projects/Business-Meeting-Scheduling-Problem
Output  : /home/dclng566/projects/Business-Meeting-Scheduling-Problem/output/gurobi
License : /home/dclng566/gurobi.lic
============================================================

============================================================
Starting table03
Data directory : data_table03_origin
Started UTC    : 2026-07-23 15:42:20
Threads        : 1
Timeout        : 7200 seconds per instance
============================================================
B2B conference benchmark: 20 run(s), objective=IdleRange(P*)
Selected input paths: 20 (family=all, content_deduplicated=True)
Exact baselines: Reduced + DistanceClosure; threads=1, seed=0
Instance forumt-14crafe.original: 1 run(s)
[1/20] forumt-14crafe.original | reduced | gurobi_mip | P=native_linear | G=distance_closure | n/a
Set parameter WLSAccessID
Set parameter WLSSecret
Set parameter LicenseID to value 2663665
Academic license 2663665 - for non-commercial use only - registered to tu___@vnu.edu.vn
Set parameter OutputFlag to value 1
Set parameter Threads to value 1
Set parameter Seed to value 0
Set parameter MIPGap to value 0
Set parameter MIPGapAbs to value 0
Set parameter TimeLimit to value 7199.62182321
Gurobi Optimizer version 13.0.2 build v13.0.2rc1 (linux64 - "Ubuntu 22.04.5 LTS")

CPU model: INTEL(R) XEON(R) PLATINUM 8581C CPU @ 2.30GHz, instruction set [SSE2|AVX|AVX2|AVX512]
Thread count: 4 physical cores, 8 logical processors, using up to 1 threads

Non-default parameters:
TimeLimit  7199.62182321
MIPGap  0
MIPGapAbs  0
Threads  1

Academic license 2663665 - for non-commercial use only - registered to tu___@vnu.edu.vn
Optimize a model with 4826 rows, 4088 columns and 23188 nonzeros (Min)
Model fingerprint: 0x1c02948a
Model has 1 linear objective coefficients
Variable types: 0 continuous, 4088 integer (4026 binary)
Coefficient statistics:
  Matrix range     [1e+00, 1e+00]
  Objective range  [1e+00, 1e+00]
  Bounds range     [1e+00, 8e+00]
  RHS range        [1e+00, 2e+01]

Presolve removed 3387 rows and 1402 columns
Presolve time: 0.04s
Presolved: 1439 rows, 2686 columns, 10780 nonzeros
Variable types: 0 continuous, 2686 integer (2660 binary)

Root relaxation: objective 2.000000e+00, 3393 iterations, 0.18 seconds (0.27 work units)

    Nodes    |    Current Node    |     Objective Bounds      |     Work
 Expl Unexpl |  Obj  Depth IntInf | Incumbent    BestBd   Gap | It/Node Time

     0     0    2.00000    0  314          -    2.00000      -     -    0s
     0     0    2.00000    0  449          -    2.00000      -     -    0s
     0     0    2.00000    0  547          -    2.00000      -     -    0s
     0     0    2.00000    0   22          -    2.00000      -     -    1s
H    0     0                       3.0000000    2.00000  33.3%     -    1s
H    0     0                       2.0000000    2.00000  0.00%     -    1s
     0     0    2.00000    0   22    2.00000    2.00000  0.00%     -    1s

Cutting planes:
  Clique: 4
  MIR: 2
  RLT: 1

Explored 1 nodes (16704 simplex iterations) in 1.20 seconds (1.66 work units)
Thread count was 1 (of 8 available processors)

Solution count 2: 2 3 

Optimal solution found (tolerance 0.00e+00)
Best objective 2.000000000000e+00, best bound 2.000000000000e+00, gap 0.0000%
    SAT | IdleRange(P*)=2 | time=1.335644s | config=R-DC-IRP-GRB-MIP
    Excel: /home/dclng566/projects/Business-Meeting-Scheduling-Problem/output/gurobi/table03_excel/forumt-14crafe.original.xlsx
Instance tic-12crafc.original: 1 run(s)
[2/20] tic-12crafc.original | reduced | gurobi_mip | P=native_linear | G=distance_closure | n/a
Set parameter WLSAccessID
Set parameter WLSSecret
Set parameter LicenseID to value 2663665
Academic license 2663665 - for non-commercial use only - registered to tu___@vnu.edu.vn
Set parameter OutputFlag to value 1
Set parameter Threads to value 1
Set parameter Seed to value 0
Set parameter MIPGap to value 0
Set parameter MIPGapAbs to value 0
Set parameter TimeLimit to value 7.1996941594349992e+03
Gurobi Optimizer version 13.0.2 build v13.0.2rc1 (linux64 - "Ubuntu 22.04.5 LTS")

CPU model: INTEL(R) XEON(R) PLATINUM 8581C CPU @ 2.30GHz, instruction set [SSE2|AVX|AVX2|AVX512]
Thread count: 4 physical cores, 8 logical processors, using up to 1 threads

Non-default parameters:
TimeLimit  7.1996941594349992e+03
MIPGap  0
MIPGapAbs  0
Threads  1

Academic license 2663665 - for non-commercial use only - registered to tu___@vnu.edu.vn
Optimize a model with 2591 rows, 1978 columns and 11096 nonzeros (Min)
Model fingerprint: 0xfac15080
Model has 1 linear objective coefficients
Variable types: 0 continuous, 1978 integer (1936 binary)
Coefficient statistics:
  Matrix range     [1e+00, 1e+00]
  Objective range  [1e+00, 1e+00]
  Bounds range     [1e+00, 6e+00]
  RHS range        [1e+00, 2e+01]

Presolve removed 1828 rows and 773 columns
Presolve time: 0.01s
Presolved: 763 rows, 1205 columns, 4914 nonzeros
Variable types: 0 continuous, 1205 integer (1189 binary)

Root relaxation: objective 0.000000e+00, 1741 iterations, 0.05 seconds (0.08 work units)

    Nodes    |    Current Node    |     Objective Bounds      |     Work
 Expl Unexpl |  Obj  Depth IntInf | Incumbent    BestBd   Gap | It/Node Time

     0     0    0.00000    0  289          -    0.00000      -     -    0s
H    0     0                       3.0000000    0.00000   100%     -    0s
     0     0    0.00000    0  317    3.00000    0.00000   100%     -    0s
     0     0    0.00000    0  372    3.00000    0.00000   100%     -    0s
     0     0    0.00000    0  233    3.00000    0.00000   100%     -    0s
     0     0    0.00000    0  273    3.00000    0.00000   100%     -    0s
     0     0    0.00000    0  169    3.00000    0.00000   100%     -    0s
     0     0    0.00000    0  121    3.00000    0.00000   100%     -    0s
     0     0    0.00000    0  244    3.00000    0.00000   100%     -    0s
     0     0    0.00000    0  137    3.00000    0.00000   100%     -    0s
     0     0    0.00000    0  151    3.00000    0.00000   100%     -    0s
     0     0    0.00000    0  177    3.00000    0.00000   100%     -    0s
     0     0    0.00000    0  177    3.00000    0.00000   100%     -    0s
     0     0    0.00000    0  209    3.00000    0.00000   100%     -    0s
*    0     0               0       0.0000000    0.00000  0.00%     -    0s

Cutting planes:
  Cover: 1
  Clique: 9
  Flow cover: 2
  GUB cover: 1
  Zero half: 33
  RLT: 10
  Relax-and-lift: 1

Explored 1 nodes (19117 simplex iterations) in 0.90 seconds (1.31 work units)
Thread count was 1 (of 8 available processors)

Solution count 2: 0 3 

Optimal solution found (tolerance 0.00e+00)
Best objective 0.000000000000e+00, best bound 0.000000000000e+00, gap 0.0000%
    SAT | IdleRange(P*)=0 | time=0.959028s | config=R-DC-IRP-GRB-MIP
    Excel: /home/dclng566/projects/Business-Meeting-Scheduling-Problem/output/gurobi/table03_excel/tic-12crafc.original.xlsx
Instance forum-13.original: 1 run(s)
[3/20] forum-13.original | reduced | gurobi_mip | P=native_linear | G=distance_closure | n/a
Set parameter WLSAccessID
Set parameter WLSSecret
Set parameter LicenseID to value 2663665
Academic license 2663665 - for non-commercial use only - registered to tu___@vnu.edu.vn
Set parameter OutputFlag to value 1
Set parameter Threads to value 1
Set parameter Seed to value 0
Set parameter MIPGap to value 0
Set parameter MIPGapAbs to value 0
Set parameter TimeLimit to value 7199.59973964
Gurobi Optimizer version 13.0.2 build v13.0.2rc1 (linux64 - "Ubuntu 22.04.5 LTS")

CPU model: INTEL(R) XEON(R) PLATINUM 8581C CPU @ 2.30GHz, instruction set [SSE2|AVX|AVX2|AVX512]
Thread count: 4 physical cores, 8 logical processors, using up to 1 threads

Non-default parameters:
TimeLimit  7199.59973964
MIPGap  0
MIPGapAbs  0
Threads  1

Academic license 2663665 - for non-commercial use only - registered to tu___@vnu.edu.vn
Optimize a model with 8979 rows, 5991 columns and 32969 nonzeros (Min)
Model fingerprint: 0x1f1588b7
Model has 1 linear objective coefficients
Variable types: 0 continuous, 5991 integer (5930 binary)
Coefficient statistics:
  Matrix range     [1e+00, 1e+00]
  Objective range  [1e+00, 1e+00]
  Bounds range     [1e+00, 2e+01]
  RHS range        [1e+00, 4e+01]

Presolve removed 1630 rows and 583 columns
Presolve time: 0.04s
Presolved: 7349 rows, 5408 columns, 26377 nonzeros
Variable types: 0 continuous, 5408 integer (5348 binary)
Found heuristic solution: objective 12.0000000

Root relaxation: objective 0.000000e+00, 12025 iterations, 1.32 seconds (2.11 work units)

    Nodes    |    Current Node    |     Objective Bounds      |     Work
 Expl Unexpl |  Obj  Depth IntInf | Incumbent    BestBd   Gap | It/Node Time

     0     0    0.00000    0 2270   12.00000    0.00000   100%     -    2s
     0     0    0.00000    0 1547   12.00000    0.00000   100%     -    2s
H    0     0                      11.0000000    0.00000   100%     -    2s
H    0     0                      10.0000000    0.00000   100%     -    2s
     0     0    0.00000    0 1547   10.00000    0.00000   100%     -    2s
     0     0    0.00000    0  970   10.00000    0.00000   100%     -    4s
H    0     0                       9.0000000    0.00000   100%     -    4s
H    0     0                       8.0000000    0.00000   100%     -    4s
     0     0    0.00000    0 1119    8.00000    0.00000   100%     -    4s
H    0     0                       6.0000000    0.00000   100%     -    4s
     0     0    0.00000    0 1256    6.00000    0.00000   100%     -    4s
     0     0    0.00000    0 1091    6.00000    0.00000   100%     -    5s
     0     0    0.00000    0  538    6.00000    0.00000   100%     -    5s
H    0     0                       5.0000000    0.00000   100%     -    5s
     0     0    0.00000    0  568    5.00000    0.00000   100%     -    5s
     0     0    0.00000    0  530    5.00000    0.00000   100%     -    5s
     0     0    0.00000    0  546    5.00000    0.00000   100%     -    5s
     0     0    0.00000    0  562    5.00000    0.00000   100%     -    5s
     0     0    0.00000    0  556    5.00000    0.00000   100%     -    5s
     0     0    0.00000    0  488    5.00000    0.00000   100%     -    6s
     0     0    0.00000    0  449    5.00000    0.00000   100%     -    6s
     0     0    0.00000    0  484    5.00000    0.00000   100%     -    6s
     0     0    0.00000    0  400    5.00000    0.00000   100%     -    7s
H    0     0                       4.0000000    0.00000   100%     -    7s
H    0     0                       3.0000000    0.00000   100%     -    7s
     0     0    0.00000    0  388    3.00000    0.00000   100%     -    7s
     0     0    0.00000    0  351    3.00000    0.00000   100%     -    7s
     0     0    0.00000    0  354    3.00000    0.00000   100%     -    7s
     0     0    0.00000    0  306    3.00000    0.00000   100%     -    7s
H    0     0                       2.0000000    0.00000   100%     -    7s
H    0     0                       1.0000000    0.00000   100%     -    7s
     0     0    0.00000    0  303    1.00000    0.00000   100%     -    7s
     0     0    0.00000    0  535    1.00000    0.00000   100%     -    7s
     0     0    0.00000    0  487    1.00000    0.00000   100%     -    7s
     0     0    0.00000    0   43    1.00000    0.00000   100%     -    8s
     0     0    0.00000    0   58    1.00000    0.00000   100%     -    8s
     0     0    0.00000    0   52    1.00000    0.00000   100%     -    8s
     0     0    0.00000    0  153    1.00000    0.00000   100%     -    8s
     0     0    0.00000    0   46    1.00000    0.00000   100%     -    8s
     0     0    0.00000    0   46    1.00000    0.00000   100%     -    8s
     0     0    0.00000    0   44    1.00000    0.00000   100%     -    8s
     0     2    0.00000    0   31    1.00000    0.00000   100%     -    9s
H    1     1                       0.0000000    0.00000  0.00%   0.0    9s

Cutting planes:
  Gomory: 5
  Cover: 1
  Implied bound: 34
  Clique: 41
  MIR: 6
  Flow cover: 51
  GUB cover: 5
  Zero half: 52
  RLT: 77
  Relax-and-lift: 89
  BQP: 1

Explored 2 nodes (100535 simplex iterations) in 9.52 seconds (14.27 work units)
Thread count was 1 (of 8 available processors)

Solution count 10: 0 1 2 ... 10

Optimal solution found (tolerance 0.00e+00)
Best objective 0.000000000000e+00, best bound 0.000000000000e+00, gap 0.0000%
    SAT | IdleRange(P*)=0 | time=9.671808s | config=R-DC-IRP-GRB-MIP
    Excel: /home/dclng566/projects/Business-Meeting-Scheduling-Problem/output/gurobi/table03_excel/forum-13.original.xlsx
Instance tic-13crafc.original: 1 run(s)
[4/20] tic-13crafc.original | reduced | gurobi_mip | P=native_linear | G=distance_closure | n/a
Set parameter WLSAccessID
Set parameter WLSSecret
Set parameter LicenseID to value 2663665
Academic license 2663665 - for non-commercial use only - registered to tu___@vnu.edu.vn
Set parameter OutputFlag to value 1
Set parameter Threads to value 1
Set parameter Seed to value 0
Set parameter MIPGap to value 0
Set parameter MIPGapAbs to value 0
Set parameter TimeLimit to value 7.1996530268999995e+03
Gurobi Optimizer version 13.0.2 build v13.0.2rc1 (linux64 - "Ubuntu 22.04.5 LTS")

CPU model: INTEL(R) XEON(R) PLATINUM 8581C CPU @ 2.30GHz, instruction set [SSE2|AVX|AVX2|AVX512]
Thread count: 4 physical cores, 8 logical processors, using up to 1 threads

Non-default parameters:
TimeLimit  7.1996530268999995e+03
MIPGap  0
MIPGapAbs  0
Threads  1

Academic license 2663665 - for non-commercial use only - registered to tu___@vnu.edu.vn
Optimize a model with 3746 rows, 3198 columns and 18228 nonzeros (Min)
Model fingerprint: 0xd7bb5e47
Model has 1 linear objective coefficients
Variable types: 0 continuous, 3198 integer (3150 binary)
Coefficient statistics:
  Matrix range     [1e+00, 1e+00]
  Objective range  [1e+00, 1e+00]
  Bounds range     [1e+00, 6e+00]
  RHS range        [1e+00, 2e+01]

Presolve removed 2628 rows and 1026 columns
Presolve time: 0.02s
Presolved: 1118 rows, 2172 columns, 8525 nonzeros
Variable types: 0 continuous, 2172 integer (2147 binary)

Root relaxation: objective 3.015734e-01, 4345 iterations, 0.26 seconds (0.39 work units)

    Nodes    |    Current Node    |     Objective Bounds      |     Work
 Expl Unexpl |  Obj  Depth IntInf | Incumbent    BestBd   Gap | It/Node Time

     0     0    0.30157    0  638          -    0.30157      -     -    0s
     0     0    1.00000    0  457          -    1.00000      -     -    0s
H    0     0                       6.0000000    1.00000  83.3%     -    0s
H    0     0                       3.0000000    1.00000  66.7%     -    0s
     0     0    1.00000    0  409    3.00000    1.00000  66.7%     -    0s
     0     0    1.00000    0  402    3.00000    1.00000  66.7%     -    0s
     0     0    1.00000    0  393    3.00000    1.00000  66.7%     -    0s
     0     0    1.00000    0  134    3.00000    1.00000  66.7%     -    1s
     0     0    1.00000    0  159    3.00000    1.00000  66.7%     -    1s
     0     0    1.00000    0  252    3.00000    1.00000  66.7%     -    1s
*    0     0               0       1.0000000    1.00000  0.00%     -    1s

Cutting planes:
  Gomory: 2
  Clique: 3
  MIR: 2
  Zero half: 18
  Relax-and-lift: 15

Explored 1 nodes (20171 simplex iterations) in 1.36 seconds (2.03 work units)
Thread count was 1 (of 8 available processors)

Solution count 3: 1 3 6 

Optimal solution found (tolerance 0.00e+00)
Best objective 1.000000000000e+00, best bound 1.000000000000e+00, gap 0.0000%
    SAT | IdleRange(P*)=1 | time=1.456926s | config=R-DC-IRP-GRB-MIP
    Excel: /home/dclng566/projects/Business-Meeting-Scheduling-Problem/output/gurobi/table03_excel/tic-13crafc.original.xlsx
Instance tic-14crafc.original: 1 run(s)
[5/20] tic-14crafc.original | reduced | gurobi_mip | P=native_linear | G=distance_closure | n/a
Set parameter WLSAccessID
Set parameter WLSSecret
Set parameter LicenseID to value 2663665
Academic license 2663665 - for non-commercial use only - registered to tu___@vnu.edu.vn
Set parameter OutputFlag to value 1
Set parameter Threads to value 1
Set parameter Seed to value 0
Set parameter MIPGap to value 0
Set parameter MIPGapAbs to value 0
Set parameter TimeLimit to value 7.1996235650479994e+03
Gurobi Optimizer version 13.0.2 build v13.0.2rc1 (linux64 - "Ubuntu 22.04.5 LTS")

CPU model: INTEL(R) XEON(R) PLATINUM 8581C CPU @ 2.30GHz, instruction set [SSE2|AVX|AVX2|AVX512]
Thread count: 4 physical cores, 8 logical processors, using up to 1 threads

Non-default parameters:
TimeLimit  7.1996235650479994e+03
MIPGap  0
MIPGapAbs  0
Threads  1

Academic license 2663665 - for non-commercial use only - registered to tu___@vnu.edu.vn
Optimize a model with 4909 rows, 4202 columns and 23938 nonzeros (Min)
Model fingerprint: 0x7046d52f
Model has 1 linear objective coefficients
Variable types: 0 continuous, 4202 integer (4140 binary)
Coefficient statistics:
  Matrix range     [1e+00, 1e+00]
  Objective range  [1e+00, 1e+00]
  Bounds range     [1e+00, 7e+00]
  RHS range        [1e+00, 2e+01]

Presolve removed 3442 rows and 1383 columns
Presolve time: 0.03s
Presolved: 1467 rows, 2819 columns, 11232 nonzeros
Variable types: 0 continuous, 2819 integer (2791 binary)

Root relaxation: objective 0.000000e+00, 4856 iterations, 0.30 seconds (0.50 work units)

    Nodes    |    Current Node    |     Objective Bounds      |     Work
 Expl Unexpl |  Obj  Depth IntInf | Incumbent    BestBd   Gap | It/Node Time

     0     0    0.00000    0  597          -    0.00000      -     -    0s
H    0     0                       5.0000000    0.00000   100%     -    0s
H    0     0                       4.0000000    0.00000   100%     -    0s
     0     0    0.00000    0  669    4.00000    0.00000   100%     -    1s
     0     0    0.00000    0  731    4.00000    0.00000   100%     -    1s
     0     0    0.00000    0  419    4.00000    0.00000   100%     -    2s
H    0     0                       3.0000000    0.00000   100%     -    2s
     0     0    0.00000    0  485    3.00000    0.00000   100%     -    2s
     0     0    0.00000    0  565    3.00000    0.00000   100%     -    2s
     0     0    0.00000    0  345    3.00000    0.00000   100%     -    2s
     0     0    0.00000    0  467    3.00000    0.00000   100%     -    2s
     0     0    0.00000    0  407    3.00000    0.00000   100%     -    3s
H    0     0                       2.0000000    0.00000   100%     -    3s
H    0     0                       1.0000000    0.00000   100%     -    3s
     0     0    0.00000    0  349    1.00000    0.00000   100%     -    3s
     0     0    0.00000    0  457    1.00000    0.00000   100%     -    3s
     0     0    0.00000    0  445    1.00000    0.00000   100%     -    3s
     0     0    0.00000    0  469    1.00000    0.00000   100%     -    3s
     0     0    0.00000    0  592    1.00000    0.00000   100%     -    4s
     0     0    0.00000    0  449    1.00000    0.00000   100%     -    4s
     0     0    0.00000    0  469    1.00000    0.00000   100%     -    4s
     0     0    0.00000    0  559    1.00000    0.00000   100%     -    4s
     0     0    0.00000    0  385    1.00000    0.00000   100%     -    5s
     0     0    0.00000    0  385    1.00000    0.00000   100%     -    5s
     0     0    0.00000    0  385    1.00000    0.00000   100%     -    5s
     0     2    0.00000    0  314    1.00000    0.00000   100%     -    6s
    16    14    0.00000    8  615    1.00000    0.00000   100%   930   14s
    23    19    0.00000   13  620    1.00000    0.00000   100%   981   15s
    80    76    0.00000   50  427    1.00000    0.00000   100%   749   20s
    92    88    0.00000   56  443    1.00000    0.00000   100%   740   26s
   163   149    0.00000   28  578    1.00000    0.00000   100%   708   30s
   258   242    0.00000   71  536    1.00000    0.00000   100%   695   35s
   267   248    0.00000   87  371    1.00000    0.00000   100%   672   40s
   277   257    0.00000   15  570    1.00000    0.00000   100%  1056   45s
H  287   240                       0.0000000    0.00000  0.00%  1053   47s

Cutting planes:
  Gomory: 1
  Clique: 2
  Zero half: 3

Explored 288 nodes (374825 simplex iterations) in 47.67 seconds (74.45 work units)
Thread count was 1 (of 8 available processors)

Solution count 6: 0 1 2 ... 5

Optimal solution found (tolerance 0.00e+00)
Best objective 0.000000000000e+00, best bound 0.000000000000e+00, gap 0.0000%
    SAT | IdleRange(P*)=0 | time=47.795776s | config=R-DC-IRP-GRB-MIP
    Excel: /home/dclng566/projects/Business-Meeting-Scheduling-Problem/output/gurobi/table03_excel/tic-14crafc.original.xlsx
Instance forum-13crafc.original: 1 run(s)
[6/20] forum-13crafc.original | reduced | gurobi_mip | P=native_linear | G=distance_closure | n/a
Set parameter WLSAccessID
Set parameter WLSSecret
Set parameter LicenseID to value 2663665
Academic license 2663665 - for non-commercial use only - registered to tu___@vnu.edu.vn
Set parameter OutputFlag to value 1
Set parameter Threads to value 1
Set parameter Seed to value 0
Set parameter MIPGap to value 0
Set parameter MIPGapAbs to value 0
Set parameter TimeLimit to value 7199.599996572
Gurobi Optimizer version 13.0.2 build v13.0.2rc1 (linux64 - "Ubuntu 22.04.5 LTS")

CPU model: INTEL(R) XEON(R) PLATINUM 8581C CPU @ 2.30GHz, instruction set [SSE2|AVX|AVX2|AVX512]
Thread count: 4 physical cores, 8 logical processors, using up to 1 threads

Non-default parameters:
TimeLimit  7199.599996572
MIPGap  0
MIPGapAbs  0
Threads  1

Academic license 2663665 - for non-commercial use only - registered to tu___@vnu.edu.vn
Optimize a model with 8979 rows, 5991 columns and 32969 nonzeros (Min)
Model fingerprint: 0xc9979f96
Model has 1 linear objective coefficients
Variable types: 0 continuous, 5991 integer (5930 binary)
Coefficient statistics:
  Matrix range     [1e+00, 1e+00]
  Objective range  [1e+00, 1e+00]
  Bounds range     [1e+00, 2e+01]
  RHS range        [1e+00, 4e+01]

Presolve removed 1630 rows and 583 columns
Presolve time: 0.04s
Presolved: 7349 rows, 5408 columns, 26377 nonzeros
Variable types: 0 continuous, 5408 integer (5348 binary)
Found heuristic solution: objective 16.0000000

Root relaxation: objective 0.000000e+00, 10653 iterations, 1.12 seconds (1.78 work units)

    Nodes    |    Current Node    |     Objective Bounds      |     Work
 Expl Unexpl |  Obj  Depth IntInf | Incumbent    BestBd   Gap | It/Node Time

     0     0    0.00000    0 2156   16.00000    0.00000   100%     -    1s
     0     0    0.00000    0 1482   16.00000    0.00000   100%     -    2s
H    0     0                      13.0000000    0.00000   100%     -    2s
H    0     0                      12.0000000    0.00000   100%     -    2s
H    0     0                      11.0000000    0.00000   100%     -    2s
     0     0    0.00000    0 1482   11.00000    0.00000   100%     -    2s
     0     0    0.00000    0 1048   11.00000    0.00000   100%     -    4s
H    0     0                      10.0000000    0.00000   100%     -    4s
     0     0    0.00000    0 1398   10.00000    0.00000   100%     -    4s
H    0     0                       9.0000000    0.00000   100%     -    4s
H    0     0                       8.0000000    0.00000   100%     -    4s
     0     0    0.00000    0 1380    8.00000    0.00000   100%     -    4s
     0     0    0.00000    0 1378    8.00000    0.00000   100%     -    4s
     0     0    0.00000    0 1408    8.00000    0.00000   100%     -    5s
     0     0    0.00000    0  892    8.00000    0.00000   100%     -    6s
H    0     0                       7.0000000    0.00000   100%     -    6s
H    0     0                       6.0000000    0.00000   100%     -    6s
     0     0    0.00000    0  915    6.00000    0.00000   100%     -    6s
     0     0    0.00000    0  898    6.00000    0.00000   100%     -    6s
     0     0    0.00000    0  578    6.00000    0.00000   100%     -    7s
H    0     0                       5.0000000    0.00000   100%     -    7s
     0     0    0.00000    0  614    5.00000    0.00000   100%     -    7s
     0     0    0.00000    0  612    5.00000    0.00000   100%     -    8s
     0     0    0.00000    0  515    5.00000    0.00000   100%     -    8s
H    0     0                       4.0000000    0.00000   100%     -    8s
H    0     0                       3.0000000    0.00000   100%     -    8s
     0     0    0.00000    0  479    3.00000    0.00000   100%     -    8s
     0     0    0.00000    0  525    3.00000    0.00000   100%     -    9s
     0     0    0.00000    0  341    3.00000    0.00000   100%     -    9s
     0     0    0.00000    0  452    3.00000    0.00000   100%     -    9s
     0     0    0.00000    0  607    3.00000    0.00000   100%     -   10s
     0     0    0.00000    0  594    3.00000    0.00000   100%     -   10s
     0     0    0.00000    0  354    3.00000    0.00000   100%     -   11s
     0     0    0.00000    0  348    3.00000    0.00000   100%     -   11s
     0     0    0.00000    0  324    3.00000    0.00000   100%     -   11s
     0     0    0.00000    0  352    3.00000    0.00000   100%     -   11s
     0     0    0.00000    0  327    3.00000    0.00000   100%     -   11s
     0     0    0.00000    0  349    3.00000    0.00000   100%     -   11s
     0     0    0.00000    0  238    3.00000    0.00000   100%     -   12s
     0     2    0.00000    0  238    3.00000    0.00000   100%     -   12s
H    1     1                       2.0000000    0.00000   100%   0.0   12s
H    3     3                       1.0000000    0.00000   100%   353   13s
H    5     5                       0.0000000    0.00000  0.00%   385   13s

Cutting planes:
  Learned: 1
  Gomory: 1
  Implied bound: 38
  Clique: 34
  MIR: 15
  Flow cover: 33
  Zero half: 35
  RLT: 57
  Relax-and-lift: 108
  BQP: 4
  PSD: 3

Explored 6 nodes (128419 simplex iterations) in 13.52 seconds (20.43 work units)
Thread count was 1 (of 8 available processors)

Solution count 10: 0 1 2 ... 9

Optimal solution found (tolerance 0.00e+00)
Best objective 0.000000000000e+00, best bound 0.000000000000e+00, gap 0.0000%
    SAT | IdleRange(P*)=0 | time=13.678714s | config=R-DC-IRP-GRB-MIP
    Excel: /home/dclng566/projects/Business-Meeting-Scheduling-Problem/output/gurobi/table03_excel/forum-13crafc.original.xlsx
Instance forumt-14crafc.original: 1 run(s)
[7/20] forumt-14crafc.original | reduced | gurobi_mip | P=native_linear | G=distance_closure | n/a
Set parameter WLSAccessID
Set parameter WLSSecret
Set parameter LicenseID to value 2663665
Academic license 2663665 - for non-commercial use only - registered to tu___@vnu.edu.vn
Set parameter OutputFlag to value 1
Set parameter Threads to value 1
Set parameter Seed to value 0
Set parameter MIPGap to value 0
Set parameter MIPGapAbs to value 0
Set parameter TimeLimit to value 7199.627244056
Gurobi Optimizer version 13.0.2 build v13.0.2rc1 (linux64 - "Ubuntu 22.04.5 LTS")

CPU model: INTEL(R) XEON(R) PLATINUM 8581C CPU @ 2.30GHz, instruction set [SSE2|AVX|AVX2|AVX512]
Thread count: 4 physical cores, 8 logical processors, using up to 1 threads

Non-default parameters:
TimeLimit  7199.627244056
MIPGap  0
MIPGapAbs  0
Threads  1

Academic license 2663665 - for non-commercial use only - registered to tu___@vnu.edu.vn
Optimize a model with 4826 rows, 4094 columns and 23223 nonzeros (Min)
Model fingerprint: 0xd5695775
Model has 1 linear objective coefficients
Variable types: 0 continuous, 4094 integer (4032 binary)
Coefficient statistics:
  Matrix range     [1e+00, 1e+00]
  Objective range  [1e+00, 1e+00]
  Bounds range     [1e+00, 7e+00]
  RHS range        [1e+00, 2e+01]

Presolve removed 3409 rows and 1394 columns
Presolve time: 0.04s
Presolved: 1417 rows, 2700 columns, 10753 nonzeros
Variable types: 0 continuous, 2700 integer (2674 binary)

Root relaxation: objective 2.000000e+00, 3448 iterations, 0.17 seconds (0.26 work units)

    Nodes    |    Current Node    |     Objective Bounds      |     Work
 Expl Unexpl |  Obj  Depth IntInf | Incumbent    BestBd   Gap | It/Node Time

     0     0    2.00000    0  390          -    2.00000      -     -    0s
     0     0    2.00000    0  596          -    2.00000      -     -    0s
     0     0    2.00000    0  578          -    2.00000      -     -    0s
     0     0    2.00000    0   63          -    2.00000      -     -    1s
H    0     0                       6.0000000    2.00000  66.7%     -    1s
H    0     0                       4.0000000    2.00000  50.0%     -    1s
H    0     0                       3.0000000    2.00000  33.3%     -    1s
     0     0    2.00000    0  375    3.00000    2.00000  33.3%     -    1s
     0     0    2.00000    0   18    3.00000    2.00000  33.3%     -    1s
H    0     0                       2.0000000    2.00000  0.00%     -    1s
     0     0    2.00000    0   18    2.00000    2.00000  0.00%     -    1s

Cutting planes:
  Gomory: 2
  Clique: 6
  MIR: 4
  Zero half: 12

Explored 1 nodes (24101 simplex iterations) in 1.56 seconds (2.15 work units)
Thread count was 1 (of 8 available processors)

Solution count 4: 2 3 4 6 

Optimal solution found (tolerance 0.00e+00)
Best objective 2.000000000000e+00, best bound 2.000000000000e+00, gap 0.0000%
    SAT | IdleRange(P*)=2 | time=1.684797s | config=R-DC-IRP-GRB-MIP
    Excel: /home/dclng566/projects/Business-Meeting-Scheduling-Problem/output/gurobi/table03_excel/forumt-14crafc.original.xlsx
Instance forum-14.original: 1 run(s)
[8/20] forum-14.original | reduced | gurobi_mip | P=native_linear | G=distance_closure | n/a
Set parameter WLSAccessID
Set parameter WLSSecret
Set parameter LicenseID to value 2663665
Academic license 2663665 - for non-commercial use only - registered to tu___@vnu.edu.vn
Set parameter OutputFlag to value 1
Set parameter Threads to value 1
Set parameter Seed to value 0
Set parameter MIPGap to value 0
Set parameter MIPGapAbs to value 0
Set parameter TimeLimit to value 7198.852126016
Gurobi Optimizer version 13.0.2 build v13.0.2rc1 (linux64 - "Ubuntu 22.04.5 LTS")

CPU model: INTEL(R) XEON(R) PLATINUM 8581C CPU @ 2.30GHz, instruction set [SSE2|AVX|AVX2|AVX512]
Thread count: 4 physical cores, 8 logical processors, using up to 1 threads

Non-default parameters:
TimeLimit  7198.852126016
MIPGap  0
MIPGapAbs  0
Threads  1

Academic license 2663665 - for non-commercial use only - registered to tu___@vnu.edu.vn
Optimize a model with 12128 rows, 10040 columns and 57069 nonzeros (Min)
Model fingerprint: 0x196930f2
Model has 1 linear objective coefficients
Variable types: 0 continuous, 10040 integer (9965 binary)
Coefficient statistics:
  Matrix range     [1e+00, 1e+00]
  Objective range  [1e+00, 1e+00]
  Bounds range     [1e+00, 2e+01]
  RHS range        [1e+00, 4e+01]

Presolve removed 6116 rows and 2124 columns
Presolve time: 0.13s
Presolved: 6012 rows, 7916 columns, 34075 nonzeros
Variable types: 0 continuous, 7916 integer (7847 binary)

Root relaxation: objective 4.000000e+00, 20004 iterations, 3.63 seconds (5.79 work units)

    Nodes    |    Current Node    |     Objective Bounds      |     Work
 Expl Unexpl |  Obj  Depth IntInf | Incumbent    BestBd   Gap | It/Node Time

     0     0    4.00000    0  961          -    4.00000      -     -    4s
H    0     0                      16.0000000    4.00000  75.0%     -    4s
H    0     0                      15.0000000    4.00000  73.3%     -    4s
H    0     0                      14.0000000    4.00000  71.4%     -    4s
H    0     0                      13.0000000    4.00000  69.2%     -    4s
H    0     0                       9.0000000    4.00000  55.6%     -    4s
     0     0    4.00000    0 1090    9.00000    4.00000  55.6%     -    5s
     0     0    4.00000    0 1059    9.00000    4.00000  55.6%     -    5s
H    0     0                       8.0000000    4.00000  50.0%     -    5s
     0     0    4.00000    0  997    8.00000    4.00000  50.0%     -    5s
     0     0    4.00000    0 1016    8.00000    4.00000  50.0%     -    5s
     0     0    4.00000    0  264    8.00000    4.00000  50.0%     -    7s
H    0     0                       7.0000000    4.00000  42.9%     -    7s
H    0     0                       6.0000000    4.00000  33.3%     -    7s
     0     0    4.00000    0  225    6.00000    4.00000  33.3%     -    7s
     0     0    4.00000    0  242    6.00000    4.00000  33.3%     -    7s
     0     0    4.00000    0  104    6.00000    4.00000  33.3%     -    8s
H    0     0                       5.0000000    4.00000  20.0%     -    8s
H    0     0                       4.0000000    4.00000  0.00%     -    8s
     0     0    4.00000    0  104    4.00000    4.00000  0.00%     -    8s

Cutting planes:
  Gomory: 6
  Cover: 1
  Implied bound: 1
  Clique: 20
  MIR: 2
  GUB cover: 1
  Zero half: 17
  RLT: 7

Explored 1 nodes (68077 simplex iterations) in 8.74 seconds (13.22 work units)
Thread count was 1 (of 8 available processors)

Solution count 10: 4 5 6 ... 16

Optimal solution found (tolerance 0.00e+00)
Best objective 4.000000000000e+00, best bound 4.000000000000e+00, gap 0.0000%
    SAT | IdleRange(P*)=4 | time=9.644252s | config=R-DC-IRP-GRB-MIP
    Excel: /home/dclng566/projects/Business-Meeting-Scheduling-Problem/output/gurobi/table03_excel/forum-14.original.xlsx
Instance tic-14crafa.original: 1 run(s)
[9/20] tic-14crafa.original | reduced | gurobi_mip | P=native_linear | G=distance_closure | n/a
Set parameter WLSAccessID
Set parameter WLSSecret
Set parameter LicenseID to value 2663665
Academic license 2663665 - for non-commercial use only - registered to tu___@vnu.edu.vn
Set parameter OutputFlag to value 1
Set parameter Threads to value 1
Set parameter Seed to value 0
Set parameter MIPGap to value 0
Set parameter MIPGapAbs to value 0
Set parameter TimeLimit to value 7.1996220707679995e+03
Gurobi Optimizer version 13.0.2 build v13.0.2rc1 (linux64 - "Ubuntu 22.04.5 LTS")

CPU model: INTEL(R) XEON(R) PLATINUM 8581C CPU @ 2.30GHz, instruction set [SSE2|AVX|AVX2|AVX512]
Thread count: 4 physical cores, 8 logical processors, using up to 1 threads

Non-default parameters:
TimeLimit  7.1996220707679995e+03
MIPGap  0
MIPGapAbs  0
Threads  1

Academic license 2663665 - for non-commercial use only - registered to tu___@vnu.edu.vn
Optimize a model with 4909 rows, 4202 columns and 23938 nonzeros (Min)
Model fingerprint: 0x05ffe1e6
Model has 1 linear objective coefficients
Variable types: 0 continuous, 4202 integer (4140 binary)
Coefficient statistics:
  Matrix range     [1e+00, 1e+00]
  Objective range  [1e+00, 1e+00]
  Bounds range     [1e+00, 7e+00]
  RHS range        [1e+00, 3e+01]

Presolve removed 3442 rows and 1383 columns
Presolve time: 0.03s
Presolved: 1467 rows, 2819 columns, 11232 nonzeros
Variable types: 0 continuous, 2819 integer (2791 binary)

Root relaxation: objective 0.000000e+00, 3486 iterations, 0.18 seconds (0.27 work units)

    Nodes    |    Current Node    |     Objective Bounds      |     Work
 Expl Unexpl |  Obj  Depth IntInf | Incumbent    BestBd   Gap | It/Node Time

     0     0    0.00000    0  517          -    0.00000      -     -    0s
H    0     0                       4.0000000    0.00000   100%     -    0s
     0     0    0.00000    0  653    4.00000    0.00000   100%     -    0s
H    0     0                       3.0000000    0.00000   100%     -    0s
     0     0    0.00000    0  683    3.00000    0.00000   100%     -    0s
     0     0    0.00000    0  650    3.00000    0.00000   100%     -    0s
     0     0    0.00000    0  257    3.00000    0.00000   100%     -    1s
     0     0    0.00000    0  269    3.00000    0.00000   100%     -    1s
     0     0    0.00000    0  585    3.00000    0.00000   100%     -    1s
     0     0    0.00000    0  250    3.00000    0.00000   100%     -    1s
H    0     0                       2.0000000    0.00000   100%     -    1s
     0     0    0.00000    0  408    2.00000    0.00000   100%     -    2s
     0     0    0.00000    0  242    2.00000    0.00000   100%     -    2s
     0     0    0.00000    0  274    2.00000    0.00000   100%     -    2s
     0     0    0.00000    0  511    2.00000    0.00000   100%     -    2s
     0     0    0.00000    0  229    2.00000    0.00000   100%     -    2s
     0     0    0.00000    0  236    2.00000    0.00000   100%     -    2s
     0     0    0.00000    0  554    2.00000    0.00000   100%     -    3s
     0     0    0.00000    0  222    2.00000    0.00000   100%     -    3s
     0     0    0.00000    0  222    2.00000    0.00000   100%     -    3s
     0     0    0.00000    0  222    2.00000    0.00000   100%     -    3s
H    0     0                       1.0000000    0.00000   100%     -    4s
     0     2    0.00000    0  222    1.00000    0.00000   100%     -    4s
     7     9    0.00000    5  523    1.00000    0.00000   100%   720    5s
    39    41    0.00000   26  492    1.00000    0.00000   100%   746   10s
   157   157    0.00000  101  457    1.00000    0.00000   100%   642   17s
   258   254    0.00000   47  388    1.00000    0.00000   100%   586   20s
   271   265    0.00000   13  521    1.00000    0.00000   100%   771   27s
   288   276    0.00000   22  520    1.00000    0.00000   100%   793   30s
   368   330    0.00000   62  450    1.00000    0.00000   100%   775   35s
   539   444    0.00000  147  151    1.00000    0.00000   100%   673   40s
   827   411    0.00000  157   90    1.00000    0.00000   100%   561   45s
  1249   351    0.00000  157  180    1.00000    0.00000   100%   480   50s
  1657   382 infeasible  164         1.00000    0.00000   100%   430   55s
  1874   467    0.00000  150  247    1.00000    0.00000   100%   418   60s
  2111   530 infeasible  160         1.00000    0.00000   100%   401   65s
  2816   680    0.00000  159  232    1.00000    0.00000   100%   362   70s
H 3109     0                       0.0000000    0.00000  0.00%   351   73s

Cutting planes:
  Clique: 7
  Zero half: 13
  RLT: 2

Explored 3110 nodes (1150000 simplex iterations) in 73.86 seconds (103.11 work units)
Thread count was 1 (of 8 available processors)

Solution count 5: 0 1 2 ... 4

Optimal solution found (tolerance 0.00e+00)
Best objective 0.000000000000e+00, best bound 0.000000000000e+00, gap 0.0000%
    SAT | IdleRange(P*)=0 | time=73.988066s | config=R-DC-IRP-GRB-MIP
    Excel: /home/dclng566/projects/Business-Meeting-Scheduling-Problem/output/gurobi/table03_excel/tic-14crafa.original.xlsx
Instance forum-13crafb.original: 1 run(s)
[10/20] forum-13crafb.original | reduced | gurobi_mip | P=native_linear | G=distance_closure | n/a
Set parameter WLSAccessID
Set parameter WLSSecret
Set parameter LicenseID to value 2663665
Academic license 2663665 - for non-commercial use only - registered to tu___@vnu.edu.vn
Set parameter OutputFlag to value 1
Set parameter Threads to value 1
Set parameter Seed to value 0
Set parameter MIPGap to value 0
Set parameter MIPGapAbs to value 0
Set parameter TimeLimit to value 7199.518207463
Gurobi Optimizer version 13.0.2 build v13.0.2rc1 (linux64 - "Ubuntu 22.04.5 LTS")

CPU model: INTEL(R) XEON(R) PLATINUM 8581C CPU @ 2.30GHz, instruction set [SSE2|AVX|AVX2|AVX512]
Thread count: 4 physical cores, 8 logical processors, using up to 1 threads

Non-default parameters:
TimeLimit  7199.518207463
MIPGap  0
MIPGapAbs  0
Threads  1

Academic license 2663665 - for non-commercial use only - registered to tu___@vnu.edu.vn
Optimize a model with 9601 rows, 6900 columns and 38645 nonzeros (Min)
Model fingerprint: 0xc85934a7
Model has 1 linear objective coefficients
Variable types: 0 continuous, 6900 integer (6841 binary)
Coefficient statistics:
  Matrix range     [1e+00, 1e+00]
  Objective range  [1e+00, 1e+00]
  Bounds range     [1e+00, 2e+01]
  RHS range        [1e+00, 4e+01]

Presolve removed 1633 rows and 391 columns
Presolve time: 0.05s
Presolved: 7968 rows, 6509 columns, 31248 nonzeros
Variable types: 0 continuous, 6509 integer (6454 binary)
Found heuristic solution: objective 14.0000000

Root relaxation: objective 0.000000e+00, 13867 iterations, 1.76 seconds (2.85 work units)

    Nodes    |    Current Node    |     Objective Bounds      |     Work
 Expl Unexpl |  Obj  Depth IntInf | Incumbent    BestBd   Gap | It/Node Time

     0     0    0.00000    0 3224   14.00000    0.00000   100%     -    3s
     0     0    1.00000    0 1902   14.00000    1.00000  92.9%     -    6s
H    0     0                      13.0000000    1.00000  92.3%     -    6s
     0     0    1.00000    0 1902   13.00000    1.00000  92.3%     -    6s
     0     0    1.00000    0 1586   13.00000    1.00000  92.3%     -    8s
H    0     0                      12.0000000    1.00000  91.7%     -    8s
H    0     0                      11.0000000    1.00000  90.9%     -    8s
     0     0    1.00000    0 1740   11.00000    1.00000  90.9%     -    9s
H    0     0                      10.0000000    1.00000  90.0%     -    9s
     0     0    1.00000    0 1631   10.00000    1.00000  90.0%     -    9s
     0     0    1.00000    0 1601   10.00000    1.00000  90.0%     -   10s
     0     0    1.00000    0 1170   10.00000    1.00000  90.0%     -   13s
H    0     0                       9.0000000    1.00000  88.9%     -   13s
     0     0    1.00000    0 1115    9.00000    1.00000  88.9%     -   13s
     0     0    1.00000    0 1150    9.00000    1.00000  88.9%     -   14s
     0     0    1.00000    0  963    9.00000    1.00000  88.9%     -   16s
H    0     0                       8.0000000    1.00000  87.5%     -   16s
H    0     0                       5.0000000    1.00000  80.0%     -   16s
     0     0    1.00000    0  888    5.00000    1.00000  80.0%     -   16s
     0     0    1.00000    0  873    5.00000    1.00000  80.0%     -   16s
     0     0    1.00000    0 1002    5.00000    1.00000  80.0%     -   16s
     0     0    1.00000    0  993    5.00000    1.00000  80.0%     -   16s
     0     0    1.00000    0  626    5.00000    1.00000  80.0%     -   18s
H    0     0                       4.0000000    1.00000  75.0%     -   18s
     0     0    1.00000    0  791    4.00000    1.00000  75.0%     -   19s
     0     0    1.00000    0  980    4.00000    1.00000  75.0%     -   19s
     0     0    1.00000    0  827    4.00000    1.00000  75.0%     -   20s
     0     0    1.00000    0  801    4.00000    1.00000  75.0%     -   20s
     0     0    1.00000    0  829    4.00000    1.00000  75.0%     -   20s
     0     0    1.00000    0  692    4.00000    1.00000  75.0%     -   22s
     0     0    1.00000    0  709    4.00000    1.00000  75.0%     -   22s
     0     0    1.00000    0  744    4.00000    1.00000  75.0%     -   22s
     0     0    1.00000    0  741    4.00000    1.00000  75.0%     -   22s
     0     0    1.00000    0  741    4.00000    1.00000  75.0%     -   23s
     0     0    1.00000    0  738    4.00000    1.00000  75.0%     -   23s
     0     0    1.00000    0  738    4.00000    1.00000  75.0%     -   24s
     0     0    1.00000    0 1469    4.00000    1.00000  75.0%     -   27s
     0     0    1.00000    0 1460    4.00000    1.00000  75.0%     -   28s
     0     0    1.00000    0 1448    4.00000    1.00000  75.0%     -   28s
     0     0    1.00000    0 1491    4.00000    1.00000  75.0%     -   29s
     0     0    1.00000    0 1111    4.00000    1.00000  75.0%     -   31s
     0     0    1.00000    0 1074    4.00000    1.00000  75.0%     -   31s
     0     0    1.00000    0 1069    4.00000    1.00000  75.0%     -   31s
     0     0    1.00000    0  843    4.00000    1.00000  75.0%     -   32s
     0     0    1.00000    0  837    4.00000    1.00000  75.0%     -   32s
     0     0    1.00000    0  905    4.00000    1.00000  75.0%     -   33s
     0     0    1.00000    0  701    4.00000    1.00000  75.0%     -   33s
     0     0    1.00000    0  690    4.00000    1.00000  75.0%     -   33s
     0     0    1.00000    0  968    4.00000    1.00000  75.0%     -   34s
     0     0    1.00000    0  901    4.00000    1.00000  75.0%     -   35s
     0     0    1.00000    0  804    4.00000    1.00000  75.0%     -   35s
     0     0    1.00000    0  920    4.00000    1.00000  75.0%     -   36s
     0     0    1.00000    0  698    4.00000    1.00000  75.0%     -   37s
     0     0    1.00000    0  698    4.00000    1.00000  75.0%     -   37s
     0     0    1.00000    0  487    4.00000    1.00000  75.0%     -   38s
     0     2    1.00000    0  487    4.00000    1.00000  75.0%     -   39s
H    2     2                       3.0000000    1.00000  66.7%   112   39s
     3     5    1.00000    2  623    3.00000    1.00000  66.7%   841   40s
H    9     9                       2.0000000    1.00000  50.0%   494   41s
    57    50    1.00000   36  504    2.00000    1.00000  50.0%   484   45s
   118    86    1.00000   25  695    2.00000    1.00000  50.0%   459   50s

Cutting planes:
  Gomory: 9
  Cover: 12
  Implied bound: 16
  Clique: 111
  MIR: 24
  GUB cover: 1
  Inf proof: 1
  Zero half: 59
  RLT: 59
  Relax-and-lift: 44
  BQP: 25

Explored 255 nodes (396540 simplex iterations) in 54.04 seconds (80.60 work units)
Thread count was 1 (of 8 available processors)

Solution count 10: 2 3 4 ... 13

Optimal solution found (tolerance 0.00e+00)
Best objective 2.000000000000e+00, best bound 2.000000000000e+00, gap 0.0000%
    SAT | IdleRange(P*)=2 | time=54.275449s | config=R-DC-IRP-GRB-MIP
    Excel: /home/dclng566/projects/Business-Meeting-Scheduling-Problem/output/gurobi/table03_excel/forum-13crafb.original.xlsx
Instance ticf-13crafc.original: 1 run(s)
[11/20] ticf-13crafc.original | reduced | gurobi_mip | P=native_linear | G=distance_closure | n/a
Set parameter WLSAccessID
Set parameter WLSSecret
Set parameter LicenseID to value 2663665
Academic license 2663665 - for non-commercial use only - registered to tu___@vnu.edu.vn
Set parameter OutputFlag to value 1
Set parameter Threads to value 1
Set parameter Seed to value 0
Set parameter MIPGap to value 0
Set parameter MIPGapAbs to value 0
Set parameter TimeLimit to value 7199.597266571
Gurobi Optimizer version 13.0.2 build v13.0.2rc1 (linux64 - "Ubuntu 22.04.5 LTS")

CPU model: INTEL(R) XEON(R) PLATINUM 8581C CPU @ 2.30GHz, instruction set [SSE2|AVX|AVX2|AVX512]
Thread count: 4 physical cores, 8 logical processors, using up to 1 threads

Non-default parameters:
TimeLimit  7199.597266571
MIPGap  0
MIPGapAbs  0
Threads  1

Academic license 2663665 - for non-commercial use only - registered to tu___@vnu.edu.vn
Optimize a model with 9110 rows, 6073 columns and 33559 nonzeros (Min)
Model fingerprint: 0x3495ee2e
Model has 1 linear objective coefficients
Variable types: 0 continuous, 6073 integer (6012 binary)
Coefficient statistics:
  Matrix range     [1e+00, 1e+00]
  Objective range  [1e+00, 1e+00]
  Bounds range     [1e+00, 2e+01]
  RHS range        [1e+00, 4e+01]

Presolve removed 1607 rows and 544 columns
Presolve time: 0.04s
Presolved: 7503 rows, 5529 columns, 26968 nonzeros
Variable types: 0 continuous, 5529 integer (5469 binary)
Found heuristic solution: objective 15.0000000

Root relaxation: objective 0.000000e+00, 12356 iterations, 1.38 seconds (2.17 work units)

    Nodes    |    Current Node    |     Objective Bounds      |     Work
 Expl Unexpl |  Obj  Depth IntInf | Incumbent    BestBd   Gap | It/Node Time

     0     0    0.00000    0 2129   15.00000    0.00000   100%     -    2s
     0     0    0.00000    0 1847   15.00000    0.00000   100%     -    2s
H    0     0                      14.0000000    0.00000   100%     -    2s
     0     0    0.00000    0 1847   14.00000    0.00000   100%     -    2s
     0     0    0.00000    0 1368   14.00000    0.00000   100%     -    4s
H    0     0                      12.0000000    0.00000   100%     -    4s
H    0     0                      10.0000000    0.00000   100%     -    4s
     0     0    0.00000    0 1215   10.00000    0.00000   100%     -    4s
     0     0    0.00000    0 1156   10.00000    0.00000   100%     -    4s
     0     0    0.00000    0 1333   10.00000    0.00000   100%     -    5s
     0     0    0.00000    0  834   10.00000    0.00000   100%     -    6s
H    0     0                       9.0000000    0.00000   100%     -    6s
H    0     0                       8.0000000    0.00000   100%     -    6s
     0     0    0.00000    0  916    8.00000    0.00000   100%     -    6s
     0     0    0.00000    0  972    8.00000    0.00000   100%     -    6s
     0     0    0.00000    0  843    8.00000    0.00000   100%     -    7s
H    0     0                       7.0000000    0.00000   100%     -    7s
H    0     0                       6.0000000    0.00000   100%     -    7s
     0     0    0.00000    0  795    6.00000    0.00000   100%     -    7s
     0     0    0.00000    0  762    6.00000    0.00000   100%     -    7s
     0     0    0.00000    0  683    6.00000    0.00000   100%     -    8s
H    0     0                       5.0000000    0.00000   100%     -    8s
     0     0    0.00000    0  641    5.00000    0.00000   100%     -    8s
     0     0    0.00000    0  716    5.00000    0.00000   100%     -    9s
     0     0    0.00000    0  488    5.00000    0.00000   100%     -    9s
H    0     0                       4.0000000    0.00000   100%     -    9s
     0     0    0.00000    0  509    4.00000    0.00000   100%     -    9s
     0     0    0.00000    0  686    4.00000    0.00000   100%     -    9s
     0     0    0.00000    0  445    4.00000    0.00000   100%     -   10s
     0     0    0.00000    0  436    4.00000    0.00000   100%     -   10s
     0     0    0.00000    0  436    4.00000    0.00000   100%     -   11s
H    0     0                       3.0000000    0.00000   100%     -   11s
     0     2    0.00000    0  431    3.00000    0.00000   100%     -   12s
H    1     1                       2.0000000    0.00000   100%   0.0   12s
H    2     2                       1.0000000    0.00000   100%   236   12s
H    4     4                       0.0000000    0.00000  0.00%   400   12s

Cutting planes:
  Gomory: 3
  Cover: 1
  Implied bound: 52
  Clique: 70
  MIR: 8
  Flow cover: 31
  Zero half: 55
  RLT: 117
  Relax-and-lift: 148
  BQP: 39
  PSD: 1

Explored 5 nodes (115249 simplex iterations) in 12.54 seconds (18.97 work units)
Thread count was 1 (of 8 available processors)

Solution count 10: 0 1 2 ... 9

Optimal solution found (tolerance 0.00e+00)
Best objective 0.000000000000e+00, best bound 0.000000000000e+00, gap 0.0000%
    SAT | IdleRange(P*)=0 | time=12.700204s | config=R-DC-IRP-GRB-MIP
    Excel: /home/dclng566/projects/Business-Meeting-Scheduling-Problem/output/gurobi/table03_excel/ticf-13crafc.original.xlsx
Instance ticf-13crafb.original: 1 run(s)
[12/20] ticf-13crafb.original | reduced | gurobi_mip | P=native_linear | G=distance_closure | n/a
Set parameter WLSAccessID
Set parameter WLSSecret
Set parameter LicenseID to value 2663665
Academic license 2663665 - for non-commercial use only - registered to tu___@vnu.edu.vn
Set parameter OutputFlag to value 1
Set parameter Threads to value 1
Set parameter Seed to value 0
Set parameter MIPGap to value 0
Set parameter MIPGapAbs to value 0
Set parameter TimeLimit to value 7199.512394641
Gurobi Optimizer version 13.0.2 build v13.0.2rc1 (linux64 - "Ubuntu 22.04.5 LTS")

CPU model: INTEL(R) XEON(R) PLATINUM 8581C CPU @ 2.30GHz, instruction set [SSE2|AVX|AVX2|AVX512]
Thread count: 4 physical cores, 8 logical processors, using up to 1 threads

Non-default parameters:
TimeLimit  7199.512394641
MIPGap  0
MIPGapAbs  0
Threads  1

Academic license 2663665 - for non-commercial use only - registered to tu___@vnu.edu.vn
Optimize a model with 9738 rows, 7001 columns and 39353 nonzeros (Min)
Model fingerprint: 0xd2e501de
Model has 1 linear objective coefficients
Variable types: 0 continuous, 7001 integer (6942 binary)
Coefficient statistics:
  Matrix range     [1e+00, 1e+00]
  Objective range  [1e+00, 1e+00]
  Bounds range     [1e+00, 2e+01]
  RHS range        [1e+00, 4e+01]

Presolve removed 1610 rows and 346 columns
Presolve time: 0.05s
Presolved: 8128 rows, 6655 columns, 31942 nonzeros
Variable types: 0 continuous, 6655 integer (6600 binary)
Found heuristic solution: objective 14.0000000

Root relaxation: objective 0.000000e+00, 16182 iterations, 2.28 seconds (3.66 work units)

    Nodes    |    Current Node    |     Objective Bounds      |     Work
 Expl Unexpl |  Obj  Depth IntInf | Incumbent    BestBd   Gap | It/Node Time

     0     0    0.00000    0 3408   14.00000    0.00000   100%     -    3s
     0     0    0.17647    0 2446   14.00000    0.17647  98.7%     -    9s
     0     0    0.17647    0 2446   14.00000    0.17647  98.7%     -    9s
     0     0    0.17647    0 2148   14.00000    0.17647  98.7%     -   12s
     0     0    1.00000    0 1745   14.00000    1.00000  92.9%     -   13s
H    0     0                      13.0000000    1.00000  92.3%     -   13s
H    0     0                      11.0000000    1.00000  90.9%     -   13s
     0     0    1.00000    0 1556   11.00000    1.00000  90.9%     -   13s
     0     0    1.00000    0 1529   11.00000    1.00000  90.9%     -   14s
     0     0    1.00000    0 1463   11.00000    1.00000  90.9%     -   14s
     0     0    1.00000    0 1516   11.00000    1.00000  90.9%     -   14s
     0     0    1.00000    0  944   11.00000    1.00000  90.9%     -   16s
H    0     0                      10.0000000    1.00000  90.0%     -   16s
H    0     0                       7.0000000    1.00000  85.7%     -   16s
     0     0    1.00000    0  927    7.00000    1.00000  85.7%     -   17s
     0     0    1.00000    0  926    7.00000    1.00000  85.7%     -   17s
     0     0    1.00000    0 1052    7.00000    1.00000  85.7%     -   17s
     0     0    1.00000    0  906    7.00000    1.00000  85.7%     -   18s
H    0     0                       6.0000000    1.00000  83.3%     -   18s
H    0     0                       5.0000000    1.00000  80.0%     -   18s
     0     0    1.00000    0  837    5.00000    1.00000  80.0%     -   18s
     0     0    1.00000    0  895    5.00000    1.00000  80.0%     -   19s
     0     0    1.00000    0  882    5.00000    1.00000  80.0%     -   19s
     0     0    1.00000    0  657    5.00000    1.00000  80.0%     -   20s
H    0     0                       4.0000000    1.00000  75.0%     -   20s
     0     0    1.00000    0  637    4.00000    1.00000  75.0%     -   20s
     0     0    1.00000    0  719    4.00000    1.00000  75.0%     -   20s
     0     0    1.00000    0  570    4.00000    1.00000  75.0%     -   21s
     0     0    1.00000    0  665    4.00000    1.00000  75.0%     -   21s
     0     0    1.00000    0  824    4.00000    1.00000  75.0%     -   21s
     0     0    1.00000    0  675    4.00000    1.00000  75.0%     -   23s
     0     0    1.00000    0  675    4.00000    1.00000  75.0%     -   23s
     0     0    1.00000    0  611    4.00000    1.00000  75.0%     -   23s
     0     0    1.00000    0 1362    4.00000    1.00000  75.0%     -   26s
     0     0    1.00000    0 1360    4.00000    1.00000  75.0%     -   26s
     0     0    1.00000    0 1320    4.00000    1.00000  75.0%     -   27s
     0     0    1.00000    0 1323    4.00000    1.00000  75.0%     -   27s
     0     0    1.00000    0  955    4.00000    1.00000  75.0%     -   28s
     0     0    1.00000    0  903    4.00000    1.00000  75.0%     -   28s
     0     0    1.00000    0  947    4.00000    1.00000  75.0%     -   29s
     0     0    1.00000    0  823    4.00000    1.00000  75.0%     -   30s
     0     0    1.00000    0  816    4.00000    1.00000  75.0%     -   30s
     0     0    1.00000    0  872    4.00000    1.00000  75.0%     -   30s
     0     0    1.00000    0  598    4.00000    1.00000  75.0%     -   31s
     0     0    1.00000    0  625    4.00000    1.00000  75.0%     -   31s
     0     0    1.00000    0  839    4.00000    1.00000  75.0%     -   31s
     0     0    1.00000    0  823    4.00000    1.00000  75.0%     -   32s
     0     0    1.00000    0  850    4.00000    1.00000  75.0%     -   32s
     0     0    1.00000    0  943    4.00000    1.00000  75.0%     -   32s
     0     0    1.00000    0  811    4.00000    1.00000  75.0%     -   33s
     0     0    1.00000    0  793    4.00000    1.00000  75.0%     -   33s
     0     0    1.00000    0  830    4.00000    1.00000  75.0%     -   34s
     0     0    1.00000    0  717    4.00000    1.00000  75.0%     -   35s
     0     0    1.00000    0  717    4.00000    1.00000  75.0%     -   35s
     0     0    1.00000    0  717    4.00000    1.00000  75.0%     -   35s
     0     2    1.00000    0  693    4.00000    1.00000  75.0%     -   36s
H    6     6                       3.0000000    1.00000  66.7%   475   37s
H    7     7                       2.0000000    1.00000  50.0%   490   38s
    28    29    1.00000   15  755    2.00000    1.00000  50.0%   587   40s
    65    48 infeasible    9         2.00000    1.00000  50.0%   604   45s

Cutting planes:
  Gomory: 1
  Cover: 8
  Implied bound: 19
  Clique: 78
  MIR: 19
  Flow cover: 1
  GUB cover: 1
  Inf proof: 4
  Zero half: 78
  RLT: 60
  Relax-and-lift: 78
  BQP: 14
  PSD: 3

Explored 192 nodes (342002 simplex iterations) in 49.75 seconds (74.58 work units)
Thread count was 1 (of 8 available processors)

Solution count 10: 2 3 4 ... 14

Optimal solution found (tolerance 0.00e+00)
Best objective 2.000000000000e+00, best bound 2.000000000000e+00, gap 0.0000%
    SAT | IdleRange(P*)=2 | time=49.992801s | config=R-DC-IRP-GRB-MIP
    Excel: /home/dclng566/projects/Business-Meeting-Scheduling-Problem/output/gurobi/table03_excel/ticf-13crafb.original.xlsx
Instance ticf-14crafa.original: 1 run(s)
[13/20] ticf-14crafa.original | reduced | gurobi_mip | P=native_linear | G=distance_closure | n/a
Set parameter WLSAccessID
Set parameter WLSSecret
Set parameter LicenseID to value 2663665
Academic license 2663665 - for non-commercial use only - registered to tu___@vnu.edu.vn
Set parameter OutputFlag to value 1
Set parameter Threads to value 1
Set parameter Seed to value 0
Set parameter MIPGap to value 0
Set parameter MIPGapAbs to value 0
Set parameter TimeLimit to value 7198.73097892
Gurobi Optimizer version 13.0.2 build v13.0.2rc1 (linux64 - "Ubuntu 22.04.5 LTS")

CPU model: INTEL(R) XEON(R) PLATINUM 8581C CPU @ 2.30GHz, instruction set [SSE2|AVX|AVX2|AVX512]
Thread count: 4 physical cores, 8 logical processors, using up to 1 threads

Non-default parameters:
TimeLimit  7198.73097892
MIPGap  0
MIPGapAbs  0
Threads  1

Academic license 2663665 - for non-commercial use only - registered to tu___@vnu.edu.vn
Optimize a model with 12689 rows, 10709 columns and 61509 nonzeros (Min)
Model fingerprint: 0xa00c7616
Model has 1 linear objective coefficients
Variable types: 0 continuous, 10709 integer (10634 binary)
Coefficient statistics:
  Matrix range     [1e+00, 1e+00]
  Objective range  [1e+00, 1e+00]
  Bounds range     [1e+00, 2e+01]
  RHS range        [1e+00, 4e+01]

Presolve removed 2064 rows and 367 columns
Presolve time: 0.06s
Presolved: 10625 rows, 10342 columns, 48180 nonzeros
Variable types: 0 continuous, 10342 integer (10271 binary)

Root simplex log...

Iteration    Objective       Primal Inf.    Dual Inf.      Time
   21830    0.0000000e+00   0.000000e+00   0.000000e+00      5s

Root relaxation: objective 0.000000e+00, 21830 iterations, 4.92 seconds (7.82 work units)

    Nodes    |    Current Node    |     Objective Bounds      |     Work
 Expl Unexpl |  Obj  Depth IntInf | Incumbent    BestBd   Gap | It/Node Time

     0     0    0.00000    0 4538          -    0.00000      -     -    8s
     0     0    0.00000    0 3329          -    0.00000      -     -   17s
H    0     0                      17.0000000    0.00000   100%     -   17s
H    0     0                      16.0000000    0.00000   100%     -   17s
H    0     0                      15.0000000    0.00000   100%     -   17s
H    0     0                      13.0000000    0.00000   100%     -   17s
     0     0    0.00000    0 3329   13.00000    0.00000   100%     -   17s
     0     0    0.00000    0 2719   13.00000    0.00000   100%     -   24s
H    0     0                      12.0000000    0.00000   100%     -   24s
H    0     0                      11.0000000    0.00000   100%     -   24s
     0     0    0.00000    0 2521   11.00000    0.00000   100%     -   27s
H    0     0                       9.0000000    0.00000   100%     -   27s
H    0     0                       8.0000000    0.00000   100%     -   27s
     0     0    0.00000    0 2453    8.00000    0.00000   100%     -   27s
     0     0    0.00000    0 2211    8.00000    0.00000   100%     -   29s
     0     0    0.00000    0 1870    8.00000    0.00000   100%     -   39s
     0     0    0.00000    0 1834    8.00000    0.00000   100%     -   39s
     0     0    0.00000    0 1815    8.00000    0.00000   100%     -   41s
     0     0    0.00000    0 1545    8.00000    0.00000   100%     -   47s
H    0     0                       7.0000000    0.00000   100%     -   47s
     0     0    0.00000    0 1500    7.00000    0.00000   100%     -   48s
     0     0    0.00000    0 1459    7.00000    0.00000   100%     -   49s
     0     0    0.00000    0 1205    7.00000    0.00000   100%     -   57s
     0     0    0.00000    0 1267    7.00000    0.00000   100%     -   57s
     0     0    0.00000    0 1280    7.00000    0.00000   100%     -   59s
     0     0    0.00000    0 1280    7.00000    0.00000   100%     -   64s
H    0     0                       6.0000000    0.00000   100%     -   64s
     0     0    0.00000    0 1368    6.00000    0.00000   100%     -   64s
     0     0    0.00000    0 1380    6.00000    0.00000   100%     -   65s
     0     0    0.00000    0 1172    6.00000    0.00000   100%     -   73s
     0     0    0.00000    0 1172    6.00000    0.00000   100%     -   73s
     0     0    0.00000    0  989    6.00000    0.00000   100%     -   79s
H    0     0                       5.0000000    0.00000   100%     -   81s
H    0     0                       4.0000000    0.00000   100%     -   81s
H    0     0                       3.0000000    0.00000   100%     -   82s
     0     2    0.00000    0  968    3.00000    0.00000   100%     -   86s
H    3     3                       1.0000000    0.00000   100%  2169   94s
     6     8    0.00000    3 1166    1.00000    0.00000   100%  2461   95s
    15    15    0.00000    8 1018    1.00000    0.00000   100%  2310  100s
    24    22    0.00000   13  951    1.00000    0.00000   100%  1996  118s
    25    23    0.00000   13 1051    1.00000    0.00000   100%  2210  120s
    28    26    0.00000   15 1030    1.00000    0.00000   100%  2211  147s
    32    30    0.00000   18 1003    1.00000    0.00000   100%  2262  150s
    37    35    0.00000   21 1037    1.00000    0.00000   100%  2128  169s
    39    35    0.00000   22 1106    1.00000    0.00000   100%  2224  170s
    58    46    0.00000   34  951    1.00000    0.00000   100%  1923  175s
    87    68    0.00000   53  946    1.00000    0.00000   100%  1754  180s
   119    92    0.00000   72  885    1.00000    0.00000   100%  1621  185s
   153   116    0.00000   95  856    1.00000    0.00000   100%  1529  190s
   219   172    0.00000  141  625    1.00000    0.00000   100%  1333  195s
   256   201    0.00000  120 3329    1.00000    0.00000   100%  1287  200s
   258   202    0.00000   16 1846    1.00000    0.00000   100%  1277  208s
   259   203    0.00000   46 1841    1.00000    0.00000   100%  1272  210s
   260   204    0.00000   10 1287    1.00000    0.00000   100%  1267  217s
   262   205    0.00000  153 1101    1.00000    0.00000   100%  1257  223s
   264   206    0.00000   47 1263    1.00000    0.00000   100%  1248  231s
   266   208    0.00000   20 1031    1.00000    0.00000   100%  1238  238s
   268   209    0.00000  144  988    1.00000    0.00000   100%  1229  242s
   270   210    0.00000  159  929    1.00000    0.00000   100%  1220  246s
   273   212    0.00000  156  877    1.00000    0.00000   100%  1206  250s
   276   214    0.00000   49  779    1.00000    0.00000   100%  1193  256s
   278   216    0.00000   93  972    1.00000    0.00000   100%  1185  263s
   279   216    0.00000  102  970    1.00000    0.00000   100%  1181  265s
   281   220    0.00000   13 1090    1.00000    0.00000   100%  2360  272s
   284   222    0.00000   14 1168    1.00000    0.00000   100%  2377  275s
   287   224    0.00000   16  891    1.00000    0.00000   100%  2403  302s
   291   226    0.00000   18  903    1.00000    0.00000   100%  2460  305s
   294   228    0.00000   19  851    1.00000    0.00000   100%  2474  321s
   298   231    0.00000   21  850    1.00000    0.00000   100%  2475  325s
   311   240    0.00000   28  792    1.00000    0.00000   100%  2489  330s
   327   250    0.00000   36  793    1.00000    0.00000   100%  2468  335s
   351   266    0.00000   48  698    1.00000    0.00000   100%  2403  340s
   379   285    0.00000   62  556    1.00000    0.00000   100%  2316  345s
   380   286    0.00000   62  615    1.00000    0.00000   100%  2314  367s
   395   296    0.00000   70  656    1.00000    0.00000   100%  2290  370s
   439   321    0.00000   92  583    1.00000    0.00000   100%  2162  375s
   498   358    0.00000  121  500    1.00000    0.00000   100%  1998  380s
   573   408    0.00000  159  434    1.00000    0.00000   100%  1820  385s
   643   407    0.00000  164  444    1.00000    0.00000   100%  1730  390s
   713   421    0.00000  189  100    1.00000    0.00000   100%  1647  395s
   859   395    0.00000  190   26    1.00000    0.00000   100%  1429  400s
  1035   396    0.00000  193   88    1.00000    0.00000   100%  1244  405s
  1202   402 infeasible  197         1.00000    0.00000   100%  1128  410s
  1419   425    0.00000  191   38    1.00000    0.00000   100%   994  415s
  1583   441    0.00000  191  131    1.00000    0.00000   100%   933  420s
  1745   438 infeasible  192         1.00000    0.00000   100%   886  425s
  1921   456    0.00000  189   42    1.00000    0.00000   100%   839  430s
  2091   486 infeasible  192         1.00000    0.00000   100%   809  435s
  2339   492    0.00000  187  131    1.00000    0.00000   100%   759  440s
  2541   515    0.00000  190  148    1.00000    0.00000   100%   729  445s
  2775   557 infeasible  193         1.00000    0.00000   100%   699  450s
  2958   585    0.00000  191   36    1.00000    0.00000   100%   683  455s
  3126   585 infeasible  195         1.00000    0.00000   100%   672  460s
  3386   593 infeasible  191         1.00000    0.00000   100%   648  465s
  3635   592    0.00000  193   76    1.00000    0.00000   100%   629  470s
  3837   610    0.00000  191  115    1.00000    0.00000   100%   618  475s
  4029   614 infeasible  190         1.00000    0.00000   100%   606  480s
  4276   617 infeasible  191         1.00000    0.00000   100%   591  485s
  4475   623 infeasible  197         1.00000    0.00000   100%   586  490s
  4720   636 infeasible  198         1.00000    0.00000   100%   572  495s
  4948   660    0.00000  195  177    1.00000    0.00000   100%   565  500s
  5166   674    0.00000  187  116    1.00000    0.00000   100%   556  505s
  5352   730    0.00000  189  198    1.00000    0.00000   100%   555  510s
  5546   767 infeasible  200         1.00000    0.00000   100%   551  515s
  5780   781    0.00000  195  151    1.00000    0.00000   100%   543  520s
  6027   824    0.00000  188   90    1.00000    0.00000   100%   536  525s
  6248   859    0.00000  191  224    1.00000    0.00000   100%   532  530s
  6551   860 infeasible  196         1.00000    0.00000   100%   523  535s
  6800   899    0.00000  194   44    1.00000    0.00000   100%   518  540s
  6961   904 infeasible  198         1.00000    0.00000   100%   514  545s
  7169   927 infeasible  200         1.00000    0.00000   100%   511  550s
  7383   949    0.00000  199   74    1.00000    0.00000   100%   508  555s
  7548   958    0.00000  194   20    1.00000    0.00000   100%   506  560s
  7764   944    0.00000  197  146    1.00000    0.00000   100%   503  565s
  7938   978 infeasible  193         1.00000    0.00000   100%   502  570s
  8037   987 infeasible  194         1.00000    0.00000   100%   502  575s
  8272  1014    0.00000  194   92    1.00000    0.00000   100%   499  580s
  8352  1020    0.00000  193  141    1.00000    0.00000   100%   498  621s
  8407  1037    0.00000  192  214    1.00000    0.00000   100%   499  627s
  8494  1062 infeasible  196         1.00000    0.00000   100%   499  630s
  8519  1061    0.00000  189  126    1.00000    0.00000   100%   499  637s
  8634  1066    0.00000  191   30    1.00000    0.00000   100%   498  640s
  8864  1076    0.00000  193   42    1.00000    0.00000   100%   496  645s
  9071  1121    0.00000  192  189    1.00000    0.00000   100%   495  650s
  9260  1122 infeasible  194         1.00000    0.00000   100%   495  655s
  9464  1124 infeasible  203         1.00000    0.00000   100%   495  660s
  9748  1170 infeasible  195         1.00000    0.00000   100%   490  665s
  9938  1180 infeasible  192         1.00000    0.00000   100%   489  670s
 10153  1179 infeasible  197         1.00000    0.00000   100%   488  675s
 10205  1201    0.00000  191 1903    1.00000    0.00000   100%   488  686s
 10208  1203    0.00000  160 1490    1.00000    0.00000   100%   487  696s
 10210  1205    0.00000  195 1313    1.00000    0.00000   100%   487  703s
 10212  1206    0.00000   28 1079    1.00000    0.00000   100%   487  709s
 10213  1207    0.00000  198 1057    1.00000    0.00000   100%   487  710s
 10216  1209    0.00000  196 1009    1.00000    0.00000   100%   487  719s
 10217  1209    0.00000   98 1068    1.00000    0.00000   100%   487  720s
 10220  1211    0.00000  192  865    1.00000    0.00000   100%   487  729s
 10222  1213    0.00000  188 1105    1.00000    0.00000   100%   487  734s
 10224  1214    0.00000  198  957    1.00000    0.00000   100%   487  739s
 10225  1215    0.00000  192  819    1.00000    0.00000   100%   487  743s
 10227  1218    0.00000   22 1184    1.00000    0.00000   100%   519  749s
 10228  1219    0.00000   22 1061    1.00000    0.00000   100%   520  750s
 10234  1223    0.00000   25  935    1.00000    0.00000   100%   523  755s
 10243  1229    0.00000   30  893    1.00000    0.00000   100%   526  760s
 10259  1239    0.00000   38  890    1.00000    0.00000   100%   528  765s
 10274  1249    0.00000   45  859    1.00000    0.00000   100%   531  770s
 10296  1264    0.00000   56  832    1.00000    0.00000   100%   533  775s
 10325  1282    0.00000   71  779    1.00000    0.00000   100%   535  780s
 10366  1310    0.00000   91  626    1.00000    0.00000   100%   537  785s
H10382  1109                       0.0000000    0.00000  0.00%   537  790s

Cutting planes:
  Implied bound: 6
  Clique: 133
  MIR: 1
  Flow cover: 1
  Zero half: 33
  RLT: 68
  Relax-and-lift: 19
  BQP: 5

Explored 10383 nodes (5934395 simplex iterations) in 790.37 seconds (1188.79 work units)
Thread count was 1 (of 8 available processors)

Solution count 10: 0 1 3 ... 11

Optimal solution found (tolerance 0.00e+00)
Best objective 0.000000000000e+00, best bound 0.000000000000e+00, gap 0.0000%
    SAT | IdleRange(P*)=0 | time=791.39795s | config=R-DC-IRP-GRB-MIP
    Excel: /home/dclng566/projects/Business-Meeting-Scheduling-Problem/output/gurobi/table03_excel/ticf-14crafa.original.xlsx
Instance ticf-13crafa.original: 1 run(s)
[14/20] ticf-13crafa.original | reduced | gurobi_mip | P=native_linear | G=distance_closure | n/a
Set parameter WLSAccessID
Set parameter WLSSecret
Set parameter LicenseID to value 2663665
Academic license 2663665 - for non-commercial use only - registered to tu___@vnu.edu.vn
Set parameter OutputFlag to value 1
Set parameter Threads to value 1
Set parameter Seed to value 0
Set parameter MIPGap to value 0
Set parameter MIPGapAbs to value 0
Set parameter TimeLimit to value 7199.592639327
Gurobi Optimizer version 13.0.2 build v13.0.2rc1 (linux64 - "Ubuntu 22.04.5 LTS")

CPU model: INTEL(R) XEON(R) PLATINUM 8581C CPU @ 2.30GHz, instruction set [SSE2|AVX|AVX2|AVX512]
Thread count: 4 physical cores, 8 logical processors, using up to 1 threads

Non-default parameters:
TimeLimit  7199.592639327
MIPGap  0
MIPGapAbs  0
Threads  1

Academic license 2663665 - for non-commercial use only - registered to tu___@vnu.edu.vn
Optimize a model with 9110 rows, 6073 columns and 33559 nonzeros (Min)
Model fingerprint: 0x41ee57f7
Model has 1 linear objective coefficients
Variable types: 0 continuous, 6073 integer (6012 binary)
Coefficient statistics:
  Matrix range     [1e+00, 1e+00]
  Objective range  [1e+00, 1e+00]
  Bounds range     [1e+00, 2e+01]
  RHS range        [1e+00, 4e+01]

Presolve removed 1607 rows and 544 columns
Presolve time: 0.04s
Presolved: 7503 rows, 5529 columns, 26968 nonzeros
Variable types: 0 continuous, 5529 integer (5469 binary)
Found heuristic solution: objective 13.0000000

Root relaxation: objective 0.000000e+00, 11707 iterations, 1.28 seconds (2.04 work units)

    Nodes    |    Current Node    |     Objective Bounds      |     Work
 Expl Unexpl |  Obj  Depth IntInf | Incumbent    BestBd   Gap | It/Node Time

     0     0    0.00000    0 2238   13.00000    0.00000   100%     -    1s
     0     0    0.00000    0 1618   13.00000    0.00000   100%     -    2s
H    0     0                      10.0000000    0.00000   100%     -    2s
H    0     0                       9.0000000    0.00000   100%     -    2s
     0     0    0.00000    0 1618    9.00000    0.00000   100%     -    2s
     0     0    0.00000    0  936    9.00000    0.00000   100%     -    3s
H    0     0                       8.0000000    0.00000   100%     -    3s
H    0     0                       7.0000000    0.00000   100%     -    3s
     0     0    0.00000    0  974    7.00000    0.00000   100%     -    4s
H    0     0                       6.0000000    0.00000   100%     -    4s
     0     0    0.00000    0  942    6.00000    0.00000   100%     -    4s
     0     0    0.00000    0 1153    6.00000    0.00000   100%     -    4s
     0     0    0.00000    0  784    6.00000    0.00000   100%     -    5s
H    0     0                       5.0000000    0.00000   100%     -    5s
H    0     0                       4.0000000    0.00000   100%     -    5s
     0     0    0.00000    0  694    4.00000    0.00000   100%     -    5s
     0     0    0.00000    0  806    4.00000    0.00000   100%     -    5s
     0     0    0.00000    0  783    4.00000    0.00000   100%     -    5s
     0     0    0.00000    0  774    4.00000    0.00000   100%     -    5s
     0     0    0.00000    0  610    4.00000    0.00000   100%     -    5s
     0     0    0.00000    0  632    4.00000    0.00000   100%     -    5s
     0     0    0.00000    0  629    4.00000    0.00000   100%     -    5s
     0     0    0.00000    0  686    4.00000    0.00000   100%     -    6s
     0     0    0.00000    0  231    4.00000    0.00000   100%     -    6s
H    0     0                       3.0000000    0.00000   100%     -    6s
     0     0    0.00000    0  212    3.00000    0.00000   100%     -    6s
     0     0    0.00000    0  373    3.00000    0.00000   100%     -    6s
     0     0    0.00000    0  325    3.00000    0.00000   100%     -    6s
     0     0    0.00000    0  106    3.00000    0.00000   100%     -    7s
H    0     0                       2.0000000    0.00000   100%     -    7s
H    0     0                       1.0000000    0.00000   100%     -    7s
H    0     0                       0.0000000    0.00000  0.00%     -    7s
     0     0    0.00000    0  106    0.00000    0.00000  0.00%     -    7s

Cutting planes:
  Gomory: 7
  Implied bound: 19
  Clique: 39
  MIR: 6
  Flow cover: 43
  Zero half: 54
  RLT: 38
  Relax-and-lift: 42
  BQP: 15
  PSD: 2

Explored 1 nodes (73401 simplex iterations) in 7.06 seconds (10.73 work units)
Thread count was 1 (of 8 available processors)

Solution count 10: 0 1 2 ... 9

Optimal solution found (tolerance 0.00e+00)
Best objective 0.000000000000e+00, best bound 0.000000000000e+00, gap 0.0000%
    SAT | IdleRange(P*)=0 | time=7.219165s | config=R-DC-IRP-GRB-MIP
    Excel: /home/dclng566/projects/Business-Meeting-Scheduling-Problem/output/gurobi/table03_excel/ticf-13crafa.original.xlsx
Instance forumt-14.original: 1 run(s)
[15/20] forumt-14.original | reduced | gurobi_mip | P=native_linear | G=distance_closure | n/a
Set parameter WLSAccessID
Set parameter WLSSecret
Set parameter LicenseID to value 2663665
Academic license 2663665 - for non-commercial use only - registered to tu___@vnu.edu.vn
Set parameter OutputFlag to value 1
Set parameter Threads to value 1
Set parameter Seed to value 0
Set parameter MIPGap to value 0
Set parameter MIPGapAbs to value 0
Set parameter TimeLimit to value 7199.627395337
Gurobi Optimizer version 13.0.2 build v13.0.2rc1 (linux64 - "Ubuntu 22.04.5 LTS")

CPU model: INTEL(R) XEON(R) PLATINUM 8581C CPU @ 2.30GHz, instruction set [SSE2|AVX|AVX2|AVX512]
Thread count: 4 physical cores, 8 logical processors, using up to 1 threads

Non-default parameters:
TimeLimit  7199.627395337
MIPGap  0
MIPGapAbs  0
Threads  1

Academic license 2663665 - for non-commercial use only - registered to tu___@vnu.edu.vn
Optimize a model with 4826 rows, 4094 columns and 23223 nonzeros (Min)
Model fingerprint: 0xfca76b3a
Model has 1 linear objective coefficients
Variable types: 0 continuous, 4094 integer (4032 binary)
Coefficient statistics:
  Matrix range     [1e+00, 1e+00]
  Objective range  [1e+00, 1e+00]
  Bounds range     [1e+00, 7e+00]
  RHS range        [1e+00, 3e+01]

Presolve removed 3409 rows and 1394 columns
Presolve time: 0.04s
Presolved: 1417 rows, 2700 columns, 10753 nonzeros
Variable types: 0 continuous, 2700 integer (2674 binary)

Root relaxation: objective 2.000000e+00, 3090 iterations, 0.14 seconds (0.20 work units)

    Nodes    |    Current Node    |     Objective Bounds      |     Work
 Expl Unexpl |  Obj  Depth IntInf | Incumbent    BestBd   Gap | It/Node Time

     0     0    2.00000    0  267          -    2.00000      -     -    0s
H    0     0                       4.0000000    2.00000  50.0%     -    0s
     0     0    2.00000    0  266    4.00000    2.00000  50.0%     -    0s
     0     0    2.00000    0  243    4.00000    2.00000  50.0%     -    0s
     0     0    2.00000    0  304    4.00000    2.00000  50.0%     -    0s
     0     0    2.00000    0   21    4.00000    2.00000  50.0%     -    0s
H    0     0                       3.0000000    2.00000  33.3%     -    0s
     0     0    2.00000    0   60    3.00000    2.00000  33.3%     -    0s
     0     0    2.00000    0  203    3.00000    2.00000  33.3%     -    0s
*    0     0               0       2.0000000    2.00000  0.00%     -    0s

Cutting planes:
  Gomory: 1
  Clique: 9
  MIR: 1
  Flow cover: 1
  GUB cover: 1
  Zero half: 4
  RLT: 6

Explored 1 nodes (14535 simplex iterations) in 0.89 seconds (1.14 work units)
Thread count was 1 (of 8 available processors)

Solution count 3: 2 3 4 

Optimal solution found (tolerance 0.00e+00)
Best objective 2.000000000000e+00, best bound 2.000000000000e+00, gap 0.0000%
    SAT | IdleRange(P*)=2 | time=1.01345s | config=R-DC-IRP-GRB-MIP
    Excel: /home/dclng566/projects/Business-Meeting-Scheduling-Problem/output/gurobi/table03_excel/forumt-14.original.xlsx
Instance tic-14crafd.original: 1 run(s)
[16/20] tic-14crafd.original | reduced | gurobi_mip | P=native_linear | G=distance_closure | n/a
Set parameter WLSAccessID
Set parameter WLSSecret
Set parameter LicenseID to value 2663665
Academic license 2663665 - for non-commercial use only - registered to tu___@vnu.edu.vn
Set parameter OutputFlag to value 1
Set parameter Threads to value 1
Set parameter Seed to value 0
Set parameter MIPGap to value 0
Set parameter MIPGapAbs to value 0
Set parameter TimeLimit to value 7199.620506399
Gurobi Optimizer version 13.0.2 build v13.0.2rc1 (linux64 - "Ubuntu 22.04.5 LTS")

CPU model: INTEL(R) XEON(R) PLATINUM 8581C CPU @ 2.30GHz, instruction set [SSE2|AVX|AVX2|AVX512]
Thread count: 4 physical cores, 8 logical processors, using up to 1 threads

Non-default parameters:
TimeLimit  7199.620506399
MIPGap  0
MIPGapAbs  0
Threads  1

Academic license 2663665 - for non-commercial use only - registered to tu___@vnu.edu.vn
Optimize a model with 4908 rows, 4192 columns and 23878 nonzeros (Min)
Model fingerprint: 0x991ad793
Model has 1 linear objective coefficients
Variable types: 0 continuous, 4192 integer (4130 binary)
Coefficient statistics:
  Matrix range     [1e+00, 1e+00]
  Objective range  [1e+00, 1e+00]
  Bounds range     [1e+00, 8e+00]
  RHS range        [1e+00, 2e+01]

Presolve removed 3424 rows and 1395 columns
Presolve time: 0.03s
Presolved: 1484 rows, 2797 columns, 11214 nonzeros
Variable types: 0 continuous, 2797 integer (2770 binary)

Root relaxation: objective 0.000000e+00, 3571 iterations, 0.19 seconds (0.28 work units)

    Nodes    |    Current Node    |     Objective Bounds      |     Work
 Expl Unexpl |  Obj  Depth IntInf | Incumbent    BestBd   Gap | It/Node Time

     0     0    0.00000    0  533          -    0.00000      -     -    0s
     0     0    0.00000    0  676          -    0.00000      -     -    0s
     0     0    0.00000    0  677          -    0.00000      -     -    0s
     0     0    0.00000    0  655          -    0.00000      -     -    0s
     0     0    0.00000    0  242          -    0.00000      -     -    1s
     0     0    0.00000    0  238          -    0.00000      -     -    1s
     0     0    0.00000    0  503          -    0.00000      -     -    1s
     0     0    0.00000    0  438          -    0.00000      -     -    2s
H    0     0                       6.0000000    0.00000   100%     -    2s
H    0     0                       4.0000000    0.00000   100%     -    2s
     0     0    0.00000    0  432    4.00000    0.00000   100%     -    2s
     0     0    0.00000    0  600    4.00000    0.00000   100%     -    2s
     0     0    0.00000    0  371    4.00000    0.00000   100%     -    2s
     0     0    0.00000    0  445    4.00000    0.00000   100%     -    3s
     0     0    0.00000    0  573    4.00000    0.00000   100%     -    3s
     0     0    0.00000    0   97    4.00000    0.00000   100%     -    3s
     0     0    0.00000    0  461    4.00000    0.00000   100%     -    3s
     0     0    0.00000    0  402    4.00000    0.00000   100%     -    3s
H    0     0                       0.0000000    0.00000  0.00%     -    4s
     0     0    0.00000    0  402    0.00000    0.00000  0.00%     -    4s

Cutting planes:
  Gomory: 2
  Cover: 1
  Clique: 23
  Flow cover: 5
  GUB cover: 3
  Zero half: 5
  RLT: 18
  Relax-and-lift: 1
  BQP: 3

Explored 1 nodes (54565 simplex iterations) in 4.16 seconds (6.34 work units)
Thread count was 1 (of 8 available processors)

Solution count 3: 0 4 6 

Optimal solution found (tolerance 0.00e+00)
Best objective 0.000000000000e+00, best bound 0.000000000000e+00, gap 0.0000%
    SAT | IdleRange(P*)=0 | time=4.295049s | config=R-DC-IRP-GRB-MIP
    Excel: /home/dclng566/projects/Business-Meeting-Scheduling-Problem/output/gurobi/table03_excel/tic-14crafd.original.xlsx
Instance tic-13.original: 1 run(s)
[17/20] tic-13.original | reduced | gurobi_mip | P=native_linear | G=distance_closure | n/a
Set parameter WLSAccessID
Set parameter WLSSecret
Set parameter LicenseID to value 2663665
Academic license 2663665 - for non-commercial use only - registered to tu___@vnu.edu.vn
Set parameter OutputFlag to value 1
Set parameter Threads to value 1
Set parameter Seed to value 0
Set parameter MIPGap to value 0
Set parameter MIPGapAbs to value 0
Set parameter TimeLimit to value 7199.654256854
Gurobi Optimizer version 13.0.2 build v13.0.2rc1 (linux64 - "Ubuntu 22.04.5 LTS")

CPU model: INTEL(R) XEON(R) PLATINUM 8581C CPU @ 2.30GHz, instruction set [SSE2|AVX|AVX2|AVX512]
Thread count: 4 physical cores, 8 logical processors, using up to 1 threads

Non-default parameters:
TimeLimit  7199.654256854
MIPGap  0
MIPGapAbs  0
Threads  1

Academic license 2663665 - for non-commercial use only - registered to tu___@vnu.edu.vn
Optimize a model with 3746 rows, 3198 columns and 18228 nonzeros (Min)
Model fingerprint: 0xaf090f28
Model has 1 linear objective coefficients
Variable types: 0 continuous, 3198 integer (3150 binary)
Coefficient statistics:
  Matrix range     [1e+00, 1e+00]
  Objective range  [1e+00, 1e+00]
  Bounds range     [1e+00, 6e+00]
  RHS range        [1e+00, 2e+01]

Presolve removed 2628 rows and 1026 columns
Presolve time: 0.02s
Presolved: 1118 rows, 2172 columns, 8525 nonzeros
Variable types: 0 continuous, 2172 integer (2147 binary)

Root relaxation: objective 0.000000e+00, 2869 iterations, 0.12 seconds (0.18 work units)

    Nodes    |    Current Node    |     Objective Bounds      |     Work
 Expl Unexpl |  Obj  Depth IntInf | Incumbent    BestBd   Gap | It/Node Time

     0     0    0.00000    0  438          -    0.00000      -     -    0s
     0     0    0.00000    0  566          -    0.00000      -     -    0s
H    0     0                       4.0000000    0.00000   100%     -    0s
     0     0    0.00000    0  513    4.00000    0.00000   100%     -    0s
     0     0    0.00000    0  212    4.00000    0.00000   100%     -    0s
     0     0    0.00000    0  383    4.00000    0.00000   100%     -    1s
     0     0    0.00000    0  153    4.00000    0.00000   100%     -    1s
     0     0    0.00000    0  466    4.00000    0.00000   100%     -    1s
     0     0    0.00000    0  164    4.00000    0.00000   100%     -    1s
H    0     0                       1.0000000    0.00000   100%     -    1s
     0     0    0.00000    0  332    1.00000    0.00000   100%     -    1s
     0     0    0.00000    0   30    1.00000    0.00000   100%     -    2s
     0     0    0.00000    0   42    1.00000    0.00000   100%     -    2s
     0     0    0.00000    0  170    1.00000    0.00000   100%     -    2s
     0     0    0.00000    0   32    1.00000    0.00000   100%     -    2s
     0     0    0.00000    0  249    1.00000    0.00000   100%     -    2s
     0     0    0.00000    0   14    1.00000    0.00000   100%     -    2s
     0     0    0.00000    0   87    1.00000    0.00000   100%     -    2s
     0     0    0.00000    0   44    1.00000    0.00000   100%     -    2s
     0     0    0.00000    0   44    1.00000    0.00000   100%     -    2s
     0     0    0.00000    0   44    1.00000    0.00000   100%     -    2s
     0     2    0.00000    0   44    1.00000    0.00000   100%     -    3s
     7     9    0.00000    5  453    1.00000    0.00000   100%   531    5s
   181   175    0.00000  117  207    1.00000    0.00000   100%   389   10s
H  271   240                       0.0000000    0.00000  0.00%   517   15s

Cutting planes:
  Gomory: 3
  Clique: 1
  Zero half: 3

Explored 272 nodes (195240 simplex iterations) in 15.64 seconds (22.25 work units)
Thread count was 1 (of 8 available processors)

Solution count 3: 0 1 4 

Optimal solution found (tolerance 0.00e+00)
Best objective 0.000000000000e+00, best bound 0.000000000000e+00, gap 0.0000%
    SAT | IdleRange(P*)=0 | time=15.743614s | config=R-DC-IRP-GRB-MIP
    Excel: /home/dclng566/projects/Business-Meeting-Scheduling-Problem/output/gurobi/table03_excel/tic-13.original.xlsx
Instance tic-13crafb.original: 1 run(s)
[18/20] tic-13crafb.original | reduced | gurobi_mip | P=native_linear | G=distance_closure | n/a
Set parameter WLSAccessID
Set parameter WLSSecret
Set parameter LicenseID to value 2663665
Academic license 2663665 - for non-commercial use only - registered to tu___@vnu.edu.vn
Set parameter OutputFlag to value 1
Set parameter Threads to value 1
Set parameter Seed to value 0
Set parameter MIPGap to value 0
Set parameter MIPGapAbs to value 0
Set parameter TimeLimit to value 7.1996486631370008e+03
Gurobi Optimizer version 13.0.2 build v13.0.2rc1 (linux64 - "Ubuntu 22.04.5 LTS")

CPU model: INTEL(R) XEON(R) PLATINUM 8581C CPU @ 2.30GHz, instruction set [SSE2|AVX|AVX2|AVX512]
Thread count: 4 physical cores, 8 logical processors, using up to 1 threads

Non-default parameters:
TimeLimit  7.1996486631370008e+03
MIPGap  0
MIPGapAbs  0
Threads  1

Academic license 2663665 - for non-commercial use only - registered to tu___@vnu.edu.vn
Optimize a model with 3671 rows, 3207 columns and 18283 nonzeros (Min)
Model fingerprint: 0x48d090c7
Model has 1 linear objective coefficients
Variable types: 0 continuous, 3207 integer (3160 binary)
Coefficient statistics:
  Matrix range     [1e+00, 1e+00]
  Objective range  [1e+00, 1e+00]
  Bounds range     [1e+00, 8e+00]
  RHS range        [1e+00, 2e+01]

Presolve removed 2649 rows and 1075 columns
Presolve time: 0.02s
Presolved: 1022 rows, 2132 columns, 8409 nonzeros
Variable types: 0 continuous, 2132 integer (2113 binary)
Found heuristic solution: objective 5.0000000
Found heuristic solution: objective 4.0000000

Root relaxation: objective 0.000000e+00, 2548 iterations, 0.10 seconds (0.15 work units)

    Nodes    |    Current Node    |     Objective Bounds      |     Work
 Expl Unexpl |  Obj  Depth IntInf | Incumbent    BestBd   Gap | It/Node Time

     0     0    0.00000    0  313    4.00000    0.00000   100%     -    0s
H    0     0                       3.0000000    0.00000   100%     -    0s
H    0     0                       2.0000000    0.00000   100%     -    0s
     0     0    0.00000    0  426    2.00000    0.00000   100%     -    0s
     0     0    0.00000    0  546    2.00000    0.00000   100%     -    0s
     0     0    0.00000    0  128    2.00000    0.00000   100%     -    0s
     0     0    0.00000    0  371    2.00000    0.00000   100%     -    0s
     0     0    0.00000    0  231    2.00000    0.00000   100%     -    1s
     0     0    0.00000    0  361    2.00000    0.00000   100%     -    1s
     0     0    0.00000    0  151    2.00000    0.00000   100%     -    1s
     0     0    0.00000    0  250    2.00000    0.00000   100%     -    1s
     0     0    0.00000    0  315    2.00000    0.00000   100%     -    1s
     0     0    0.00000    0  285    2.00000    0.00000   100%     -    1s
     0     0    0.00000    0  357    2.00000    0.00000   100%     -    1s
     0     0    0.00000    0  248    2.00000    0.00000   100%     -    1s
     0     0    0.00000    0  248    2.00000    0.00000   100%     -    1s
     0     0    0.00000    0   74    2.00000    0.00000   100%     -    2s
     0     2    0.00000    0   74    2.00000    0.00000   100%     -    2s
H    5     5                       1.0000000    0.00000   100%   508    2s
H   16     3                       0.0000000    0.00000  0.00%   560    3s

Cutting planes:
  Cover: 1
  Clique: 15
  MIR: 1
  Flow cover: 2
  GUB cover: 1
  Zero half: 1
  RLT: 6

Explored 17 nodes (54842 simplex iterations) in 3.40 seconds (4.93 work units)
Thread count was 1 (of 8 available processors)

Solution count 6: 0 1 2 ... 5

Optimal solution found (tolerance 0.00e+00)
Best objective 0.000000000000e+00, best bound 0.000000000000e+00, gap 0.0000%
    SAT | IdleRange(P*)=0 | time=3.503711s | config=R-DC-IRP-GRB-MIP
    Excel: /home/dclng566/projects/Business-Meeting-Scheduling-Problem/output/gurobi/table03_excel/tic-13crafb.original.xlsx
Instance tic-12.original: 1 run(s)
[19/20] tic-12.original | reduced | gurobi_mip | P=native_linear | G=distance_closure | n/a
Set parameter WLSAccessID
Set parameter WLSSecret
Set parameter LicenseID to value 2663665
Academic license 2663665 - for non-commercial use only - registered to tu___@vnu.edu.vn
Set parameter OutputFlag to value 1
Set parameter Threads to value 1
Set parameter Seed to value 0
Set parameter MIPGap to value 0
Set parameter MIPGapAbs to value 0
Set parameter TimeLimit to value 7199.695257746
Gurobi Optimizer version 13.0.2 build v13.0.2rc1 (linux64 - "Ubuntu 22.04.5 LTS")

CPU model: INTEL(R) XEON(R) PLATINUM 8581C CPU @ 2.30GHz, instruction set [SSE2|AVX|AVX2|AVX512]
Thread count: 4 physical cores, 8 logical processors, using up to 1 threads

Non-default parameters:
TimeLimit  7199.695257746
MIPGap  0
MIPGapAbs  0
Threads  1

Academic license 2663665 - for non-commercial use only - registered to tu___@vnu.edu.vn
Optimize a model with 2591 rows, 1978 columns and 11096 nonzeros (Min)
Model fingerprint: 0x8de59005
Model has 1 linear objective coefficients
Variable types: 0 continuous, 1978 integer (1936 binary)
Coefficient statistics:
  Matrix range     [1e+00, 1e+00]
  Objective range  [1e+00, 1e+00]
  Bounds range     [1e+00, 6e+00]
  RHS range        [1e+00, 2e+01]

Presolve removed 1828 rows and 773 columns
Presolve time: 0.01s
Presolved: 763 rows, 1205 columns, 4914 nonzeros
Variable types: 0 continuous, 1205 integer (1189 binary)

Root relaxation: objective 0.000000e+00, 1384 iterations, 0.03 seconds (0.04 work units)

    Nodes    |    Current Node    |     Objective Bounds      |     Work
 Expl Unexpl |  Obj  Depth IntInf | Incumbent    BestBd   Gap | It/Node Time

     0     0    0.00000    0  256          -    0.00000      -     -    0s
H    0     0                       4.0000000    0.00000   100%     -    0s
H    0     0                       1.0000000    0.00000   100%     -    0s
     0     0    0.00000    0  312    1.00000    0.00000   100%     -    0s
     0     0    0.00000    0  249    1.00000    0.00000   100%     -    0s
     0     0    0.00000    0  286    1.00000    0.00000   100%     -    0s
     0     0    0.00000    0   23    1.00000    0.00000   100%     -    0s
     0     0    0.00000    0  156    1.00000    0.00000   100%     -    0s
H    0     0                       0.0000000    0.00000  0.00%     -    0s

Cutting planes:
  Gomory: 1
  Cover: 5
  Clique: 8
  Zero half: 11
  RLT: 14

Explored 1 nodes (5564 simplex iterations) in 0.29 seconds (0.37 work units)
Thread count was 1 (of 8 available processors)

Solution count 3: 0 1 4 

Optimal solution found (tolerance 0.00e+00)
Best objective 0.000000000000e+00, best bound 0.000000000000e+00, gap 0.0000%
    SAT | IdleRange(P*)=0 | time=0.350406s | config=R-DC-IRP-GRB-MIP
    Excel: /home/dclng566/projects/Business-Meeting-Scheduling-Problem/output/gurobi/table03_excel/tic-12.original.xlsx
Instance forumt-14crafd.original: 1 run(s)
[20/20] forumt-14crafd.original | reduced | gurobi_mip | P=native_linear | G=distance_closure | n/a
Set parameter WLSAccessID
Set parameter WLSSecret
Set parameter LicenseID to value 2663665
Academic license 2663665 - for non-commercial use only - registered to tu___@vnu.edu.vn
Set parameter OutputFlag to value 1
Set parameter Threads to value 1
Set parameter Seed to value 0
Set parameter MIPGap to value 0
Set parameter MIPGapAbs to value 0
Set parameter TimeLimit to value 7199.624985091
Gurobi Optimizer version 13.0.2 build v13.0.2rc1 (linux64 - "Ubuntu 22.04.5 LTS")

CPU model: INTEL(R) XEON(R) PLATINUM 8581C CPU @ 2.30GHz, instruction set [SSE2|AVX|AVX2|AVX512]
Thread count: 4 physical cores, 8 logical processors, using up to 1 threads

Non-default parameters:
TimeLimit  7199.624985091
MIPGap  0
MIPGapAbs  0
Threads  1

Academic license 2663665 - for non-commercial use only - registered to tu___@vnu.edu.vn
Optimize a model with 4826 rows, 4088 columns and 23188 nonzeros (Min)
Model fingerprint: 0xc65002bc
Model has 1 linear objective coefficients
Variable types: 0 continuous, 4088 integer (4026 binary)
Coefficient statistics:
  Matrix range     [1e+00, 1e+00]
  Objective range  [1e+00, 1e+00]
  Bounds range     [1e+00, 8e+00]
  RHS range        [1e+00, 2e+01]

Presolve removed 3387 rows and 1402 columns
Presolve time: 0.04s
Presolved: 1439 rows, 2686 columns, 10780 nonzeros
Variable types: 0 continuous, 2686 integer (2660 binary)

Root relaxation: objective 2.000000e+00, 3435 iterations, 0.17 seconds (0.27 work units)

    Nodes    |    Current Node    |     Objective Bounds      |     Work
 Expl Unexpl |  Obj  Depth IntInf | Incumbent    BestBd   Gap | It/Node Time

     0     0    2.00000    0  463          -    2.00000      -     -    0s
     0     0    2.00000    0  419          -    2.00000      -     -    0s
     0     0    2.00000    0  426          -    2.00000      -     -    0s
     0     0    2.00000    0  423          -    2.00000      -     -    0s
     0     0    2.00000    0  129          -    2.00000      -     -    1s
     0     0    2.00000    0  155          -    2.00000      -     -    1s
*    0     0               0       2.0000000    2.00000  0.00%     -    1s

Cutting planes:
  Gomory: 1
  Clique: 15
  MIR: 1
  Zero half: 21
  RLT: 2

Explored 1 nodes (21822 simplex iterations) in 1.36 seconds (1.90 work units)
Thread count was 1 (of 8 available processors)

Solution count 1: 2 

Optimal solution found (tolerance 0.00e+00)
Best objective 2.000000000000e+00, best bound 2.000000000000e+00, gap 0.0000%
    SAT | IdleRange(P*)=2 | time=1.49073s | config=R-DC-IRP-GRB-MIP
    Excel: /home/dclng566/projects/Business-Meeting-Scheduling-Problem/output/gurobi/table03_excel/forumt-14crafd.original.xlsx
Detailed CSV: /home/dclng566/projects/Business-Meeting-Scheduling-Problem/output/gurobi/table03_detailed.csv
Aggregate CSV: /home/dclng566/projects/Business-Meeting-Scheduling-Problem/output/gurobi/table03_aggregate.csv
Per-instance Excel directory: /home/dclng566/projects/Business-Meeting-Scheduling-Problem/output/gurobi/table03_excel
Completed with errors=0, timeouts=0.

Completed table03 successfully
Finished UTC: 2026-07-23 16:00:44

============================================================
Starting table06
Data directory : data_table06_forb
Started UTC    : 2026-07-23 16:00:44
Threads        : 1
Timeout        : 7200 seconds per instance
============================================================
B2B conference benchmark: 66 run(s), objective=IdleRange(P*)
Selected input paths: 66 (family=all, content_deduplicated=True)
Exact baselines: Reduced + DistanceClosure; threads=1, seed=0
Instance forum-13crafc.forb0007: 1 run(s)
[1/66] forum-13crafc.forb0007 | reduced | gurobi_mip | P=native_linear | G=distance_closure | n/a
Set parameter WLSAccessID
Set parameter WLSSecret
Set parameter LicenseID to value 2663665
Academic license 2663665 - for non-commercial use only - registered to tu___@vnu.edu.vn
Set parameter OutputFlag to value 1
Set parameter Threads to value 1
Set parameter Seed to value 0
Set parameter MIPGap to value 0
Set parameter MIPGapAbs to value 0
Set parameter TimeLimit to value 7199.597965717
Gurobi Optimizer version 13.0.2 build v13.0.2rc1 (linux64 - "Ubuntu 22.04.5 LTS")

CPU model: INTEL(R) XEON(R) PLATINUM 8581C CPU @ 2.30GHz, instruction set [SSE2|AVX|AVX2|AVX512]
Thread count: 4 physical cores, 8 logical processors, using up to 1 threads

Non-default parameters:
TimeLimit  7199.597965717
MIPGap  0
MIPGapAbs  0
Threads  1

Academic license 2663665 - for non-commercial use only - registered to tu___@vnu.edu.vn
Optimize a model with 9084 rows, 6049 columns and 33402 nonzeros (Min)
Model fingerprint: 0xfc3ee555
Model has 1 linear objective coefficients
Variable types: 0 continuous, 6049 integer (5988 binary)
Coefficient statistics:
  Matrix range     [1e+00, 1e+00]
  Objective range  [1e+00, 1e+00]
  Bounds range     [1e+00, 2e+01]
  RHS range        [1e+00, 4e+01]

Presolve removed 1614 rows and 552 columns
Presolve time: 0.04s
Presolved: 7470 rows, 5497 columns, 26817 nonzeros
Variable types: 0 continuous, 5497 integer (5437 binary)
Found heuristic solution: objective 14.0000000

Root relaxation: objective 0.000000e+00, 10900 iterations, 1.15 seconds (1.79 work units)

    Nodes    |    Current Node    |     Objective Bounds      |     Work
 Expl Unexpl |  Obj  Depth IntInf | Incumbent    BestBd   Gap | It/Node Time

     0     0    0.00000    0 2060   14.00000    0.00000   100%     -    1s
     0     0    0.00000    0 1577   14.00000    0.00000   100%     -    2s
H    0     0                      13.0000000    0.00000   100%     -    2s
H    0     0                      12.0000000    0.00000   100%     -    2s
     0     0    0.00000    0 1577   12.00000    0.00000   100%     -    2s
     0     0    0.00000    0 1031   12.00000    0.00000   100%     -    3s
H    0     0                      11.0000000    0.00000   100%     -    3s
H    0     0                      10.0000000    0.00000   100%     -    3s
     0     0    0.00000    0 1170   10.00000    0.00000   100%     -    4s
H    0     0                       9.0000000    0.00000   100%     -    4s
     0     0    0.00000    0 1179    9.00000    0.00000   100%     -    4s
     0     0    0.00000    0 1366    9.00000    0.00000   100%     -    5s
     0     0    0.00000    0 1363    9.00000    0.00000   100%     -    5s
     0     0    0.00000    0  694    9.00000    0.00000   100%     -    6s
H    0     0                       8.0000000    0.00000   100%     -    6s
H    0     0                       7.0000000    0.00000   100%     -    6s
     0     0    0.00000    0  644    7.00000    0.00000   100%     -    6s
     0     0    0.00000    0  725    7.00000    0.00000   100%     -    6s
     0     0    0.00000    0  620    7.00000    0.00000   100%     -    6s
H    0     0                       6.0000000    0.00000   100%     -    6s
     0     0    0.00000    0  589    6.00000    0.00000   100%     -    7s
     0     0    0.00000    0  643    6.00000    0.00000   100%     -    7s
     0     0    0.00000    0  425    6.00000    0.00000   100%     -    8s
     0     0    0.00000    0  507    6.00000    0.00000   100%     -    8s
     0     0    0.00000    0  484    6.00000    0.00000   100%     -    8s
     0     0    0.00000    0  266    6.00000    0.00000   100%     -    8s
H    0     0                       5.0000000    0.00000   100%     -    8s
H    0     0                       3.0000000    0.00000   100%     -    8s
     0     0    0.00000    0  439    3.00000    0.00000   100%     -    8s
     0     0    0.00000    0  531    3.00000    0.00000   100%     -    8s
     0     0    0.00000    0  394    3.00000    0.00000   100%     -    9s
H    0     0                       1.0000000    0.00000   100%     -    9s
H    0     0                       0.0000000    0.00000  0.00%     -    9s
     0     0    0.00000    0  394    0.00000    0.00000  0.00%     -    9s

Cutting planes:
  Gomory: 6
  Implied bound: 38
  Clique: 18
  MIR: 12
  Flow cover: 40
  Zero half: 42
  RLT: 80
  Relax-and-lift: 79
  BQP: 6

Explored 1 nodes (95923 simplex iterations) in 9.59 seconds (14.67 work units)
Thread count was 1 (of 8 available processors)

Solution count 10: 0 1 3 ... 11

Optimal solution found (tolerance 0.00e+00)
Best objective 0.000000000000e+00, best bound 0.000000000000e+00, gap 0.0000%
    SAT | IdleRange(P*)=0 | time=9.742609s | config=R-DC-IRP-GRB-MIP
    Excel: /home/dclng566/projects/Business-Meeting-Scheduling-Problem/output/gurobi/table06_excel/forum-13crafc.forb0007.xlsx
Instance forumt-14crafd.forb0003: 1 run(s)
[2/66] forumt-14crafd.forb0003 | reduced | gurobi_mip | P=native_linear | G=distance_closure | n/a
Set parameter WLSAccessID
Set parameter WLSSecret
Set parameter LicenseID to value 2663665
Academic license 2663665 - for non-commercial use only - registered to tu___@vnu.edu.vn
Set parameter OutputFlag to value 1
Set parameter Threads to value 1
Set parameter Seed to value 0
Set parameter MIPGap to value 0
Set parameter MIPGapAbs to value 0
Set parameter TimeLimit to value 7.1996560600839994e+03
Gurobi Optimizer version 13.0.2 build v13.0.2rc1 (linux64 - "Ubuntu 22.04.5 LTS")

CPU model: INTEL(R) XEON(R) PLATINUM 8581C CPU @ 2.30GHz, instruction set [SSE2|AVX|AVX2|AVX512]
Thread count: 4 physical cores, 8 logical processors, using up to 1 threads

Non-default parameters:
TimeLimit  7.1996560600839994e+03
MIPGap  0
MIPGapAbs  0
Threads  1

Academic license 2663665 - for non-commercial use only - registered to tu___@vnu.edu.vn
Optimize a model with 4902 rows, 4172 columns and 23753 nonzeros (Min)
Model fingerprint: 0x8eff9ba5
Model has 1 linear objective coefficients
Variable types: 0 continuous, 4172 integer (4110 binary)
Coefficient statistics:
  Matrix range     [1e+00, 1e+00]
  Objective range  [1e+00, 1e+00]
  Bounds range     [1e+00, 8e+00]
  RHS range        [1e+00, 2e+01]

Presolve time: 0.00s

Explored 0 nodes (0 simplex iterations) in 0.00 seconds (0.00 work units)
Thread count was 1 (of 8 available processors)

Solution count 0

Model is infeasible
Best objective -, best bound -, gap -
    UNSAT | IdleRange(P*)=None | time=0.097531s | config=R-DC-IRP-GRB-MIP
    Excel: /home/dclng566/projects/Business-Meeting-Scheduling-Problem/output/gurobi/table06_excel/forumt-14crafd.forb0003.xlsx
Instance ticf-13crafb.fixed020-Forb: 1 run(s)
[3/66] ticf-13crafb.fixed020-Forb | reduced | gurobi_mip | P=native_linear | G=distance_closure | n/a
Set parameter WLSAccessID
Set parameter WLSSecret
Set parameter LicenseID to value 2663665
Academic license 2663665 - for non-commercial use only - registered to tu___@vnu.edu.vn
Set parameter OutputFlag to value 1
Set parameter Threads to value 1
Set parameter Seed to value 0
Set parameter MIPGap to value 0
Set parameter MIPGapAbs to value 0
Set parameter TimeLimit to value 7199.543039
Gurobi Optimizer version 13.0.2 build v13.0.2rc1 (linux64 - "Ubuntu 22.04.5 LTS")

CPU model: INTEL(R) XEON(R) PLATINUM 8581C CPU @ 2.30GHz, instruction set [SSE2|AVX|AVX2|AVX512]
Thread count: 4 physical cores, 8 logical processors, using up to 1 threads

Non-default parameters:
TimeLimit  7199.543039
MIPGap  0
MIPGapAbs  0
Threads  1

Academic license 2663665 - for non-commercial use only - registered to tu___@vnu.edu.vn
Optimize a model with 9119 rows, 5842 columns and 32098 nonzeros (Min)
Model fingerprint: 0xedce29bf
Model has 1 linear objective coefficients
Variable types: 0 continuous, 5842 integer (5783 binary)
Coefficient statistics:
  Matrix range     [1e+00, 1e+00]
  Objective range  [1e+00, 1e+00]
  Bounds range     [1e+00, 2e+01]
  RHS range        [1e+00, 4e+01]

Presolve removed 6318 rows and 2696 columns
Presolve time: 0.08s
Presolved: 2801 rows, 3146 columns, 13889 nonzeros
Variable types: 0 continuous, 3146 integer (3133 binary)
Found heuristic solution: objective 20.0000000
Found heuristic solution: objective 19.0000000

Root relaxation: objective 1.700000e+01, 3266 iterations, 0.12 seconds (0.17 work units)

    Nodes    |    Current Node    |     Objective Bounds      |     Work
 Expl Unexpl |  Obj  Depth IntInf | Incumbent    BestBd   Gap | It/Node Time

     0     0   17.00000    0   41   19.00000   17.00000  10.5%     -    0s
H    0     0                      18.0000000   17.00000  5.56%     -    0s
H    0     0                      17.0000000   17.00000  0.00%     -    0s
     0     0   17.00000    0   41   17.00000   17.00000  0.00%     -    0s

Explored 1 nodes (4403 simplex iterations) in 0.27 seconds (0.39 work units)
Thread count was 1 (of 8 available processors)

Solution count 4: 17 18 19 20 

Optimal solution found (tolerance 0.00e+00)
Best objective 1.700000000000e+01, best bound 1.700000000000e+01, gap 0.0000%
    SAT | IdleRange(P*)=17 | time=0.480293s | config=R-DC-IRP-GRB-MIP
    Excel: /home/dclng566/projects/Business-Meeting-Scheduling-Problem/output/gurobi/table06_excel/ticf-13crafb.fixed020-Forb.xlsx
Instance tic-13crafb.forb0003: 1 run(s)
[4/66] tic-13crafb.forb0003 | reduced | gurobi_mip | P=native_linear | G=distance_closure | n/a
Set parameter WLSAccessID
Set parameter WLSSecret
Set parameter LicenseID to value 2663665
Academic license 2663665 - for non-commercial use only - registered to tu___@vnu.edu.vn
Set parameter OutputFlag to value 1
Set parameter Threads to value 1
Set parameter Seed to value 0
Set parameter MIPGap to value 0
Set parameter MIPGapAbs to value 0
Set parameter TimeLimit to value 7199.64911923
Gurobi Optimizer version 13.0.2 build v13.0.2rc1 (linux64 - "Ubuntu 22.04.5 LTS")

CPU model: INTEL(R) XEON(R) PLATINUM 8581C CPU @ 2.30GHz, instruction set [SSE2|AVX|AVX2|AVX512]
Thread count: 4 physical cores, 8 logical processors, using up to 1 threads

Non-default parameters:
TimeLimit  7199.64911923
MIPGap  0
MIPGapAbs  0
Threads  1

Academic license 2663665 - for non-commercial use only - registered to tu___@vnu.edu.vn
Optimize a model with 3665 rows, 3200 columns and 18236 nonzeros (Min)
Model fingerprint: 0xaba9adae
Model has 1 linear objective coefficients
Variable types: 0 continuous, 3200 integer (3153 binary)
Coefficient statistics:
  Matrix range     [1e+00, 1e+00]
  Objective range  [1e+00, 1e+00]
  Bounds range     [1e+00, 8e+00]
  RHS range        [1e+00, 2e+01]

Presolve removed 2647 rows and 1076 columns
Presolve time: 0.02s
Presolved: 1018 rows, 2124 columns, 8376 nonzeros
Variable types: 0 continuous, 2124 integer (2105 binary)
Found heuristic solution: objective 5.0000000
Found heuristic solution: objective 4.0000000

Root relaxation: objective 0.000000e+00, 2460 iterations, 0.09 seconds (0.13 work units)

    Nodes    |    Current Node    |     Objective Bounds      |     Work
 Expl Unexpl |  Obj  Depth IntInf | Incumbent    BestBd   Gap | It/Node Time

     0     0    0.00000    0  347    4.00000    0.00000   100%     -    0s
H    0     0                       3.0000000    0.00000   100%     -    0s
     0     0    0.00000    0  421    3.00000    0.00000   100%     -    0s
     0     0    0.00000    0  411    3.00000    0.00000   100%     -    0s
     0     0    0.00000    0  395    3.00000    0.00000   100%     -    0s
     0     0    0.00000    0  161    3.00000    0.00000   100%     -    0s
H    0     0                       2.0000000    0.00000   100%     -    0s
     0     0    0.00000    0  413    2.00000    0.00000   100%     -    0s
     0     0    0.00000    0   24    2.00000    0.00000   100%     -    1s
H    0     0                       1.0000000    0.00000   100%     -    1s
     0     0    0.00000    0  249    1.00000    0.00000   100%     -    1s
     0     0    0.00000    0   68    1.00000    0.00000   100%     -    1s
     0     0    0.00000    0  349    1.00000    0.00000   100%     -    1s
     0     0    0.00000    0    6    1.00000    0.00000   100%     -    1s
     0     0    0.00000    0  241    1.00000    0.00000   100%     -    1s
     0     0    0.00000    0   22    1.00000    0.00000   100%     -    1s
     0     0    0.00000    0  386    1.00000    0.00000   100%     -    1s
     0     0    0.00000    0   22    1.00000    0.00000   100%     -    1s
     0     0    0.00000    0   22    1.00000    0.00000   100%     -    1s
     0     0    0.00000    0   22    1.00000    0.00000   100%     -    2s
     0     2    0.00000    0   22    1.00000    0.00000   100%     -    2s
*   18     4              12       0.0000000    0.00000  0.00%   641    2s

Cutting planes:
  Gomory: 1
  Cover: 1
  Clique: 19
  Flow cover: 2
  GUB cover: 2
  Zero half: 9
  RLT: 10

Explored 19 nodes (48235 simplex iterations) in 2.77 seconds (3.84 work units)
Thread count was 1 (of 8 available processors)

Solution count 6: 0 1 2 ... 5

Optimal solution found (tolerance 0.00e+00)
Best objective 0.000000000000e+00, best bound 0.000000000000e+00, gap 0.0000%
    SAT | IdleRange(P*)=0 | time=2.869804s | config=R-DC-IRP-GRB-MIP
    Excel: /home/dclng566/projects/Business-Meeting-Scheduling-Problem/output/gurobi/table06_excel/tic-13crafb.forb0003.xlsx
Instance forum-13crafc.fixed040-Forb: 1 run(s)
[5/66] forum-13crafc.fixed040-Forb | reduced | gurobi_mip | P=native_linear | G=distance_closure | n/a
Set parameter WLSAccessID
Set parameter WLSSecret
Set parameter LicenseID to value 2663665
Academic license 2663665 - for non-commercial use only - registered to tu___@vnu.edu.vn
Set parameter OutputFlag to value 1
Set parameter Threads to value 1
Set parameter Seed to value 0
Set parameter MIPGap to value 0
Set parameter MIPGapAbs to value 0
Set parameter TimeLimit to value 7199.657257485
Gurobi Optimizer version 13.0.2 build v13.0.2rc1 (linux64 - "Ubuntu 22.04.5 LTS")

CPU model: INTEL(R) XEON(R) PLATINUM 8581C CPU @ 2.30GHz, instruction set [SSE2|AVX|AVX2|AVX512]
Thread count: 4 physical cores, 8 logical processors, using up to 1 threads

Non-default parameters:
TimeLimit  7199.657257485
MIPGap  0
MIPGapAbs  0
Threads  1

Academic license 2663665 - for non-commercial use only - registered to tu___@vnu.edu.vn
Optimize a model with 7745 rows, 4528 columns and 23397 nonzeros (Min)
Model fingerprint: 0x702643f1
Model has 1 linear objective coefficients
Variable types: 0 continuous, 4528 integer (4467 binary)
Coefficient statistics:
  Matrix range     [1e+00, 1e+00]
  Objective range  [1e+00, 1e+00]
  Bounds range     [1e+00, 2e+01]
  RHS range        [1e+00, 4e+01]

Presolve removed 5927 rows and 2890 columns
Presolve time: 0.05s
Presolved: 1818 rows, 1638 columns, 7523 nonzeros
Variable types: 0 continuous, 1638 integer (1615 binary)
Found heuristic solution: objective 15.0000000

Root relaxation: objective 1.200000e+01, 1402 iterations, 0.02 seconds (0.02 work units)

    Nodes    |    Current Node    |     Objective Bounds      |     Work
 Expl Unexpl |  Obj  Depth IntInf | Incumbent    BestBd   Gap | It/Node Time

     0     0   12.00000    0   14   15.00000   12.00000  20.0%     -    0s
     0     0   12.00000    0   17   15.00000   12.00000  20.0%     -    0s
H    0     0                      13.0000000   12.00000  7.69%     -    0s
H    0     0                      12.0000000   12.00000  0.00%     -    0s
     0     0   12.00000    0   17   12.00000   12.00000  0.00%     -    0s

Explored 1 nodes (2063 simplex iterations) in 0.09 seconds (0.11 work units)
Thread count was 1 (of 8 available processors)

Solution count 3: 12 13 15 

Optimal solution found (tolerance 0.00e+00)
Best objective 1.200000000000e+01, best bound 1.200000000000e+01, gap 0.0000%
    SAT | IdleRange(P*)=12 | time=0.181806s | config=R-DC-IRP-GRB-MIP
    Excel: /home/dclng566/projects/Business-Meeting-Scheduling-Problem/output/gurobi/table06_excel/forum-13crafc.fixed040-Forb.xlsx
Instance forumt-14crafe.forb0007: 1 run(s)
[6/66] forumt-14crafe.forb0007 | reduced | gurobi_mip | P=native_linear | G=distance_closure | n/a
Set parameter WLSAccessID
Set parameter WLSSecret
Set parameter LicenseID to value 2663665
Academic license 2663665 - for non-commercial use only - registered to tu___@vnu.edu.vn
Set parameter OutputFlag to value 1
Set parameter Threads to value 1
Set parameter Seed to value 0
Set parameter MIPGap to value 0
Set parameter MIPGapAbs to value 0
Set parameter TimeLimit to value 7199.690971533
Gurobi Optimizer version 13.0.2 build v13.0.2rc1 (linux64 - "Ubuntu 22.04.5 LTS")

CPU model: INTEL(R) XEON(R) PLATINUM 8581C CPU @ 2.30GHz, instruction set [SSE2|AVX|AVX2|AVX512]
Thread count: 4 physical cores, 8 logical processors, using up to 1 threads

Non-default parameters:
TimeLimit  7199.690971533
MIPGap  0
MIPGapAbs  0
Threads  1

Academic license 2663665 - for non-commercial use only - registered to tu___@vnu.edu.vn
Optimize a model with 4884 rows, 4148 columns and 23594 nonzeros (Min)
Model fingerprint: 0xfc6ad9d4
Model has 1 linear objective coefficients
Variable types: 0 continuous, 4148 integer (4086 binary)
Coefficient statistics:
  Matrix range     [1e+00, 1e+00]
  Objective range  [1e+00, 1e+00]
  Bounds range     [1e+00, 8e+00]
  RHS range        [1e+00, 2e+01]

Presolve time: 0.00s

Explored 0 nodes (0 simplex iterations) in 0.00 seconds (0.00 work units)
Thread count was 1 (of 8 available processors)

Solution count 0

Model is infeasible
Best objective -, best bound -, gap -
    UNSAT | IdleRange(P*)=None | time=0.062914s | config=R-DC-IRP-GRB-MIP
    Excel: /home/dclng566/projects/Business-Meeting-Scheduling-Problem/output/gurobi/table06_excel/forumt-14crafe.forb0007.xlsx
Instance forumt-14crafd.fixed040-Forb: 1 run(s)
[7/66] forumt-14crafd.fixed040-Forb | reduced | gurobi_mip | P=native_linear | G=distance_closure | n/a
Set parameter WLSAccessID
Set parameter WLSSecret
Set parameter LicenseID to value 2663665
Academic license 2663665 - for non-commercial use only - registered to tu___@vnu.edu.vn
Set parameter OutputFlag to value 1
Set parameter Threads to value 1
Set parameter Seed to value 0
Set parameter MIPGap to value 0
Set parameter MIPGapAbs to value 0
Set parameter TimeLimit to value 7199.692790714
Gurobi Optimizer version 13.0.2 build v13.0.2rc1 (linux64 - "Ubuntu 22.04.5 LTS")

CPU model: INTEL(R) XEON(R) PLATINUM 8581C CPU @ 2.30GHz, instruction set [SSE2|AVX|AVX2|AVX512]
Thread count: 4 physical cores, 8 logical processors, using up to 1 threads

Non-default parameters:
TimeLimit  7199.692790714
MIPGap  0
MIPGapAbs  0
Threads  1

Academic license 2663665 - for non-commercial use only - registered to tu___@vnu.edu.vn
Optimize a model with 4574 rows, 2676 columns and 14492 nonzeros (Min)
Model fingerprint: 0xb02561fd
Model has 1 linear objective coefficients
Variable types: 0 continuous, 2676 integer (2614 binary)
Coefficient statistics:
  Matrix range     [1e+00, 1e+00]
  Objective range  [1e+00, 1e+00]
  Bounds range     [1e+00, 8e+00]
  RHS range        [1e+00, 2e+01]

Presolve time: 0.00s

Explored 0 nodes (0 simplex iterations) in 0.00 seconds (0.00 work units)
Thread count was 1 (of 8 available processors)

Solution count 0

Model is infeasible
Best objective -, best bound -, gap -
    UNSAT | IdleRange(P*)=None | time=0.060011s | config=R-DC-IRP-GRB-MIP
    Excel: /home/dclng566/projects/Business-Meeting-Scheduling-Problem/output/gurobi/table06_excel/forumt-14crafd.fixed040-Forb.xlsx
Instance tic-14crafd.fixed020-Forb: 1 run(s)
[8/66] tic-14crafd.fixed020-Forb | reduced | gurobi_mip | P=native_linear | G=distance_closure | n/a
Set parameter WLSAccessID
Set parameter WLSSecret
Set parameter LicenseID to value 2663665
Academic license 2663665 - for non-commercial use only - registered to tu___@vnu.edu.vn
Set parameter OutputFlag to value 1
Set parameter Threads to value 1
Set parameter Seed to value 0
Set parameter MIPGap to value 0
Set parameter MIPGapAbs to value 0
Set parameter TimeLimit to value 7.1996348545079991e+03
Gurobi Optimizer version 13.0.2 build v13.0.2rc1 (linux64 - "Ubuntu 22.04.5 LTS")

CPU model: INTEL(R) XEON(R) PLATINUM 8581C CPU @ 2.30GHz, instruction set [SSE2|AVX|AVX2|AVX512]
Thread count: 4 physical cores, 8 logical processors, using up to 1 threads

Non-default parameters:
TimeLimit  7.1996348545079991e+03
MIPGap  0
MIPGapAbs  0
Threads  1

Academic license 2663665 - for non-commercial use only - registered to tu___@vnu.edu.vn
Optimize a model with 4789 rows, 3212 columns and 17882 nonzeros (Min)
Model fingerprint: 0x493c7ec0
Model has 1 linear objective coefficients
Variable types: 0 continuous, 3212 integer (3150 binary)
Coefficient statistics:
  Matrix range     [1e+00, 1e+00]
  Objective range  [1e+00, 1e+00]
  Bounds range     [1e+00, 8e+00]
  RHS range        [1e+00, 2e+01]

Presolve removed 3734 rows and 1632 columns
Presolve time: 0.03s
Presolved: 1055 rows, 1580 columns, 6504 nonzeros
Variable types: 0 continuous, 1580 integer (1565 binary)

Root relaxation: objective 3.000000e+00, 2037 iterations, 0.07 seconds (0.09 work units)

    Nodes    |    Current Node    |     Objective Bounds      |     Work
 Expl Unexpl |  Obj  Depth IntInf | Incumbent    BestBd   Gap | It/Node Time

     0     0    3.00000    0  218          -    3.00000      -     -    0s
     0     0    3.00000    0  222          -    3.00000      -     -    0s
     0     0    3.00000    0  209          -    3.00000      -     -    0s
     0     0    3.00000    0  183          -    3.00000      -     -    0s
*    0     0               0       3.0000000    3.00000  0.00%     -    0s

Cutting planes:
  Gomory: 16
  Clique: 2
  Zero half: 21

Explored 1 nodes (4897 simplex iterations) in 0.29 seconds (0.35 work units)
Thread count was 1 (of 8 available processors)

Solution count 1: 3 

Optimal solution found (tolerance 0.00e+00)
Best objective 3.000000000000e+00, best bound 3.000000000000e+00, gap 0.0000%
    SAT | IdleRange(P*)=3 | time=0.411349s | config=R-DC-IRP-GRB-MIP
    Excel: /home/dclng566/projects/Business-Meeting-Scheduling-Problem/output/gurobi/table06_excel/tic-14crafd.fixed020-Forb.xlsx
Instance forum-13crafb.fixed020-Forb: 1 run(s)
[9/66] forum-13crafb.fixed020-Forb | reduced | gurobi_mip | P=native_linear | G=distance_closure | n/a
Set parameter WLSAccessID
Set parameter WLSSecret
Set parameter LicenseID to value 2663665
Academic license 2663665 - for non-commercial use only - registered to tu___@vnu.edu.vn
Set parameter OutputFlag to value 1
Set parameter Threads to value 1
Set parameter Seed to value 0
Set parameter MIPGap to value 0
Set parameter MIPGapAbs to value 0
Set parameter TimeLimit to value 7199.549007224
Gurobi Optimizer version 13.0.2 build v13.0.2rc1 (linux64 - "Ubuntu 22.04.5 LTS")

CPU model: INTEL(R) XEON(R) PLATINUM 8581C CPU @ 2.30GHz, instruction set [SSE2|AVX|AVX2|AVX512]
Thread count: 4 physical cores, 8 logical processors, using up to 1 threads

Non-default parameters:
TimeLimit  7199.549007224
MIPGap  0
MIPGapAbs  0
Threads  1

Academic license 2663665 - for non-commercial use only - registered to tu___@vnu.edu.vn
Optimize a model with 8999 rows, 5763 columns and 31534 nonzeros (Min)
Model fingerprint: 0xf747881b
Model has 1 linear objective coefficients
Variable types: 0 continuous, 5763 integer (5704 binary)
Coefficient statistics:
  Matrix range     [1e+00, 1e+00]
  Objective range  [1e+00, 1e+00]
  Bounds range     [1e+00, 2e+01]
  RHS range        [1e+00, 4e+01]

Presolve removed 6290 rows and 2715 columns
Presolve time: 0.08s
Presolved: 2709 rows, 3048 columns, 13459 nonzeros
Variable types: 0 continuous, 3048 integer (3035 binary)
Found heuristic solution: objective 20.0000000
Found heuristic solution: objective 19.0000000

Root relaxation: objective 1.700000e+01, 3136 iterations, 0.11 seconds (0.15 work units)

    Nodes    |    Current Node    |     Objective Bounds      |     Work
 Expl Unexpl |  Obj  Depth IntInf | Incumbent    BestBd   Gap | It/Node Time

     0     0   17.00000    0   52   19.00000   17.00000  10.5%     -    0s
H    0     0                      18.0000000   17.00000  5.56%     -    0s
H    0     0                      17.0000000   17.00000  0.00%     -    0s
     0     0   17.00000    0   52   17.00000   17.00000  0.00%     -    0s

Explored 1 nodes (4253 simplex iterations) in 0.24 seconds (0.34 work units)
Thread count was 1 (of 8 available processors)

Solution count 4: 17 18 19 20 

Optimal solution found (tolerance 0.00e+00)
Best objective 1.700000000000e+01, best bound 1.700000000000e+01, gap 0.0000%
    SAT | IdleRange(P*)=17 | time=0.443376s | config=R-DC-IRP-GRB-MIP
    Excel: /home/dclng566/projects/Business-Meeting-Scheduling-Problem/output/gurobi/table06_excel/forum-13crafb.fixed020-Forb.xlsx
Instance tic-13crafc.forb0003: 1 run(s)
[10/66] tic-13crafc.forb0003 | reduced | gurobi_mip | P=native_linear | G=distance_closure | n/a
Set parameter WLSAccessID
Set parameter WLSSecret
Set parameter LicenseID to value 2663665
Academic license 2663665 - for non-commercial use only - registered to tu___@vnu.edu.vn
Set parameter OutputFlag to value 1
Set parameter Threads to value 1
Set parameter Seed to value 0
Set parameter MIPGap to value 0
Set parameter MIPGapAbs to value 0
Set parameter TimeLimit to value 7199.688820135
Gurobi Optimizer version 13.0.2 build v13.0.2rc1 (linux64 - "Ubuntu 22.04.5 LTS")

CPU model: INTEL(R) XEON(R) PLATINUM 8581C CPU @ 2.30GHz, instruction set [SSE2|AVX|AVX2|AVX512]
Thread count: 4 physical cores, 8 logical processors, using up to 1 threads

Non-default parameters:
TimeLimit  7199.688820135
MIPGap  0
MIPGapAbs  0
Threads  1

Academic license 2663665 - for non-commercial use only - registered to tu___@vnu.edu.vn
Optimize a model with 3740 rows, 3178 columns and 18103 nonzeros (Min)
Model fingerprint: 0x21a90018
Model has 1 linear objective coefficients
Variable types: 0 continuous, 3178 integer (3130 binary)
Coefficient statistics:
  Matrix range     [1e+00, 1e+00]
  Objective range  [1e+00, 1e+00]
  Bounds range     [1e+00, 6e+00]
  RHS range        [1e+00, 2e+01]

Presolve time: 0.00s

Explored 0 nodes (0 simplex iterations) in 0.00 seconds (0.00 work units)
Thread count was 1 (of 8 available processors)

Solution count 0

Model is infeasible
Best objective -, best bound -, gap -
    UNSAT | IdleRange(P*)=None | time=0.064074s | config=R-DC-IRP-GRB-MIP
    Excel: /home/dclng566/projects/Business-Meeting-Scheduling-Problem/output/gurobi/table06_excel/tic-13crafc.forb0003.xlsx
Instance forum-13.fixed040-Forb: 1 run(s)
[11/66] forum-13.fixed040-Forb | reduced | gurobi_mip | P=native_linear | G=distance_closure | n/a
Set parameter WLSAccessID
Set parameter WLSSecret
Set parameter LicenseID to value 2663665
Academic license 2663665 - for non-commercial use only - registered to tu___@vnu.edu.vn
Set parameter OutputFlag to value 1
Set parameter Threads to value 1
Set parameter Seed to value 0
Set parameter MIPGap to value 0
Set parameter MIPGapAbs to value 0
Set parameter TimeLimit to value 7199.656768338
Gurobi Optimizer version 13.0.2 build v13.0.2rc1 (linux64 - "Ubuntu 22.04.5 LTS")

CPU model: INTEL(R) XEON(R) PLATINUM 8581C CPU @ 2.30GHz, instruction set [SSE2|AVX|AVX2|AVX512]
Thread count: 4 physical cores, 8 logical processors, using up to 1 threads

Non-default parameters:
TimeLimit  7199.656768338
MIPGap  0
MIPGapAbs  0
Threads  1

Academic license 2663665 - for non-commercial use only - registered to tu___@vnu.edu.vn
Optimize a model with 7745 rows, 4528 columns and 23397 nonzeros (Min)
Model fingerprint: 0x0772574a
Model has 1 linear objective coefficients
Variable types: 0 continuous, 4528 integer (4467 binary)
Coefficient statistics:
  Matrix range     [1e+00, 1e+00]
  Objective range  [1e+00, 1e+00]
  Bounds range     [1e+00, 2e+01]
  RHS range        [1e+00, 4e+01]

Presolve removed 5927 rows and 2890 columns
Presolve time: 0.05s
Presolved: 1818 rows, 1638 columns, 7523 nonzeros
Variable types: 0 continuous, 1638 integer (1615 binary)
Found heuristic solution: objective 15.0000000
Found heuristic solution: objective 14.0000000

Root relaxation: objective 1.200000e+01, 1328 iterations, 0.02 seconds (0.02 work units)

    Nodes    |    Current Node    |     Objective Bounds      |     Work
 Expl Unexpl |  Obj  Depth IntInf | Incumbent    BestBd   Gap | It/Node Time

*    0     0               0      12.0000000   12.00000  0.00%     -    0s

Explored 1 nodes (1939 simplex iterations) in 0.08 seconds (0.11 work units)
Thread count was 1 (of 8 available processors)

Solution count 3: 12 14 15 

Optimal solution found (tolerance 0.00e+00)
Best objective 1.200000000000e+01, best bound 1.200000000000e+01, gap 0.0000%
    SAT | IdleRange(P*)=12 | time=0.180963s | config=R-DC-IRP-GRB-MIP
    Excel: /home/dclng566/projects/Business-Meeting-Scheduling-Problem/output/gurobi/table06_excel/forum-13.fixed040-Forb.xlsx
Instance tic-13.fixed040-Forb: 1 run(s)
[12/66] tic-13.fixed040-Forb | reduced | gurobi_mip | P=native_linear | G=distance_closure | n/a
Set parameter WLSAccessID
Set parameter WLSSecret
Set parameter LicenseID to value 2663665
Academic license 2663665 - for non-commercial use only - registered to tu___@vnu.edu.vn
Set parameter OutputFlag to value 1
Set parameter Threads to value 1
Set parameter Seed to value 0
Set parameter MIPGap to value 0
Set parameter MIPGapAbs to value 0
Set parameter TimeLimit to value 7199.687727503
Gurobi Optimizer version 13.0.2 build v13.0.2rc1 (linux64 - "Ubuntu 22.04.5 LTS")

CPU model: INTEL(R) XEON(R) PLATINUM 8581C CPU @ 2.30GHz, instruction set [SSE2|AVX|AVX2|AVX512]
Thread count: 4 physical cores, 8 logical processors, using up to 1 threads

Non-default parameters:
TimeLimit  7199.687727503
MIPGap  0
MIPGapAbs  0
Threads  1

Academic license 2663665 - for non-commercial use only - registered to tu___@vnu.edu.vn
Optimize a model with 3522 rows, 1966 columns and 10624 nonzeros (Min)
Model fingerprint: 0x16ab76d4
Model has 1 linear objective coefficients
Variable types: 0 continuous, 1966 integer (1918 binary)
Coefficient statistics:
  Matrix range     [1e+00, 1e+00]
  Objective range  [1e+00, 1e+00]
  Bounds range     [1e+00, 6e+00]
  RHS range        [1e+00, 2e+01]

Presolve removed 3016 rows and 1378 columns
Presolve time: 0.01s
Presolved: 506 rows, 588 columns, 2399 nonzeros
Variable types: 0 continuous, 588 integer (585 binary)

Root relaxation: objective 4.000000e+00, 720 iterations, 0.01 seconds (0.01 work units)

    Nodes    |    Current Node    |     Objective Bounds      |     Work
 Expl Unexpl |  Obj  Depth IntInf | Incumbent    BestBd   Gap | It/Node Time

H    0     0                       4.0000000    4.00000  0.00%     -    0s
     0     0    4.00000    0  269    4.00000    4.00000  0.00%     -    0s

Explored 1 nodes (720 simplex iterations) in 0.03 seconds (0.03 work units)
Thread count was 1 (of 8 available processors)

Solution count 1: 4 

Optimal solution found (tolerance 0.00e+00)
Best objective 4.000000000000e+00, best bound 4.000000000000e+00, gap 0.0000%
    SAT | IdleRange(P*)=4 | time=0.089822s | config=R-DC-IRP-GRB-MIP
    Excel: /home/dclng566/projects/Business-Meeting-Scheduling-Problem/output/gurobi/table06_excel/tic-13.fixed040-Forb.xlsx
Instance tic-13crafc.fixed040-Forb: 1 run(s)
[13/66] tic-13crafc.fixed040-Forb | reduced | gurobi_mip | P=native_linear | G=distance_closure | n/a
Set parameter WLSAccessID
Set parameter WLSSecret
Set parameter LicenseID to value 2663665
Academic license 2663665 - for non-commercial use only - registered to tu___@vnu.edu.vn
Set parameter OutputFlag to value 1
Set parameter Threads to value 1
Set parameter Seed to value 0
Set parameter MIPGap to value 0
Set parameter MIPGapAbs to value 0
Set parameter TimeLimit to value 7.1996870721020005e+03
Gurobi Optimizer version 13.0.2 build v13.0.2rc1 (linux64 - "Ubuntu 22.04.5 LTS")

CPU model: INTEL(R) XEON(R) PLATINUM 8581C CPU @ 2.30GHz, instruction set [SSE2|AVX|AVX2|AVX512]
Thread count: 4 physical cores, 8 logical processors, using up to 1 threads

Non-default parameters:
TimeLimit  7.1996870721020005e+03
MIPGap  0
MIPGapAbs  0
Threads  1

Academic license 2663665 - for non-commercial use only - registered to tu___@vnu.edu.vn
Optimize a model with 3522 rows, 1966 columns and 10624 nonzeros (Min)
Model fingerprint: 0x6cb66d25
Model has 1 linear objective coefficients
Variable types: 0 continuous, 1966 integer (1918 binary)
Coefficient statistics:
  Matrix range     [1e+00, 1e+00]
  Objective range  [1e+00, 1e+00]
  Bounds range     [1e+00, 6e+00]
  RHS range        [1e+00, 2e+01]

Presolve removed 3014 rows and 1378 columns
Presolve time: 0.01s
Presolved: 508 rows, 588 columns, 2478 nonzeros
Variable types: 0 continuous, 588 integer (585 binary)

Root relaxation: objective 4.000000e+00, 838 iterations, 0.01 seconds (0.02 work units)

    Nodes    |    Current Node    |     Objective Bounds      |     Work
 Expl Unexpl |  Obj  Depth IntInf | Incumbent    BestBd   Gap | It/Node Time

     0     0    4.00000    0   26          -    4.00000      -     -    0s
H    0     0                       4.0000000    4.00000  0.00%     -    0s

Explored 1 nodes (1149 simplex iterations) in 0.04 seconds (0.04 work units)
Thread count was 1 (of 8 available processors)

Solution count 1: 4 

Optimal solution found (tolerance 0.00e+00)
Best objective 4.000000000000e+00, best bound 4.000000000000e+00, gap 0.0000%
    SAT | IdleRange(P*)=4 | time=0.10026s | config=R-DC-IRP-GRB-MIP
    Excel: /home/dclng566/projects/Business-Meeting-Scheduling-Problem/output/gurobi/table06_excel/tic-13crafc.fixed040-Forb.xlsx
Instance tic-14crafa.fixed040-Forb: 1 run(s)
[14/66] tic-14crafa.fixed040-Forb | reduced | gurobi_mip | P=native_linear | G=distance_closure | n/a
Set parameter WLSAccessID
Set parameter WLSSecret
Set parameter LicenseID to value 2663665
Academic license 2663665 - for non-commercial use only - registered to tu___@vnu.edu.vn
Set parameter OutputFlag to value 1
Set parameter Threads to value 1
Set parameter Seed to value 0
Set parameter MIPGap to value 0
Set parameter MIPGapAbs to value 0
Set parameter TimeLimit to value 7199.691242883
Gurobi Optimizer version 13.0.2 build v13.0.2rc1 (linux64 - "Ubuntu 22.04.5 LTS")

CPU model: INTEL(R) XEON(R) PLATINUM 8581C CPU @ 2.30GHz, instruction set [SSE2|AVX|AVX2|AVX512]
Thread count: 4 physical cores, 8 logical processors, using up to 1 threads

Non-default parameters:
TimeLimit  7199.691242883
MIPGap  0
MIPGapAbs  0
Threads  1

Academic license 2663665 - for non-commercial use only - registered to tu___@vnu.edu.vn
Optimize a model with 4655 rows, 2712 columns and 14775 nonzeros (Min)
Model fingerprint: 0xb53d45ad
Model has 1 linear objective coefficients
Variable types: 0 continuous, 2712 integer (2650 binary)
Coefficient statistics:
  Matrix range     [1e+00, 1e+00]
  Objective range  [1e+00, 1e+00]
  Bounds range     [1e+00, 7e+00]
  RHS range        [1e+00, 3e+01]

Presolve time: 0.00s

Explored 0 nodes (0 simplex iterations) in 0.00 seconds (0.00 work units)
Thread count was 1 (of 8 available processors)

Solution count 0

Model is infeasible
Best objective -, best bound -, gap -
    UNSAT | IdleRange(P*)=None | time=0.061295s | config=R-DC-IRP-GRB-MIP
    Excel: /home/dclng566/projects/Business-Meeting-Scheduling-Problem/output/gurobi/table06_excel/tic-14crafa.fixed040-Forb.xlsx
Instance tic-12crafc.fixed020-Forb: 1 run(s)
[15/66] tic-12crafc.fixed020-Forb | reduced | gurobi_mip | P=native_linear | G=distance_closure | n/a
Set parameter WLSAccessID
Set parameter WLSSecret
Set parameter LicenseID to value 2663665
Academic license 2663665 - for non-commercial use only - registered to tu___@vnu.edu.vn
Set parameter OutputFlag to value 1
Set parameter Threads to value 1
Set parameter Seed to value 0
Set parameter MIPGap to value 0
Set parameter MIPGapAbs to value 0
Set parameter TimeLimit to value 7.1997005278599991e+03
Gurobi Optimizer version 13.0.2 build v13.0.2rc1 (linux64 - "Ubuntu 22.04.5 LTS")

CPU model: INTEL(R) XEON(R) PLATINUM 8581C CPU @ 2.30GHz, instruction set [SSE2|AVX|AVX2|AVX512]
Thread count: 4 physical cores, 8 logical processors, using up to 1 threads

Non-default parameters:
TimeLimit  7.1997005278599991e+03
MIPGap  0
MIPGapAbs  0
Threads  1

Academic license 2663665 - for non-commercial use only - registered to tu___@vnu.edu.vn
Optimize a model with 2501 rows, 1565 columns and 8535 nonzeros (Min)
Model fingerprint: 0xf9810c02
Model has 1 linear objective coefficients
Variable types: 0 continuous, 1565 integer (1523 binary)
Coefficient statistics:
  Matrix range     [1e+00, 1e+00]
  Objective range  [1e+00, 1e+00]
  Bounds range     [1e+00, 6e+00]
  RHS range        [1e+00, 2e+01]

Presolve removed 1946 rows and 884 columns
Presolve time: 0.01s
Presolved: 555 rows, 681 columns, 2845 nonzeros
Variable types: 0 continuous, 681 integer (674 binary)

Root relaxation: objective 4.000000e+00, 843 iterations, 0.01 seconds (0.02 work units)

    Nodes    |    Current Node    |     Objective Bounds      |     Work
 Expl Unexpl |  Obj  Depth IntInf | Incumbent    BestBd   Gap | It/Node Time

     0     0    4.00000    0   51          -    4.00000      -     -    0s
H    0     0                       4.0000000    4.00000  0.00%     -    0s
     0     0    4.00000    0   51    4.00000    4.00000  0.00%     -    0s

Explored 1 nodes (1480 simplex iterations) in 0.04 seconds (0.05 work units)
Thread count was 1 (of 8 available processors)

Solution count 1: 4 

Optimal solution found (tolerance 0.00e+00)
Best objective 4.000000000000e+00, best bound 4.000000000000e+00, gap 0.0000%
    SAT | IdleRange(P*)=4 | time=0.094809s | config=R-DC-IRP-GRB-MIP
    Excel: /home/dclng566/projects/Business-Meeting-Scheduling-Problem/output/gurobi/table06_excel/tic-12crafc.fixed020-Forb.xlsx
Instance tic-13.forb0007: 1 run(s)
[16/66] tic-13.forb0007 | reduced | gurobi_mip | P=native_linear | G=distance_closure | n/a
Set parameter WLSAccessID
Set parameter WLSSecret
Set parameter LicenseID to value 2663665
Academic license 2663665 - for non-commercial use only - registered to tu___@vnu.edu.vn
Set parameter OutputFlag to value 1
Set parameter Threads to value 1
Set parameter Seed to value 0
Set parameter MIPGap to value 0
Set parameter MIPGapAbs to value 0
Set parameter TimeLimit to value 7199.691151133
Gurobi Optimizer version 13.0.2 build v13.0.2rc1 (linux64 - "Ubuntu 22.04.5 LTS")

CPU model: INTEL(R) XEON(R) PLATINUM 8581C CPU @ 2.30GHz, instruction set [SSE2|AVX|AVX2|AVX512]
Thread count: 4 physical cores, 8 logical processors, using up to 1 threads

Non-default parameters:
TimeLimit  7199.691151133
MIPGap  0
MIPGapAbs  0
Threads  1

Academic license 2663665 - for non-commercial use only - registered to tu___@vnu.edu.vn
Optimize a model with 3728 rows, 3158 columns and 17973 nonzeros (Min)
Model fingerprint: 0xf13f491a
Model has 1 linear objective coefficients
Variable types: 0 continuous, 3158 integer (3110 binary)
Coefficient statistics:
  Matrix range     [1e+00, 1e+00]
  Objective range  [1e+00, 1e+00]
  Bounds range     [1e+00, 6e+00]
  RHS range        [1e+00, 2e+01]

Presolve time: 0.00s

Explored 0 nodes (0 simplex iterations) in 0.00 seconds (0.00 work units)
Thread count was 1 (of 8 available processors)

Solution count 0

Model is infeasible
Best objective -, best bound -, gap -
    UNSAT | IdleRange(P*)=None | time=0.061332s | config=R-DC-IRP-GRB-MIP
    Excel: /home/dclng566/projects/Business-Meeting-Scheduling-Problem/output/gurobi/table06_excel/tic-13.forb0007.xlsx
Instance forum-13crafb.fixed040-Forb: 1 run(s)
[17/66] forum-13crafb.fixed040-Forb | reduced | gurobi_mip | P=native_linear | G=distance_closure | n/a
Set parameter WLSAccessID
Set parameter WLSSecret
Set parameter LicenseID to value 2663665
Academic license 2663665 - for non-commercial use only - registered to tu___@vnu.edu.vn
Set parameter OutputFlag to value 1
Set parameter Threads to value 1
Set parameter Seed to value 0
Set parameter MIPGap to value 0
Set parameter MIPGapAbs to value 0
Set parameter TimeLimit to value 7.1996682523730005e+03
Gurobi Optimizer version 13.0.2 build v13.0.2rc1 (linux64 - "Ubuntu 22.04.5 LTS")

CPU model: INTEL(R) XEON(R) PLATINUM 8581C CPU @ 2.30GHz, instruction set [SSE2|AVX|AVX2|AVX512]
Thread count: 4 physical cores, 8 logical processors, using up to 1 threads

Non-default parameters:
TimeLimit  7.1996682523730005e+03
MIPGap  0
MIPGapAbs  0
Threads  1

Academic license 2663665 - for non-commercial use only - registered to tu___@vnu.edu.vn
Optimize a model with 8986 rows, 5482 columns and 29874 nonzeros (Min)
Model fingerprint: 0xdd7229e5
Model has 1 linear objective coefficients
Variable types: 0 continuous, 5482 integer (5423 binary)
Coefficient statistics:
  Matrix range     [1e+00, 1e+00]
  Objective range  [1e+00, 1e+00]
  Bounds range     [1e+00, 2e+01]
  RHS range        [1e+00, 4e+01]

Presolve time: 0.00s

Explored 0 nodes (0 simplex iterations) in 0.00 seconds (0.00 work units)
Thread count was 1 (of 8 available processors)

Solution count 0

Model is infeasible
Best objective -, best bound -, gap -
    UNSAT | IdleRange(P*)=None | time=0.08659s | config=R-DC-IRP-GRB-MIP
    Excel: /home/dclng566/projects/Business-Meeting-Scheduling-Problem/output/gurobi/table06_excel/forum-13crafb.fixed040-Forb.xlsx
Instance forumt-14.forb0007: 1 run(s)
[18/66] forumt-14.forb0007 | reduced | gurobi_mip | P=native_linear | G=distance_closure | n/a
Set parameter WLSAccessID
Set parameter WLSSecret
Set parameter LicenseID to value 2663665
Academic license 2663665 - for non-commercial use only - registered to tu___@vnu.edu.vn
Set parameter OutputFlag to value 1
Set parameter Threads to value 1
Set parameter Seed to value 0
Set parameter MIPGap to value 0
Set parameter MIPGapAbs to value 0
Set parameter TimeLimit to value 7199.694298544
Gurobi Optimizer version 13.0.2 build v13.0.2rc1 (linux64 - "Ubuntu 22.04.5 LTS")

CPU model: INTEL(R) XEON(R) PLATINUM 8581C CPU @ 2.30GHz, instruction set [SSE2|AVX|AVX2|AVX512]
Thread count: 4 physical cores, 8 logical processors, using up to 1 threads

Non-default parameters:
TimeLimit  7199.694298544
MIPGap  0
MIPGapAbs  0
Threads  1

Academic license 2663665 - for non-commercial use only - registered to tu___@vnu.edu.vn
Optimize a model with 4885 rows, 4159 columns and 23660 nonzeros (Min)
Model fingerprint: 0x93077c7b
Model has 1 linear objective coefficients
Variable types: 0 continuous, 4159 integer (4097 binary)
Coefficient statistics:
  Matrix range     [1e+00, 1e+00]
  Objective range  [1e+00, 1e+00]
  Bounds range     [1e+00, 7e+00]
  RHS range        [1e+00, 3e+01]

Presolve time: 0.00s

Explored 0 nodes (0 simplex iterations) in 0.00 seconds (0.00 work units)
Thread count was 1 (of 8 available processors)

Solution count 0

Model is infeasible
Best objective -, best bound -, gap -
    UNSAT | IdleRange(P*)=None | time=0.059057s | config=R-DC-IRP-GRB-MIP
    Excel: /home/dclng566/projects/Business-Meeting-Scheduling-Problem/output/gurobi/table06_excel/forumt-14.forb0007.xlsx
Instance forumt-14crafc.fixed040-Forb: 1 run(s)
[19/66] forumt-14crafc.fixed040-Forb | reduced | gurobi_mip | P=native_linear | G=distance_closure | n/a
Set parameter WLSAccessID
Set parameter WLSSecret
Set parameter LicenseID to value 2663665
Academic license 2663665 - for non-commercial use only - registered to tu___@vnu.edu.vn
Set parameter OutputFlag to value 1
Set parameter Threads to value 1
Set parameter Seed to value 0
Set parameter MIPGap to value 0
Set parameter MIPGapAbs to value 0
Set parameter TimeLimit to value 7.1996946048180007e+03
Gurobi Optimizer version 13.0.2 build v13.0.2rc1 (linux64 - "Ubuntu 22.04.5 LTS")

CPU model: INTEL(R) XEON(R) PLATINUM 8581C CPU @ 2.30GHz, instruction set [SSE2|AVX|AVX2|AVX512]
Thread count: 4 physical cores, 8 logical processors, using up to 1 threads

Non-default parameters:
TimeLimit  7.1996946048180007e+03
MIPGap  0
MIPGapAbs  0
Threads  1

Academic license 2663665 - for non-commercial use only - registered to tu___@vnu.edu.vn
Optimize a model with 4662 rows, 2811 columns and 15385 nonzeros (Min)
Model fingerprint: 0x9e581c21
Model has 1 linear objective coefficients
Variable types: 0 continuous, 2811 integer (2749 binary)
Coefficient statistics:
  Matrix range     [1e+00, 1e+00]
  Objective range  [1e+00, 1e+00]
  Bounds range     [1e+00, 7e+00]
  RHS range        [1e+00, 2e+01]

Presolve time: 0.00s

Explored 0 nodes (0 simplex iterations) in 0.00 seconds (0.00 work units)
Thread count was 1 (of 8 available processors)

Solution count 0

Model is infeasible
Best objective -, best bound -, gap -
    UNSAT | IdleRange(P*)=None | time=0.058018s | config=R-DC-IRP-GRB-MIP
    Excel: /home/dclng566/projects/Business-Meeting-Scheduling-Problem/output/gurobi/table06_excel/forumt-14crafc.fixed040-Forb.xlsx
Instance tic-13crafb.forb0007: 1 run(s)
[20/66] tic-13crafb.forb0007 | reduced | gurobi_mip | P=native_linear | G=distance_closure | n/a
Set parameter WLSAccessID
Set parameter WLSSecret
Set parameter LicenseID to value 2663665
Academic license 2663665 - for non-commercial use only - registered to tu___@vnu.edu.vn
Set parameter OutputFlag to value 1
Set parameter Threads to value 1
Set parameter Seed to value 0
Set parameter MIPGap to value 0
Set parameter MIPGapAbs to value 0
Set parameter TimeLimit to value 7.1996675719290006e+03
Gurobi Optimizer version 13.0.2 build v13.0.2rc1 (linux64 - "Ubuntu 22.04.5 LTS")

CPU model: INTEL(R) XEON(R) PLATINUM 8581C CPU @ 2.30GHz, instruction set [SSE2|AVX|AVX2|AVX512]
Thread count: 4 physical cores, 8 logical processors, using up to 1 threads

Non-default parameters:
TimeLimit  7.1996675719290006e+03
MIPGap  0
MIPGapAbs  0
Threads  1

Academic license 2663665 - for non-commercial use only - registered to tu___@vnu.edu.vn
Optimize a model with 3653 rows, 3170 columns and 18046 nonzeros (Min)
Model fingerprint: 0x54ff9caf
Model has 1 linear objective coefficients
Variable types: 0 continuous, 3170 integer (3123 binary)
Coefficient statistics:
  Matrix range     [1e+00, 1e+00]
  Objective range  [1e+00, 1e+00]
  Bounds range     [1e+00, 8e+00]
  RHS range        [1e+00, 2e+01]

Presolve time: 0.00s

Explored 0 nodes (0 simplex iterations) in 0.00 seconds (0.00 work units)
Thread count was 1 (of 8 available processors)

Solution count 0

Model is infeasible
Best objective -, best bound -, gap -
    UNSAT | IdleRange(P*)=None | time=0.084906s | config=R-DC-IRP-GRB-MIP
    Excel: /home/dclng566/projects/Business-Meeting-Scheduling-Problem/output/gurobi/table06_excel/tic-13crafb.forb0007.xlsx
Instance forumt-14crafe.fixed040-Forb: 1 run(s)
[21/66] forumt-14crafe.fixed040-Forb | reduced | gurobi_mip | P=native_linear | G=distance_closure | n/a
Set parameter WLSAccessID
Set parameter WLSSecret
Set parameter LicenseID to value 2663665
Academic license 2663665 - for non-commercial use only - registered to tu___@vnu.edu.vn
Set parameter OutputFlag to value 1
Set parameter Threads to value 1
Set parameter Seed to value 0
Set parameter MIPGap to value 0
Set parameter MIPGapAbs to value 0
Set parameter TimeLimit to value 7199.691998356
Gurobi Optimizer version 13.0.2 build v13.0.2rc1 (linux64 - "Ubuntu 22.04.5 LTS")

CPU model: INTEL(R) XEON(R) PLATINUM 8581C CPU @ 2.30GHz, instruction set [SSE2|AVX|AVX2|AVX512]
Thread count: 4 physical cores, 8 logical processors, using up to 1 threads

Non-default parameters:
TimeLimit  7199.691998356
MIPGap  0
MIPGapAbs  0
Threads  1

Academic license 2663665 - for non-commercial use only - registered to tu___@vnu.edu.vn
Optimize a model with 4574 rows, 2676 columns and 14492 nonzeros (Min)
Model fingerprint: 0xcd12e7e3
Model has 1 linear objective coefficients
Variable types: 0 continuous, 2676 integer (2614 binary)
Coefficient statistics:
  Matrix range     [1e+00, 1e+00]
  Objective range  [1e+00, 1e+00]
  Bounds range     [1e+00, 8e+00]
  RHS range        [1e+00, 2e+01]

Presolve time: 0.00s

Explored 0 nodes (0 simplex iterations) in 0.00 seconds (0.00 work units)
Thread count was 1 (of 8 available processors)

Solution count 0

Model is infeasible
Best objective -, best bound -, gap -
    UNSAT | IdleRange(P*)=None | time=0.060887s | config=R-DC-IRP-GRB-MIP
    Excel: /home/dclng566/projects/Business-Meeting-Scheduling-Problem/output/gurobi/table06_excel/forumt-14crafe.fixed040-Forb.xlsx
Instance tic-12.fixed040-Forb: 1 run(s)
[22/66] tic-12.fixed040-Forb | reduced | gurobi_mip | P=native_linear | G=distance_closure | n/a
Set parameter WLSAccessID
Set parameter WLSSecret
Set parameter LicenseID to value 2663665
Academic license 2663665 - for non-commercial use only - registered to tu___@vnu.edu.vn
Set parameter OutputFlag to value 1
Set parameter Threads to value 1
Set parameter Seed to value 0
Set parameter MIPGap to value 0
Set parameter MIPGapAbs to value 0
Set parameter TimeLimit to value 7.1997204740430006e+03
Gurobi Optimizer version 13.0.2 build v13.0.2rc1 (linux64 - "Ubuntu 22.04.5 LTS")

CPU model: INTEL(R) XEON(R) PLATINUM 8581C CPU @ 2.30GHz, instruction set [SSE2|AVX|AVX2|AVX512]
Thread count: 4 physical cores, 8 logical processors, using up to 1 threads

Non-default parameters:
TimeLimit  7.1997204740430006e+03
MIPGap  0
MIPGapAbs  0
Threads  1

Academic license 2663665 - for non-commercial use only - registered to tu___@vnu.edu.vn
Optimize a model with 2523 rows, 1520 columns and 8283 nonzeros (Min)
Model fingerprint: 0x106da359
Model has 1 linear objective coefficients
Variable types: 0 continuous, 1520 integer (1478 binary)
Coefficient statistics:
  Matrix range     [1e+00, 1e+00]
  Objective range  [1e+00, 1e+00]
  Bounds range     [1e+00, 6e+00]
  RHS range        [1e+00, 2e+01]

Presolve time: 0.00s

Explored 0 nodes (0 simplex iterations) in 0.00 seconds (0.00 work units)
Thread count was 1 (of 8 available processors)

Solution count 0

Model is infeasible
Best objective -, best bound -, gap -
    UNSAT | IdleRange(P*)=None | time=0.031442s | config=R-DC-IRP-GRB-MIP
    Excel: /home/dclng566/projects/Business-Meeting-Scheduling-Problem/output/gurobi/table06_excel/tic-12.fixed040-Forb.xlsx
Instance forum-13crafc.forb0003: 1 run(s)
[23/66] forum-13crafc.forb0003 | reduced | gurobi_mip | P=native_linear | G=distance_closure | n/a
Set parameter WLSAccessID
Set parameter WLSSecret
Set parameter LicenseID to value 2663665
Academic license 2663665 - for non-commercial use only - registered to tu___@vnu.edu.vn
Set parameter OutputFlag to value 1
Set parameter Threads to value 1
Set parameter Seed to value 0
Set parameter MIPGap to value 0
Set parameter MIPGapAbs to value 0
Set parameter TimeLimit to value 7.1995986681279992e+03
Gurobi Optimizer version 13.0.2 build v13.0.2rc1 (linux64 - "Ubuntu 22.04.5 LTS")

CPU model: INTEL(R) XEON(R) PLATINUM 8581C CPU @ 2.30GHz, instruction set [SSE2|AVX|AVX2|AVX512]
Thread count: 4 physical cores, 8 logical processors, using up to 1 threads

Non-default parameters:
TimeLimit  7.1995986681279992e+03
MIPGap  0
MIPGapAbs  0
Threads  1

Academic license 2663665 - for non-commercial use only - registered to tu___@vnu.edu.vn
Optimize a model with 9098 rows, 6063 columns and 33489 nonzeros (Min)
Model fingerprint: 0x518a387a
Model has 1 linear objective coefficients
Variable types: 0 continuous, 6063 integer (6002 binary)
Coefficient statistics:
  Matrix range     [1e+00, 1e+00]
  Objective range  [1e+00, 1e+00]
  Bounds range     [1e+00, 2e+01]
  RHS range        [1e+00, 4e+01]

Presolve removed 1609 rows and 548 columns
Presolve time: 0.04s
Presolved: 7489 rows, 5515 columns, 26902 nonzeros
Variable types: 0 continuous, 5515 integer (5455 binary)
Found heuristic solution: objective 15.0000000

Root relaxation: objective 0.000000e+00, 11603 iterations, 1.30 seconds (2.02 work units)

    Nodes    |    Current Node    |     Objective Bounds      |     Work
 Expl Unexpl |  Obj  Depth IntInf | Incumbent    BestBd   Gap | It/Node Time

     0     0    0.00000    0 2221   15.00000    0.00000   100%     -    2s
     0     0    0.00000    0 1683   15.00000    0.00000   100%     -    2s
H    0     0                      14.0000000    0.00000   100%     -    2s
H    0     0                      13.0000000    0.00000   100%     -    2s
     0     0    0.00000    0 1683   13.00000    0.00000   100%     -    2s
     0     0    0.00000    0 1771   13.00000    0.00000   100%     -    4s
H    0     0                      12.0000000    0.00000   100%     -    4s
H    0     0                       9.0000000    0.00000   100%     -    4s
     0     0    0.00000    0 1579    9.00000    0.00000   100%     -    5s
H    0     0                       8.0000000    0.00000   100%     -    5s
     0     0    0.00000    0 1539    8.00000    0.00000   100%     -    5s
     0     0    0.00000    0 1396    8.00000    0.00000   100%     -    6s
     0     0    0.00000    0  806    8.00000    0.00000   100%     -    7s
H    0     0                       7.0000000    0.00000   100%     -    7s
H    0     0                       6.0000000    0.00000   100%     -    7s
     0     0    0.00000    0 1138    6.00000    0.00000   100%     -    7s
     0     0    0.00000    0 1138    6.00000    0.00000   100%     -    7s
     0     0    0.00000    0  993    6.00000    0.00000   100%     -    9s
H    0     0                       5.0000000    0.00000   100%     -    9s
     0     0    0.00000    0  982    5.00000    0.00000   100%     -    9s
     0     0    0.00000    0  977    5.00000    0.00000   100%     -    9s
     0     0    0.00000    0  890    5.00000    0.00000   100%     -    9s
     0     0    0.00000    0  513    5.00000    0.00000   100%     -   10s
     0     0    0.00000    0  470    5.00000    0.00000   100%     -   10s
     0     0    0.00000    0  716    5.00000    0.00000   100%     -   10s
     0     0    0.00000    0  659    5.00000    0.00000   100%     -   11s
     0     0    0.00000    0  657    5.00000    0.00000   100%     -   11s
     0     0    0.00000    0  474    5.00000    0.00000   100%     -   12s
H    0     0                       4.0000000    0.00000   100%     -   12s
     0     2    0.00000    0  474    4.00000    0.00000   100%     -   13s
H    1     1                       3.0000000    0.00000   100%   0.0   13s
H    2     2                       2.0000000    0.00000   100%  71.0   13s
H    4     4                       1.0000000    0.00000   100%   359   13s
H    7     5                       0.0000000    0.00000  0.00%   350   13s

Cutting planes:
  Implied bound: 31
  Clique: 12
  MIR: 2
  Flow cover: 25
  Zero half: 38
  RLT: 129
  Relax-and-lift: 138
  BQP: 5

Explored 8 nodes (117165 simplex iterations) in 13.89 seconds (21.25 work units)
Thread count was 1 (of 8 available processors)

Solution count 10: 0 1 2 ... 9

Optimal solution found (tolerance 0.00e+00)
Best objective 0.000000000000e+00, best bound 0.000000000000e+00, gap 0.0000%
    SAT | IdleRange(P*)=0 | time=14.044732s | config=R-DC-IRP-GRB-MIP
    Excel: /home/dclng566/projects/Business-Meeting-Scheduling-Problem/output/gurobi/table06_excel/forum-13crafc.forb0003.xlsx
Instance tic-14crafa.fixed020-Forb: 1 run(s)
[24/66] tic-14crafa.fixed020-Forb | reduced | gurobi_mip | P=native_linear | G=distance_closure | n/a
Set parameter WLSAccessID
Set parameter WLSSecret
Set parameter LicenseID to value 2663665
Academic license 2663665 - for non-commercial use only - registered to tu___@vnu.edu.vn
Set parameter OutputFlag to value 1
Set parameter Threads to value 1
Set parameter Seed to value 0
Set parameter MIPGap to value 0
Set parameter MIPGapAbs to value 0
Set parameter TimeLimit to value 7.1996382520749994e+03
Gurobi Optimizer version 13.0.2 build v13.0.2rc1 (linux64 - "Ubuntu 22.04.5 LTS")

CPU model: INTEL(R) XEON(R) PLATINUM 8581C CPU @ 2.30GHz, instruction set [SSE2|AVX|AVX2|AVX512]
Thread count: 4 physical cores, 8 logical processors, using up to 1 threads

Non-default parameters:
TimeLimit  7.1996382520749994e+03
MIPGap  0
MIPGapAbs  0
Threads  1

Academic license 2663665 - for non-commercial use only - registered to tu___@vnu.edu.vn
Optimize a model with 4804 rows, 3220 columns and 17959 nonzeros (Min)
Model fingerprint: 0x31219bc1
Model has 1 linear objective coefficients
Variable types: 0 continuous, 3220 integer (3158 binary)
Coefficient statistics:
  Matrix range     [1e+00, 1e+00]
  Objective range  [1e+00, 1e+00]
  Bounds range     [1e+00, 7e+00]
  RHS range        [1e+00, 3e+01]

Presolve removed 3712 rows and 1602 columns
Presolve time: 0.03s
Presolved: 1092 rows, 1618 columns, 6606 nonzeros
Variable types: 0 continuous, 1618 integer (1600 binary)

Root relaxation: objective 2.000000e+00, 2251 iterations, 0.07 seconds (0.11 work units)

    Nodes    |    Current Node    |     Objective Bounds      |     Work
 Expl Unexpl |  Obj  Depth IntInf | Incumbent    BestBd   Gap | It/Node Time

     0     0    2.00000    0  303          -    2.00000      -     -    0s
H    0     0                       5.0000000    2.00000  60.0%     -    0s
     0     0    2.00000    0  290    5.00000    2.00000  60.0%     -    0s
H    0     0                       4.0000000    2.00000  50.0%     -    0s
H    0     0                       2.0000000    2.00000  0.00%     -    0s
     0     0    2.00000    0  290    2.00000    2.00000  0.00%     -    0s

Cutting planes:
  Implied bound: 1
  Clique: 2
  MIR: 1
  Zero half: 2
  PSD: 1

Explored 1 nodes (4054 simplex iterations) in 0.25 seconds (0.29 work units)
Thread count was 1 (of 8 available processors)

Solution count 3: 2 4 5 

Optimal solution found (tolerance 0.00e+00)
Best objective 2.000000000000e+00, best bound 2.000000000000e+00, gap 0.0000%
    SAT | IdleRange(P*)=2 | time=0.362112s | config=R-DC-IRP-GRB-MIP
    Excel: /home/dclng566/projects/Business-Meeting-Scheduling-Problem/output/gurobi/table06_excel/tic-14crafa.fixed020-Forb.xlsx
Instance tic-13crafc.fixed020-Forb: 1 run(s)
[25/66] tic-13crafc.fixed020-Forb | reduced | gurobi_mip | P=native_linear | G=distance_closure | n/a
Set parameter WLSAccessID
Set parameter WLSSecret
Set parameter LicenseID to value 2663665
Academic license 2663665 - for non-commercial use only - registered to tu___@vnu.edu.vn
Set parameter OutputFlag to value 1
Set parameter Threads to value 1
Set parameter Seed to value 0
Set parameter MIPGap to value 0
Set parameter MIPGapAbs to value 0
Set parameter TimeLimit to value 7.1996638539979995e+03
Gurobi Optimizer version 13.0.2 build v13.0.2rc1 (linux64 - "Ubuntu 22.04.5 LTS")

CPU model: INTEL(R) XEON(R) PLATINUM 8581C CPU @ 2.30GHz, instruction set [SSE2|AVX|AVX2|AVX512]
Thread count: 4 physical cores, 8 logical processors, using up to 1 threads

Non-default parameters:
TimeLimit  7.1996638539979995e+03
MIPGap  0
MIPGapAbs  0
Threads  1

Academic license 2663665 - for non-commercial use only - registered to tu___@vnu.edu.vn
Optimize a model with 3669 rows, 2466 columns and 13759 nonzeros (Min)
Model fingerprint: 0x8d8e1f78
Model has 1 linear objective coefficients
Variable types: 0 continuous, 2466 integer (2418 binary)
Coefficient statistics:
  Matrix range     [1e+00, 1e+00]
  Objective range  [1e+00, 1e+00]
  Bounds range     [1e+00, 6e+00]
  RHS range        [1e+00, 2e+01]

Presolve removed 2886 rows and 1220 columns
Presolve time: 0.02s
Presolved: 783 rows, 1246 columns, 4977 nonzeros
Variable types: 0 continuous, 1246 integer (1237 binary)

Root relaxation: objective 3.000000e+00, 1883 iterations, 0.05 seconds (0.07 work units)

    Nodes    |    Current Node    |     Objective Bounds      |     Work
 Expl Unexpl |  Obj  Depth IntInf | Incumbent    BestBd   Gap | It/Node Time

     0     0    3.00000    0  103          -    3.00000      -     -    0s
H    0     0                       4.0000000    3.00000  25.0%     -    0s
H    0     0                       3.0000000    3.00000  0.00%     -    0s
     0     0    3.00000    0  103    3.00000    3.00000  0.00%     -    0s

Explored 1 nodes (3089 simplex iterations) in 0.12 seconds (0.16 work units)
Thread count was 1 (of 8 available processors)

Solution count 2: 3 4 

Optimal solution found (tolerance 0.00e+00)
Best objective 3.000000000000e+00, best bound 3.000000000000e+00, gap 0.0000%
    SAT | IdleRange(P*)=3 | time=0.208129s | config=R-DC-IRP-GRB-MIP
    Excel: /home/dclng566/projects/Business-Meeting-Scheduling-Problem/output/gurobi/table06_excel/tic-13crafc.fixed020-Forb.xlsx
Instance forumt-14crafc.fixed020-Forb: 1 run(s)
[26/66] forumt-14crafc.fixed020-Forb | reduced | gurobi_mip | P=native_linear | G=distance_closure | n/a
Set parameter WLSAccessID
Set parameter WLSSecret
Set parameter LicenseID to value 2663665
Academic license 2663665 - for non-commercial use only - registered to tu___@vnu.edu.vn
Set parameter OutputFlag to value 1
Set parameter Threads to value 1
Set parameter Seed to value 0
Set parameter MIPGap to value 0
Set parameter MIPGapAbs to value 0
Set parameter TimeLimit to value 7.1996409429170008e+03
Gurobi Optimizer version 13.0.2 build v13.0.2rc1 (linux64 - "Ubuntu 22.04.5 LTS")

CPU model: INTEL(R) XEON(R) PLATINUM 8581C CPU @ 2.30GHz, instruction set [SSE2|AVX|AVX2|AVX512]
Thread count: 4 physical cores, 8 logical processors, using up to 1 threads

Non-default parameters:
TimeLimit  7.1996409429170008e+03
MIPGap  0
MIPGapAbs  0
Threads  1

Academic license 2663665 - for non-commercial use only - registered to tu___@vnu.edu.vn
Optimize a model with 4715 rows, 3135 columns and 17377 nonzeros (Min)
Model fingerprint: 0xe840fcab
Model has 1 linear objective coefficients
Variable types: 0 continuous, 3135 integer (3073 binary)
Coefficient statistics:
  Matrix range     [1e+00, 1e+00]
  Objective range  [1e+00, 1e+00]
  Bounds range     [1e+00, 7e+00]
  RHS range        [1e+00, 2e+01]

Presolve removed 3650 rows and 1599 columns
Presolve time: 0.03s
Presolved: 1065 rows, 1536 columns, 6271 nonzeros
Variable types: 0 continuous, 1536 integer (1516 binary)

Root relaxation: objective 2.000000e+00, 2133 iterations, 0.07 seconds (0.10 work units)

    Nodes    |    Current Node    |     Objective Bounds      |     Work
 Expl Unexpl |  Obj  Depth IntInf | Incumbent    BestBd   Gap | It/Node Time

     0     0    2.00000    0   90          -    2.00000      -     -    0s
H    0     0                       4.0000000    2.00000  50.0%     -    0s
     0     0    2.00000    0  403    4.00000    2.00000  50.0%     -    0s
     0     0    2.00000    0  385    4.00000    2.00000  50.0%     -    0s
     0     0    2.00000    0  302    4.00000    2.00000  50.0%     -    0s
     0     0    2.00000    0  143    4.00000    2.00000  50.0%     -    0s
     0     0    2.00000    0  200    4.00000    2.00000  50.0%     -    0s
     0     0    2.00000    0  134    4.00000    2.00000  50.0%     -    0s
     0     0    2.00000    0  265    4.00000    2.00000  50.0%     -    0s
     0     0    2.00000    0  180    4.00000    2.00000  50.0%     -    0s
     0     0    2.00000    0  176    4.00000    2.00000  50.0%     -    0s
     0     0    2.00000    0  219    4.00000    2.00000  50.0%     -    0s
     0     0    2.00000    0  190    4.00000    2.00000  50.0%     -    0s
     0     0    2.00000    0  190    4.00000    2.00000  50.0%     -    0s
     0     0    2.00000    0  190    4.00000    2.00000  50.0%     -    0s
     0     0    2.00000    0  190    4.00000    2.00000  50.0%     -    0s
     0     2    2.00000    0  190    4.00000    2.00000  50.0%     -    0s
H    3     3                       2.0000000    2.00000  0.00%   251    1s

Cutting planes:
  Cover: 1
  Implied bound: 3
  Clique: 10
  MIR: 1
  Flow cover: 1
  Zero half: 4
  RLT: 5
  Relax-and-lift: 7

Explored 4 nodes (19544 simplex iterations) in 1.03 seconds (1.36 work units)
Thread count was 1 (of 8 available processors)

Solution count 2: 2 4 

Optimal solution found (tolerance 0.00e+00)
Best objective 2.000000000000e+00, best bound 2.000000000000e+00, gap 0.0000%
    SAT | IdleRange(P*)=2 | time=1.146018s | config=R-DC-IRP-GRB-MIP
    Excel: /home/dclng566/projects/Business-Meeting-Scheduling-Problem/output/gurobi/table06_excel/forumt-14crafc.fixed020-Forb.xlsx
Instance tic-13crafb.fixed020-Forb: 1 run(s)
[27/66] tic-13crafb.fixed020-Forb | reduced | gurobi_mip | P=native_linear | G=distance_closure | n/a
Set parameter WLSAccessID
Set parameter WLSSecret
Set parameter LicenseID to value 2663665
Academic license 2663665 - for non-commercial use only - registered to tu___@vnu.edu.vn
Set parameter OutputFlag to value 1
Set parameter Threads to value 1
Set parameter Seed to value 0
Set parameter MIPGap to value 0
Set parameter MIPGapAbs to value 0
Set parameter TimeLimit to value 7.1996611955079989e+03
Gurobi Optimizer version 13.0.2 build v13.0.2rc1 (linux64 - "Ubuntu 22.04.5 LTS")

CPU model: INTEL(R) XEON(R) PLATINUM 8581C CPU @ 2.30GHz, instruction set [SSE2|AVX|AVX2|AVX512]
Thread count: 4 physical cores, 8 logical processors, using up to 1 threads

Non-default parameters:
TimeLimit  7.1996611955079989e+03
MIPGap  0
MIPGapAbs  0
Threads  1

Academic license 2663665 - for non-commercial use only - registered to tu___@vnu.edu.vn
Optimize a model with 3590 rows, 2433 columns and 13562 nonzeros (Min)
Model fingerprint: 0x45b7e9fa
Model has 1 linear objective coefficients
Variable types: 0 continuous, 2433 integer (2386 binary)
Coefficient statistics:
  Matrix range     [1e+00, 1e+00]
  Objective range  [1e+00, 1e+00]
  Bounds range     [1e+00, 8e+00]
  RHS range        [1e+00, 2e+01]

Presolve removed 2826 rows and 1226 columns
Presolve time: 0.02s
Presolved: 764 rows, 1207 columns, 4820 nonzeros
Variable types: 0 continuous, 1207 integer (1195 binary)

Root relaxation: objective 1.000000e+00, 1425 iterations, 0.03 seconds (0.05 work units)

    Nodes    |    Current Node    |     Objective Bounds      |     Work
 Expl Unexpl |  Obj  Depth IntInf | Incumbent    BestBd   Gap | It/Node Time

     0     0    1.00000    0   25          -    1.00000      -     -    0s
H    0     0                       2.0000000    1.00000  50.0%     -    0s
H    0     0                       1.0000000    1.00000  0.00%     -    0s
     0     0    1.00000    0   25    1.00000    1.00000  0.00%     -    0s

Explored 1 nodes (2182 simplex iterations) in 0.08 seconds (0.11 work units)
Thread count was 1 (of 8 available processors)

Solution count 2: 1 2 

Optimal solution found (tolerance 0.00e+00)
Best objective 1.000000000000e+00, best bound 1.000000000000e+00, gap 0.0000%
    SAT | IdleRange(P*)=1 | time=0.174802s | config=R-DC-IRP-GRB-MIP
    Excel: /home/dclng566/projects/Business-Meeting-Scheduling-Problem/output/gurobi/table06_excel/tic-13crafb.fixed020-Forb.xlsx
Instance forumt-14.fixed020-Forb: 1 run(s)
[28/66] forumt-14.fixed020-Forb | reduced | gurobi_mip | P=native_linear | G=distance_closure | n/a
Set parameter WLSAccessID
Set parameter WLSSecret
Set parameter LicenseID to value 2663665
Academic license 2663665 - for non-commercial use only - registered to tu___@vnu.edu.vn
Set parameter OutputFlag to value 1
Set parameter Threads to value 1
Set parameter Seed to value 0
Set parameter MIPGap to value 0
Set parameter MIPGapAbs to value 0
Set parameter TimeLimit to value 7199.644314231
Gurobi Optimizer version 13.0.2 build v13.0.2rc1 (linux64 - "Ubuntu 22.04.5 LTS")

CPU model: INTEL(R) XEON(R) PLATINUM 8581C CPU @ 2.30GHz, instruction set [SSE2|AVX|AVX2|AVX512]
Thread count: 4 physical cores, 8 logical processors, using up to 1 threads

Non-default parameters:
TimeLimit  7199.644314231
MIPGap  0
MIPGapAbs  0
Threads  1

Academic license 2663665 - for non-commercial use only - registered to tu___@vnu.edu.vn
Optimize a model with 4715 rows, 3135 columns and 17377 nonzeros (Min)
Model fingerprint: 0x7b9a7ec9
Model has 1 linear objective coefficients
Variable types: 0 continuous, 3135 integer (3073 binary)
Coefficient statistics:
  Matrix range     [1e+00, 1e+00]
  Objective range  [1e+00, 1e+00]
  Bounds range     [1e+00, 7e+00]
  RHS range        [1e+00, 3e+01]

Presolve removed 3650 rows and 1599 columns
Presolve time: 0.03s
Presolved: 1065 rows, 1536 columns, 6271 nonzeros
Variable types: 0 continuous, 1536 integer (1516 binary)

Root relaxation: objective 2.000000e+00, 2072 iterations, 0.07 seconds (0.10 work units)

    Nodes    |    Current Node    |     Objective Bounds      |     Work
 Expl Unexpl |  Obj  Depth IntInf | Incumbent    BestBd   Gap | It/Node Time

     0     0    2.00000    0  178          -    2.00000      -     -    0s
     0     0    2.00000    0  223          -    2.00000      -     -    0s
H    0     0                       4.0000000    2.00000  50.0%     -    0s
     0     0    2.00000    0  203    4.00000    2.00000  50.0%     -    0s
     0     0    2.00000    0  132    4.00000    2.00000  50.0%     -    0s
*    0     0               0       2.0000000    2.00000  0.00%     -    0s

Cutting planes:
  Gomory: 18
  Cover: 1
  Clique: 7
  MIR: 1
  Zero half: 3
  RLT: 2
  Relax-and-lift: 1

Explored 1 nodes (5065 simplex iterations) in 0.30 seconds (0.37 work units)
Thread count was 1 (of 8 available processors)

Solution count 2: 2 4 

Optimal solution found (tolerance 0.00e+00)
Best objective 2.000000000000e+00, best bound 2.000000000000e+00, gap 0.0000%
    SAT | IdleRange(P*)=2 | time=0.406679s | config=R-DC-IRP-GRB-MIP
    Excel: /home/dclng566/projects/Business-Meeting-Scheduling-Problem/output/gurobi/table06_excel/forumt-14.fixed020-Forb.xlsx
Instance tic-12crafc.forb0003: 1 run(s)
[29/66] tic-12crafc.forb0003 | reduced | gurobi_mip | P=native_linear | G=distance_closure | n/a
Set parameter WLSAccessID
Set parameter WLSSecret
Set parameter LicenseID to value 2663665
Academic license 2663665 - for non-commercial use only - registered to tu___@vnu.edu.vn
Set parameter OutputFlag to value 1
Set parameter Threads to value 1
Set parameter Seed to value 0
Set parameter MIPGap to value 0
Set parameter MIPGapAbs to value 0
Set parameter TimeLimit to value 7199.720191942
Gurobi Optimizer version 13.0.2 build v13.0.2rc1 (linux64 - "Ubuntu 22.04.5 LTS")

CPU model: INTEL(R) XEON(R) PLATINUM 8581C CPU @ 2.30GHz, instruction set [SSE2|AVX|AVX2|AVX512]
Thread count: 4 physical cores, 8 logical processors, using up to 1 threads

Non-default parameters:
TimeLimit  7199.720191942
MIPGap  0
MIPGapAbs  0
Threads  1

Academic license 2663665 - for non-commercial use only - registered to tu___@vnu.edu.vn
Optimize a model with 2585 rows, 1962 columns and 10995 nonzeros (Min)
Model fingerprint: 0x4384ce8b
Model has 1 linear objective coefficients
Variable types: 0 continuous, 1962 integer (1920 binary)
Coefficient statistics:
  Matrix range     [1e+00, 1e+00]
  Objective range  [1e+00, 1e+00]
  Bounds range     [1e+00, 6e+00]
  RHS range        [1e+00, 2e+01]

Presolve time: 0.00s

Explored 0 nodes (0 simplex iterations) in 0.00 seconds (0.00 work units)
Thread count was 1 (of 8 available processors)

Solution count 0

Model is infeasible
Best objective -, best bound -, gap -
    UNSAT | IdleRange(P*)=None | time=0.031858s | config=R-DC-IRP-GRB-MIP
    Excel: /home/dclng566/projects/Business-Meeting-Scheduling-Problem/output/gurobi/table06_excel/tic-12crafc.forb0003.xlsx
Instance ticf-13crafc.fixed020-Forb: 1 run(s)
[30/66] ticf-13crafc.fixed020-Forb | reduced | gurobi_mip | P=native_linear | G=distance_closure | n/a
Set parameter WLSAccessID
Set parameter WLSSecret
Set parameter LicenseID to value 2663665
Academic license 2663665 - for non-commercial use only - registered to tu___@vnu.edu.vn
Set parameter OutputFlag to value 1
Set parameter Threads to value 1
Set parameter Seed to value 0
Set parameter MIPGap to value 0
Set parameter MIPGapAbs to value 0
Set parameter TimeLimit to value 7.1995999992909992e+03
Gurobi Optimizer version 13.0.2 build v13.0.2rc1 (linux64 - "Ubuntu 22.04.5 LTS")

CPU model: INTEL(R) XEON(R) PLATINUM 8581C CPU @ 2.30GHz, instruction set [SSE2|AVX|AVX2|AVX512]
Thread count: 4 physical cores, 8 logical processors, using up to 1 threads

Non-default parameters:
TimeLimit  7.1995999992909992e+03
MIPGap  0
MIPGapAbs  0
Threads  1

Academic license 2663665 - for non-commercial use only - registered to tu___@vnu.edu.vn
Optimize a model with 8689 rows, 5324 columns and 28813 nonzeros (Min)
Model fingerprint: 0x4c3af7da
Model has 1 linear objective coefficients
Variable types: 0 continuous, 5324 integer (5263 binary)
Coefficient statistics:
  Matrix range     [1e+00, 1e+00]
  Objective range  [1e+00, 1e+00]
  Bounds range     [1e+00, 2e+01]
  RHS range        [1e+00, 4e+01]

Presolve removed 5438 rows and 2367 columns
Presolve time: 0.07s
Presolved: 3251 rows, 2957 columns, 13656 nonzeros
Variable types: 0 continuous, 2957 integer (2920 binary)
Found heuristic solution: objective 14.0000000

Root relaxation: objective 1.000000e+01, 3655 iterations, 0.16 seconds (0.23 work units)

    Nodes    |    Current Node    |     Objective Bounds      |     Work
 Expl Unexpl |  Obj  Depth IntInf | Incumbent    BestBd   Gap | It/Node Time

     0     0   10.00000    0   16   14.00000   10.00000  28.6%     -    0s
H    0     0                      12.0000000   10.00000  16.7%     -    0s
H    0     0                      10.0000000   10.00000  0.00%     -    0s
     0     0   10.00000    0   16   10.00000   10.00000  0.00%     -    0s

Explored 1 nodes (4946 simplex iterations) in 0.29 seconds (0.43 work units)
Thread count was 1 (of 8 available processors)

Solution count 3: 10 12 14 

Optimal solution found (tolerance 0.00e+00)
Best objective 1.000000000000e+01, best bound 1.000000000000e+01, gap 0.0000%
    SAT | IdleRange(P*)=10 | time=0.448837s | config=R-DC-IRP-GRB-MIP
    Excel: /home/dclng566/projects/Business-Meeting-Scheduling-Problem/output/gurobi/table06_excel/ticf-13crafc.fixed020-Forb.xlsx
Instance tic-12crafc.forb0007: 1 run(s)
[31/66] tic-12crafc.forb0007 | reduced | gurobi_mip | P=native_linear | G=distance_closure | n/a
Set parameter WLSAccessID
Set parameter WLSSecret
Set parameter LicenseID to value 2663665
Academic license 2663665 - for non-commercial use only - registered to tu___@vnu.edu.vn
Set parameter OutputFlag to value 1
Set parameter Threads to value 1
Set parameter Seed to value 0
Set parameter MIPGap to value 0
Set parameter MIPGapAbs to value 0
Set parameter TimeLimit to value 7199.720418709
Gurobi Optimizer version 13.0.2 build v13.0.2rc1 (linux64 - "Ubuntu 22.04.5 LTS")

CPU model: INTEL(R) XEON(R) PLATINUM 8581C CPU @ 2.30GHz, instruction set [SSE2|AVX|AVX2|AVX512]
Thread count: 4 physical cores, 8 logical processors, using up to 1 threads

Non-default parameters:
TimeLimit  7199.720418709
MIPGap  0
MIPGapAbs  0
Threads  1

Academic license 2663665 - for non-commercial use only - registered to tu___@vnu.edu.vn
Optimize a model with 2580 rows, 1953 columns and 10939 nonzeros (Min)
Model fingerprint: 0xfdaa0e47
Model has 1 linear objective coefficients
Variable types: 0 continuous, 1953 integer (1911 binary)
Coefficient statistics:
  Matrix range     [1e+00, 1e+00]
  Objective range  [1e+00, 1e+00]
  Bounds range     [1e+00, 6e+00]
  RHS range        [1e+00, 2e+01]

Presolve time: 0.00s

Explored 0 nodes (0 simplex iterations) in 0.00 seconds (0.00 work units)
Thread count was 1 (of 8 available processors)

Solution count 0

Model is infeasible
Best objective -, best bound -, gap -
    UNSAT | IdleRange(P*)=None | time=0.031569s | config=R-DC-IRP-GRB-MIP
    Excel: /home/dclng566/projects/Business-Meeting-Scheduling-Problem/output/gurobi/table06_excel/tic-12crafc.forb0007.xlsx
Instance tic-14crafc.fixed040-Forb: 1 run(s)
[32/66] tic-14crafc.fixed040-Forb | reduced | gurobi_mip | P=native_linear | G=distance_closure | n/a
Set parameter WLSAccessID
Set parameter WLSSecret
Set parameter LicenseID to value 2663665
Academic license 2663665 - for non-commercial use only - registered to tu___@vnu.edu.vn
Set parameter OutputFlag to value 1
Set parameter Threads to value 1
Set parameter Seed to value 0
Set parameter MIPGap to value 0
Set parameter MIPGapAbs to value 0
Set parameter TimeLimit to value 7.1996901827909987e+03
Gurobi Optimizer version 13.0.2 build v13.0.2rc1 (linux64 - "Ubuntu 22.04.5 LTS")

CPU model: INTEL(R) XEON(R) PLATINUM 8581C CPU @ 2.30GHz, instruction set [SSE2|AVX|AVX2|AVX512]
Thread count: 4 physical cores, 8 logical processors, using up to 1 threads

Non-default parameters:
TimeLimit  7.1996901827909987e+03
MIPGap  0
MIPGapAbs  0
Threads  1

Academic license 2663665 - for non-commercial use only - registered to tu___@vnu.edu.vn
Optimize a model with 4655 rows, 2712 columns and 14775 nonzeros (Min)
Model fingerprint: 0x55997306
Model has 1 linear objective coefficients
Variable types: 0 continuous, 2712 integer (2650 binary)
Coefficient statistics:
  Matrix range     [1e+00, 1e+00]
  Objective range  [1e+00, 1e+00]
  Bounds range     [1e+00, 7e+00]
  RHS range        [1e+00, 2e+01]

Presolve time: 0.00s

Explored 0 nodes (0 simplex iterations) in 0.00 seconds (0.00 work units)
Thread count was 1 (of 8 available processors)

Solution count 0

Model is infeasible
Best objective -, best bound -, gap -
    UNSAT | IdleRange(P*)=None | time=0.062584s | config=R-DC-IRP-GRB-MIP
    Excel: /home/dclng566/projects/Business-Meeting-Scheduling-Problem/output/gurobi/table06_excel/tic-14crafc.fixed040-Forb.xlsx
Instance forumt-14crafe.fixed020-Forb: 1 run(s)
[33/66] forumt-14crafe.fixed020-Forb | reduced | gurobi_mip | P=native_linear | G=distance_closure | n/a
Set parameter WLSAccessID
Set parameter WLSSecret
Set parameter LicenseID to value 2663665
Academic license 2663665 - for non-commercial use only - registered to tu___@vnu.edu.vn
Set parameter OutputFlag to value 1
Set parameter Threads to value 1
Set parameter Seed to value 0
Set parameter MIPGap to value 0
Set parameter MIPGapAbs to value 0
Set parameter TimeLimit to value 7.1996405014360007e+03
Gurobi Optimizer version 13.0.2 build v13.0.2rc1 (linux64 - "Ubuntu 22.04.5 LTS")

CPU model: INTEL(R) XEON(R) PLATINUM 8581C CPU @ 2.30GHz, instruction set [SSE2|AVX|AVX2|AVX512]
Thread count: 4 physical cores, 8 logical processors, using up to 1 threads

Non-default parameters:
TimeLimit  7.1996405014360007e+03
MIPGap  0
MIPGapAbs  0
Threads  1

Academic license 2663665 - for non-commercial use only - registered to tu___@vnu.edu.vn
Optimize a model with 4681 rows, 3145 columns and 17394 nonzeros (Min)
Model fingerprint: 0xc7c3f766
Model has 1 linear objective coefficients
Variable types: 0 continuous, 3145 integer (3083 binary)
Coefficient statistics:
  Matrix range     [1e+00, 1e+00]
  Objective range  [1e+00, 1e+00]
  Bounds range     [1e+00, 8e+00]
  RHS range        [1e+00, 2e+01]

Presolve removed 3700 rows and 1644 columns
Presolve time: 0.03s
Presolved: 981 rows, 1501 columns, 6126 nonzeros
Variable types: 0 continuous, 1501 integer (1490 binary)

Root relaxation: objective 4.000000e+00, 2226 iterations, 0.08 seconds (0.11 work units)

    Nodes    |    Current Node    |     Objective Bounds      |     Work
 Expl Unexpl |  Obj  Depth IntInf | Incumbent    BestBd   Gap | It/Node Time

     0     0    4.00000    0  309          -    4.00000      -     -    0s
H    0     0                       6.0000000    4.00000  33.3%     -    0s
     0     0    4.00000    0  329    6.00000    4.00000  33.3%     -    0s
     0     0    4.00000    0  308    6.00000    4.00000  33.3%     -    0s
     0     0    4.00000    0  345    6.00000    4.00000  33.3%     -    0s
H    0     0                       4.0000000    4.00000  0.00%     -    0s
     0     0    4.00000    0   29    4.00000    4.00000  0.00%     -    0s

Cutting planes:
  Gomory: 12
  Implied bound: 1
  Clique: 4
  Zero half: 15
  PSD: 1

Explored 1 nodes (7142 simplex iterations) in 0.44 seconds (0.56 work units)
Thread count was 1 (of 8 available processors)

Solution count 2: 4 6 

Optimal solution found (tolerance 0.00e+00)
Best objective 4.000000000000e+00, best bound 4.000000000000e+00, gap 0.0000%
    SAT | IdleRange(P*)=4 | time=0.550567s | config=R-DC-IRP-GRB-MIP
    Excel: /home/dclng566/projects/Business-Meeting-Scheduling-Problem/output/gurobi/table06_excel/forumt-14crafe.fixed020-Forb.xlsx
Instance ticf-13crafa.fixed020-Forb: 1 run(s)
[34/66] ticf-13crafa.fixed020-Forb | reduced | gurobi_mip | P=native_linear | G=distance_closure | n/a
Set parameter WLSAccessID
Set parameter WLSSecret
Set parameter LicenseID to value 2663665
Academic license 2663665 - for non-commercial use only - registered to tu___@vnu.edu.vn
Set parameter OutputFlag to value 1
Set parameter Threads to value 1
Set parameter Seed to value 0
Set parameter MIPGap to value 0
Set parameter MIPGapAbs to value 0
Set parameter TimeLimit to value 7199.596774622
Gurobi Optimizer version 13.0.2 build v13.0.2rc1 (linux64 - "Ubuntu 22.04.5 LTS")

CPU model: INTEL(R) XEON(R) PLATINUM 8581C CPU @ 2.30GHz, instruction set [SSE2|AVX|AVX2|AVX512]
Thread count: 4 physical cores, 8 logical processors, using up to 1 threads

Non-default parameters:
TimeLimit  7199.596774622
MIPGap  0
MIPGapAbs  0
Threads  1

Academic license 2663665 - for non-commercial use only - registered to tu___@vnu.edu.vn
Optimize a model with 8689 rows, 5324 columns and 28813 nonzeros (Min)
Model fingerprint: 0x47062a24
Model has 1 linear objective coefficients
Variable types: 0 continuous, 5324 integer (5263 binary)
Coefficient statistics:
  Matrix range     [1e+00, 1e+00]
  Objective range  [1e+00, 1e+00]
  Bounds range     [1e+00, 2e+01]
  RHS range        [1e+00, 4e+01]

Presolve removed 5438 rows and 2367 columns
Presolve time: 0.07s
Presolved: 3251 rows, 2957 columns, 13656 nonzeros
Variable types: 0 continuous, 2957 integer (2920 binary)
Found heuristic solution: objective 14.0000000
Found heuristic solution: objective 13.0000000

Root relaxation: objective 1.000000e+01, 3270 iterations, 0.11 seconds (0.15 work units)

    Nodes    |    Current Node    |     Objective Bounds      |     Work
 Expl Unexpl |  Obj  Depth IntInf | Incumbent    BestBd   Gap | It/Node Time

H    0     0                      10.0000000   10.00000  0.00%     -    0s
     0     0   10.00000    0 1331   10.00000   10.00000  0.00%     -    0s

Explored 1 nodes (3270 simplex iterations) in 0.19 seconds (0.27 work units)
Thread count was 1 (of 8 available processors)

Solution count 3: 10 13 14 

Optimal solution found (tolerance 0.00e+00)
Best objective 1.000000000000e+01, best bound 1.000000000000e+01, gap 0.0000%
    SAT | IdleRange(P*)=10 | time=0.344564s | config=R-DC-IRP-GRB-MIP
    Excel: /home/dclng566/projects/Business-Meeting-Scheduling-Problem/output/gurobi/table06_excel/ticf-13crafa.fixed020-Forb.xlsx
Instance forum-13.fixed020-Forb: 1 run(s)
[35/66] forum-13.fixed020-Forb | reduced | gurobi_mip | P=native_linear | G=distance_closure | n/a
Set parameter WLSAccessID
Set parameter WLSSecret
Set parameter LicenseID to value 2663665
Academic license 2663665 - for non-commercial use only - registered to tu___@vnu.edu.vn
Set parameter OutputFlag to value 1
Set parameter Threads to value 1
Set parameter Seed to value 0
Set parameter MIPGap to value 0
Set parameter MIPGapAbs to value 0
Set parameter TimeLimit to value 7199.602908724
Gurobi Optimizer version 13.0.2 build v13.0.2rc1 (linux64 - "Ubuntu 22.04.5 LTS")

CPU model: INTEL(R) XEON(R) PLATINUM 8581C CPU @ 2.30GHz, instruction set [SSE2|AVX|AVX2|AVX512]
Thread count: 4 physical cores, 8 logical processors, using up to 1 threads

Non-default parameters:
TimeLimit  7199.602908724
MIPGap  0
MIPGapAbs  0
Threads  1

Academic license 2663665 - for non-commercial use only - registered to tu___@vnu.edu.vn
Optimize a model with 8561 rows, 5254 columns and 28296 nonzeros (Min)
Model fingerprint: 0xeb42ddb3
Model has 1 linear objective coefficients
Variable types: 0 continuous, 5254 integer (5193 binary)
Coefficient statistics:
  Matrix range     [1e+00, 1e+00]
  Objective range  [1e+00, 1e+00]
  Bounds range     [1e+00, 2e+01]
  RHS range        [1e+00, 4e+01]

Presolve removed 5407 rows and 2383 columns
Presolve time: 0.07s
Presolved: 3154 rows, 2871 columns, 13256 nonzeros
Variable types: 0 continuous, 2871 integer (2834 binary)
Found heuristic solution: objective 14.0000000
Found heuristic solution: objective 13.0000000

Root relaxation: objective 1.000000e+01, 3492 iterations, 0.15 seconds (0.22 work units)

    Nodes    |    Current Node    |     Objective Bounds      |     Work
 Expl Unexpl |  Obj  Depth IntInf | Incumbent    BestBd   Gap | It/Node Time

     0     0   10.00000    0   30   13.00000   10.00000  23.1%     -    0s
H    0     0                      12.0000000   10.00000  16.7%     -    0s
H    0     0                      11.0000000   10.00000  9.09%     -    0s
H    0     0                      10.0000000   10.00000  0.00%     -    0s
     0     0   10.00000    0   30   10.00000   10.00000  0.00%     -    0s

Explored 1 nodes (4766 simplex iterations) in 0.28 seconds (0.40 work units)
Thread count was 1 (of 8 available processors)

Solution count 5: 10 11 12 ... 14

Optimal solution found (tolerance 0.00e+00)
Best objective 1.000000000000e+01, best bound 1.000000000000e+01, gap 0.0000%
    SAT | IdleRange(P*)=10 | time=0.428824s | config=R-DC-IRP-GRB-MIP
    Excel: /home/dclng566/projects/Business-Meeting-Scheduling-Problem/output/gurobi/table06_excel/forum-13.fixed020-Forb.xlsx
Instance tic-12.forb0003: 1 run(s)
[36/66] tic-12.forb0003 | reduced | gurobi_mip | P=native_linear | G=distance_closure | n/a
Set parameter WLSAccessID
Set parameter WLSSecret
Set parameter LicenseID to value 2663665
Academic license 2663665 - for non-commercial use only - registered to tu___@vnu.edu.vn
Set parameter OutputFlag to value 1
Set parameter Threads to value 1
Set parameter Seed to value 0
Set parameter MIPGap to value 0
Set parameter MIPGapAbs to value 0
Set parameter TimeLimit to value 7.1997190982369993e+03
Gurobi Optimizer version 13.0.2 build v13.0.2rc1 (linux64 - "Ubuntu 22.04.5 LTS")

CPU model: INTEL(R) XEON(R) PLATINUM 8581C CPU @ 2.30GHz, instruction set [SSE2|AVX|AVX2|AVX512]
Thread count: 4 physical cores, 8 logical processors, using up to 1 threads

Non-default parameters:
TimeLimit  7.1997190982369993e+03
MIPGap  0
MIPGapAbs  0
Threads  1

Academic license 2663665 - for non-commercial use only - registered to tu___@vnu.edu.vn
Optimize a model with 2585 rows, 1962 columns and 10995 nonzeros (Min)
Model fingerprint: 0xb6dabd00
Model has 1 linear objective coefficients
Variable types: 0 continuous, 1962 integer (1920 binary)
Coefficient statistics:
  Matrix range     [1e+00, 1e+00]
  Objective range  [1e+00, 1e+00]
  Bounds range     [1e+00, 6e+00]
  RHS range        [1e+00, 2e+01]

Presolve time: 0.00s

Explored 0 nodes (0 simplex iterations) in 0.00 seconds (0.00 work units)
Thread count was 1 (of 8 available processors)

Solution count 0

Model is infeasible
Best objective -, best bound -, gap -
    UNSAT | IdleRange(P*)=None | time=0.032946s | config=R-DC-IRP-GRB-MIP
    Excel: /home/dclng566/projects/Business-Meeting-Scheduling-Problem/output/gurobi/table06_excel/tic-12.forb0003.xlsx
Instance tic-13crafb.fixed040-Forb: 1 run(s)
[37/66] tic-13crafb.fixed040-Forb | reduced | gurobi_mip | P=native_linear | G=distance_closure | n/a
Set parameter WLSAccessID
Set parameter WLSSecret
Set parameter LicenseID to value 2663665
Academic license 2663665 - for non-commercial use only - registered to tu___@vnu.edu.vn
Set parameter OutputFlag to value 1
Set parameter Threads to value 1
Set parameter Seed to value 0
Set parameter MIPGap to value 0
Set parameter MIPGapAbs to value 0
Set parameter TimeLimit to value 7.1996804721080007e+03
Gurobi Optimizer version 13.0.2 build v13.0.2rc1 (linux64 - "Ubuntu 22.04.5 LTS")

CPU model: INTEL(R) XEON(R) PLATINUM 8581C CPU @ 2.30GHz, instruction set [SSE2|AVX|AVX2|AVX512]
Thread count: 4 physical cores, 8 logical processors, using up to 1 threads

Non-default parameters:
TimeLimit  7.1996804721080007e+03
MIPGap  0
MIPGapAbs  0
Threads  1

Academic license 2663665 - for non-commercial use only - registered to tu___@vnu.edu.vn
Optimize a model with 3443 rows, 1892 columns and 10188 nonzeros (Min)
Model fingerprint: 0x6125bb71
Model has 1 linear objective coefficients
Variable types: 0 continuous, 1892 integer (1845 binary)
Coefficient statistics:
  Matrix range     [1e+00, 1e+00]
  Objective range  [1e+00, 1e+00]
  Bounds range     [1e+00, 8e+00]
  RHS range        [1e+00, 2e+01]

Presolve removed 3029 rows and 1418 columns
Presolve time: 0.01s
Presolved: 414 rows, 474 columns, 1875 nonzeros
Variable types: 0 continuous, 474 integer (471 binary)

Root relaxation: objective 4.000000e+00, 491 iterations, 0.01 seconds (0.01 work units)

    Nodes    |    Current Node    |     Objective Bounds      |     Work
 Expl Unexpl |  Obj  Depth IntInf | Incumbent    BestBd   Gap | It/Node Time

H    0     0                       4.0000000    4.00000  0.00%     -    0s
     0     0    4.00000    0  121    4.00000    4.00000  0.00%     -    0s

Explored 1 nodes (491 simplex iterations) in 0.02 seconds (0.02 work units)
Thread count was 1 (of 8 available processors)

Solution count 1: 4 

Optimal solution found (tolerance 0.00e+00)
Best objective 4.000000000000e+00, best bound 4.000000000000e+00, gap 0.0000%
    SAT | IdleRange(P*)=4 | time=0.091419s | config=R-DC-IRP-GRB-MIP
    Excel: /home/dclng566/projects/Business-Meeting-Scheduling-Problem/output/gurobi/table06_excel/tic-13crafb.fixed040-Forb.xlsx
Instance forum-13.forb0003: 1 run(s)
[38/66] forum-13.forb0003 | reduced | gurobi_mip | P=native_linear | G=distance_closure | n/a
Set parameter WLSAccessID
Set parameter WLSSecret
Set parameter LicenseID to value 2663665
Academic license 2663665 - for non-commercial use only - registered to tu___@vnu.edu.vn
Set parameter OutputFlag to value 1
Set parameter Threads to value 1
Set parameter Seed to value 0
Set parameter MIPGap to value 0
Set parameter MIPGapAbs to value 0
Set parameter TimeLimit to value 7199.599254352
Gurobi Optimizer version 13.0.2 build v13.0.2rc1 (linux64 - "Ubuntu 22.04.5 LTS")

CPU model: INTEL(R) XEON(R) PLATINUM 8581C CPU @ 2.30GHz, instruction set [SSE2|AVX|AVX2|AVX512]
Thread count: 4 physical cores, 8 logical processors, using up to 1 threads

Non-default parameters:
TimeLimit  7199.599254352
MIPGap  0
MIPGapAbs  0
Threads  1

Academic license 2663665 - for non-commercial use only - registered to tu___@vnu.edu.vn
Optimize a model with 9098 rows, 6063 columns and 33489 nonzeros (Min)
Model fingerprint: 0x2c8cad12
Model has 1 linear objective coefficients
Variable types: 0 continuous, 6063 integer (6002 binary)
Coefficient statistics:
  Matrix range     [1e+00, 1e+00]
  Objective range  [1e+00, 1e+00]
  Bounds range     [1e+00, 2e+01]
  RHS range        [1e+00, 4e+01]

Presolve removed 1609 rows and 548 columns
Presolve time: 0.04s
Presolved: 7489 rows, 5515 columns, 26902 nonzeros
Variable types: 0 continuous, 5515 integer (5455 binary)
Found heuristic solution: objective 13.0000000

Root relaxation: objective 0.000000e+00, 12082 iterations, 1.40 seconds (2.21 work units)

    Nodes    |    Current Node    |     Objective Bounds      |     Work
 Expl Unexpl |  Obj  Depth IntInf | Incumbent    BestBd   Gap | It/Node Time

     0     0    0.00000    0 2169   13.00000    0.00000   100%     -    2s
     0     0    0.00000    0 1728   13.00000    0.00000   100%     -    2s
H    0     0                      10.0000000    0.00000   100%     -    2s
H    0     0                       9.0000000    0.00000   100%     -    2s
H    0     0                       8.0000000    0.00000   100%     -    2s
     0     0    0.00000    0 1728    8.00000    0.00000   100%     -    2s
     0     0    0.00000    0 1259    8.00000    0.00000   100%     -    4s
H    0     0                       7.0000000    0.00000   100%     -    4s
H    0     0                       6.0000000    0.00000   100%     -    4s
     0     0    0.00000    0 1086    6.00000    0.00000   100%     -    4s
H    0     0                       5.0000000    0.00000   100%     -    4s
     0     0    0.00000    0 1021    5.00000    0.00000   100%     -    4s
     0     0    0.00000    0 1271    5.00000    0.00000   100%     -    5s
     0     0    0.00000    0  566    5.00000    0.00000   100%     -    5s
H    0     0                       4.0000000    0.00000   100%     -    5s
     0     0    0.00000    0  564    4.00000    0.00000   100%     -    5s
     0     0    0.00000    0  565    4.00000    0.00000   100%     -    5s
     0     0    0.00000    0  730    4.00000    0.00000   100%     -    6s
     0     0    0.00000    0  532    4.00000    0.00000   100%     -    6s
H    0     0                       3.0000000    0.00000   100%     -    6s
H    0     0                       2.0000000    0.00000   100%     -    6s
     0     0    0.00000    0  512    2.00000    0.00000   100%     -    6s
     0     0    0.00000    0  508    2.00000    0.00000   100%     -    6s
     0     0    0.00000    0  557    2.00000    0.00000   100%     -    6s
     0     0    0.00000    0  557    2.00000    0.00000   100%     -    7s
     0     0    0.00000    0  557    2.00000    0.00000   100%     -    7s
     0     0    0.00000    0  376    2.00000    0.00000   100%     -    7s
H    0     0                       1.0000000    0.00000   100%     -    8s
     0     2    0.00000    0  347    1.00000    0.00000   100%     -    8s
H    3     3                       0.0000000    0.00000  0.00%   303    8s

Cutting planes:
  Gomory: 2
  Implied bound: 15
  Clique: 61
  MIR: 8
  Flow cover: 22
  Zero half: 38
  RLT: 102
  Relax-and-lift: 77
  BQP: 26

Explored 4 nodes (78459 simplex iterations) in 8.32 seconds (12.52 work units)
Thread count was 1 (of 8 available processors)

Solution count 10: 0 1 2 ... 9

Optimal solution found (tolerance 0.00e+00)
Best objective 0.000000000000e+00, best bound 0.000000000000e+00, gap 0.0000%
    SAT | IdleRange(P*)=0 | time=8.480494s | config=R-DC-IRP-GRB-MIP
    Excel: /home/dclng566/projects/Business-Meeting-Scheduling-Problem/output/gurobi/table06_excel/forum-13.forb0003.xlsx
Instance ticf-13crafa.fixed040-Forb: 1 run(s)
[39/66] ticf-13crafa.fixed040-Forb | reduced | gurobi_mip | P=native_linear | G=distance_closure | n/a
Set parameter WLSAccessID
Set parameter WLSSecret
Set parameter LicenseID to value 2663665
Academic license 2663665 - for non-commercial use only - registered to tu___@vnu.edu.vn
Set parameter OutputFlag to value 1
Set parameter Threads to value 1
Set parameter Seed to value 0
Set parameter MIPGap to value 0
Set parameter MIPGapAbs to value 0
Set parameter TimeLimit to value 7.1996538710609993e+03
Gurobi Optimizer version 13.0.2 build v13.0.2rc1 (linux64 - "Ubuntu 22.04.5 LTS")

CPU model: INTEL(R) XEON(R) PLATINUM 8581C CPU @ 2.30GHz, instruction set [SSE2|AVX|AVX2|AVX512]
Thread count: 4 physical cores, 8 logical processors, using up to 1 threads

Non-default parameters:
TimeLimit  7.1996538710609993e+03
MIPGap  0
MIPGapAbs  0
Threads  1

Academic license 2663665 - for non-commercial use only - registered to tu___@vnu.edu.vn
Optimize a model with 7871 rows, 4589 columns and 23854 nonzeros (Min)
Model fingerprint: 0xc045cb7e
Model has 1 linear objective coefficients
Variable types: 0 continuous, 4589 integer (4528 binary)
Coefficient statistics:
  Matrix range     [1e+00, 1e+00]
  Objective range  [1e+00, 1e+00]
  Bounds range     [1e+00, 2e+01]
  RHS range        [1e+00, 4e+01]

Presolve removed 5961 rows and 2885 columns
Presolve time: 0.05s
Presolved: 1910 rows, 1704 columns, 7872 nonzeros
Variable types: 0 continuous, 1704 integer (1679 binary)
Found heuristic solution: objective 15.0000000
Found heuristic solution: objective 14.0000000

Root relaxation: objective 1.200000e+01, 1388 iterations, 0.02 seconds (0.03 work units)

    Nodes    |    Current Node    |     Objective Bounds      |     Work
 Expl Unexpl |  Obj  Depth IntInf | Incumbent    BestBd   Gap | It/Node Time

     0     0   12.00000    0   26   14.00000   12.00000  14.3%     -    0s
H    0     0                      13.0000000   12.00000  7.69%     -    0s
H    0     0                      12.0000000   12.00000  0.00%     -    0s
     0     0   12.00000    0   26   12.00000   12.00000  0.00%     -    0s

Explored 1 nodes (2053 simplex iterations) in 0.09 seconds (0.12 work units)
Thread count was 1 (of 8 available processors)

Solution count 4: 12 13 14 15 

Optimal solution found (tolerance 0.00e+00)
Best objective 1.200000000000e+01, best bound 1.200000000000e+01, gap 0.0000%
    SAT | IdleRange(P*)=12 | time=0.189389s | config=R-DC-IRP-GRB-MIP
    Excel: /home/dclng566/projects/Business-Meeting-Scheduling-Problem/output/gurobi/table06_excel/ticf-13crafa.fixed040-Forb.xlsx
Instance tic-13.fixed020-Forb: 1 run(s)
[40/66] tic-13.fixed020-Forb | reduced | gurobi_mip | P=native_linear | G=distance_closure | n/a
Set parameter WLSAccessID
Set parameter WLSSecret
Set parameter LicenseID to value 2663665
Academic license 2663665 - for non-commercial use only - registered to tu___@vnu.edu.vn
Set parameter OutputFlag to value 1
Set parameter Threads to value 1
Set parameter Seed to value 0
Set parameter MIPGap to value 0
Set parameter MIPGapAbs to value 0
Set parameter TimeLimit to value 7199.662816765
Gurobi Optimizer version 13.0.2 build v13.0.2rc1 (linux64 - "Ubuntu 22.04.5 LTS")

CPU model: INTEL(R) XEON(R) PLATINUM 8581C CPU @ 2.30GHz, instruction set [SSE2|AVX|AVX2|AVX512]
Thread count: 4 physical cores, 8 logical processors, using up to 1 threads

Non-default parameters:
TimeLimit  7199.662816765
MIPGap  0
MIPGapAbs  0
Threads  1

Academic license 2663665 - for non-commercial use only - registered to tu___@vnu.edu.vn
Optimize a model with 3669 rows, 2466 columns and 13759 nonzeros (Min)
Model fingerprint: 0x8f530107
Model has 1 linear objective coefficients
Variable types: 0 continuous, 2466 integer (2418 binary)
Coefficient statistics:
  Matrix range     [1e+00, 1e+00]
  Objective range  [1e+00, 1e+00]
  Bounds range     [1e+00, 6e+00]
  RHS range        [1e+00, 2e+01]

Presolve removed 2886 rows and 1220 columns
Presolve time: 0.02s
Presolved: 783 rows, 1246 columns, 4977 nonzeros
Variable types: 0 continuous, 1246 integer (1237 binary)

Root relaxation: objective 3.000000e+00, 1541 iterations, 0.04 seconds (0.05 work units)

    Nodes    |    Current Node    |     Objective Bounds      |     Work
 Expl Unexpl |  Obj  Depth IntInf | Incumbent    BestBd   Gap | It/Node Time

     0     0    3.00000    0   10          -    3.00000      -     -    0s
H    0     0                       3.0000000    3.00000  0.00%     -    0s
     0     0    3.00000    0   10    3.00000    3.00000  0.00%     -    0s

Explored 1 nodes (2141 simplex iterations) in 0.09 seconds (0.11 work units)
Thread count was 1 (of 8 available processors)

Solution count 1: 3 

Optimal solution found (tolerance 0.00e+00)
Best objective 3.000000000000e+00, best bound 3.000000000000e+00, gap 0.0000%
    SAT | IdleRange(P*)=3 | time=0.175352s | config=R-DC-IRP-GRB-MIP
    Excel: /home/dclng566/projects/Business-Meeting-Scheduling-Problem/output/gurobi/table06_excel/tic-13.fixed020-Forb.xlsx
Instance forumt-14.forb0003: 1 run(s)
[41/66] forumt-14.forb0003 | reduced | gurobi_mip | P=native_linear | G=distance_closure | n/a
Set parameter WLSAccessID
Set parameter WLSSecret
Set parameter LicenseID to value 2663665
Academic license 2663665 - for non-commercial use only - registered to tu___@vnu.edu.vn
Set parameter OutputFlag to value 1
Set parameter Threads to value 1
Set parameter Seed to value 0
Set parameter MIPGap to value 0
Set parameter MIPGapAbs to value 0
Set parameter TimeLimit to value 7199.625504927
Gurobi Optimizer version 13.0.2 build v13.0.2rc1 (linux64 - "Ubuntu 22.04.5 LTS")

CPU model: INTEL(R) XEON(R) PLATINUM 8581C CPU @ 2.30GHz, instruction set [SSE2|AVX|AVX2|AVX512]
Thread count: 4 physical cores, 8 logical processors, using up to 1 threads

Non-default parameters:
TimeLimit  7199.625504927
MIPGap  0
MIPGapAbs  0
Threads  1

Academic license 2663665 - for non-commercial use only - registered to tu___@vnu.edu.vn
Optimize a model with 4903 rows, 4193 columns and 23879 nonzeros (Min)
Model fingerprint: 0xbd7b7231
Model has 1 linear objective coefficients
Variable types: 0 continuous, 4193 integer (4131 binary)
Coefficient statistics:
  Matrix range     [1e+00, 1e+00]
  Objective range  [1e+00, 1e+00]
  Bounds range     [1e+00, 7e+00]
  RHS range        [1e+00, 3e+01]

Presolve removed 3440 rows and 1384 columns
Presolve time: 0.03s
Presolved: 1463 rows, 2809 columns, 11191 nonzeros
Variable types: 0 continuous, 2809 integer (2781 binary)

Root relaxation: objective 0.000000e+00, 3619 iterations, 0.19 seconds (0.29 work units)

    Nodes    |    Current Node    |     Objective Bounds      |     Work
 Expl Unexpl |  Obj  Depth IntInf | Incumbent    BestBd   Gap | It/Node Time

     0     0    0.00000    0  631          -    0.00000      -     -    0s
     0     0    0.00000    0  651          -    0.00000      -     -    0s
H    0     0                       3.0000000    0.00000   100%     -    0s
     0     0    0.00000    0  656    3.00000    0.00000   100%     -    0s
     0     0    0.00000    0  178    3.00000    0.00000   100%     -    1s
H    0     0                       2.0000000    0.00000   100%     -    1s
     0     0    0.00000    0  415    2.00000    0.00000   100%     -    1s
     0     0    0.00000    0   73    2.00000    0.00000   100%     -    1s
     0     0    0.00000    0  567    2.00000    0.00000   100%     -    2s
     0     0    0.00000    0   24    2.00000    0.00000   100%     -    2s
     0     0    0.00000    0  371    2.00000    0.00000   100%     -    2s
     0     0    0.00000    0  141    2.00000    0.00000   100%     -    2s
H    0     0                       1.0000000    0.00000   100%     -    2s
     0     0    0.00000    0  132    1.00000    0.00000   100%     -    2s
     0     0    0.00000    0  132    1.00000    0.00000   100%     -    3s
     0     0    0.00000    0  446    1.00000    0.00000   100%     -    5s
     0     0    0.00000    0  146    1.00000    0.00000   100%     -    5s
     0     0    0.00000    0  146    1.00000    0.00000   100%     -    5s
     0     0    0.00000    0   14    1.00000    0.00000   100%     -    5s
     0     2    0.00000    0   14    1.00000    0.00000   100%     -    6s
    48    50    0.00000   36  480    1.00000    0.00000   100%   758   10s
   170   171    0.00000  117  350    1.00000    0.00000   100%   675   15s
   262   244    0.00000  113  411    1.00000    0.00000   100%   611   20s
H  266   234                       0.0000000    0.00000  0.00%   872   22s

Cutting planes:
  Clique: 7
  Zero half: 2

Explored 267 nodes (290434 simplex iterations) in 22.91 seconds (33.58 work units)
Thread count was 1 (of 8 available processors)

Solution count 4: 0 1 2 3 

Optimal solution found (tolerance 0.00e+00)
Best objective 0.000000000000e+00, best bound 0.000000000000e+00, gap 0.0000%
    SAT | IdleRange(P*)=0 | time=23.035704s | config=R-DC-IRP-GRB-MIP
    Excel: /home/dclng566/projects/Business-Meeting-Scheduling-Problem/output/gurobi/table06_excel/forumt-14.forb0003.xlsx
Instance forum-14.fixed040-Forb: 1 run(s)
[42/66] forum-14.fixed040-Forb | reduced | gurobi_mip | P=native_linear | G=distance_closure | n/a
Set parameter WLSAccessID
Set parameter WLSSecret
Set parameter LicenseID to value 2663665
Academic license 2663665 - for non-commercial use only - registered to tu___@vnu.edu.vn
Set parameter OutputFlag to value 1
Set parameter Threads to value 1
Set parameter Seed to value 0
Set parameter MIPGap to value 0
Set parameter MIPGapAbs to value 0
Set parameter TimeLimit to value 7199.50739177
Gurobi Optimizer version 13.0.2 build v13.0.2rc1 (linux64 - "Ubuntu 22.04.5 LTS")

CPU model: INTEL(R) XEON(R) PLATINUM 8581C CPU @ 2.30GHz, instruction set [SSE2|AVX|AVX2|AVX512]
Thread count: 4 physical cores, 8 logical processors, using up to 1 threads

Non-default parameters:
TimeLimit  7199.50739177
MIPGap  0
MIPGapAbs  0
Threads  1

Academic license 2663665 - for non-commercial use only - registered to tu___@vnu.edu.vn
Optimize a model with 10977 rows, 6752 columns and 36406 nonzeros (Min)
Model fingerprint: 0x85f2968c
Model has 1 linear objective coefficients
Variable types: 0 continuous, 6752 integer (6677 binary)
Coefficient statistics:
  Matrix range     [1e+00, 1e+00]
  Objective range  [1e+00, 1e+00]
  Bounds range     [1e+00, 2e+01]
  RHS range        [1e+00, 4e+01]

Presolve removed 8974 rows and 4163 columns
Presolve time: 0.08s
Presolved: 2003 rows, 2589 columns, 11155 nonzeros
Variable types: 0 continuous, 2589 integer (2576 binary)
Found heuristic solution: objective 16.0000000

Explored 0 nodes (0 simplex iterations) in 0.09 seconds (0.11 work units)
Thread count was 1 (of 8 available processors)

Solution count 1: 16 

Optimal solution found (tolerance 0.00e+00)
Best objective 1.600000000000e+01, best bound 1.600000000000e+01, gap 0.0000%
    SAT | IdleRange(P*)=16 | time=0.334765s | config=R-DC-IRP-GRB-MIP
    Excel: /home/dclng566/projects/Business-Meeting-Scheduling-Problem/output/gurobi/table06_excel/forum-14.fixed040-Forb.xlsx
Instance tic-13crafc.forb0007: 1 run(s)
[43/66] tic-13crafc.forb0007 | reduced | gurobi_mip | P=native_linear | G=distance_closure | n/a
Set parameter WLSAccessID
Set parameter WLSSecret
Set parameter LicenseID to value 2663665
Academic license 2663665 - for non-commercial use only - registered to tu___@vnu.edu.vn
Set parameter OutputFlag to value 1
Set parameter Threads to value 1
Set parameter Seed to value 0
Set parameter MIPGap to value 0
Set parameter MIPGapAbs to value 0
Set parameter TimeLimit to value 7199.689836144
Gurobi Optimizer version 13.0.2 build v13.0.2rc1 (linux64 - "Ubuntu 22.04.5 LTS")

CPU model: INTEL(R) XEON(R) PLATINUM 8581C CPU @ 2.30GHz, instruction set [SSE2|AVX|AVX2|AVX512]
Thread count: 4 physical cores, 8 logical processors, using up to 1 threads

Non-default parameters:
TimeLimit  7199.689836144
MIPGap  0
MIPGapAbs  0
Threads  1

Academic license 2663665 - for non-commercial use only - registered to tu___@vnu.edu.vn
Optimize a model with 3728 rows, 3158 columns and 17973 nonzeros (Min)
Model fingerprint: 0x28684260
Model has 1 linear objective coefficients
Variable types: 0 continuous, 3158 integer (3110 binary)
Coefficient statistics:
  Matrix range     [1e+00, 1e+00]
  Objective range  [1e+00, 1e+00]
  Bounds range     [1e+00, 6e+00]
  RHS range        [1e+00, 2e+01]

Presolve time: 0.00s

Explored 0 nodes (0 simplex iterations) in 0.00 seconds (0.00 work units)
Thread count was 1 (of 8 available processors)

Solution count 0

Model is infeasible
Best objective -, best bound -, gap -
    UNSAT | IdleRange(P*)=None | time=0.062859s | config=R-DC-IRP-GRB-MIP
    Excel: /home/dclng566/projects/Business-Meeting-Scheduling-Problem/output/gurobi/table06_excel/tic-13crafc.forb0007.xlsx
Instance forumt-14crafd.fixed020-Forb: 1 run(s)
[44/66] forumt-14crafd.fixed020-Forb | reduced | gurobi_mip | P=native_linear | G=distance_closure | n/a
Set parameter WLSAccessID
Set parameter WLSSecret
Set parameter LicenseID to value 2663665
Academic license 2663665 - for non-commercial use only - registered to tu___@vnu.edu.vn
Set parameter OutputFlag to value 1
Set parameter Threads to value 1
Set parameter Seed to value 0
Set parameter MIPGap to value 0
Set parameter MIPGapAbs to value 0
Set parameter TimeLimit to value 7.1996403002020006e+03
Gurobi Optimizer version 13.0.2 build v13.0.2rc1 (linux64 - "Ubuntu 22.04.5 LTS")

CPU model: INTEL(R) XEON(R) PLATINUM 8581C CPU @ 2.30GHz, instruction set [SSE2|AVX|AVX2|AVX512]
Thread count: 4 physical cores, 8 logical processors, using up to 1 threads

Non-default parameters:
TimeLimit  7.1996403002020006e+03
MIPGap  0
MIPGapAbs  0
Threads  1

Academic license 2663665 - for non-commercial use only - registered to tu___@vnu.edu.vn
Optimize a model with 4681 rows, 3145 columns and 17394 nonzeros (Min)
Model fingerprint: 0x0d1e69e3
Model has 1 linear objective coefficients
Variable types: 0 continuous, 3145 integer (3083 binary)
Coefficient statistics:
  Matrix range     [1e+00, 1e+00]
  Objective range  [1e+00, 1e+00]
  Bounds range     [1e+00, 8e+00]
  RHS range        [1e+00, 2e+01]

Presolve removed 3700 rows and 1644 columns
Presolve time: 0.03s
Presolved: 981 rows, 1501 columns, 6126 nonzeros
Variable types: 0 continuous, 1501 integer (1490 binary)
Found heuristic solution: objective 7.0000000
Found heuristic solution: objective 5.0000000

Root relaxation: objective 4.000000e+00, 1879 iterations, 0.06 seconds (0.08 work units)

    Nodes    |    Current Node    |     Objective Bounds      |     Work
 Expl Unexpl |  Obj  Depth IntInf | Incumbent    BestBd   Gap | It/Node Time

     0     0    4.00000    0  288    5.00000    4.00000  20.0%     -    0s
     0     0    4.00000    0  304    5.00000    4.00000  20.0%     -    0s
     0     0    4.00000    0  333    5.00000    4.00000  20.0%     -    0s
*    0     0               0       4.0000000    4.00000  0.00%     -    0s

Cutting planes:
  Gomory: 12
  Implied bound: 5
  Clique: 12
  Zero half: 11
  RLT: 3

Explored 1 nodes (5234 simplex iterations) in 0.34 seconds (0.41 work units)
Thread count was 1 (of 8 available processors)

Solution count 3: 4 5 7 

Optimal solution found (tolerance 0.00e+00)
Best objective 4.000000000000e+00, best bound 4.000000000000e+00, gap 0.0000%
    SAT | IdleRange(P*)=4 | time=0.45673s | config=R-DC-IRP-GRB-MIP
    Excel: /home/dclng566/projects/Business-Meeting-Scheduling-Problem/output/gurobi/table06_excel/forumt-14crafd.fixed020-Forb.xlsx
Instance tic-14crafd.fixed040-Forb: 1 run(s)
[45/66] tic-14crafd.fixed040-Forb | reduced | gurobi_mip | P=native_linear | G=distance_closure | n/a
Set parameter WLSAccessID
Set parameter WLSSecret
Set parameter LicenseID to value 2663665
Academic license 2663665 - for non-commercial use only - registered to tu___@vnu.edu.vn
Set parameter OutputFlag to value 1
Set parameter Threads to value 1
Set parameter Seed to value 0
Set parameter MIPGap to value 0
Set parameter MIPGapAbs to value 0
Set parameter TimeLimit to value 7199.688646421
Gurobi Optimizer version 13.0.2 build v13.0.2rc1 (linux64 - "Ubuntu 22.04.5 LTS")

CPU model: INTEL(R) XEON(R) PLATINUM 8581C CPU @ 2.30GHz, instruction set [SSE2|AVX|AVX2|AVX512]
Thread count: 4 physical cores, 8 logical processors, using up to 1 threads

Non-default parameters:
TimeLimit  7199.688646421
MIPGap  0
MIPGapAbs  0
Threads  1

Academic license 2663665 - for non-commercial use only - registered to tu___@vnu.edu.vn
Optimize a model with 4541 rows, 2532 columns and 13579 nonzeros (Min)
Model fingerprint: 0xd8e8fb77
Model has 1 linear objective coefficients
Variable types: 0 continuous, 2532 integer (2470 binary)
Coefficient statistics:
  Matrix range     [1e+00, 1e+00]
  Objective range  [1e+00, 1e+00]
  Bounds range     [1e+00, 8e+00]
  RHS range        [1e+00, 2e+01]

Presolve time: 0.00s

Explored 0 nodes (0 simplex iterations) in 0.00 seconds (0.00 work units)
Thread count was 1 (of 8 available processors)

Solution count 0

Model is infeasible
Best objective -, best bound -, gap -
    UNSAT | IdleRange(P*)=None | time=0.063875s | config=R-DC-IRP-GRB-MIP
    Excel: /home/dclng566/projects/Business-Meeting-Scheduling-Problem/output/gurobi/table06_excel/tic-14crafd.fixed040-Forb.xlsx
Instance forumt-14crafc.forb0007: 1 run(s)
[46/66] forumt-14crafc.forb0007 | reduced | gurobi_mip | P=native_linear | G=distance_closure | n/a
Set parameter WLSAccessID
Set parameter WLSSecret
Set parameter LicenseID to value 2663665
Academic license 2663665 - for non-commercial use only - registered to tu___@vnu.edu.vn
Set parameter OutputFlag to value 1
Set parameter Threads to value 1
Set parameter Seed to value 0
Set parameter MIPGap to value 0
Set parameter MIPGapAbs to value 0
Set parameter TimeLimit to value 7199.693951618
Gurobi Optimizer version 13.0.2 build v13.0.2rc1 (linux64 - "Ubuntu 22.04.5 LTS")

CPU model: INTEL(R) XEON(R) PLATINUM 8581C CPU @ 2.30GHz, instruction set [SSE2|AVX|AVX2|AVX512]
Thread count: 4 physical cores, 8 logical processors, using up to 1 threads

Non-default parameters:
TimeLimit  7199.693951618
MIPGap  0
MIPGapAbs  0
Threads  1

Academic license 2663665 - for non-commercial use only - registered to tu___@vnu.edu.vn
Optimize a model with 4885 rows, 4159 columns and 23660 nonzeros (Min)
Model fingerprint: 0x935a8f63
Model has 1 linear objective coefficients
Variable types: 0 continuous, 4159 integer (4097 binary)
Coefficient statistics:
  Matrix range     [1e+00, 1e+00]
  Objective range  [1e+00, 1e+00]
  Bounds range     [1e+00, 7e+00]
  RHS range        [1e+00, 2e+01]

Presolve time: 0.00s

Explored 0 nodes (0 simplex iterations) in 0.00 seconds (0.00 work units)
Thread count was 1 (of 8 available processors)

Solution count 0

Model is infeasible
Best objective -, best bound -, gap -
    UNSAT | IdleRange(P*)=None | time=0.059313s | config=R-DC-IRP-GRB-MIP
    Excel: /home/dclng566/projects/Business-Meeting-Scheduling-Problem/output/gurobi/table06_excel/forumt-14crafc.forb0007.xlsx
Instance forum-14.forb0003: 1 run(s)
[47/66] forum-14.forb0003 | reduced | gurobi_mip | P=native_linear | G=distance_closure | n/a
Set parameter WLSAccessID
Set parameter WLSSecret
Set parameter LicenseID to value 2663665
Academic license 2663665 - for non-commercial use only - registered to tu___@vnu.edu.vn
Set parameter OutputFlag to value 1
Set parameter Threads to value 1
Set parameter Seed to value 0
Set parameter MIPGap to value 0
Set parameter MIPGapAbs to value 0
Set parameter TimeLimit to value 7198.742859882
Gurobi Optimizer version 13.0.2 build v13.0.2rc1 (linux64 - "Ubuntu 22.04.5 LTS")

CPU model: INTEL(R) XEON(R) PLATINUM 8581C CPU @ 2.30GHz, instruction set [SSE2|AVX|AVX2|AVX512]
Thread count: 4 physical cores, 8 logical processors, using up to 1 threads

Non-default parameters:
TimeLimit  7198.742859882
MIPGap  0
MIPGapAbs  0
Threads  1

Academic license 2663665 - for non-commercial use only - registered to tu___@vnu.edu.vn
Optimize a model with 12659 rows, 10666 columns and 61226 nonzeros (Min)
Model fingerprint: 0xb8f3d57a
Model has 1 linear objective coefficients
Variable types: 0 continuous, 10666 integer (10591 binary)
Coefficient statistics:
  Matrix range     [1e+00, 1e+00]
  Objective range  [1e+00, 1e+00]
  Bounds range     [1e+00, 2e+01]
  RHS range        [1e+00, 4e+01]

Presolve removed 2069 rows and 377 columns
Presolve time: 0.06s
Presolved: 10590 rows, 10289 columns, 47962 nonzeros
Variable types: 0 continuous, 10289 integer (10218 binary)

Root relaxation: objective 0.000000e+00, 19834 iterations, 4.21 seconds (6.77 work units)

    Nodes    |    Current Node    |     Objective Bounds      |     Work
 Expl Unexpl |  Obj  Depth IntInf | Incumbent    BestBd   Gap | It/Node Time

     0     0    0.00000    0 4546          -    0.00000      -     -    7s
     0     0    0.00000    0 3436          -    0.00000      -     -   17s
H    0     0                      15.0000000    0.00000   100%     -   17s
H    0     0                      14.0000000    0.00000   100%     -   17s
     0     0    0.00000    0 3436   14.00000    0.00000   100%     -   17s
     0     0    0.00000    0 2658   14.00000    0.00000   100%     -   24s
H    0     0                      13.0000000    0.00000   100%     -   24s
H    0     0                      10.0000000    0.00000   100%     -   25s
     0     0    0.00000    0 2311   10.00000    0.00000   100%     -   28s
H    0     0                       9.0000000    0.00000   100%     -   28s
     0     0    0.00000    0 2237    9.00000    0.00000   100%     -   28s
     0     0    0.00000    0 2128    9.00000    0.00000   100%     -   30s
     0     0    0.00000    0 1265    9.00000    0.00000   100%     -   38s
H    0     0                       8.0000000    0.00000   100%     -   38s
     0     0    0.00000    0 1262    8.00000    0.00000   100%     -   39s
     0     0    0.00000    0 1359    8.00000    0.00000   100%     -   40s
     0     0    0.00000    0 1008    8.00000    0.00000   100%     -   46s
     0     0    0.00000    0 1021    8.00000    0.00000   100%     -   47s
     0     0    0.00000    0 1234    8.00000    0.00000   100%     -   48s
     0     0    0.00000    0 1234    8.00000    0.00000   100%     -   54s
H    0     0                       7.0000000    0.00000   100%     -   54s
     0     0    0.00000    0 1217    7.00000    0.00000   100%     -   54s
     0     0    0.00000    0 1218    7.00000    0.00000   100%     -   55s
     0     0    0.00000    0 1049    7.00000    0.00000   100%     -   60s
     0     0    0.00000    0 1049    7.00000    0.00000   100%     -   60s
     0     0    0.00000    0 1049    7.00000    0.00000   100%     -   65s
H    0     0                       6.0000000    0.00000   100%     -   69s
H    0     0                       5.0000000    0.00000   100%     -   70s
H    0     0                       4.0000000    0.00000   100%     -   70s
H    0     0                       3.0000000    0.00000   100%     -   70s
     0     2    0.00000    0 1030    3.00000    0.00000   100%     -   74s
H    1     1                       2.0000000    0.00000   100%   0.0   80s
     4     6    0.00000    2 1240    2.00000    0.00000   100%  2307   85s
     8    10    0.00000    4 1076    2.00000    0.00000   100%  3221   92s
    11    13    0.00000    6 1035    2.00000    0.00000   100%  2834  101s
    26    28    0.00000   15 1184    2.00000    0.00000   100%  2577  106s
    39    38    0.00000   22 1005    2.00000    0.00000   100%  2395  110s
    50    49    0.00000   31  989    2.00000    0.00000   100%  2245  124s
    51    50    0.00000   31  939    2.00000    0.00000   100%  2253  126s
H   57    50                       1.0000000    0.00000   100%  2155  128s
    61    55    0.00000   37 1057    1.00000    0.00000   100%  2291  130s
    98    84    0.00000   59  948    1.00000    0.00000   100%  1830  135s
H  115     3                       0.0000000    0.00000  0.00%  1707  150s

Cutting planes:
  Gomory: 2
  Cover: 4
  Implied bound: 35
  Clique: 85
  MIR: 6
  Flow cover: 6
  GUB cover: 7
  Zero half: 57
  RLT: 282
  Relax-and-lift: 27
  BQP: 22
  PSD: 8

Explored 116 nodes (490591 simplex iterations) in 150.95 seconds (232.31 work units)
Thread count was 1 (of 8 available processors)

Solution count 10: 0 1 2 ... 9

Optimal solution found (tolerance 0.00e+00)
Best objective 0.000000000000e+00, best bound 0.000000000000e+00, gap 0.0000%
    SAT | IdleRange(P*)=0 | time=151.96509s | config=R-DC-IRP-GRB-MIP
    Excel: /home/dclng566/projects/Business-Meeting-Scheduling-Problem/output/gurobi/table06_excel/forum-14.forb0003.xlsx
Instance forum-14.forb0007: 1 run(s)
[48/66] forum-14.forb0007 | reduced | gurobi_mip | P=native_linear | G=distance_closure | n/a
Set parameter WLSAccessID
Set parameter WLSSecret
Set parameter LicenseID to value 2663665
Academic license 2663665 - for non-commercial use only - registered to tu___@vnu.edu.vn
Set parameter OutputFlag to value 1
Set parameter Threads to value 1
Set parameter Seed to value 0
Set parameter MIPGap to value 0
Set parameter MIPGapAbs to value 0
Set parameter TimeLimit to value 7199.264398803
Gurobi Optimizer version 13.0.2 build v13.0.2rc1 (linux64 - "Ubuntu 22.04.5 LTS")

CPU model: INTEL(R) XEON(R) PLATINUM 8581C CPU @ 2.30GHz, instruction set [SSE2|AVX|AVX2|AVX512]
Thread count: 4 physical cores, 8 logical processors, using up to 1 threads

Non-default parameters:
TimeLimit  7199.264398803
MIPGap  0
MIPGapAbs  0
Threads  1

Academic license 2663665 - for non-commercial use only - registered to tu___@vnu.edu.vn
Optimize a model with 12616 rows, 10580 columns and 60681 nonzeros (Min)
Model fingerprint: 0x799e4c6d
Model has 1 linear objective coefficients
Variable types: 0 continuous, 10580 integer (10505 binary)
Coefficient statistics:
  Matrix range     [1e+00, 1e+00]
  Objective range  [1e+00, 1e+00]
  Bounds range     [1e+00, 2e+01]
  RHS range        [1e+00, 4e+01]

Presolve time: 0.00s

Explored 0 nodes (0 simplex iterations) in 0.00 seconds (0.00 work units)
Thread count was 1 (of 8 available processors)

Solution count 0

Model is infeasible
Best objective -, best bound -, gap -
    UNSAT | IdleRange(P*)=None | time=0.494214s | config=R-DC-IRP-GRB-MIP
    Excel: /home/dclng566/projects/Business-Meeting-Scheduling-Problem/output/gurobi/table06_excel/forum-14.forb0007.xlsx
Instance tic-12.forb0007: 1 run(s)
[49/66] tic-12.forb0007 | reduced | gurobi_mip | P=native_linear | G=distance_closure | n/a
Set parameter WLSAccessID
Set parameter WLSSecret
Set parameter LicenseID to value 2663665
Academic license 2663665 - for non-commercial use only - registered to tu___@vnu.edu.vn
Set parameter OutputFlag to value 1
Set parameter Threads to value 1
Set parameter Seed to value 0
Set parameter MIPGap to value 0
Set parameter MIPGapAbs to value 0
Set parameter TimeLimit to value 7199.72033003
Gurobi Optimizer version 13.0.2 build v13.0.2rc1 (linux64 - "Ubuntu 22.04.5 LTS")

CPU model: INTEL(R) XEON(R) PLATINUM 8581C CPU @ 2.30GHz, instruction set [SSE2|AVX|AVX2|AVX512]
Thread count: 4 physical cores, 8 logical processors, using up to 1 threads

Non-default parameters:
TimeLimit  7199.72033003
MIPGap  0
MIPGapAbs  0
Threads  1

Academic license 2663665 - for non-commercial use only - registered to tu___@vnu.edu.vn
Optimize a model with 2580 rows, 1953 columns and 10939 nonzeros (Min)
Model fingerprint: 0xb8b48733
Model has 1 linear objective coefficients
Variable types: 0 continuous, 1953 integer (1911 binary)
Coefficient statistics:
  Matrix range     [1e+00, 1e+00]
  Objective range  [1e+00, 1e+00]
  Bounds range     [1e+00, 6e+00]
  RHS range        [1e+00, 2e+01]

Presolve time: 0.00s

Explored 0 nodes (0 simplex iterations) in 0.00 seconds (0.00 work units)
Thread count was 1 (of 8 available processors)

Solution count 0

Model is infeasible
Best objective -, best bound -, gap -
    UNSAT | IdleRange(P*)=None | time=0.031683s | config=R-DC-IRP-GRB-MIP
    Excel: /home/dclng566/projects/Business-Meeting-Scheduling-Problem/output/gurobi/table06_excel/tic-12.forb0007.xlsx
Instance tic-13.forb0003: 1 run(s)
[50/66] tic-13.forb0003 | reduced | gurobi_mip | P=native_linear | G=distance_closure | n/a
Set parameter WLSAccessID
Set parameter WLSSecret
Set parameter LicenseID to value 2663665
Academic license 2663665 - for non-commercial use only - registered to tu___@vnu.edu.vn
Set parameter OutputFlag to value 1
Set parameter Threads to value 1
Set parameter Seed to value 0
Set parameter MIPGap to value 0
Set parameter MIPGapAbs to value 0
Set parameter TimeLimit to value 7.1996901472370009e+03
Gurobi Optimizer version 13.0.2 build v13.0.2rc1 (linux64 - "Ubuntu 22.04.5 LTS")

CPU model: INTEL(R) XEON(R) PLATINUM 8581C CPU @ 2.30GHz, instruction set [SSE2|AVX|AVX2|AVX512]
Thread count: 4 physical cores, 8 logical processors, using up to 1 threads

Non-default parameters:
TimeLimit  7.1996901472370009e+03
MIPGap  0
MIPGapAbs  0
Threads  1

Academic license 2663665 - for non-commercial use only - registered to tu___@vnu.edu.vn
Optimize a model with 3740 rows, 3178 columns and 18103 nonzeros (Min)
Model fingerprint: 0xf4c44cba
Model has 1 linear objective coefficients
Variable types: 0 continuous, 3178 integer (3130 binary)
Coefficient statistics:
  Matrix range     [1e+00, 1e+00]
  Objective range  [1e+00, 1e+00]
  Bounds range     [1e+00, 6e+00]
  RHS range        [1e+00, 2e+01]

Presolve time: 0.00s

Explored 0 nodes (0 simplex iterations) in 0.00 seconds (0.00 work units)
Thread count was 1 (of 8 available processors)

Solution count 0

Model is infeasible
Best objective -, best bound -, gap -
    UNSAT | IdleRange(P*)=None | time=0.062418s | config=R-DC-IRP-GRB-MIP
    Excel: /home/dclng566/projects/Business-Meeting-Scheduling-Problem/output/gurobi/table06_excel/tic-13.forb0003.xlsx
Instance tic-12crafc.fixed040-Forb: 1 run(s)
[51/66] tic-12crafc.fixed040-Forb | reduced | gurobi_mip | P=native_linear | G=distance_closure | n/a
Set parameter WLSAccessID
Set parameter WLSSecret
Set parameter LicenseID to value 2663665
Academic license 2663665 - for non-commercial use only - registered to tu___@vnu.edu.vn
Set parameter OutputFlag to value 1
Set parameter Threads to value 1
Set parameter Seed to value 0
Set parameter MIPGap to value 0
Set parameter MIPGapAbs to value 0
Set parameter TimeLimit to value 7199.721595071
Gurobi Optimizer version 13.0.2 build v13.0.2rc1 (linux64 - "Ubuntu 22.04.5 LTS")

CPU model: INTEL(R) XEON(R) PLATINUM 8581C CPU @ 2.30GHz, instruction set [SSE2|AVX|AVX2|AVX512]
Thread count: 4 physical cores, 8 logical processors, using up to 1 threads

Non-default parameters:
TimeLimit  7199.721595071
MIPGap  0
MIPGapAbs  0
Threads  1

Academic license 2663665 - for non-commercial use only - registered to tu___@vnu.edu.vn
Optimize a model with 2523 rows, 1520 columns and 8283 nonzeros (Min)
Model fingerprint: 0x8a1e8441
Model has 1 linear objective coefficients
Variable types: 0 continuous, 1520 integer (1478 binary)
Coefficient statistics:
  Matrix range     [1e+00, 1e+00]
  Objective range  [1e+00, 1e+00]
  Bounds range     [1e+00, 6e+00]
  RHS range        [1e+00, 2e+01]

Presolve time: 0.00s

Explored 0 nodes (0 simplex iterations) in 0.00 seconds (0.00 work units)
Thread count was 1 (of 8 available processors)

Solution count 0

Model is infeasible
Best objective -, best bound -, gap -
    UNSAT | IdleRange(P*)=None | time=0.030179s | config=R-DC-IRP-GRB-MIP
    Excel: /home/dclng566/projects/Business-Meeting-Scheduling-Problem/output/gurobi/table06_excel/tic-12crafc.fixed040-Forb.xlsx
Instance forumt-14crafc.forb0003: 1 run(s)
[52/66] forumt-14crafc.forb0003 | reduced | gurobi_mip | P=native_linear | G=distance_closure | n/a
Set parameter WLSAccessID
Set parameter WLSSecret
Set parameter LicenseID to value 2663665
Academic license 2663665 - for non-commercial use only - registered to tu___@vnu.edu.vn
Set parameter OutputFlag to value 1
Set parameter Threads to value 1
Set parameter Seed to value 0
Set parameter MIPGap to value 0
Set parameter MIPGapAbs to value 0
Set parameter TimeLimit to value 7199.622770983
Gurobi Optimizer version 13.0.2 build v13.0.2rc1 (linux64 - "Ubuntu 22.04.5 LTS")

CPU model: INTEL(R) XEON(R) PLATINUM 8581C CPU @ 2.30GHz, instruction set [SSE2|AVX|AVX2|AVX512]
Thread count: 4 physical cores, 8 logical processors, using up to 1 threads

Non-default parameters:
TimeLimit  7199.622770983
MIPGap  0
MIPGapAbs  0
Threads  1

Academic license 2663665 - for non-commercial use only - registered to tu___@vnu.edu.vn
Optimize a model with 4903 rows, 4193 columns and 23879 nonzeros (Min)
Model fingerprint: 0x009cda6a
Model has 1 linear objective coefficients
Variable types: 0 continuous, 4193 integer (4131 binary)
Coefficient statistics:
  Matrix range     [1e+00, 1e+00]
  Objective range  [1e+00, 1e+00]
  Bounds range     [1e+00, 7e+00]
  RHS range        [1e+00, 2e+01]

Presolve removed 3440 rows and 1384 columns
Presolve time: 0.03s
Presolved: 1463 rows, 2809 columns, 11191 nonzeros
Variable types: 0 continuous, 2809 integer (2781 binary)

Root relaxation: objective 0.000000e+00, 5005 iterations, 0.34 seconds (0.56 work units)

    Nodes    |    Current Node    |     Objective Bounds      |     Work
 Expl Unexpl |  Obj  Depth IntInf | Incumbent    BestBd   Gap | It/Node Time

     0     0    0.00000    0  694          -    0.00000      -     -    0s
H    0     0                       5.0000000    0.00000   100%     -    0s
     0     0    0.00000    0  742    5.00000    0.00000   100%     -    1s
     0     0    0.00000    0  749    5.00000    0.00000   100%     -    1s
     0     0    0.00000    0  427    5.00000    0.00000   100%     -    2s
H    0     0                       4.0000000    0.00000   100%     -    2s
     0     0    0.00000    0  495    4.00000    0.00000   100%     -    2s
     0     0    0.00000    0  643    4.00000    0.00000   100%     -    2s
     0     0    0.00000    0  420    4.00000    0.00000   100%     -    3s
     0     0    0.00000    0  427    4.00000    0.00000   100%     -    3s
     0     0    0.00000    0  498    4.00000    0.00000   100%     -    3s
     0     0    0.00000    0  315    4.00000    0.00000   100%     -    3s
H    0     0                       3.0000000    0.00000   100%     -    3s
     0     0    0.00000    0  335    3.00000    0.00000   100%     -    3s
     0     0    0.00000    0  466    3.00000    0.00000   100%     -    4s
     0     0    0.00000    0  388    3.00000    0.00000   100%     -    4s
H    0     0                       2.0000000    0.00000   100%     -    4s
     0     0    0.00000    0  356    2.00000    0.00000   100%     -    4s
     0     0    0.00000    0  433    2.00000    0.00000   100%     -    4s
     0     0    0.00000    0  365    2.00000    0.00000   100%     -    5s
H    0     0                       1.0000000    0.00000   100%     -    5s
     0     0    0.00000    0  342    1.00000    0.00000   100%     -    5s
     0     0    0.00000    0  502    1.00000    0.00000   100%     -    5s
     0     0    0.00000    0  354    1.00000    0.00000   100%     -    6s
     0     0    0.00000    0  354    1.00000    0.00000   100%     -    6s
     0     0    0.00000    0  354    1.00000    0.00000   100%     -    6s
     0     2    0.00000    0  354    1.00000    0.00000   100%     -    6s
    16    13    0.00000   11  640    1.00000    0.00000   100%   687   12s
    43    38    0.00000   28  523    1.00000    0.00000   100%   729   15s
    85    80    0.00000   54  484    1.00000    0.00000   100%   721   20s
*  250     4             161       0.0000000    0.00000  0.00%   589   24s

Cutting planes:
  Cover: 1
  Clique: 19
  Flow cover: 2
  GUB cover: 1
  Zero half: 4
  RLT: 11

Explored 251 nodes (225802 simplex iterations) in 24.01 seconds (36.38 work units)
Thread count was 1 (of 8 available processors)

Solution count 6: 0 1 2 ... 5

Optimal solution found (tolerance 0.00e+00)
Best objective 0.000000000000e+00, best bound 0.000000000000e+00, gap 0.0000%
    SAT | IdleRange(P*)=0 | time=24.139565s | config=R-DC-IRP-GRB-MIP
    Excel: /home/dclng566/projects/Business-Meeting-Scheduling-Problem/output/gurobi/table06_excel/forumt-14crafc.forb0003.xlsx
Instance forum-13crafb.forb0003: 1 run(s)
[53/66] forum-13crafb.forb0003 | reduced | gurobi_mip | P=native_linear | G=distance_closure | n/a
Set parameter WLSAccessID
Set parameter WLSSecret
Set parameter LicenseID to value 2663665
Academic license 2663665 - for non-commercial use only - registered to tu___@vnu.edu.vn
Set parameter OutputFlag to value 1
Set parameter Threads to value 1
Set parameter Seed to value 0
Set parameter MIPGap to value 0
Set parameter MIPGapAbs to value 0
Set parameter TimeLimit to value 7.1995147375319993e+03
Gurobi Optimizer version 13.0.2 build v13.0.2rc1 (linux64 - "Ubuntu 22.04.5 LTS")

CPU model: INTEL(R) XEON(R) PLATINUM 8581C CPU @ 2.30GHz, instruction set [SSE2|AVX|AVX2|AVX512]
Thread count: 4 physical cores, 8 logical processors, using up to 1 threads

Non-default parameters:
TimeLimit  7.1995147375319993e+03
MIPGap  0
MIPGapAbs  0
Threads  1

Academic license 2663665 - for non-commercial use only - registered to tu___@vnu.edu.vn
Optimize a model with 9718 rows, 6973 columns and 39186 nonzeros (Min)
Model fingerprint: 0xfcc80230
Model has 1 linear objective coefficients
Variable types: 0 continuous, 6973 integer (6914 binary)
Coefficient statistics:
  Matrix range     [1e+00, 1e+00]
  Objective range  [1e+00, 1e+00]
  Bounds range     [1e+00, 2e+01]
  RHS range        [1e+00, 4e+01]

Presolve removed 1613 rows and 354 columns
Presolve time: 0.05s
Presolved: 8105 rows, 6619 columns, 31796 nonzeros
Variable types: 0 continuous, 6619 integer (6564 binary)
Found heuristic solution: objective 14.0000000

Root relaxation: objective 0.000000e+00, 15570 iterations, 2.15 seconds (3.45 work units)

    Nodes    |    Current Node    |     Objective Bounds      |     Work
 Expl Unexpl |  Obj  Depth IntInf | Incumbent    BestBd   Gap | It/Node Time

     0     0    0.00000    0 3279   14.00000    0.00000   100%     -    3s
     0     0    1.00000    0 1926   14.00000    1.00000  92.9%     -    7s
     0     0    1.00000    0 1926   14.00000    1.00000  92.9%     -    7s
     0     0    1.00000    0 1608   14.00000    1.00000  92.9%     -   10s
H    0     0                      13.0000000    1.00000  92.3%     -   10s
H    0     0                      11.0000000    1.00000  90.9%     -   10s
     0     0    1.00000    0 1651   11.00000    1.00000  90.9%     -   11s
H    0     0                      10.0000000    1.00000  90.0%     -   11s
H    0     0                       9.0000000    1.00000  88.9%     -   11s
     0     0    1.00000    0 1586    9.00000    1.00000  88.9%     -   11s
     0     0    1.00000    0 1532    9.00000    1.00000  88.9%     -   11s
     0     0    1.00000    0 1185    9.00000    1.00000  88.9%     -   13s
H    0     0                       8.0000000    1.00000  87.5%     -   13s
     0     0    1.00000    0 1145    8.00000    1.00000  87.5%     -   13s
     0     0    1.00000    0 1136    8.00000    1.00000  87.5%     -   13s
     0     0    1.00000    0 1161    8.00000    1.00000  87.5%     -   14s
     0     0    1.00000    0  740    8.00000    1.00000  87.5%     -   15s
H    0     0                       7.0000000    1.00000  85.7%     -   15s
H    0     0                       6.0000000    1.00000  83.3%     -   15s
     0     0    1.00000    0  752    6.00000    1.00000  83.3%     -   15s
     0     0    1.00000    0  744    6.00000    1.00000  83.3%     -   15s
     0     0    1.00000    0  913    6.00000    1.00000  83.3%     -   15s
     0     0    1.00000    0  503    6.00000    1.00000  83.3%     -   16s
     0     0    1.00000    0  656    6.00000    1.00000  83.3%     -   16s
     0     0    1.00000    0  758    6.00000    1.00000  83.3%     -   16s
     0     0    1.00000    0  758    6.00000    1.00000  83.3%     -   18s
H    0     0                       5.0000000    1.00000  80.0%     -   18s
     0     0    1.00000    0  717    5.00000    1.00000  80.0%     -   18s
     0     0    1.00000    0  701    5.00000    1.00000  80.0%     -   18s
     0     0    1.00000    0  927    5.00000    1.00000  80.0%     -   18s
     0     0    1.00000    0  941    5.00000    1.00000  80.0%     -   18s
     0     0    1.00000    0  909    5.00000    1.00000  80.0%     -   19s
     0     0    1.00000    0  796    5.00000    1.00000  80.0%     -   19s
     0     0    1.00000    0  845    5.00000    1.00000  80.0%     -   20s
     0     0    1.00000    0  845    5.00000    1.00000  80.0%     -   20s
     0     0    1.00000    0  845    5.00000    1.00000  80.0%     -   20s
     0     0    1.00000    0  845    5.00000    1.00000  80.0%     -   21s
     0     2    1.00000    0  648    5.00000    1.00000  80.0%     -   23s
H    1     1                       4.0000000    1.00000  75.0%   0.0   23s
H    7     7                       3.0000000    1.00000  66.7%   486   24s
    16    16    1.00000    8  755    3.00000    1.00000  66.7%   746   25s
    43    39    1.00000   25  713    3.00000    1.00000  66.7%   621   30s
H   52    36                       2.0000000    1.00000  50.0%   570   32s
    86    53    1.00000   10  825    2.00000    1.00000  50.0%   496   35s
   178   114    1.00000   24  910    2.00000    1.00000  50.0%   463   40s
   256   160    1.00000   18 1926    2.00000    1.00000  50.0%   461   45s
   261   163    1.00000   22  840    2.00000    1.00000  50.0%   452   50s
   269   169    1.00000   22  588    2.00000    1.00000  50.0%   438   55s
   277   174    1.00000   64  574    2.00000    1.00000  50.0%   426   60s

Cutting planes:
  Gomory: 5
  Cover: 3
  Implied bound: 3
  Clique: 109
  Flow cover: 3
  GUB cover: 5
  Zero half: 31
  RLT: 80
  Relax-and-lift: 13
  BQP: 18
  PSD: 1

Explored 279 nodes (419159 simplex iterations) in 61.33 seconds (90.41 work units)
Thread count was 1 (of 8 available processors)

Solution count 10: 2 3 4 ... 11

Optimal solution found (tolerance 0.00e+00)
Best objective 2.000000000000e+00, best bound 2.000000000000e+00, gap 0.0000%
    SAT | IdleRange(P*)=2 | time=61.573324s | config=R-DC-IRP-GRB-MIP
    Excel: /home/dclng566/projects/Business-Meeting-Scheduling-Problem/output/gurobi/table06_excel/forum-13crafb.forb0003.xlsx
Instance forumt-14crafe.forb0003: 1 run(s)
[54/66] forumt-14crafe.forb0003 | reduced | gurobi_mip | P=native_linear | G=distance_closure | n/a
Set parameter WLSAccessID
Set parameter WLSSecret
Set parameter LicenseID to value 2663665
Academic license 2663665 - for non-commercial use only - registered to tu___@vnu.edu.vn
Set parameter OutputFlag to value 1
Set parameter Threads to value 1
Set parameter Seed to value 0
Set parameter MIPGap to value 0
Set parameter MIPGapAbs to value 0
Set parameter TimeLimit to value 7.1996549906129994e+03
Gurobi Optimizer version 13.0.2 build v13.0.2rc1 (linux64 - "Ubuntu 22.04.5 LTS")

CPU model: INTEL(R) XEON(R) PLATINUM 8581C CPU @ 2.30GHz, instruction set [SSE2|AVX|AVX2|AVX512]
Thread count: 4 physical cores, 8 logical processors, using up to 1 threads

Non-default parameters:
TimeLimit  7.1996549906129994e+03
MIPGap  0
MIPGapAbs  0
Threads  1

Academic license 2663665 - for non-commercial use only - registered to tu___@vnu.edu.vn
Optimize a model with 4902 rows, 4172 columns and 23753 nonzeros (Min)
Model fingerprint: 0xb0d51d95
Model has 1 linear objective coefficients
Variable types: 0 continuous, 4172 integer (4110 binary)
Coefficient statistics:
  Matrix range     [1e+00, 1e+00]
  Objective range  [1e+00, 1e+00]
  Bounds range     [1e+00, 8e+00]
  RHS range        [1e+00, 2e+01]

Presolve time: 0.00s

Explored 0 nodes (0 simplex iterations) in 0.00 seconds (0.00 work units)
Thread count was 1 (of 8 available processors)

Solution count 0

Model is infeasible
Best objective -, best bound -, gap -
    UNSAT | IdleRange(P*)=None | time=0.098603s | config=R-DC-IRP-GRB-MIP
    Excel: /home/dclng566/projects/Business-Meeting-Scheduling-Problem/output/gurobi/table06_excel/forumt-14crafe.forb0003.xlsx
Instance tic-14crafc.fixed020-Forb: 1 run(s)
[55/66] tic-14crafc.fixed020-Forb | reduced | gurobi_mip | P=native_linear | G=distance_closure | n/a
Set parameter WLSAccessID
Set parameter WLSSecret
Set parameter LicenseID to value 2663665
Academic license 2663665 - for non-commercial use only - registered to tu___@vnu.edu.vn
Set parameter OutputFlag to value 1
Set parameter Threads to value 1
Set parameter Seed to value 0
Set parameter MIPGap to value 0
Set parameter MIPGapAbs to value 0
Set parameter TimeLimit to value 7.1996401126949995e+03
Gurobi Optimizer version 13.0.2 build v13.0.2rc1 (linux64 - "Ubuntu 22.04.5 LTS")

CPU model: INTEL(R) XEON(R) PLATINUM 8581C CPU @ 2.30GHz, instruction set [SSE2|AVX|AVX2|AVX512]
Thread count: 4 physical cores, 8 logical processors, using up to 1 threads

Non-default parameters:
TimeLimit  7.1996401126949995e+03
MIPGap  0
MIPGapAbs  0
Threads  1

Academic license 2663665 - for non-commercial use only - registered to tu___@vnu.edu.vn
Optimize a model with 4804 rows, 3220 columns and 17959 nonzeros (Min)
Model fingerprint: 0xac47975b
Model has 1 linear objective coefficients
Variable types: 0 continuous, 3220 integer (3158 binary)
Coefficient statistics:
  Matrix range     [1e+00, 1e+00]
  Objective range  [1e+00, 1e+00]
  Bounds range     [1e+00, 7e+00]
  RHS range        [1e+00, 2e+01]

Presolve removed 3712 rows and 1602 columns
Presolve time: 0.03s
Presolved: 1092 rows, 1618 columns, 6606 nonzeros
Variable types: 0 continuous, 1618 integer (1600 binary)

Root relaxation: objective 2.000000e+00, 2339 iterations, 0.09 seconds (0.12 work units)

    Nodes    |    Current Node    |     Objective Bounds      |     Work
 Expl Unexpl |  Obj  Depth IntInf | Incumbent    BestBd   Gap | It/Node Time

     0     0    2.00000    0   55          -    2.00000      -     -    0s
H    0     0                       4.0000000    2.00000  50.0%     -    0s
H    0     0                       3.0000000    2.00000  33.3%     -    0s
     0     0    2.00000    0  325    3.00000    2.00000  33.3%     -    0s
H    0     0                       2.0000000    2.00000  0.00%     -    0s
     0     0    2.00000    0  325    2.00000    2.00000  0.00%     -    0s

Cutting planes:
  Gomory: 1
  Implied bound: 1
  RLT: 3

Explored 1 nodes (4398 simplex iterations) in 0.21 seconds (0.28 work units)
Thread count was 1 (of 8 available processors)

Solution count 3: 2 3 4 

Optimal solution found (tolerance 0.00e+00)
Best objective 2.000000000000e+00, best bound 2.000000000000e+00, gap 0.0000%
    SAT | IdleRange(P*)=2 | time=0.318049s | config=R-DC-IRP-GRB-MIP
    Excel: /home/dclng566/projects/Business-Meeting-Scheduling-Problem/output/gurobi/table06_excel/tic-14crafc.fixed020-Forb.xlsx
Instance ticf-13crafc.fixed040-Forb: 1 run(s)
[56/66] ticf-13crafc.fixed040-Forb | reduced | gurobi_mip | P=native_linear | G=distance_closure | n/a
Set parameter WLSAccessID
Set parameter WLSSecret
Set parameter LicenseID to value 2663665
Academic license 2663665 - for non-commercial use only - registered to tu___@vnu.edu.vn
Set parameter OutputFlag to value 1
Set parameter Threads to value 1
Set parameter Seed to value 0
Set parameter MIPGap to value 0
Set parameter MIPGapAbs to value 0
Set parameter TimeLimit to value 7199.655818444
Gurobi Optimizer version 13.0.2 build v13.0.2rc1 (linux64 - "Ubuntu 22.04.5 LTS")

CPU model: INTEL(R) XEON(R) PLATINUM 8581C CPU @ 2.30GHz, instruction set [SSE2|AVX|AVX2|AVX512]
Thread count: 4 physical cores, 8 logical processors, using up to 1 threads

Non-default parameters:
TimeLimit  7199.655818444
MIPGap  0
MIPGapAbs  0
Threads  1

Academic license 2663665 - for non-commercial use only - registered to tu___@vnu.edu.vn
Optimize a model with 7871 rows, 4589 columns and 23854 nonzeros (Min)
Model fingerprint: 0xd42089cd
Model has 1 linear objective coefficients
Variable types: 0 continuous, 4589 integer (4528 binary)
Coefficient statistics:
  Matrix range     [1e+00, 1e+00]
  Objective range  [1e+00, 1e+00]
  Bounds range     [1e+00, 2e+01]
  RHS range        [1e+00, 4e+01]

Presolve removed 5961 rows and 2885 columns
Presolve time: 0.05s
Presolved: 1910 rows, 1704 columns, 7872 nonzeros
Variable types: 0 continuous, 1704 integer (1679 binary)
Found heuristic solution: objective 15.0000000
Found heuristic solution: objective 14.0000000

Root relaxation: objective 1.200000e+01, 1356 iterations, 0.02 seconds (0.02 work units)

    Nodes    |    Current Node    |     Objective Bounds      |     Work
 Expl Unexpl |  Obj  Depth IntInf | Incumbent    BestBd   Gap | It/Node Time

     0     0   12.00000    0   14   14.00000   12.00000  14.3%     -    0s
H    0     0                      13.0000000   12.00000  7.69%     -    0s
H    0     0                      12.0000000   12.00000  0.00%     -    0s
     0     0   12.00000    0   14   12.00000   12.00000  0.00%     -    0s

Explored 1 nodes (1998 simplex iterations) in 0.09 seconds (0.11 work units)
Thread count was 1 (of 8 available processors)

Solution count 4: 12 13 14 15 

Optimal solution found (tolerance 0.00e+00)
Best objective 1.200000000000e+01, best bound 1.200000000000e+01, gap 0.0000%
    SAT | IdleRange(P*)=12 | time=0.184638s | config=R-DC-IRP-GRB-MIP
    Excel: /home/dclng566/projects/Business-Meeting-Scheduling-Problem/output/gurobi/table06_excel/ticf-13crafc.fixed040-Forb.xlsx
Instance forum-14.fixed020-Forb: 1 run(s)
[57/66] forum-14.fixed020-Forb | reduced | gurobi_mip | P=native_linear | G=distance_closure | n/a
Set parameter WLSAccessID
Set parameter WLSSecret
Set parameter LicenseID to value 2663665
Academic license 2663665 - for non-commercial use only - registered to tu___@vnu.edu.vn
Set parameter OutputFlag to value 1
Set parameter Threads to value 1
Set parameter Seed to value 0
Set parameter MIPGap to value 0
Set parameter MIPGapAbs to value 0
Set parameter TimeLimit to value 7.1992835322930005e+03
Gurobi Optimizer version 13.0.2 build v13.0.2rc1 (linux64 - "Ubuntu 22.04.5 LTS")

CPU model: INTEL(R) XEON(R) PLATINUM 8581C CPU @ 2.30GHz, instruction set [SSE2|AVX|AVX2|AVX512]
Thread count: 4 physical cores, 8 logical processors, using up to 1 threads

Non-default parameters:
TimeLimit  7.1992835322930005e+03
MIPGap  0
MIPGapAbs  0
Threads  1

Academic license 2663665 - for non-commercial use only - registered to tu___@vnu.edu.vn
Optimize a model with 11802 rows, 8220 columns and 45897 nonzeros (Min)
Model fingerprint: 0x61f9144b
Model has 1 linear objective coefficients
Variable types: 0 continuous, 8220 integer (8145 binary)
Coefficient statistics:
  Matrix range     [1e+00, 1e+00]
  Objective range  [1e+00, 1e+00]
  Bounds range     [1e+00, 2e+01]
  RHS range        [1e+00, 4e+01]

Presolve removed 7764 rows and 3186 columns
Presolve time: 0.12s
Presolved: 4038 rows, 5034 columns, 22032 nonzeros
Variable types: 0 continuous, 5034 integer (4997 binary)
Found heuristic solution: objective 16.0000000
Found heuristic solution: objective 15.0000000

Root relaxation: objective 1.000000e+01, 7113 iterations, 0.60 seconds (0.91 work units)

    Nodes    |    Current Node    |     Objective Bounds      |     Work
 Expl Unexpl |  Obj  Depth IntInf | Incumbent    BestBd   Gap | It/Node Time

     0     0   10.00000    0   99   15.00000   10.00000  33.3%     -    0s
H    0     0                      13.0000000   10.00000  23.1%     -    0s
H    0     0                      11.0000000   10.00000  9.09%     -    0s
H    0     0                      10.0000000   10.00000  0.00%     -    0s
     0     0   10.00000    0   99   10.00000   10.00000  0.00%     -    0s

Explored 1 nodes (9285 simplex iterations) in 0.90 seconds (1.33 work units)
Thread count was 1 (of 8 available processors)

Solution count 5: 10 11 13 ... 16

Optimal solution found (tolerance 0.00e+00)
Best objective 1.000000000000e+01, best bound 1.000000000000e+01, gap 0.0000%
    SAT | IdleRange(P*)=10 | time=1.373387s | config=R-DC-IRP-GRB-MIP
    Excel: /home/dclng566/projects/Business-Meeting-Scheduling-Problem/output/gurobi/table06_excel/forum-14.fixed020-Forb.xlsx
Instance ticf-14crafa.fixed040-Forb: 1 run(s)
[58/66] ticf-14crafa.fixed040-Forb | reduced | gurobi_mip | P=native_linear | G=distance_closure | n/a
Set parameter WLSAccessID
Set parameter WLSSecret
Set parameter LicenseID to value 2663665
Academic license 2663665 - for non-commercial use only - registered to tu___@vnu.edu.vn
Set parameter OutputFlag to value 1
Set parameter Threads to value 1
Set parameter Seed to value 0
Set parameter MIPGap to value 0
Set parameter MIPGapAbs to value 0
Set parameter TimeLimit to value 7.1994925675030008e+03
Gurobi Optimizer version 13.0.2 build v13.0.2rc1 (linux64 - "Ubuntu 22.04.5 LTS")

CPU model: INTEL(R) XEON(R) PLATINUM 8581C CPU @ 2.30GHz, instruction set [SSE2|AVX|AVX2|AVX512]
Thread count: 4 physical cores, 8 logical processors, using up to 1 threads

Non-default parameters:
TimeLimit  7.1994925675030008e+03
MIPGap  0
MIPGapAbs  0
Threads  1

Academic license 2663665 - for non-commercial use only - registered to tu___@vnu.edu.vn
Optimize a model with 11538 rows, 7059 columns and 38690 nonzeros (Min)
Model fingerprint: 0x0bb9bd99
Model has 1 linear objective coefficients
Variable types: 0 continuous, 7059 integer (6984 binary)
Coefficient statistics:
  Matrix range     [1e+00, 1e+00]
  Objective range  [1e+00, 1e+00]
  Bounds range     [1e+00, 2e+01]
  RHS range        [1e+00, 4e+01]

Presolve removed 9463 rows and 4297 columns
Presolve time: 0.08s
Presolved: 2075 rows, 2762 columns, 11988 nonzeros
Variable types: 0 continuous, 2762 integer (2752 binary)

Root relaxation: objective 1.600000e+01, 1771 iterations, 0.03 seconds (0.05 work units)

    Nodes    |    Current Node    |     Objective Bounds      |     Work
 Expl Unexpl |  Obj  Depth IntInf | Incumbent    BestBd   Gap | It/Node Time

H    0     0                      16.0000000   16.00000  0.00%     -    0s
     0     0   16.00000    0  553   16.00000   16.00000  0.00%     -    0s

Explored 1 nodes (1771 simplex iterations) in 0.13 seconds (0.17 work units)
Thread count was 1 (of 8 available processors)

Solution count 1: 16 

Optimal solution found (tolerance 0.00e+00)
Best objective 1.600000000000e+01, best bound 1.600000000000e+01, gap 0.0000%
    SAT | IdleRange(P*)=16 | time=0.388225s | config=R-DC-IRP-GRB-MIP
    Excel: /home/dclng566/projects/Business-Meeting-Scheduling-Problem/output/gurobi/table06_excel/ticf-14crafa.fixed040-Forb.xlsx
Instance forum-13crafb.forb0007: 1 run(s)
[59/66] forum-13crafb.forb0007 | reduced | gurobi_mip | P=native_linear | G=distance_closure | n/a
Set parameter WLSAccessID
Set parameter WLSSecret
Set parameter LicenseID to value 2663665
Academic license 2663665 - for non-commercial use only - registered to tu___@vnu.edu.vn
Set parameter OutputFlag to value 1
Set parameter Threads to value 1
Set parameter Seed to value 0
Set parameter MIPGap to value 0
Set parameter MIPGapAbs to value 0
Set parameter TimeLimit to value 7199.518838427
Gurobi Optimizer version 13.0.2 build v13.0.2rc1 (linux64 - "Ubuntu 22.04.5 LTS")

CPU model: INTEL(R) XEON(R) PLATINUM 8581C CPU @ 2.30GHz, instruction set [SSE2|AVX|AVX2|AVX512]
Thread count: 4 physical cores, 8 logical processors, using up to 1 threads

Non-default parameters:
TimeLimit  7199.518838427
MIPGap  0
MIPGapAbs  0
Threads  1

Academic license 2663665 - for non-commercial use only - registered to tu___@vnu.edu.vn
Optimize a model with 9691 rows, 6947 columns and 39012 nonzeros (Min)
Model fingerprint: 0xeee7014a
Model has 1 linear objective coefficients
Variable types: 0 continuous, 6947 integer (6888 binary)
Coefficient statistics:
  Matrix range     [1e+00, 1e+00]
  Objective range  [1e+00, 1e+00]
  Bounds range     [1e+00, 2e+01]
  RHS range        [1e+00, 4e+01]

Presolve removed 1622 rows and 365 columns
Presolve time: 0.05s
Presolved: 8069 rows, 6582 columns, 31625 nonzeros
Variable types: 0 continuous, 6582 integer (6527 binary)
Found heuristic solution: objective 14.0000000

Root relaxation: objective 0.000000e+00, 15488 iterations, 2.12 seconds (3.45 work units)

    Nodes    |    Current Node    |     Objective Bounds      |     Work
 Expl Unexpl |  Obj  Depth IntInf | Incumbent    BestBd   Gap | It/Node Time

     0     0    0.00000    0 3281   14.00000    0.00000   100%     -    3s
     0     0    1.00000    0 2042   14.00000    1.00000  92.9%     -    4s
H    0     0                      13.0000000    1.00000  92.3%     -    4s
H    0     0                      12.0000000    1.00000  91.7%     -    4s
     0     0    1.00000    0 2042   12.00000    1.00000  91.7%     -    4s
     0     0    1.00000    0 1555   12.00000    1.00000  91.7%     -    7s
     0     0    1.00000    0 1576   12.00000    1.00000  91.7%     -    8s
H    0     0                      11.0000000    1.00000  90.9%     -    8s
H    0     0                       9.0000000    1.00000  88.9%     -    8s
     0     0    1.00000    0 1548    9.00000    1.00000  88.9%     -    8s
     0     0    1.00000    0 1422    9.00000    1.00000  88.9%     -    8s
     0     0    1.00000    0 1015    9.00000    1.00000  88.9%     -   10s
H    0     0                       8.0000000    1.00000  87.5%     -   10s
     0     0    1.00000    0  986    8.00000    1.00000  87.5%     -   10s
     0     0    1.00000    0  940    8.00000    1.00000  87.5%     -   10s
     0     0    1.00000    0 1107    8.00000    1.00000  87.5%     -   10s
     0     0    1.00000    0  814    8.00000    1.00000  87.5%     -   12s
H    0     0                       7.0000000    1.00000  85.7%     -   12s
     0     0    1.00000    0  992    7.00000    1.00000  85.7%     -   13s
     0     0    1.00000    0  940    7.00000    1.00000  85.7%     -   13s
     0     0    1.00000    0 1029    7.00000    1.00000  85.7%     -   13s
     0     0    1.00000    0  796    7.00000    1.00000  85.7%     -   14s
H    0     0                       6.0000000    1.00000  83.3%     -   14s
     0     0    1.00000    0  807    6.00000    1.00000  83.3%     -   14s
     0     0    1.00000    0  791    6.00000    1.00000  83.3%     -   14s
     0     0    1.00000    0  922    6.00000    1.00000  83.3%     -   15s
     0     0    1.00000    0  907    6.00000    1.00000  83.3%     -   15s
     0     0    1.00000    0  673    6.00000    1.00000  83.3%     -   17s
H    0     0                       5.0000000    1.00000  80.0%     -   17s
H    0     0                       4.0000000    1.00000  75.0%     -   17s
     0     0    1.00000    0  627    4.00000    1.00000  75.0%     -   17s
     0     0    1.00000    0  948    4.00000    1.00000  75.0%     -   17s
     0     0    1.00000    0  929    4.00000    1.00000  75.0%     -   17s
     0     0    1.00000    0  391    4.00000    1.00000  75.0%     -   18s
     0     0    1.00000    0  543    4.00000    1.00000  75.0%     -   18s
     0     0    1.00000    0  636    4.00000    1.00000  75.0%     -   18s
     0     0    1.00000    0  386    4.00000    1.00000  75.0%     -   19s
     0     0    1.00000    0  390    4.00000    1.00000  75.0%     -   19s
     0     0    1.00000    0  701    4.00000    1.00000  75.0%     -   20s
     0     0    1.00000    0  537    4.00000    1.00000  75.0%     -   20s
     0     0    1.00000    0  537    4.00000    1.00000  75.0%     -   20s
     0     0    1.00000    0  443    4.00000    1.00000  75.0%     -   21s
     0     0    1.00000    0 1281    4.00000    1.00000  75.0%     -   25s
     0     0    1.00000    0 1281    4.00000    1.00000  75.0%     -   25s
     0     0    1.00000    0 1261    4.00000    1.00000  75.0%     -   25s
     0     0    1.00000    0 1304    4.00000    1.00000  75.0%     -   26s
     0     0    1.00000    0  921    4.00000    1.00000  75.0%     -   27s
     0     0    1.00000    0  873    4.00000    1.00000  75.0%     -   28s
     0     0    1.00000    0  898    4.00000    1.00000  75.0%     -   28s
     0     0    1.00000    0  898    4.00000    1.00000  75.0%     -   29s
     0     0    1.00000    0  952    4.00000    1.00000  75.0%     -   29s
     0     0    1.00000    0 1023    4.00000    1.00000  75.0%     -   29s
     0     0    1.00000    0  812    4.00000    1.00000  75.0%     -   31s
     0     0    1.00000    0  703    4.00000    1.00000  75.0%     -   31s
     0     0    1.00000    0  916    4.00000    1.00000  75.0%     -   31s
     0     0    1.00000    0  633    4.00000    1.00000  75.0%     -   32s
     0     0    1.00000    0  704    4.00000    1.00000  75.0%     -   32s
     0     0    1.00000    0  897    4.00000    1.00000  75.0%     -   32s
     0     0    1.00000    0  825    4.00000    1.00000  75.0%     -   33s
     0     0    1.00000    0  884    4.00000    1.00000  75.0%     -   33s
     0     0    1.00000    0  890    4.00000    1.00000  75.0%     -   34s
     0     0    1.00000    0  743    4.00000    1.00000  75.0%     -   35s
     0     0    1.00000    0  743    4.00000    1.00000  75.0%     -   35s
     0     0    1.00000    0  743    4.00000    1.00000  75.0%     -   35s
     0     2    1.00000    0  743    4.00000    1.00000  75.0%     -   36s
H    3     3                       3.0000000    1.00000  66.7%   741   37s
H    7     7                       2.0000000    1.00000  50.0%   742   38s
    25    18    1.00000   12  644    2.00000    1.00000  50.0%   560   40s
    63    26    1.00000   17  671    2.00000    1.00000  50.0%   479   45s

Cutting planes:
  Gomory: 9
  Cover: 9
  Implied bound: 21
  Clique: 118
  MIR: 22
  Inf proof: 2
  Zero half: 71
  RLT: 50
  Relax-and-lift: 43
  BQP: 22

Explored 98 nodes (335159 simplex iterations) in 45.85 seconds (67.86 work units)
Thread count was 1 (of 8 available processors)

Solution count 10: 2 3 4 ... 12

Optimal solution found (tolerance 0.00e+00)
Best objective 2.000000000000e+00, best bound 2.000000000000e+00, gap 0.0000%
    SAT | IdleRange(P*)=2 | time=46.083407s | config=R-DC-IRP-GRB-MIP
    Excel: /home/dclng566/projects/Business-Meeting-Scheduling-Problem/output/gurobi/table06_excel/forum-13crafb.forb0007.xlsx
Instance ticf-14crafa.fixed020-Forb: 1 run(s)
[60/66] ticf-14crafa.fixed020-Forb | reduced | gurobi_mip | P=native_linear | G=distance_closure | n/a
Set parameter WLSAccessID
Set parameter WLSSecret
Set parameter LicenseID to value 2663665
Academic license 2663665 - for non-commercial use only - registered to tu___@vnu.edu.vn
Set parameter OutputFlag to value 1
Set parameter Threads to value 1
Set parameter Seed to value 0
Set parameter MIPGap to value 0
Set parameter MIPGapAbs to value 0
Set parameter TimeLimit to value 7199.24463632
Gurobi Optimizer version 13.0.2 build v13.0.2rc1 (linux64 - "Ubuntu 22.04.5 LTS")

CPU model: INTEL(R) XEON(R) PLATINUM 8581C CPU @ 2.30GHz, instruction set [SSE2|AVX|AVX2|AVX512]
Thread count: 4 physical cores, 8 logical processors, using up to 1 threads

Non-default parameters:
TimeLimit  7199.24463632
MIPGap  0
MIPGapAbs  0
Threads  1

Academic license 2663665 - for non-commercial use only - registered to tu___@vnu.edu.vn
Optimize a model with 12318 rows, 8623 columns and 48719 nonzeros (Min)
Model fingerprint: 0x8a2c16b3
Model has 1 linear objective coefficients
Variable types: 0 continuous, 8623 integer (8548 binary)
Coefficient statistics:
  Matrix range     [1e+00, 1e+00]
  Objective range  [1e+00, 1e+00]
  Bounds range     [1e+00, 2e+01]
  RHS range        [1e+00, 4e+01]

Presolve removed 8386 rows and 3372 columns
Presolve time: 0.12s
Presolved: 3932 rows, 5251 columns, 22721 nonzeros
Variable types: 0 continuous, 5251 integer (5229 binary)
Found heuristic solution: objective 20.0000000

Root relaxation: objective 1.500000e+01, 6252 iterations, 0.42 seconds (0.60 work units)

    Nodes    |    Current Node    |     Objective Bounds      |     Work
 Expl Unexpl |  Obj  Depth IntInf | Incumbent    BestBd   Gap | It/Node Time

H    0     0                      15.0000000   15.00000  0.00%     -    0s
     0     0   15.00000    0 1733   15.00000   15.00000  0.00%     -    0s

Explored 1 nodes (6252 simplex iterations) in 0.56 seconds (0.81 work units)
Thread count was 1 (of 8 available processors)

Solution count 2: 15 20 

Optimal solution found (tolerance 0.00e+00)
Best objective 1.500000000000e+01, best bound 1.500000000000e+01, gap 0.0000%
    SAT | IdleRange(P*)=15 | time=1.071673s | config=R-DC-IRP-GRB-MIP
    Excel: /home/dclng566/projects/Business-Meeting-Scheduling-Problem/output/gurobi/table06_excel/ticf-14crafa.fixed020-Forb.xlsx
Instance forum-13crafc.fixed020-Forb: 1 run(s)
[61/66] forum-13crafc.fixed020-Forb | reduced | gurobi_mip | P=native_linear | G=distance_closure | n/a
Set parameter WLSAccessID
Set parameter WLSSecret
Set parameter LicenseID to value 2663665
Academic license 2663665 - for non-commercial use only - registered to tu___@vnu.edu.vn
Set parameter OutputFlag to value 1
Set parameter Threads to value 1
Set parameter Seed to value 0
Set parameter MIPGap to value 0
Set parameter MIPGapAbs to value 0
Set parameter TimeLimit to value 7.1996001835530005e+03
Gurobi Optimizer version 13.0.2 build v13.0.2rc1 (linux64 - "Ubuntu 22.04.5 LTS")

CPU model: INTEL(R) XEON(R) PLATINUM 8581C CPU @ 2.30GHz, instruction set [SSE2|AVX|AVX2|AVX512]
Thread count: 4 physical cores, 8 logical processors, using up to 1 threads

Non-default parameters:
TimeLimit  7.1996001835530005e+03
MIPGap  0
MIPGapAbs  0
Threads  1

Academic license 2663665 - for non-commercial use only - registered to tu___@vnu.edu.vn
Optimize a model with 8561 rows, 5254 columns and 28296 nonzeros (Min)
Model fingerprint: 0xa3bd7072
Model has 1 linear objective coefficients
Variable types: 0 continuous, 5254 integer (5193 binary)
Coefficient statistics:
  Matrix range     [1e+00, 1e+00]
  Objective range  [1e+00, 1e+00]
  Bounds range     [1e+00, 2e+01]
  RHS range        [1e+00, 4e+01]

Presolve removed 5407 rows and 2383 columns
Presolve time: 0.07s
Presolved: 3154 rows, 2871 columns, 13256 nonzeros
Variable types: 0 continuous, 2871 integer (2834 binary)
Found heuristic solution: objective 15.0000000

Root relaxation: objective 1.000000e+01, 3401 iterations, 0.12 seconds (0.17 work units)

    Nodes    |    Current Node    |     Objective Bounds      |     Work
 Expl Unexpl |  Obj  Depth IntInf | Incumbent    BestBd   Gap | It/Node Time

     0     0   10.00000    0   84   15.00000   10.00000  33.3%     -    0s
H    0     0                      14.0000000   10.00000  28.6%     -    0s
H    0     0                      13.0000000   10.00000  23.1%     -    0s
H    0     0                      12.0000000   10.00000  16.7%     -    0s
H    0     0                      10.0000000   10.00000  0.00%     -    0s
     0     0   10.00000    0   84   10.00000   10.00000  0.00%     -    0s

Explored 1 nodes (4717 simplex iterations) in 0.26 seconds (0.37 work units)
Thread count was 1 (of 8 available processors)

Solution count 5: 10 12 13 ... 15

Optimal solution found (tolerance 0.00e+00)
Best objective 1.000000000000e+01, best bound 1.000000000000e+01, gap 0.0000%
    SAT | IdleRange(P*)=10 | time=0.418219s | config=R-DC-IRP-GRB-MIP
    Excel: /home/dclng566/projects/Business-Meeting-Scheduling-Problem/output/gurobi/table06_excel/forum-13crafc.fixed020-Forb.xlsx
Instance forum-13.forb0007: 1 run(s)
[62/66] forum-13.forb0007 | reduced | gurobi_mip | P=native_linear | G=distance_closure | n/a
Set parameter WLSAccessID
Set parameter WLSSecret
Set parameter LicenseID to value 2663665
Academic license 2663665 - for non-commercial use only - registered to tu___@vnu.edu.vn
Set parameter OutputFlag to value 1
Set parameter Threads to value 1
Set parameter Seed to value 0
Set parameter MIPGap to value 0
Set parameter MIPGapAbs to value 0
Set parameter TimeLimit to value 7.1996004465450005e+03
Gurobi Optimizer version 13.0.2 build v13.0.2rc1 (linux64 - "Ubuntu 22.04.5 LTS")

CPU model: INTEL(R) XEON(R) PLATINUM 8581C CPU @ 2.30GHz, instruction set [SSE2|AVX|AVX2|AVX512]
Thread count: 4 physical cores, 8 logical processors, using up to 1 threads

Non-default parameters:
TimeLimit  7.1996004465450005e+03
MIPGap  0
MIPGapAbs  0
Threads  1

Academic license 2663665 - for non-commercial use only - registered to tu___@vnu.edu.vn
Optimize a model with 9084 rows, 6049 columns and 33402 nonzeros (Min)
Model fingerprint: 0xc29b23c2
Model has 1 linear objective coefficients
Variable types: 0 continuous, 6049 integer (5988 binary)
Coefficient statistics:
  Matrix range     [1e+00, 1e+00]
  Objective range  [1e+00, 1e+00]
  Bounds range     [1e+00, 2e+01]
  RHS range        [1e+00, 4e+01]

Presolve removed 1614 rows and 552 columns
Presolve time: 0.04s
Presolved: 7470 rows, 5497 columns, 26817 nonzeros
Variable types: 0 continuous, 5497 integer (5437 binary)
Found heuristic solution: objective 12.0000000

Root relaxation: objective 0.000000e+00, 11307 iterations, 1.21 seconds (1.91 work units)

    Nodes    |    Current Node    |     Objective Bounds      |     Work
 Expl Unexpl |  Obj  Depth IntInf | Incumbent    BestBd   Gap | It/Node Time

     0     0    0.00000    0 2320   12.00000    0.00000   100%     -    1s
     0     0    0.00000    0 1758   12.00000    0.00000   100%     -    2s
H    0     0                      11.0000000    0.00000   100%     -    2s
H    0     0                      10.0000000    0.00000   100%     -    2s
H    0     0                       9.0000000    0.00000   100%     -    2s
     0     0    0.00000    0 1758    9.00000    0.00000   100%     -    2s
     0     0    0.00000    0 1100    9.00000    0.00000   100%     -    3s
H    0     0                       8.0000000    0.00000   100%     -    3s
H    0     0                       7.0000000    0.00000   100%     -    3s
     0     0    0.00000    0 1313    7.00000    0.00000   100%     -    4s
     0     0    0.00000    0 1317    7.00000    0.00000   100%     -    4s
H    0     0                       6.0000000    0.00000   100%     -    4s
     0     0    0.00000    0 1283    6.00000    0.00000   100%     -    4s
     0     0    0.00000    0 1307    6.00000    0.00000   100%     -    5s
     0     0    0.00000    0 1287    6.00000    0.00000   100%     -    5s
     0     0    0.00000    0  522    6.00000    0.00000   100%     -    5s
H    0     0                       5.0000000    0.00000   100%     -    5s
H    0     0                       4.0000000    0.00000   100%     -    5s
     0     0    0.00000    0  511    4.00000    0.00000   100%     -    6s
     0     0    0.00000    0  723    4.00000    0.00000   100%     -    6s
     0     0    0.00000    0  723    4.00000    0.00000   100%     -    6s
     0     0    0.00000    0  595    4.00000    0.00000   100%     -    6s
H    0     0                       3.0000000    0.00000   100%     -    6s
     0     0    0.00000    0  578    3.00000    0.00000   100%     -    6s
     0     0    0.00000    0  554    3.00000    0.00000   100%     -    6s
     0     0    0.00000    0  640    3.00000    0.00000   100%     -    6s
     0     0    0.00000    0  639    3.00000    0.00000   100%     -    6s
     0     0    0.00000    0  478    3.00000    0.00000   100%     -    7s
     0     0    0.00000    0  463    3.00000    0.00000   100%     -    7s
     0     0    0.00000    0  463    3.00000    0.00000   100%     -    7s
H    0     0                       2.0000000    0.00000   100%     -    7s
     0     2    0.00000    0  463    2.00000    0.00000   100%     -    7s
H    1     1                       1.0000000    0.00000   100%   0.0    7s
H    8     4                       0.0000000    0.00000  0.00%   186    8s

Cutting planes:
  Gomory: 6
  Implied bound: 39
  Clique: 27
  MIR: 7
  Flow cover: 35
  Zero half: 43
  RLT: 61
  Relax-and-lift: 54
  BQP: 9

Explored 9 nodes (74378 simplex iterations) in 8.27 seconds (12.50 work units)
Thread count was 1 (of 8 available processors)

Solution count 10: 0 1 2 ... 9

Optimal solution found (tolerance 0.00e+00)
Best objective 0.000000000000e+00, best bound 0.000000000000e+00, gap 0.0000%
    SAT | IdleRange(P*)=0 | time=8.422006s | config=R-DC-IRP-GRB-MIP
    Excel: /home/dclng566/projects/Business-Meeting-Scheduling-Problem/output/gurobi/table06_excel/forum-13.forb0007.xlsx
Instance forumt-14.fixed040-Forb: 1 run(s)
[63/66] forumt-14.fixed040-Forb | reduced | gurobi_mip | P=native_linear | G=distance_closure | n/a
Set parameter WLSAccessID
Set parameter WLSSecret
Set parameter LicenseID to value 2663665
Academic license 2663665 - for non-commercial use only - registered to tu___@vnu.edu.vn
Set parameter OutputFlag to value 1
Set parameter Threads to value 1
Set parameter Seed to value 0
Set parameter MIPGap to value 0
Set parameter MIPGapAbs to value 0
Set parameter TimeLimit to value 7199.691304538
Gurobi Optimizer version 13.0.2 build v13.0.2rc1 (linux64 - "Ubuntu 22.04.5 LTS")

CPU model: INTEL(R) XEON(R) PLATINUM 8581C CPU @ 2.30GHz, instruction set [SSE2|AVX|AVX2|AVX512]
Thread count: 4 physical cores, 8 logical processors, using up to 1 threads

Non-default parameters:
TimeLimit  7199.691304538
MIPGap  0
MIPGapAbs  0
Threads  1

Academic license 2663665 - for non-commercial use only - registered to tu___@vnu.edu.vn
Optimize a model with 4662 rows, 2811 columns and 15385 nonzeros (Min)
Model fingerprint: 0xe2ea3eba
Model has 1 linear objective coefficients
Variable types: 0 continuous, 2811 integer (2749 binary)
Coefficient statistics:
  Matrix range     [1e+00, 1e+00]
  Objective range  [1e+00, 1e+00]
  Bounds range     [1e+00, 7e+00]
  RHS range        [1e+00, 3e+01]

Presolve time: 0.00s

Explored 0 nodes (0 simplex iterations) in 0.00 seconds (0.00 work units)
Thread count was 1 (of 8 available processors)

Solution count 0

Model is infeasible
Best objective -, best bound -, gap -
    UNSAT | IdleRange(P*)=None | time=0.062052s | config=R-DC-IRP-GRB-MIP
    Excel: /home/dclng566/projects/Business-Meeting-Scheduling-Problem/output/gurobi/table06_excel/forumt-14.fixed040-Forb.xlsx
Instance tic-12.fixed020-Forb: 1 run(s)
[64/66] tic-12.fixed020-Forb | reduced | gurobi_mip | P=native_linear | G=distance_closure | n/a
Set parameter WLSAccessID
Set parameter WLSSecret
Set parameter LicenseID to value 2663665
Academic license 2663665 - for non-commercial use only - registered to tu___@vnu.edu.vn
Set parameter OutputFlag to value 1
Set parameter Threads to value 1
Set parameter Seed to value 0
Set parameter MIPGap to value 0
Set parameter MIPGapAbs to value 0
Set parameter TimeLimit to value 7199.697875834
Gurobi Optimizer version 13.0.2 build v13.0.2rc1 (linux64 - "Ubuntu 22.04.5 LTS")

CPU model: INTEL(R) XEON(R) PLATINUM 8581C CPU @ 2.30GHz, instruction set [SSE2|AVX|AVX2|AVX512]
Thread count: 4 physical cores, 8 logical processors, using up to 1 threads

Non-default parameters:
TimeLimit  7199.697875834
MIPGap  0
MIPGapAbs  0
Threads  1

Academic license 2663665 - for non-commercial use only - registered to tu___@vnu.edu.vn
Optimize a model with 2501 rows, 1565 columns and 8535 nonzeros (Min)
Model fingerprint: 0xc3af2434
Model has 1 linear objective coefficients
Variable types: 0 continuous, 1565 integer (1523 binary)
Coefficient statistics:
  Matrix range     [1e+00, 1e+00]
  Objective range  [1e+00, 1e+00]
  Bounds range     [1e+00, 6e+00]
  RHS range        [1e+00, 2e+01]

Presolve removed 1947 rows and 884 columns
Presolve time: 0.01s
Presolved: 554 rows, 681 columns, 2676 nonzeros
Variable types: 0 continuous, 681 integer (674 binary)

Root relaxation: objective 4.000000e+00, 776 iterations, 0.01 seconds (0.01 work units)

    Nodes    |    Current Node    |     Objective Bounds      |     Work
 Expl Unexpl |  Obj  Depth IntInf | Incumbent    BestBd   Gap | It/Node Time

H    0     0                       4.0000000    4.00000  0.00%     -    0s
     0     0    4.00000    0  343    4.00000    4.00000  0.00%     -    0s

Explored 1 nodes (776 simplex iterations) in 0.03 seconds (0.03 work units)
Thread count was 1 (of 8 available processors)

Solution count 1: 4 

Optimal solution found (tolerance 0.00e+00)
Best objective 4.000000000000e+00, best bound 4.000000000000e+00, gap 0.0000%
    SAT | IdleRange(P*)=4 | time=0.080614s | config=R-DC-IRP-GRB-MIP
    Excel: /home/dclng566/projects/Business-Meeting-Scheduling-Problem/output/gurobi/table06_excel/tic-12.fixed020-Forb.xlsx
Instance ticf-13crafb.fixed040-Forb: 1 run(s)
[65/66] ticf-13crafb.fixed040-Forb | reduced | gurobi_mip | P=native_linear | G=distance_closure | n/a
Set parameter WLSAccessID
Set parameter WLSSecret
Set parameter LicenseID to value 2663665
Academic license 2663665 - for non-commercial use only - registered to tu___@vnu.edu.vn
Set parameter OutputFlag to value 1
Set parameter Threads to value 1
Set parameter Seed to value 0
Set parameter MIPGap to value 0
Set parameter MIPGapAbs to value 0
Set parameter TimeLimit to value 7.1996703899720005e+03
Gurobi Optimizer version 13.0.2 build v13.0.2rc1 (linux64 - "Ubuntu 22.04.5 LTS")

CPU model: INTEL(R) XEON(R) PLATINUM 8581C CPU @ 2.30GHz, instruction set [SSE2|AVX|AVX2|AVX512]
Thread count: 4 physical cores, 8 logical processors, using up to 1 threads

Non-default parameters:
TimeLimit  7.1996703899720005e+03
MIPGap  0
MIPGapAbs  0
Threads  1

Academic license 2663665 - for non-commercial use only - registered to tu___@vnu.edu.vn
Optimize a model with 9198 rows, 5673 columns and 31172 nonzeros (Min)
Model fingerprint: 0xfa2c2af3
Model has 1 linear objective coefficients
Variable types: 0 continuous, 5673 integer (5614 binary)
Coefficient statistics:
  Matrix range     [1e+00, 1e+00]
  Objective range  [1e+00, 1e+00]
  Bounds range     [1e+00, 2e+01]
  RHS range        [1e+00, 4e+01]

Presolve time: 0.00s

Explored 0 nodes (0 simplex iterations) in 0.00 seconds (0.00 work units)
Thread count was 1 (of 8 available processors)

Solution count 0

Model is infeasible
Best objective -, best bound -, gap -
    UNSAT | IdleRange(P*)=None | time=0.084409s | config=R-DC-IRP-GRB-MIP
    Excel: /home/dclng566/projects/Business-Meeting-Scheduling-Problem/output/gurobi/table06_excel/ticf-13crafb.fixed040-Forb.xlsx
Instance forumt-14crafd.forb0007: 1 run(s)
[66/66] forumt-14crafd.forb0007 | reduced | gurobi_mip | P=native_linear | G=distance_closure | n/a
Set parameter WLSAccessID
Set parameter WLSSecret
Set parameter LicenseID to value 2663665
Academic license 2663665 - for non-commercial use only - registered to tu___@vnu.edu.vn
Set parameter OutputFlag to value 1
Set parameter Threads to value 1
Set parameter Seed to value 0
Set parameter MIPGap to value 0
Set parameter MIPGapAbs to value 0
Set parameter TimeLimit to value 7199.692709909
Gurobi Optimizer version 13.0.2 build v13.0.2rc1 (linux64 - "Ubuntu 22.04.5 LTS")

CPU model: INTEL(R) XEON(R) PLATINUM 8581C CPU @ 2.30GHz, instruction set [SSE2|AVX|AVX2|AVX512]
Thread count: 4 physical cores, 8 logical processors, using up to 1 threads

Non-default parameters:
TimeLimit  7199.692709909
MIPGap  0
MIPGapAbs  0
Threads  1

Academic license 2663665 - for non-commercial use only - registered to tu___@vnu.edu.vn
Optimize a model with 4884 rows, 4148 columns and 23594 nonzeros (Min)
Model fingerprint: 0xe8091e90
Model has 1 linear objective coefficients
Variable types: 0 continuous, 4148 integer (4086 binary)
Coefficient statistics:
  Matrix range     [1e+00, 1e+00]
  Objective range  [1e+00, 1e+00]
  Bounds range     [1e+00, 8e+00]
  RHS range        [1e+00, 2e+01]

Presolve time: 0.00s

Explored 0 nodes (0 simplex iterations) in 0.00 seconds (0.00 work units)
Thread count was 1 (of 8 available processors)

Solution count 0

Model is infeasible
Best objective -, best bound -, gap -
    UNSAT | IdleRange(P*)=None | time=0.060393s | config=R-DC-IRP-GRB-MIP
    Excel: /home/dclng566/projects/Business-Meeting-Scheduling-Problem/output/gurobi/table06_excel/forumt-14crafd.forb0007.xlsx
Detailed CSV: /home/dclng566/projects/Business-Meeting-Scheduling-Problem/output/gurobi/table06_detailed.csv
Aggregate CSV: /home/dclng566/projects/Business-Meeting-Scheduling-Problem/output/gurobi/table06_aggregate.csv
Per-instance Excel directory: /home/dclng566/projects/Business-Meeting-Scheduling-Problem/output/gurobi/table06_excel
Completed with errors=0, timeouts=0.

Completed table06 successfully
Finished UTC: 2026-07-23 16:06:53

============================================================
Starting table07
Data directory : data_table07_fixed
Started UTC    : 2026-07-23 16:06:53
Threads        : 1
Timeout        : 7200 seconds per instance
============================================================
B2B conference benchmark: 40 run(s), objective=IdleRange(P*)
Selected input paths: 40 (family=all, content_deduplicated=True)
Exact baselines: Reduced + DistanceClosure; threads=1, seed=0
Instance ticf-13crafb.fixed020-Forb: 1 run(s)
[1/40] ticf-13crafb.fixed020-Forb | reduced | gurobi_mip | P=native_linear | G=distance_closure | n/a
Set parameter WLSAccessID
Set parameter WLSSecret
Set parameter LicenseID to value 2663665
Academic license 2663665 - for non-commercial use only - registered to tu___@vnu.edu.vn
Set parameter OutputFlag to value 1
Set parameter Threads to value 1
Set parameter Seed to value 0
Set parameter MIPGap to value 0
Set parameter MIPGapAbs to value 0
Set parameter TimeLimit to value 7199.541581238
Gurobi Optimizer version 13.0.2 build v13.0.2rc1 (linux64 - "Ubuntu 22.04.5 LTS")

CPU model: INTEL(R) XEON(R) PLATINUM 8581C CPU @ 2.30GHz, instruction set [SSE2|AVX|AVX2|AVX512]
Thread count: 4 physical cores, 8 logical processors, using up to 1 threads

Non-default parameters:
TimeLimit  7199.541581238
MIPGap  0
MIPGapAbs  0
Threads  1

Academic license 2663665 - for non-commercial use only - registered to tu___@vnu.edu.vn
Optimize a model with 9119 rows, 5842 columns and 32098 nonzeros (Min)
Model fingerprint: 0xedce29bf
Model has 1 linear objective coefficients
Variable types: 0 continuous, 5842 integer (5783 binary)
Coefficient statistics:
  Matrix range     [1e+00, 1e+00]
  Objective range  [1e+00, 1e+00]
  Bounds range     [1e+00, 2e+01]
  RHS range        [1e+00, 4e+01]

Presolve removed 6318 rows and 2696 columns
Presolve time: 0.08s
Presolved: 2801 rows, 3146 columns, 13889 nonzeros
Variable types: 0 continuous, 3146 integer (3133 binary)
Found heuristic solution: objective 20.0000000
Found heuristic solution: objective 19.0000000

Root relaxation: objective 1.700000e+01, 3266 iterations, 0.12 seconds (0.17 work units)

    Nodes    |    Current Node    |     Objective Bounds      |     Work
 Expl Unexpl |  Obj  Depth IntInf | Incumbent    BestBd   Gap | It/Node Time

     0     0   17.00000    0   41   19.00000   17.00000  10.5%     -    0s
H    0     0                      18.0000000   17.00000  5.56%     -    0s
H    0     0                      17.0000000   17.00000  0.00%     -    0s
     0     0   17.00000    0   41   17.00000   17.00000  0.00%     -    0s

Explored 1 nodes (4403 simplex iterations) in 0.27 seconds (0.39 work units)
Thread count was 1 (of 8 available processors)

Solution count 4: 17 18 19 20 

Optimal solution found (tolerance 0.00e+00)
Best objective 1.700000000000e+01, best bound 1.700000000000e+01, gap 0.0000%
    SAT | IdleRange(P*)=17 | time=0.482365s | config=R-DC-IRP-GRB-MIP
    Excel: /home/dclng566/projects/Business-Meeting-Scheduling-Problem/output/gurobi/table07_excel/ticf-13crafb.fixed020-Forb.xlsx
Instance forum-13crafc.fixed040-Forb: 1 run(s)
[2/40] forum-13crafc.fixed040-Forb | reduced | gurobi_mip | P=native_linear | G=distance_closure | n/a
Set parameter WLSAccessID
Set parameter WLSSecret
Set parameter LicenseID to value 2663665
Academic license 2663665 - for non-commercial use only - registered to tu___@vnu.edu.vn
Set parameter OutputFlag to value 1
Set parameter Threads to value 1
Set parameter Seed to value 0
Set parameter MIPGap to value 0
Set parameter MIPGapAbs to value 0
Set parameter TimeLimit to value 7.1996539643119995e+03
Gurobi Optimizer version 13.0.2 build v13.0.2rc1 (linux64 - "Ubuntu 22.04.5 LTS")

CPU model: INTEL(R) XEON(R) PLATINUM 8581C CPU @ 2.30GHz, instruction set [SSE2|AVX|AVX2|AVX512]
Thread count: 4 physical cores, 8 logical processors, using up to 1 threads

Non-default parameters:
TimeLimit  7.1996539643119995e+03
MIPGap  0
MIPGapAbs  0
Threads  1

Academic license 2663665 - for non-commercial use only - registered to tu___@vnu.edu.vn
Optimize a model with 7745 rows, 4528 columns and 23397 nonzeros (Min)
Model fingerprint: 0x702643f1
Model has 1 linear objective coefficients
Variable types: 0 continuous, 4528 integer (4467 binary)
Coefficient statistics:
  Matrix range     [1e+00, 1e+00]
  Objective range  [1e+00, 1e+00]
  Bounds range     [1e+00, 2e+01]
  RHS range        [1e+00, 4e+01]

Presolve removed 5927 rows and 2890 columns
Presolve time: 0.05s
Presolved: 1818 rows, 1638 columns, 7523 nonzeros
Variable types: 0 continuous, 1638 integer (1615 binary)
Found heuristic solution: objective 15.0000000

Root relaxation: objective 1.200000e+01, 1402 iterations, 0.02 seconds (0.02 work units)

    Nodes    |    Current Node    |     Objective Bounds      |     Work
 Expl Unexpl |  Obj  Depth IntInf | Incumbent    BestBd   Gap | It/Node Time

     0     0   12.00000    0   14   15.00000   12.00000  20.0%     -    0s
     0     0   12.00000    0   17   15.00000   12.00000  20.0%     -    0s
H    0     0                      13.0000000   12.00000  7.69%     -    0s
H    0     0                      12.0000000   12.00000  0.00%     -    0s
     0     0   12.00000    0   17   12.00000   12.00000  0.00%     -    0s

Explored 1 nodes (2063 simplex iterations) in 0.09 seconds (0.11 work units)
Thread count was 1 (of 8 available processors)

Solution count 3: 12 13 15 

Optimal solution found (tolerance 0.00e+00)
Best objective 1.200000000000e+01, best bound 1.200000000000e+01, gap 0.0000%
    SAT | IdleRange(P*)=12 | time=0.186589s | config=R-DC-IRP-GRB-MIP
    Excel: /home/dclng566/projects/Business-Meeting-Scheduling-Problem/output/gurobi/table07_excel/forum-13crafc.fixed040-Forb.xlsx
Instance forumt-14crafd.fixed040-Forb: 1 run(s)
[3/40] forumt-14crafd.fixed040-Forb | reduced | gurobi_mip | P=native_linear | G=distance_closure | n/a
Set parameter WLSAccessID
Set parameter WLSSecret
Set parameter LicenseID to value 2663665
Academic license 2663665 - for non-commercial use only - registered to tu___@vnu.edu.vn
Set parameter OutputFlag to value 1
Set parameter Threads to value 1
Set parameter Seed to value 0
Set parameter MIPGap to value 0
Set parameter MIPGapAbs to value 0
Set parameter TimeLimit to value 7.1996917411429995e+03
Gurobi Optimizer version 13.0.2 build v13.0.2rc1 (linux64 - "Ubuntu 22.04.5 LTS")

CPU model: INTEL(R) XEON(R) PLATINUM 8581C CPU @ 2.30GHz, instruction set [SSE2|AVX|AVX2|AVX512]
Thread count: 4 physical cores, 8 logical processors, using up to 1 threads

Non-default parameters:
TimeLimit  7.1996917411429995e+03
MIPGap  0
MIPGapAbs  0
Threads  1

Academic license 2663665 - for non-commercial use only - registered to tu___@vnu.edu.vn
Optimize a model with 4574 rows, 2676 columns and 14492 nonzeros (Min)
Model fingerprint: 0xb02561fd
Model has 1 linear objective coefficients
Variable types: 0 continuous, 2676 integer (2614 binary)
Coefficient statistics:
  Matrix range     [1e+00, 1e+00]
  Objective range  [1e+00, 1e+00]
  Bounds range     [1e+00, 8e+00]
  RHS range        [1e+00, 2e+01]

Presolve time: 0.00s

Explored 0 nodes (0 simplex iterations) in 0.00 seconds (0.00 work units)
Thread count was 1 (of 8 available processors)

Solution count 0

Model is infeasible
Best objective -, best bound -, gap -
    UNSAT | IdleRange(P*)=None | time=0.061009s | config=R-DC-IRP-GRB-MIP
    Excel: /home/dclng566/projects/Business-Meeting-Scheduling-Problem/output/gurobi/table07_excel/forumt-14crafd.fixed040-Forb.xlsx
Instance tic-14crafd.fixed020-Forb: 1 run(s)
[4/40] tic-14crafd.fixed020-Forb | reduced | gurobi_mip | P=native_linear | G=distance_closure | n/a
Set parameter WLSAccessID
Set parameter WLSSecret
Set parameter LicenseID to value 2663665
Academic license 2663665 - for non-commercial use only - registered to tu___@vnu.edu.vn
Set parameter OutputFlag to value 1
Set parameter Threads to value 1
Set parameter Seed to value 0
Set parameter MIPGap to value 0
Set parameter MIPGapAbs to value 0
Set parameter TimeLimit to value 7199.637320632
Gurobi Optimizer version 13.0.2 build v13.0.2rc1 (linux64 - "Ubuntu 22.04.5 LTS")

CPU model: INTEL(R) XEON(R) PLATINUM 8581C CPU @ 2.30GHz, instruction set [SSE2|AVX|AVX2|AVX512]
Thread count: 4 physical cores, 8 logical processors, using up to 1 threads

Non-default parameters:
TimeLimit  7199.637320632
MIPGap  0
MIPGapAbs  0
Threads  1

Academic license 2663665 - for non-commercial use only - registered to tu___@vnu.edu.vn
Optimize a model with 4789 rows, 3212 columns and 17882 nonzeros (Min)
Model fingerprint: 0x493c7ec0
Model has 1 linear objective coefficients
Variable types: 0 continuous, 3212 integer (3150 binary)
Coefficient statistics:
  Matrix range     [1e+00, 1e+00]
  Objective range  [1e+00, 1e+00]
  Bounds range     [1e+00, 8e+00]
  RHS range        [1e+00, 2e+01]

Presolve removed 3734 rows and 1632 columns
Presolve time: 0.03s
Presolved: 1055 rows, 1580 columns, 6504 nonzeros
Variable types: 0 continuous, 1580 integer (1565 binary)

Root relaxation: objective 3.000000e+00, 2037 iterations, 0.07 seconds (0.09 work units)

    Nodes    |    Current Node    |     Objective Bounds      |     Work
 Expl Unexpl |  Obj  Depth IntInf | Incumbent    BestBd   Gap | It/Node Time

     0     0    3.00000    0  218          -    3.00000      -     -    0s
     0     0    3.00000    0  222          -    3.00000      -     -    0s
     0     0    3.00000    0  209          -    3.00000      -     -    0s
     0     0    3.00000    0  183          -    3.00000      -     -    0s
*    0     0               0       3.0000000    3.00000  0.00%     -    0s

Cutting planes:
  Gomory: 16
  Clique: 2
  Zero half: 21

Explored 1 nodes (4897 simplex iterations) in 0.29 seconds (0.35 work units)
Thread count was 1 (of 8 available processors)

Solution count 1: 3 

Optimal solution found (tolerance 0.00e+00)
Best objective 3.000000000000e+00, best bound 3.000000000000e+00, gap 0.0000%
    SAT | IdleRange(P*)=3 | time=0.407949s | config=R-DC-IRP-GRB-MIP
    Excel: /home/dclng566/projects/Business-Meeting-Scheduling-Problem/output/gurobi/table07_excel/tic-14crafd.fixed020-Forb.xlsx
Instance forum-13crafb.fixed020-Forb: 1 run(s)
[5/40] forum-13crafb.fixed020-Forb | reduced | gurobi_mip | P=native_linear | G=distance_closure | n/a
Set parameter WLSAccessID
Set parameter WLSSecret
Set parameter LicenseID to value 2663665
Academic license 2663665 - for non-commercial use only - registered to tu___@vnu.edu.vn
Set parameter OutputFlag to value 1
Set parameter Threads to value 1
Set parameter Seed to value 0
Set parameter MIPGap to value 0
Set parameter MIPGapAbs to value 0
Set parameter TimeLimit to value 7199.549868075
Gurobi Optimizer version 13.0.2 build v13.0.2rc1 (linux64 - "Ubuntu 22.04.5 LTS")

CPU model: INTEL(R) XEON(R) PLATINUM 8581C CPU @ 2.30GHz, instruction set [SSE2|AVX|AVX2|AVX512]
Thread count: 4 physical cores, 8 logical processors, using up to 1 threads

Non-default parameters:
TimeLimit  7199.549868075
MIPGap  0
MIPGapAbs  0
Threads  1

Academic license 2663665 - for non-commercial use only - registered to tu___@vnu.edu.vn
Optimize a model with 8999 rows, 5763 columns and 31534 nonzeros (Min)
Model fingerprint: 0xf747881b
Model has 1 linear objective coefficients
Variable types: 0 continuous, 5763 integer (5704 binary)
Coefficient statistics:
  Matrix range     [1e+00, 1e+00]
  Objective range  [1e+00, 1e+00]
  Bounds range     [1e+00, 2e+01]
  RHS range        [1e+00, 4e+01]

Presolve removed 6290 rows and 2715 columns
Presolve time: 0.08s
Presolved: 2709 rows, 3048 columns, 13459 nonzeros
Variable types: 0 continuous, 3048 integer (3035 binary)
Found heuristic solution: objective 20.0000000
Found heuristic solution: objective 19.0000000

Root relaxation: objective 1.700000e+01, 3136 iterations, 0.11 seconds (0.15 work units)

    Nodes    |    Current Node    |     Objective Bounds      |     Work
 Expl Unexpl |  Obj  Depth IntInf | Incumbent    BestBd   Gap | It/Node Time

     0     0   17.00000    0   52   19.00000   17.00000  10.5%     -    0s
H    0     0                      18.0000000   17.00000  5.56%     -    0s
H    0     0                      17.0000000   17.00000  0.00%     -    0s
     0     0   17.00000    0   52   17.00000   17.00000  0.00%     -    0s

Explored 1 nodes (4253 simplex iterations) in 0.24 seconds (0.34 work units)
Thread count was 1 (of 8 available processors)

Solution count 4: 17 18 19 20 

Optimal solution found (tolerance 0.00e+00)
Best objective 1.700000000000e+01, best bound 1.700000000000e+01, gap 0.0000%
    SAT | IdleRange(P*)=17 | time=0.442944s | config=R-DC-IRP-GRB-MIP
    Excel: /home/dclng566/projects/Business-Meeting-Scheduling-Problem/output/gurobi/table07_excel/forum-13crafb.fixed020-Forb.xlsx
Instance forum-13.fixed040-Forb: 1 run(s)
[6/40] forum-13.fixed040-Forb | reduced | gurobi_mip | P=native_linear | G=distance_closure | n/a
Set parameter WLSAccessID
Set parameter WLSSecret
Set parameter LicenseID to value 2663665
Academic license 2663665 - for non-commercial use only - registered to tu___@vnu.edu.vn
Set parameter OutputFlag to value 1
Set parameter Threads to value 1
Set parameter Seed to value 0
Set parameter MIPGap to value 0
Set parameter MIPGapAbs to value 0
Set parameter TimeLimit to value 7199.657651656
Gurobi Optimizer version 13.0.2 build v13.0.2rc1 (linux64 - "Ubuntu 22.04.5 LTS")

CPU model: INTEL(R) XEON(R) PLATINUM 8581C CPU @ 2.30GHz, instruction set [SSE2|AVX|AVX2|AVX512]
Thread count: 4 physical cores, 8 logical processors, using up to 1 threads

Non-default parameters:
TimeLimit  7199.657651656
MIPGap  0
MIPGapAbs  0
Threads  1

Academic license 2663665 - for non-commercial use only - registered to tu___@vnu.edu.vn
Optimize a model with 7745 rows, 4528 columns and 23397 nonzeros (Min)
Model fingerprint: 0x0772574a
Model has 1 linear objective coefficients
Variable types: 0 continuous, 4528 integer (4467 binary)
Coefficient statistics:
  Matrix range     [1e+00, 1e+00]
  Objective range  [1e+00, 1e+00]
  Bounds range     [1e+00, 2e+01]
  RHS range        [1e+00, 4e+01]

Presolve removed 5927 rows and 2890 columns
Presolve time: 0.05s
Presolved: 1818 rows, 1638 columns, 7523 nonzeros
Variable types: 0 continuous, 1638 integer (1615 binary)
Found heuristic solution: objective 15.0000000
Found heuristic solution: objective 14.0000000

Root relaxation: objective 1.200000e+01, 1328 iterations, 0.02 seconds (0.02 work units)

    Nodes    |    Current Node    |     Objective Bounds      |     Work
 Expl Unexpl |  Obj  Depth IntInf | Incumbent    BestBd   Gap | It/Node Time

*    0     0               0      12.0000000   12.00000  0.00%     -    0s

Explored 1 nodes (1939 simplex iterations) in 0.08 seconds (0.11 work units)
Thread count was 1 (of 8 available processors)

Solution count 3: 12 14 15 

Optimal solution found (tolerance 0.00e+00)
Best objective 1.200000000000e+01, best bound 1.200000000000e+01, gap 0.0000%
    SAT | IdleRange(P*)=12 | time=0.179289s | config=R-DC-IRP-GRB-MIP
    Excel: /home/dclng566/projects/Business-Meeting-Scheduling-Problem/output/gurobi/table07_excel/forum-13.fixed040-Forb.xlsx
Instance tic-13.fixed040-Forb: 1 run(s)
[7/40] tic-13.fixed040-Forb | reduced | gurobi_mip | P=native_linear | G=distance_closure | n/a
Set parameter WLSAccessID
Set parameter WLSSecret
Set parameter LicenseID to value 2663665
Academic license 2663665 - for non-commercial use only - registered to tu___@vnu.edu.vn
Set parameter OutputFlag to value 1
Set parameter Threads to value 1
Set parameter Seed to value 0
Set parameter MIPGap to value 0
Set parameter MIPGapAbs to value 0
Set parameter TimeLimit to value 7199.686693452
Gurobi Optimizer version 13.0.2 build v13.0.2rc1 (linux64 - "Ubuntu 22.04.5 LTS")

CPU model: INTEL(R) XEON(R) PLATINUM 8581C CPU @ 2.30GHz, instruction set [SSE2|AVX|AVX2|AVX512]
Thread count: 4 physical cores, 8 logical processors, using up to 1 threads

Non-default parameters:
TimeLimit  7199.686693452
MIPGap  0
MIPGapAbs  0
Threads  1

Academic license 2663665 - for non-commercial use only - registered to tu___@vnu.edu.vn
Optimize a model with 3522 rows, 1966 columns and 10624 nonzeros (Min)
Model fingerprint: 0x16ab76d4
Model has 1 linear objective coefficients
Variable types: 0 continuous, 1966 integer (1918 binary)
Coefficient statistics:
  Matrix range     [1e+00, 1e+00]
  Objective range  [1e+00, 1e+00]
  Bounds range     [1e+00, 6e+00]
  RHS range        [1e+00, 2e+01]

Presolve removed 3016 rows and 1378 columns
Presolve time: 0.01s
Presolved: 506 rows, 588 columns, 2399 nonzeros
Variable types: 0 continuous, 588 integer (585 binary)

Root relaxation: objective 4.000000e+00, 720 iterations, 0.01 seconds (0.01 work units)

    Nodes    |    Current Node    |     Objective Bounds      |     Work
 Expl Unexpl |  Obj  Depth IntInf | Incumbent    BestBd   Gap | It/Node Time

H    0     0                       4.0000000    4.00000  0.00%     -    0s
     0     0    4.00000    0  269    4.00000    4.00000  0.00%     -    0s

Explored 1 nodes (720 simplex iterations) in 0.03 seconds (0.03 work units)
Thread count was 1 (of 8 available processors)

Solution count 1: 4 

Optimal solution found (tolerance 0.00e+00)
Best objective 4.000000000000e+00, best bound 4.000000000000e+00, gap 0.0000%
    SAT | IdleRange(P*)=4 | time=0.09128s | config=R-DC-IRP-GRB-MIP
    Excel: /home/dclng566/projects/Business-Meeting-Scheduling-Problem/output/gurobi/table07_excel/tic-13.fixed040-Forb.xlsx
Instance tic-13crafc.fixed040-Forb: 1 run(s)
[8/40] tic-13crafc.fixed040-Forb | reduced | gurobi_mip | P=native_linear | G=distance_closure | n/a
Set parameter WLSAccessID
Set parameter WLSSecret
Set parameter LicenseID to value 2663665
Academic license 2663665 - for non-commercial use only - registered to tu___@vnu.edu.vn
Set parameter OutputFlag to value 1
Set parameter Threads to value 1
Set parameter Seed to value 0
Set parameter MIPGap to value 0
Set parameter MIPGapAbs to value 0
Set parameter TimeLimit to value 7.1996872757950005e+03
Gurobi Optimizer version 13.0.2 build v13.0.2rc1 (linux64 - "Ubuntu 22.04.5 LTS")

CPU model: INTEL(R) XEON(R) PLATINUM 8581C CPU @ 2.30GHz, instruction set [SSE2|AVX|AVX2|AVX512]
Thread count: 4 physical cores, 8 logical processors, using up to 1 threads

Non-default parameters:
TimeLimit  7.1996872757950005e+03
MIPGap  0
MIPGapAbs  0
Threads  1

Academic license 2663665 - for non-commercial use only - registered to tu___@vnu.edu.vn
Optimize a model with 3522 rows, 1966 columns and 10624 nonzeros (Min)
Model fingerprint: 0x6cb66d25
Model has 1 linear objective coefficients
Variable types: 0 continuous, 1966 integer (1918 binary)
Coefficient statistics:
  Matrix range     [1e+00, 1e+00]
  Objective range  [1e+00, 1e+00]
  Bounds range     [1e+00, 6e+00]
  RHS range        [1e+00, 2e+01]

Presolve removed 3014 rows and 1378 columns
Presolve time: 0.01s
Presolved: 508 rows, 588 columns, 2478 nonzeros
Variable types: 0 continuous, 588 integer (585 binary)

Root relaxation: objective 4.000000e+00, 838 iterations, 0.01 seconds (0.02 work units)

    Nodes    |    Current Node    |     Objective Bounds      |     Work
 Expl Unexpl |  Obj  Depth IntInf | Incumbent    BestBd   Gap | It/Node Time

     0     0    4.00000    0   26          -    4.00000      -     -    0s
H    0     0                       4.0000000    4.00000  0.00%     -    0s

Explored 1 nodes (1149 simplex iterations) in 0.04 seconds (0.04 work units)
Thread count was 1 (of 8 available processors)

Solution count 1: 4 

Optimal solution found (tolerance 0.00e+00)
Best objective 4.000000000000e+00, best bound 4.000000000000e+00, gap 0.0000%
    SAT | IdleRange(P*)=4 | time=0.100011s | config=R-DC-IRP-GRB-MIP
    Excel: /home/dclng566/projects/Business-Meeting-Scheduling-Problem/output/gurobi/table07_excel/tic-13crafc.fixed040-Forb.xlsx
Instance tic-14crafa.fixed040-Forb: 1 run(s)
[9/40] tic-14crafa.fixed040-Forb | reduced | gurobi_mip | P=native_linear | G=distance_closure | n/a
Set parameter WLSAccessID
Set parameter WLSSecret
Set parameter LicenseID to value 2663665
Academic license 2663665 - for non-commercial use only - registered to tu___@vnu.edu.vn
Set parameter OutputFlag to value 1
Set parameter Threads to value 1
Set parameter Seed to value 0
Set parameter MIPGap to value 0
Set parameter MIPGapAbs to value 0
Set parameter TimeLimit to value 7.1996901268300007e+03
Gurobi Optimizer version 13.0.2 build v13.0.2rc1 (linux64 - "Ubuntu 22.04.5 LTS")

CPU model: INTEL(R) XEON(R) PLATINUM 8581C CPU @ 2.30GHz, instruction set [SSE2|AVX|AVX2|AVX512]
Thread count: 4 physical cores, 8 logical processors, using up to 1 threads

Non-default parameters:
TimeLimit  7.1996901268300007e+03
MIPGap  0
MIPGapAbs  0
Threads  1

Academic license 2663665 - for non-commercial use only - registered to tu___@vnu.edu.vn
Optimize a model with 4655 rows, 2712 columns and 14775 nonzeros (Min)
Model fingerprint: 0xb53d45ad
Model has 1 linear objective coefficients
Variable types: 0 continuous, 2712 integer (2650 binary)
Coefficient statistics:
  Matrix range     [1e+00, 1e+00]
  Objective range  [1e+00, 1e+00]
  Bounds range     [1e+00, 7e+00]
  RHS range        [1e+00, 3e+01]

Presolve time: 0.00s

Explored 0 nodes (0 simplex iterations) in 0.00 seconds (0.00 work units)
Thread count was 1 (of 8 available processors)

Solution count 0

Model is infeasible
Best objective -, best bound -, gap -
    UNSAT | IdleRange(P*)=None | time=0.062885s | config=R-DC-IRP-GRB-MIP
    Excel: /home/dclng566/projects/Business-Meeting-Scheduling-Problem/output/gurobi/table07_excel/tic-14crafa.fixed040-Forb.xlsx
Instance tic-12crafc.fixed020-Forb: 1 run(s)
[10/40] tic-12crafc.fixed020-Forb | reduced | gurobi_mip | P=native_linear | G=distance_closure | n/a
Set parameter WLSAccessID
Set parameter WLSSecret
Set parameter LicenseID to value 2663665
Academic license 2663665 - for non-commercial use only - registered to tu___@vnu.edu.vn
Set parameter OutputFlag to value 1
Set parameter Threads to value 1
Set parameter Seed to value 0
Set parameter MIPGap to value 0
Set parameter MIPGapAbs to value 0
Set parameter TimeLimit to value 7199.699833055
Gurobi Optimizer version 13.0.2 build v13.0.2rc1 (linux64 - "Ubuntu 22.04.5 LTS")

CPU model: INTEL(R) XEON(R) PLATINUM 8581C CPU @ 2.30GHz, instruction set [SSE2|AVX|AVX2|AVX512]
Thread count: 4 physical cores, 8 logical processors, using up to 1 threads

Non-default parameters:
TimeLimit  7199.699833055
MIPGap  0
MIPGapAbs  0
Threads  1

Academic license 2663665 - for non-commercial use only - registered to tu___@vnu.edu.vn
Optimize a model with 2501 rows, 1565 columns and 8535 nonzeros (Min)
Model fingerprint: 0xf9810c02
Model has 1 linear objective coefficients
Variable types: 0 continuous, 1565 integer (1523 binary)
Coefficient statistics:
  Matrix range     [1e+00, 1e+00]
  Objective range  [1e+00, 1e+00]
  Bounds range     [1e+00, 6e+00]
  RHS range        [1e+00, 2e+01]

Presolve removed 1946 rows and 884 columns
Presolve time: 0.01s
Presolved: 555 rows, 681 columns, 2845 nonzeros
Variable types: 0 continuous, 681 integer (674 binary)

Root relaxation: objective 4.000000e+00, 843 iterations, 0.01 seconds (0.02 work units)

    Nodes    |    Current Node    |     Objective Bounds      |     Work
 Expl Unexpl |  Obj  Depth IntInf | Incumbent    BestBd   Gap | It/Node Time

     0     0    4.00000    0   51          -    4.00000      -     -    0s
H    0     0                       4.0000000    4.00000  0.00%     -    0s
     0     0    4.00000    0   51    4.00000    4.00000  0.00%     -    0s

Explored 1 nodes (1480 simplex iterations) in 0.04 seconds (0.05 work units)
Thread count was 1 (of 8 available processors)

Solution count 1: 4 

Optimal solution found (tolerance 0.00e+00)
Best objective 4.000000000000e+00, best bound 4.000000000000e+00, gap 0.0000%
    SAT | IdleRange(P*)=4 | time=0.095948s | config=R-DC-IRP-GRB-MIP
    Excel: /home/dclng566/projects/Business-Meeting-Scheduling-Problem/output/gurobi/table07_excel/tic-12crafc.fixed020-Forb.xlsx
Instance forum-13crafb.fixed040-Forb: 1 run(s)
[11/40] forum-13crafb.fixed040-Forb | reduced | gurobi_mip | P=native_linear | G=distance_closure | n/a
Set parameter WLSAccessID
Set parameter WLSSecret
Set parameter LicenseID to value 2663665
Academic license 2663665 - for non-commercial use only - registered to tu___@vnu.edu.vn
Set parameter OutputFlag to value 1
Set parameter Threads to value 1
Set parameter Seed to value 0
Set parameter MIPGap to value 0
Set parameter MIPGapAbs to value 0
Set parameter TimeLimit to value 7.1996661654280006e+03
Gurobi Optimizer version 13.0.2 build v13.0.2rc1 (linux64 - "Ubuntu 22.04.5 LTS")

CPU model: INTEL(R) XEON(R) PLATINUM 8581C CPU @ 2.30GHz, instruction set [SSE2|AVX|AVX2|AVX512]
Thread count: 4 physical cores, 8 logical processors, using up to 1 threads

Non-default parameters:
TimeLimit  7.1996661654280006e+03
MIPGap  0
MIPGapAbs  0
Threads  1

Academic license 2663665 - for non-commercial use only - registered to tu___@vnu.edu.vn
Optimize a model with 8986 rows, 5482 columns and 29874 nonzeros (Min)
Model fingerprint: 0xdd7229e5
Model has 1 linear objective coefficients
Variable types: 0 continuous, 5482 integer (5423 binary)
Coefficient statistics:
  Matrix range     [1e+00, 1e+00]
  Objective range  [1e+00, 1e+00]
  Bounds range     [1e+00, 2e+01]
  RHS range        [1e+00, 4e+01]

Presolve time: 0.00s

Explored 0 nodes (0 simplex iterations) in 0.00 seconds (0.00 work units)
Thread count was 1 (of 8 available processors)

Solution count 0

Model is infeasible
Best objective -, best bound -, gap -
    UNSAT | IdleRange(P*)=None | time=0.088721s | config=R-DC-IRP-GRB-MIP
    Excel: /home/dclng566/projects/Business-Meeting-Scheduling-Problem/output/gurobi/table07_excel/forum-13crafb.fixed040-Forb.xlsx
Instance forumt-14crafc.fixed040-Forb: 1 run(s)
[12/40] forumt-14crafc.fixed040-Forb | reduced | gurobi_mip | P=native_linear | G=distance_closure | n/a
Set parameter WLSAccessID
Set parameter WLSSecret
Set parameter LicenseID to value 2663665
Academic license 2663665 - for non-commercial use only - registered to tu___@vnu.edu.vn
Set parameter OutputFlag to value 1
Set parameter Threads to value 1
Set parameter Seed to value 0
Set parameter MIPGap to value 0
Set parameter MIPGapAbs to value 0
Set parameter TimeLimit to value 7.1996933644750006e+03
Gurobi Optimizer version 13.0.2 build v13.0.2rc1 (linux64 - "Ubuntu 22.04.5 LTS")

CPU model: INTEL(R) XEON(R) PLATINUM 8581C CPU @ 2.30GHz, instruction set [SSE2|AVX|AVX2|AVX512]
Thread count: 4 physical cores, 8 logical processors, using up to 1 threads

Non-default parameters:
TimeLimit  7.1996933644750006e+03
MIPGap  0
MIPGapAbs  0
Threads  1

Academic license 2663665 - for non-commercial use only - registered to tu___@vnu.edu.vn
Optimize a model with 4662 rows, 2811 columns and 15385 nonzeros (Min)
Model fingerprint: 0x9e581c21
Model has 1 linear objective coefficients
Variable types: 0 continuous, 2811 integer (2749 binary)
Coefficient statistics:
  Matrix range     [1e+00, 1e+00]
  Objective range  [1e+00, 1e+00]
  Bounds range     [1e+00, 7e+00]
  RHS range        [1e+00, 2e+01]

Presolve time: 0.00s

Explored 0 nodes (0 simplex iterations) in 0.00 seconds (0.00 work units)
Thread count was 1 (of 8 available processors)

Solution count 0

Model is infeasible
Best objective -, best bound -, gap -
    UNSAT | IdleRange(P*)=None | time=0.059454s | config=R-DC-IRP-GRB-MIP
    Excel: /home/dclng566/projects/Business-Meeting-Scheduling-Problem/output/gurobi/table07_excel/forumt-14crafc.fixed040-Forb.xlsx
Instance forumt-14crafe.fixed040-Forb: 1 run(s)
[13/40] forumt-14crafe.fixed040-Forb | reduced | gurobi_mip | P=native_linear | G=distance_closure | n/a
Set parameter WLSAccessID
Set parameter WLSSecret
Set parameter LicenseID to value 2663665
Academic license 2663665 - for non-commercial use only - registered to tu___@vnu.edu.vn
Set parameter OutputFlag to value 1
Set parameter Threads to value 1
Set parameter Seed to value 0
Set parameter MIPGap to value 0
Set parameter MIPGapAbs to value 0
Set parameter TimeLimit to value 7.1996936717450008e+03
Gurobi Optimizer version 13.0.2 build v13.0.2rc1 (linux64 - "Ubuntu 22.04.5 LTS")

CPU model: INTEL(R) XEON(R) PLATINUM 8581C CPU @ 2.30GHz, instruction set [SSE2|AVX|AVX2|AVX512]
Thread count: 4 physical cores, 8 logical processors, using up to 1 threads

Non-default parameters:
TimeLimit  7.1996936717450008e+03
MIPGap  0
MIPGapAbs  0
Threads  1

Academic license 2663665 - for non-commercial use only - registered to tu___@vnu.edu.vn
Optimize a model with 4574 rows, 2676 columns and 14492 nonzeros (Min)
Model fingerprint: 0xcd12e7e3
Model has 1 linear objective coefficients
Variable types: 0 continuous, 2676 integer (2614 binary)
Coefficient statistics:
  Matrix range     [1e+00, 1e+00]
  Objective range  [1e+00, 1e+00]
  Bounds range     [1e+00, 8e+00]
  RHS range        [1e+00, 2e+01]

Presolve time: 0.00s

Explored 0 nodes (0 simplex iterations) in 0.00 seconds (0.00 work units)
Thread count was 1 (of 8 available processors)

Solution count 0

Model is infeasible
Best objective -, best bound -, gap -
    UNSAT | IdleRange(P*)=None | time=0.058984s | config=R-DC-IRP-GRB-MIP
    Excel: /home/dclng566/projects/Business-Meeting-Scheduling-Problem/output/gurobi/table07_excel/forumt-14crafe.fixed040-Forb.xlsx
Instance tic-12.fixed040-Forb: 1 run(s)
[14/40] tic-12.fixed040-Forb | reduced | gurobi_mip | P=native_linear | G=distance_closure | n/a
Set parameter WLSAccessID
Set parameter WLSSecret
Set parameter LicenseID to value 2663665
Academic license 2663665 - for non-commercial use only - registered to tu___@vnu.edu.vn
Set parameter OutputFlag to value 1
Set parameter Threads to value 1
Set parameter Seed to value 0
Set parameter MIPGap to value 0
Set parameter MIPGapAbs to value 0
Set parameter TimeLimit to value 7199.721694786
Gurobi Optimizer version 13.0.2 build v13.0.2rc1 (linux64 - "Ubuntu 22.04.5 LTS")

CPU model: INTEL(R) XEON(R) PLATINUM 8581C CPU @ 2.30GHz, instruction set [SSE2|AVX|AVX2|AVX512]
Thread count: 4 physical cores, 8 logical processors, using up to 1 threads

Non-default parameters:
TimeLimit  7199.721694786
MIPGap  0
MIPGapAbs  0
Threads  1

Academic license 2663665 - for non-commercial use only - registered to tu___@vnu.edu.vn
Optimize a model with 2523 rows, 1520 columns and 8283 nonzeros (Min)
Model fingerprint: 0x106da359
Model has 1 linear objective coefficients
Variable types: 0 continuous, 1520 integer (1478 binary)
Coefficient statistics:
  Matrix range     [1e+00, 1e+00]
  Objective range  [1e+00, 1e+00]
  Bounds range     [1e+00, 6e+00]
  RHS range        [1e+00, 2e+01]

Presolve time: 0.00s

Explored 0 nodes (0 simplex iterations) in 0.00 seconds (0.00 work units)
Thread count was 1 (of 8 available processors)

Solution count 0

Model is infeasible
Best objective -, best bound -, gap -
    UNSAT | IdleRange(P*)=None | time=0.030031s | config=R-DC-IRP-GRB-MIP
    Excel: /home/dclng566/projects/Business-Meeting-Scheduling-Problem/output/gurobi/table07_excel/tic-12.fixed040-Forb.xlsx
Instance tic-14crafa.fixed020-Forb: 1 run(s)
[15/40] tic-14crafa.fixed020-Forb | reduced | gurobi_mip | P=native_linear | G=distance_closure | n/a
Set parameter WLSAccessID
Set parameter WLSSecret
Set parameter LicenseID to value 2663665
Academic license 2663665 - for non-commercial use only - registered to tu___@vnu.edu.vn
Set parameter OutputFlag to value 1
Set parameter Threads to value 1
Set parameter Seed to value 0
Set parameter MIPGap to value 0
Set parameter MIPGapAbs to value 0
Set parameter TimeLimit to value 7.1996379922809992e+03
Gurobi Optimizer version 13.0.2 build v13.0.2rc1 (linux64 - "Ubuntu 22.04.5 LTS")

CPU model: INTEL(R) XEON(R) PLATINUM 8581C CPU @ 2.30GHz, instruction set [SSE2|AVX|AVX2|AVX512]
Thread count: 4 physical cores, 8 logical processors, using up to 1 threads

Non-default parameters:
TimeLimit  7.1996379922809992e+03
MIPGap  0
MIPGapAbs  0
Threads  1

Academic license 2663665 - for non-commercial use only - registered to tu___@vnu.edu.vn
Optimize a model with 4804 rows, 3220 columns and 17959 nonzeros (Min)
Model fingerprint: 0x31219bc1
Model has 1 linear objective coefficients
Variable types: 0 continuous, 3220 integer (3158 binary)
Coefficient statistics:
  Matrix range     [1e+00, 1e+00]
  Objective range  [1e+00, 1e+00]
  Bounds range     [1e+00, 7e+00]
  RHS range        [1e+00, 3e+01]

Presolve removed 3712 rows and 1602 columns
Presolve time: 0.03s
Presolved: 1092 rows, 1618 columns, 6606 nonzeros
Variable types: 0 continuous, 1618 integer (1600 binary)

Root relaxation: objective 2.000000e+00, 2251 iterations, 0.07 seconds (0.11 work units)

    Nodes    |    Current Node    |     Objective Bounds      |     Work
 Expl Unexpl |  Obj  Depth IntInf | Incumbent    BestBd   Gap | It/Node Time

     0     0    2.00000    0  303          -    2.00000      -     -    0s
H    0     0                       5.0000000    2.00000  60.0%     -    0s
     0     0    2.00000    0  290    5.00000    2.00000  60.0%     -    0s
H    0     0                       4.0000000    2.00000  50.0%     -    0s
H    0     0                       2.0000000    2.00000  0.00%     -    0s
     0     0    2.00000    0  290    2.00000    2.00000  0.00%     -    0s

Cutting planes:
  Implied bound: 1
  Clique: 2
  MIR: 1
  Zero half: 2
  PSD: 1

Explored 1 nodes (4054 simplex iterations) in 0.25 seconds (0.29 work units)
Thread count was 1 (of 8 available processors)

Solution count 3: 2 4 5 

Optimal solution found (tolerance 0.00e+00)
Best objective 2.000000000000e+00, best bound 2.000000000000e+00, gap 0.0000%
    SAT | IdleRange(P*)=2 | time=0.363373s | config=R-DC-IRP-GRB-MIP
    Excel: /home/dclng566/projects/Business-Meeting-Scheduling-Problem/output/gurobi/table07_excel/tic-14crafa.fixed020-Forb.xlsx
Instance tic-13crafc.fixed020-Forb: 1 run(s)
[16/40] tic-13crafc.fixed020-Forb | reduced | gurobi_mip | P=native_linear | G=distance_closure | n/a
Set parameter WLSAccessID
Set parameter WLSSecret
Set parameter LicenseID to value 2663665
Academic license 2663665 - for non-commercial use only - registered to tu___@vnu.edu.vn
Set parameter OutputFlag to value 1
Set parameter Threads to value 1
Set parameter Seed to value 0
Set parameter MIPGap to value 0
Set parameter MIPGapAbs to value 0
Set parameter TimeLimit to value 7199.664524478
Gurobi Optimizer version 13.0.2 build v13.0.2rc1 (linux64 - "Ubuntu 22.04.5 LTS")

CPU model: INTEL(R) XEON(R) PLATINUM 8581C CPU @ 2.30GHz, instruction set [SSE2|AVX|AVX2|AVX512]
Thread count: 4 physical cores, 8 logical processors, using up to 1 threads

Non-default parameters:
TimeLimit  7199.664524478
MIPGap  0
MIPGapAbs  0
Threads  1

Academic license 2663665 - for non-commercial use only - registered to tu___@vnu.edu.vn
Optimize a model with 3669 rows, 2466 columns and 13759 nonzeros (Min)
Model fingerprint: 0x8d8e1f78
Model has 1 linear objective coefficients
Variable types: 0 continuous, 2466 integer (2418 binary)
Coefficient statistics:
  Matrix range     [1e+00, 1e+00]
  Objective range  [1e+00, 1e+00]
  Bounds range     [1e+00, 6e+00]
  RHS range        [1e+00, 2e+01]

Presolve removed 2886 rows and 1220 columns
Presolve time: 0.02s
Presolved: 783 rows, 1246 columns, 4977 nonzeros
Variable types: 0 continuous, 1246 integer (1237 binary)

Root relaxation: objective 3.000000e+00, 1883 iterations, 0.05 seconds (0.07 work units)

    Nodes    |    Current Node    |     Objective Bounds      |     Work
 Expl Unexpl |  Obj  Depth IntInf | Incumbent    BestBd   Gap | It/Node Time

     0     0    3.00000    0  103          -    3.00000      -     -    0s
H    0     0                       4.0000000    3.00000  25.0%     -    0s
H    0     0                       3.0000000    3.00000  0.00%     -    0s
     0     0    3.00000    0  103    3.00000    3.00000  0.00%     -    0s

Explored 1 nodes (3089 simplex iterations) in 0.12 seconds (0.16 work units)
Thread count was 1 (of 8 available processors)

Solution count 2: 3 4 

Optimal solution found (tolerance 0.00e+00)
Best objective 3.000000000000e+00, best bound 3.000000000000e+00, gap 0.0000%
    SAT | IdleRange(P*)=3 | time=0.207569s | config=R-DC-IRP-GRB-MIP
    Excel: /home/dclng566/projects/Business-Meeting-Scheduling-Problem/output/gurobi/table07_excel/tic-13crafc.fixed020-Forb.xlsx
Instance forumt-14crafc.fixed020-Forb: 1 run(s)
[17/40] forumt-14crafc.fixed020-Forb | reduced | gurobi_mip | P=native_linear | G=distance_closure | n/a
Set parameter WLSAccessID
Set parameter WLSSecret
Set parameter LicenseID to value 2663665
Academic license 2663665 - for non-commercial use only - registered to tu___@vnu.edu.vn
Set parameter OutputFlag to value 1
Set parameter Threads to value 1
Set parameter Seed to value 0
Set parameter MIPGap to value 0
Set parameter MIPGapAbs to value 0
Set parameter TimeLimit to value 7199.643691039
Gurobi Optimizer version 13.0.2 build v13.0.2rc1 (linux64 - "Ubuntu 22.04.5 LTS")

CPU model: INTEL(R) XEON(R) PLATINUM 8581C CPU @ 2.30GHz, instruction set [SSE2|AVX|AVX2|AVX512]
Thread count: 4 physical cores, 8 logical processors, using up to 1 threads

Non-default parameters:
TimeLimit  7199.643691039
MIPGap  0
MIPGapAbs  0
Threads  1

Academic license 2663665 - for non-commercial use only - registered to tu___@vnu.edu.vn
Optimize a model with 4715 rows, 3135 columns and 17377 nonzeros (Min)
Model fingerprint: 0xe840fcab
Model has 1 linear objective coefficients
Variable types: 0 continuous, 3135 integer (3073 binary)
Coefficient statistics:
  Matrix range     [1e+00, 1e+00]
  Objective range  [1e+00, 1e+00]
  Bounds range     [1e+00, 7e+00]
  RHS range        [1e+00, 2e+01]

Presolve removed 3650 rows and 1599 columns
Presolve time: 0.03s
Presolved: 1065 rows, 1536 columns, 6271 nonzeros
Variable types: 0 continuous, 1536 integer (1516 binary)

Root relaxation: objective 2.000000e+00, 2133 iterations, 0.07 seconds (0.10 work units)

    Nodes    |    Current Node    |     Objective Bounds      |     Work
 Expl Unexpl |  Obj  Depth IntInf | Incumbent    BestBd   Gap | It/Node Time

     0     0    2.00000    0   90          -    2.00000      -     -    0s
H    0     0                       4.0000000    2.00000  50.0%     -    0s
     0     0    2.00000    0  403    4.00000    2.00000  50.0%     -    0s
     0     0    2.00000    0  385    4.00000    2.00000  50.0%     -    0s
     0     0    2.00000    0  302    4.00000    2.00000  50.0%     -    0s
     0     0    2.00000    0  143    4.00000    2.00000  50.0%     -    0s
     0     0    2.00000    0  200    4.00000    2.00000  50.0%     -    0s
     0     0    2.00000    0  134    4.00000    2.00000  50.0%     -    0s
     0     0    2.00000    0  265    4.00000    2.00000  50.0%     -    0s
     0     0    2.00000    0  180    4.00000    2.00000  50.0%     -    0s
     0     0    2.00000    0  176    4.00000    2.00000  50.0%     -    0s
     0     0    2.00000    0  219    4.00000    2.00000  50.0%     -    0s
     0     0    2.00000    0  190    4.00000    2.00000  50.0%     -    0s
     0     0    2.00000    0  190    4.00000    2.00000  50.0%     -    0s
     0     0    2.00000    0  190    4.00000    2.00000  50.0%     -    0s
     0     0    2.00000    0  190    4.00000    2.00000  50.0%     -    0s
     0     2    2.00000    0  190    4.00000    2.00000  50.0%     -    0s
H    3     3                       2.0000000    2.00000  0.00%   251    1s

Cutting planes:
  Cover: 1
  Implied bound: 3
  Clique: 10
  MIR: 1
  Flow cover: 1
  Zero half: 4
  RLT: 5
  Relax-and-lift: 7

Explored 4 nodes (19544 simplex iterations) in 1.03 seconds (1.36 work units)
Thread count was 1 (of 8 available processors)

Solution count 2: 2 4 

Optimal solution found (tolerance 0.00e+00)
Best objective 2.000000000000e+00, best bound 2.000000000000e+00, gap 0.0000%
    SAT | IdleRange(P*)=2 | time=1.14143s | config=R-DC-IRP-GRB-MIP
    Excel: /home/dclng566/projects/Business-Meeting-Scheduling-Problem/output/gurobi/table07_excel/forumt-14crafc.fixed020-Forb.xlsx
Instance tic-13crafb.fixed020-Forb: 1 run(s)
[18/40] tic-13crafb.fixed020-Forb | reduced | gurobi_mip | P=native_linear | G=distance_closure | n/a
Set parameter WLSAccessID
Set parameter WLSSecret
Set parameter LicenseID to value 2663665
Academic license 2663665 - for non-commercial use only - registered to tu___@vnu.edu.vn
Set parameter OutputFlag to value 1
Set parameter Threads to value 1
Set parameter Seed to value 0
Set parameter MIPGap to value 0
Set parameter MIPGapAbs to value 0
Set parameter TimeLimit to value 7.1996605177169995e+03
Gurobi Optimizer version 13.0.2 build v13.0.2rc1 (linux64 - "Ubuntu 22.04.5 LTS")

CPU model: INTEL(R) XEON(R) PLATINUM 8581C CPU @ 2.30GHz, instruction set [SSE2|AVX|AVX2|AVX512]
Thread count: 4 physical cores, 8 logical processors, using up to 1 threads

Non-default parameters:
TimeLimit  7.1996605177169995e+03
MIPGap  0
MIPGapAbs  0
Threads  1

Academic license 2663665 - for non-commercial use only - registered to tu___@vnu.edu.vn
Optimize a model with 3590 rows, 2433 columns and 13562 nonzeros (Min)
Model fingerprint: 0x45b7e9fa
Model has 1 linear objective coefficients
Variable types: 0 continuous, 2433 integer (2386 binary)
Coefficient statistics:
  Matrix range     [1e+00, 1e+00]
  Objective range  [1e+00, 1e+00]
  Bounds range     [1e+00, 8e+00]
  RHS range        [1e+00, 2e+01]

Presolve removed 2826 rows and 1226 columns
Presolve time: 0.02s
Presolved: 764 rows, 1207 columns, 4820 nonzeros
Variable types: 0 continuous, 1207 integer (1195 binary)

Root relaxation: objective 1.000000e+00, 1425 iterations, 0.03 seconds (0.05 work units)

    Nodes    |    Current Node    |     Objective Bounds      |     Work
 Expl Unexpl |  Obj  Depth IntInf | Incumbent    BestBd   Gap | It/Node Time

     0     0    1.00000    0   25          -    1.00000      -     -    0s
H    0     0                       2.0000000    1.00000  50.0%     -    0s
H    0     0                       1.0000000    1.00000  0.00%     -    0s
     0     0    1.00000    0   25    1.00000    1.00000  0.00%     -    0s

Explored 1 nodes (2182 simplex iterations) in 0.08 seconds (0.11 work units)
Thread count was 1 (of 8 available processors)

Solution count 2: 1 2 

Optimal solution found (tolerance 0.00e+00)
Best objective 1.000000000000e+00, best bound 1.000000000000e+00, gap 0.0000%
    SAT | IdleRange(P*)=1 | time=0.175649s | config=R-DC-IRP-GRB-MIP
    Excel: /home/dclng566/projects/Business-Meeting-Scheduling-Problem/output/gurobi/table07_excel/tic-13crafb.fixed020-Forb.xlsx
Instance forumt-14.fixed020-Forb: 1 run(s)
[19/40] forumt-14.fixed020-Forb | reduced | gurobi_mip | P=native_linear | G=distance_closure | n/a
Set parameter WLSAccessID
Set parameter WLSSecret
Set parameter LicenseID to value 2663665
Academic license 2663665 - for non-commercial use only - registered to tu___@vnu.edu.vn
Set parameter OutputFlag to value 1
Set parameter Threads to value 1
Set parameter Seed to value 0
Set parameter MIPGap to value 0
Set parameter MIPGapAbs to value 0
Set parameter TimeLimit to value 7199.642072451
Gurobi Optimizer version 13.0.2 build v13.0.2rc1 (linux64 - "Ubuntu 22.04.5 LTS")

CPU model: INTEL(R) XEON(R) PLATINUM 8581C CPU @ 2.30GHz, instruction set [SSE2|AVX|AVX2|AVX512]
Thread count: 4 physical cores, 8 logical processors, using up to 1 threads

Non-default parameters:
TimeLimit  7199.642072451
MIPGap  0
MIPGapAbs  0
Threads  1

Academic license 2663665 - for non-commercial use only - registered to tu___@vnu.edu.vn
Optimize a model with 4715 rows, 3135 columns and 17377 nonzeros (Min)
Model fingerprint: 0x7b9a7ec9
Model has 1 linear objective coefficients
Variable types: 0 continuous, 3135 integer (3073 binary)
Coefficient statistics:
  Matrix range     [1e+00, 1e+00]
  Objective range  [1e+00, 1e+00]
  Bounds range     [1e+00, 7e+00]
  RHS range        [1e+00, 3e+01]

Presolve removed 3650 rows and 1599 columns
Presolve time: 0.03s
Presolved: 1065 rows, 1536 columns, 6271 nonzeros
Variable types: 0 continuous, 1536 integer (1516 binary)

Root relaxation: objective 2.000000e+00, 2072 iterations, 0.07 seconds (0.10 work units)

    Nodes    |    Current Node    |     Objective Bounds      |     Work
 Expl Unexpl |  Obj  Depth IntInf | Incumbent    BestBd   Gap | It/Node Time

     0     0    2.00000    0  178          -    2.00000      -     -    0s
     0     0    2.00000    0  223          -    2.00000      -     -    0s
H    0     0                       4.0000000    2.00000  50.0%     -    0s
     0     0    2.00000    0  203    4.00000    2.00000  50.0%     -    0s
     0     0    2.00000    0  132    4.00000    2.00000  50.0%     -    0s
*    0     0               0       2.0000000    2.00000  0.00%     -    0s

Cutting planes:
  Gomory: 18
  Cover: 1
  Clique: 7
  MIR: 1
  Zero half: 3
  RLT: 2
  Relax-and-lift: 1

Explored 1 nodes (5065 simplex iterations) in 0.30 seconds (0.37 work units)
Thread count was 1 (of 8 available processors)

Solution count 2: 2 4 

Optimal solution found (tolerance 0.00e+00)
Best objective 2.000000000000e+00, best bound 2.000000000000e+00, gap 0.0000%
    SAT | IdleRange(P*)=2 | time=0.409118s | config=R-DC-IRP-GRB-MIP
    Excel: /home/dclng566/projects/Business-Meeting-Scheduling-Problem/output/gurobi/table07_excel/forumt-14.fixed020-Forb.xlsx
Instance ticf-13crafc.fixed020-Forb: 1 run(s)
[20/40] ticf-13crafc.fixed020-Forb | reduced | gurobi_mip | P=native_linear | G=distance_closure | n/a
Set parameter WLSAccessID
Set parameter WLSSecret
Set parameter LicenseID to value 2663665
Academic license 2663665 - for non-commercial use only - registered to tu___@vnu.edu.vn
Set parameter OutputFlag to value 1
Set parameter Threads to value 1
Set parameter Seed to value 0
Set parameter MIPGap to value 0
Set parameter MIPGapAbs to value 0
Set parameter TimeLimit to value 7.1995980187499990e+03
Gurobi Optimizer version 13.0.2 build v13.0.2rc1 (linux64 - "Ubuntu 22.04.5 LTS")

CPU model: INTEL(R) XEON(R) PLATINUM 8581C CPU @ 2.30GHz, instruction set [SSE2|AVX|AVX2|AVX512]
Thread count: 4 physical cores, 8 logical processors, using up to 1 threads

Non-default parameters:
TimeLimit  7.1995980187499990e+03
MIPGap  0
MIPGapAbs  0
Threads  1

Academic license 2663665 - for non-commercial use only - registered to tu___@vnu.edu.vn
Optimize a model with 8689 rows, 5324 columns and 28813 nonzeros (Min)
Model fingerprint: 0x4c3af7da
Model has 1 linear objective coefficients
Variable types: 0 continuous, 5324 integer (5263 binary)
Coefficient statistics:
  Matrix range     [1e+00, 1e+00]
  Objective range  [1e+00, 1e+00]
  Bounds range     [1e+00, 2e+01]
  RHS range        [1e+00, 4e+01]

Presolve removed 5438 rows and 2367 columns
Presolve time: 0.07s
Presolved: 3251 rows, 2957 columns, 13656 nonzeros
Variable types: 0 continuous, 2957 integer (2920 binary)
Found heuristic solution: objective 14.0000000

Root relaxation: objective 1.000000e+01, 3655 iterations, 0.16 seconds (0.23 work units)

    Nodes    |    Current Node    |     Objective Bounds      |     Work
 Expl Unexpl |  Obj  Depth IntInf | Incumbent    BestBd   Gap | It/Node Time

     0     0   10.00000    0   16   14.00000   10.00000  28.6%     -    0s
H    0     0                      12.0000000   10.00000  16.7%     -    0s
H    0     0                      10.0000000   10.00000  0.00%     -    0s
     0     0   10.00000    0   16   10.00000   10.00000  0.00%     -    0s

Explored 1 nodes (4946 simplex iterations) in 0.29 seconds (0.43 work units)
Thread count was 1 (of 8 available processors)

Solution count 3: 10 12 14 

Optimal solution found (tolerance 0.00e+00)
Best objective 1.000000000000e+01, best bound 1.000000000000e+01, gap 0.0000%
    SAT | IdleRange(P*)=10 | time=0.450908s | config=R-DC-IRP-GRB-MIP
    Excel: /home/dclng566/projects/Business-Meeting-Scheduling-Problem/output/gurobi/table07_excel/ticf-13crafc.fixed020-Forb.xlsx
Instance tic-14crafc.fixed040-Forb: 1 run(s)
[21/40] tic-14crafc.fixed040-Forb | reduced | gurobi_mip | P=native_linear | G=distance_closure | n/a
Set parameter WLSAccessID
Set parameter WLSSecret
Set parameter LicenseID to value 2663665
Academic license 2663665 - for non-commercial use only - registered to tu___@vnu.edu.vn
Set parameter OutputFlag to value 1
Set parameter Threads to value 1
Set parameter Seed to value 0
Set parameter MIPGap to value 0
Set parameter MIPGapAbs to value 0
Set parameter TimeLimit to value 7199.69064263
Gurobi Optimizer version 13.0.2 build v13.0.2rc1 (linux64 - "Ubuntu 22.04.5 LTS")

CPU model: INTEL(R) XEON(R) PLATINUM 8581C CPU @ 2.30GHz, instruction set [SSE2|AVX|AVX2|AVX512]
Thread count: 4 physical cores, 8 logical processors, using up to 1 threads

Non-default parameters:
TimeLimit  7199.69064263
MIPGap  0
MIPGapAbs  0
Threads  1

Academic license 2663665 - for non-commercial use only - registered to tu___@vnu.edu.vn
Optimize a model with 4655 rows, 2712 columns and 14775 nonzeros (Min)
Model fingerprint: 0x55997306
Model has 1 linear objective coefficients
Variable types: 0 continuous, 2712 integer (2650 binary)
Coefficient statistics:
  Matrix range     [1e+00, 1e+00]
  Objective range  [1e+00, 1e+00]
  Bounds range     [1e+00, 7e+00]
  RHS range        [1e+00, 2e+01]

Presolve time: 0.00s

Explored 0 nodes (0 simplex iterations) in 0.00 seconds (0.00 work units)
Thread count was 1 (of 8 available processors)

Solution count 0

Model is infeasible
Best objective -, best bound -, gap -
    UNSAT | IdleRange(P*)=None | time=0.062198s | config=R-DC-IRP-GRB-MIP
    Excel: /home/dclng566/projects/Business-Meeting-Scheduling-Problem/output/gurobi/table07_excel/tic-14crafc.fixed040-Forb.xlsx
Instance forumt-14crafe.fixed020-Forb: 1 run(s)
[22/40] forumt-14crafe.fixed020-Forb | reduced | gurobi_mip | P=native_linear | G=distance_closure | n/a
Set parameter WLSAccessID
Set parameter WLSSecret
Set parameter LicenseID to value 2663665
Academic license 2663665 - for non-commercial use only - registered to tu___@vnu.edu.vn
Set parameter OutputFlag to value 1
Set parameter Threads to value 1
Set parameter Seed to value 0
Set parameter MIPGap to value 0
Set parameter MIPGapAbs to value 0
Set parameter TimeLimit to value 7199.641375748
Gurobi Optimizer version 13.0.2 build v13.0.2rc1 (linux64 - "Ubuntu 22.04.5 LTS")

CPU model: INTEL(R) XEON(R) PLATINUM 8581C CPU @ 2.30GHz, instruction set [SSE2|AVX|AVX2|AVX512]
Thread count: 4 physical cores, 8 logical processors, using up to 1 threads

Non-default parameters:
TimeLimit  7199.641375748
MIPGap  0
MIPGapAbs  0
Threads  1

Academic license 2663665 - for non-commercial use only - registered to tu___@vnu.edu.vn
Optimize a model with 4681 rows, 3145 columns and 17394 nonzeros (Min)
Model fingerprint: 0xc7c3f766
Model has 1 linear objective coefficients
Variable types: 0 continuous, 3145 integer (3083 binary)
Coefficient statistics:
  Matrix range     [1e+00, 1e+00]
  Objective range  [1e+00, 1e+00]
  Bounds range     [1e+00, 8e+00]
  RHS range        [1e+00, 2e+01]

Presolve removed 3700 rows and 1644 columns
Presolve time: 0.03s
Presolved: 981 rows, 1501 columns, 6126 nonzeros
Variable types: 0 continuous, 1501 integer (1490 binary)

Root relaxation: objective 4.000000e+00, 2226 iterations, 0.08 seconds (0.11 work units)

    Nodes    |    Current Node    |     Objective Bounds      |     Work
 Expl Unexpl |  Obj  Depth IntInf | Incumbent    BestBd   Gap | It/Node Time

     0     0    4.00000    0  309          -    4.00000      -     -    0s
H    0     0                       6.0000000    4.00000  33.3%     -    0s
     0     0    4.00000    0  329    6.00000    4.00000  33.3%     -    0s
     0     0    4.00000    0  308    6.00000    4.00000  33.3%     -    0s
     0     0    4.00000    0  345    6.00000    4.00000  33.3%     -    0s
H    0     0                       4.0000000    4.00000  0.00%     -    0s
     0     0    4.00000    0   29    4.00000    4.00000  0.00%     -    0s

Cutting planes:
  Gomory: 12
  Implied bound: 1
  Clique: 4
  Zero half: 15
  PSD: 1

Explored 1 nodes (7142 simplex iterations) in 0.44 seconds (0.56 work units)
Thread count was 1 (of 8 available processors)

Solution count 2: 4 6 

Optimal solution found (tolerance 0.00e+00)
Best objective 4.000000000000e+00, best bound 4.000000000000e+00, gap 0.0000%
    SAT | IdleRange(P*)=4 | time=0.548387s | config=R-DC-IRP-GRB-MIP
    Excel: /home/dclng566/projects/Business-Meeting-Scheduling-Problem/output/gurobi/table07_excel/forumt-14crafe.fixed020-Forb.xlsx
Instance ticf-13crafa.fixed020-Forb: 1 run(s)
[23/40] ticf-13crafa.fixed020-Forb | reduced | gurobi_mip | P=native_linear | G=distance_closure | n/a
Set parameter WLSAccessID
Set parameter WLSSecret
Set parameter LicenseID to value 2663665
Academic license 2663665 - for non-commercial use only - registered to tu___@vnu.edu.vn
Set parameter OutputFlag to value 1
Set parameter Threads to value 1
Set parameter Seed to value 0
Set parameter MIPGap to value 0
Set parameter MIPGapAbs to value 0
Set parameter TimeLimit to value 7.1996004607189989e+03
Gurobi Optimizer version 13.0.2 build v13.0.2rc1 (linux64 - "Ubuntu 22.04.5 LTS")

CPU model: INTEL(R) XEON(R) PLATINUM 8581C CPU @ 2.30GHz, instruction set [SSE2|AVX|AVX2|AVX512]
Thread count: 4 physical cores, 8 logical processors, using up to 1 threads

Non-default parameters:
TimeLimit  7.1996004607189989e+03
MIPGap  0
MIPGapAbs  0
Threads  1

Academic license 2663665 - for non-commercial use only - registered to tu___@vnu.edu.vn
Optimize a model with 8689 rows, 5324 columns and 28813 nonzeros (Min)
Model fingerprint: 0x47062a24
Model has 1 linear objective coefficients
Variable types: 0 continuous, 5324 integer (5263 binary)
Coefficient statistics:
  Matrix range     [1e+00, 1e+00]
  Objective range  [1e+00, 1e+00]
  Bounds range     [1e+00, 2e+01]
  RHS range        [1e+00, 4e+01]

Presolve removed 5438 rows and 2367 columns
Presolve time: 0.07s
Presolved: 3251 rows, 2957 columns, 13656 nonzeros
Variable types: 0 continuous, 2957 integer (2920 binary)
Found heuristic solution: objective 14.0000000
Found heuristic solution: objective 13.0000000

Root relaxation: objective 1.000000e+01, 3270 iterations, 0.11 seconds (0.15 work units)

    Nodes    |    Current Node    |     Objective Bounds      |     Work
 Expl Unexpl |  Obj  Depth IntInf | Incumbent    BestBd   Gap | It/Node Time

H    0     0                      10.0000000   10.00000  0.00%     -    0s
     0     0   10.00000    0 1331   10.00000   10.00000  0.00%     -    0s

Explored 1 nodes (3270 simplex iterations) in 0.19 seconds (0.27 work units)
Thread count was 1 (of 8 available processors)

Solution count 3: 10 13 14 

Optimal solution found (tolerance 0.00e+00)
Best objective 1.000000000000e+01, best bound 1.000000000000e+01, gap 0.0000%
    SAT | IdleRange(P*)=10 | time=0.339896s | config=R-DC-IRP-GRB-MIP
    Excel: /home/dclng566/projects/Business-Meeting-Scheduling-Problem/output/gurobi/table07_excel/ticf-13crafa.fixed020-Forb.xlsx
Instance forum-13.fixed020-Forb: 1 run(s)
[24/40] forum-13.fixed020-Forb | reduced | gurobi_mip | P=native_linear | G=distance_closure | n/a
Set parameter WLSAccessID
Set parameter WLSSecret
Set parameter LicenseID to value 2663665
Academic license 2663665 - for non-commercial use only - registered to tu___@vnu.edu.vn
Set parameter OutputFlag to value 1
Set parameter Threads to value 1
Set parameter Seed to value 0
Set parameter MIPGap to value 0
Set parameter MIPGapAbs to value 0
Set parameter TimeLimit to value 7199.600577153
Gurobi Optimizer version 13.0.2 build v13.0.2rc1 (linux64 - "Ubuntu 22.04.5 LTS")

CPU model: INTEL(R) XEON(R) PLATINUM 8581C CPU @ 2.30GHz, instruction set [SSE2|AVX|AVX2|AVX512]
Thread count: 4 physical cores, 8 logical processors, using up to 1 threads

Non-default parameters:
TimeLimit  7199.600577153
MIPGap  0
MIPGapAbs  0
Threads  1

Academic license 2663665 - for non-commercial use only - registered to tu___@vnu.edu.vn
Optimize a model with 8561 rows, 5254 columns and 28296 nonzeros (Min)
Model fingerprint: 0xeb42ddb3
Model has 1 linear objective coefficients
Variable types: 0 continuous, 5254 integer (5193 binary)
Coefficient statistics:
  Matrix range     [1e+00, 1e+00]
  Objective range  [1e+00, 1e+00]
  Bounds range     [1e+00, 2e+01]
  RHS range        [1e+00, 4e+01]

Presolve removed 5407 rows and 2383 columns
Presolve time: 0.07s
Presolved: 3154 rows, 2871 columns, 13256 nonzeros
Variable types: 0 continuous, 2871 integer (2834 binary)
Found heuristic solution: objective 14.0000000
Found heuristic solution: objective 13.0000000

Root relaxation: objective 1.000000e+01, 3492 iterations, 0.15 seconds (0.22 work units)

    Nodes    |    Current Node    |     Objective Bounds      |     Work
 Expl Unexpl |  Obj  Depth IntInf | Incumbent    BestBd   Gap | It/Node Time

     0     0   10.00000    0   30   13.00000   10.00000  23.1%     -    0s
H    0     0                      12.0000000   10.00000  16.7%     -    0s
H    0     0                      11.0000000   10.00000  9.09%     -    0s
H    0     0                      10.0000000   10.00000  0.00%     -    0s
     0     0   10.00000    0   30   10.00000   10.00000  0.00%     -    0s

Explored 1 nodes (4766 simplex iterations) in 0.28 seconds (0.40 work units)
Thread count was 1 (of 8 available processors)

Solution count 5: 10 11 12 ... 14

Optimal solution found (tolerance 0.00e+00)
Best objective 1.000000000000e+01, best bound 1.000000000000e+01, gap 0.0000%
    SAT | IdleRange(P*)=10 | time=0.433873s | config=R-DC-IRP-GRB-MIP
    Excel: /home/dclng566/projects/Business-Meeting-Scheduling-Problem/output/gurobi/table07_excel/forum-13.fixed020-Forb.xlsx
Instance tic-13crafb.fixed040-Forb: 1 run(s)
[25/40] tic-13crafb.fixed040-Forb | reduced | gurobi_mip | P=native_linear | G=distance_closure | n/a
Set parameter WLSAccessID
Set parameter WLSSecret
Set parameter LicenseID to value 2663665
Academic license 2663665 - for non-commercial use only - registered to tu___@vnu.edu.vn
Set parameter OutputFlag to value 1
Set parameter Threads to value 1
Set parameter Seed to value 0
Set parameter MIPGap to value 0
Set parameter MIPGapAbs to value 0
Set parameter TimeLimit to value 7199.681159235
Gurobi Optimizer version 13.0.2 build v13.0.2rc1 (linux64 - "Ubuntu 22.04.5 LTS")

CPU model: INTEL(R) XEON(R) PLATINUM 8581C CPU @ 2.30GHz, instruction set [SSE2|AVX|AVX2|AVX512]
Thread count: 4 physical cores, 8 logical processors, using up to 1 threads

Non-default parameters:
TimeLimit  7199.681159235
MIPGap  0
MIPGapAbs  0
Threads  1

Academic license 2663665 - for non-commercial use only - registered to tu___@vnu.edu.vn
Optimize a model with 3443 rows, 1892 columns and 10188 nonzeros (Min)
Model fingerprint: 0x6125bb71
Model has 1 linear objective coefficients
Variable types: 0 continuous, 1892 integer (1845 binary)
Coefficient statistics:
  Matrix range     [1e+00, 1e+00]
  Objective range  [1e+00, 1e+00]
  Bounds range     [1e+00, 8e+00]
  RHS range        [1e+00, 2e+01]

Presolve removed 3029 rows and 1418 columns
Presolve time: 0.01s
Presolved: 414 rows, 474 columns, 1875 nonzeros
Variable types: 0 continuous, 474 integer (471 binary)

Root relaxation: objective 4.000000e+00, 491 iterations, 0.01 seconds (0.01 work units)

    Nodes    |    Current Node    |     Objective Bounds      |     Work
 Expl Unexpl |  Obj  Depth IntInf | Incumbent    BestBd   Gap | It/Node Time

H    0     0                       4.0000000    4.00000  0.00%     -    0s
     0     0    4.00000    0  121    4.00000    4.00000  0.00%     -    0s

Explored 1 nodes (491 simplex iterations) in 0.02 seconds (0.02 work units)
Thread count was 1 (of 8 available processors)

Solution count 1: 4 

Optimal solution found (tolerance 0.00e+00)
Best objective 4.000000000000e+00, best bound 4.000000000000e+00, gap 0.0000%
    SAT | IdleRange(P*)=4 | time=0.090949s | config=R-DC-IRP-GRB-MIP
    Excel: /home/dclng566/projects/Business-Meeting-Scheduling-Problem/output/gurobi/table07_excel/tic-13crafb.fixed040-Forb.xlsx
Instance ticf-13crafa.fixed040-Forb: 1 run(s)
[26/40] ticf-13crafa.fixed040-Forb | reduced | gurobi_mip | P=native_linear | G=distance_closure | n/a
Set parameter WLSAccessID
Set parameter WLSSecret
Set parameter LicenseID to value 2663665
Academic license 2663665 - for non-commercial use only - registered to tu___@vnu.edu.vn
Set parameter OutputFlag to value 1
Set parameter Threads to value 1
Set parameter Seed to value 0
Set parameter MIPGap to value 0
Set parameter MIPGapAbs to value 0
Set parameter TimeLimit to value 7.1996561573740009e+03
Gurobi Optimizer version 13.0.2 build v13.0.2rc1 (linux64 - "Ubuntu 22.04.5 LTS")

CPU model: INTEL(R) XEON(R) PLATINUM 8581C CPU @ 2.30GHz, instruction set [SSE2|AVX|AVX2|AVX512]
Thread count: 4 physical cores, 8 logical processors, using up to 1 threads

Non-default parameters:
TimeLimit  7.1996561573740009e+03
MIPGap  0
MIPGapAbs  0
Threads  1

Academic license 2663665 - for non-commercial use only - registered to tu___@vnu.edu.vn
Optimize a model with 7871 rows, 4589 columns and 23854 nonzeros (Min)
Model fingerprint: 0xc045cb7e
Model has 1 linear objective coefficients
Variable types: 0 continuous, 4589 integer (4528 binary)
Coefficient statistics:
  Matrix range     [1e+00, 1e+00]
  Objective range  [1e+00, 1e+00]
  Bounds range     [1e+00, 2e+01]
  RHS range        [1e+00, 4e+01]

Presolve removed 5961 rows and 2885 columns
Presolve time: 0.05s
Presolved: 1910 rows, 1704 columns, 7872 nonzeros
Variable types: 0 continuous, 1704 integer (1679 binary)
Found heuristic solution: objective 15.0000000
Found heuristic solution: objective 14.0000000

Root relaxation: objective 1.200000e+01, 1388 iterations, 0.02 seconds (0.03 work units)

    Nodes    |    Current Node    |     Objective Bounds      |     Work
 Expl Unexpl |  Obj  Depth IntInf | Incumbent    BestBd   Gap | It/Node Time

     0     0   12.00000    0   26   14.00000   12.00000  14.3%     -    0s
H    0     0                      13.0000000   12.00000  7.69%     -    0s
H    0     0                      12.0000000   12.00000  0.00%     -    0s
     0     0   12.00000    0   26   12.00000   12.00000  0.00%     -    0s

Explored 1 nodes (2053 simplex iterations) in 0.09 seconds (0.12 work units)
Thread count was 1 (of 8 available processors)

Solution count 4: 12 13 14 15 

Optimal solution found (tolerance 0.00e+00)
Best objective 1.200000000000e+01, best bound 1.200000000000e+01, gap 0.0000%
    SAT | IdleRange(P*)=12 | time=0.186568s | config=R-DC-IRP-GRB-MIP
    Excel: /home/dclng566/projects/Business-Meeting-Scheduling-Problem/output/gurobi/table07_excel/ticf-13crafa.fixed040-Forb.xlsx
Instance tic-13.fixed020-Forb: 1 run(s)
[27/40] tic-13.fixed020-Forb | reduced | gurobi_mip | P=native_linear | G=distance_closure | n/a
Set parameter WLSAccessID
Set parameter WLSSecret
Set parameter LicenseID to value 2663665
Academic license 2663665 - for non-commercial use only - registered to tu___@vnu.edu.vn
Set parameter OutputFlag to value 1
Set parameter Threads to value 1
Set parameter Seed to value 0
Set parameter MIPGap to value 0
Set parameter MIPGapAbs to value 0
Set parameter TimeLimit to value 7199.664190335
Gurobi Optimizer version 13.0.2 build v13.0.2rc1 (linux64 - "Ubuntu 22.04.5 LTS")

CPU model: INTEL(R) XEON(R) PLATINUM 8581C CPU @ 2.30GHz, instruction set [SSE2|AVX|AVX2|AVX512]
Thread count: 4 physical cores, 8 logical processors, using up to 1 threads

Non-default parameters:
TimeLimit  7199.664190335
MIPGap  0
MIPGapAbs  0
Threads  1

Academic license 2663665 - for non-commercial use only - registered to tu___@vnu.edu.vn
Optimize a model with 3669 rows, 2466 columns and 13759 nonzeros (Min)
Model fingerprint: 0x8f530107
Model has 1 linear objective coefficients
Variable types: 0 continuous, 2466 integer (2418 binary)
Coefficient statistics:
  Matrix range     [1e+00, 1e+00]
  Objective range  [1e+00, 1e+00]
  Bounds range     [1e+00, 6e+00]
  RHS range        [1e+00, 2e+01]

Presolve removed 2886 rows and 1220 columns
Presolve time: 0.02s
Presolved: 783 rows, 1246 columns, 4977 nonzeros
Variable types: 0 continuous, 1246 integer (1237 binary)

Root relaxation: objective 3.000000e+00, 1541 iterations, 0.04 seconds (0.05 work units)

    Nodes    |    Current Node    |     Objective Bounds      |     Work
 Expl Unexpl |  Obj  Depth IntInf | Incumbent    BestBd   Gap | It/Node Time

     0     0    3.00000    0   10          -    3.00000      -     -    0s
H    0     0                       3.0000000    3.00000  0.00%     -    0s
     0     0    3.00000    0   10    3.00000    3.00000  0.00%     -    0s

Explored 1 nodes (2141 simplex iterations) in 0.09 seconds (0.11 work units)
Thread count was 1 (of 8 available processors)

Solution count 1: 3 

Optimal solution found (tolerance 0.00e+00)
Best objective 3.000000000000e+00, best bound 3.000000000000e+00, gap 0.0000%
    SAT | IdleRange(P*)=3 | time=0.17421s | config=R-DC-IRP-GRB-MIP
    Excel: /home/dclng566/projects/Business-Meeting-Scheduling-Problem/output/gurobi/table07_excel/tic-13.fixed020-Forb.xlsx
Instance forum-14.fixed040-Forb: 1 run(s)
[28/40] forum-14.fixed040-Forb | reduced | gurobi_mip | P=native_linear | G=distance_closure | n/a
Set parameter WLSAccessID
Set parameter WLSSecret
Set parameter LicenseID to value 2663665
Academic license 2663665 - for non-commercial use only - registered to tu___@vnu.edu.vn
Set parameter OutputFlag to value 1
Set parameter Threads to value 1
Set parameter Seed to value 0
Set parameter MIPGap to value 0
Set parameter MIPGapAbs to value 0
Set parameter TimeLimit to value 7.1995114624490006e+03
Gurobi Optimizer version 13.0.2 build v13.0.2rc1 (linux64 - "Ubuntu 22.04.5 LTS")

CPU model: INTEL(R) XEON(R) PLATINUM 8581C CPU @ 2.30GHz, instruction set [SSE2|AVX|AVX2|AVX512]
Thread count: 4 physical cores, 8 logical processors, using up to 1 threads

Non-default parameters:
TimeLimit  7.1995114624490006e+03
MIPGap  0
MIPGapAbs  0
Threads  1

Academic license 2663665 - for non-commercial use only - registered to tu___@vnu.edu.vn
Optimize a model with 10977 rows, 6752 columns and 36406 nonzeros (Min)
Model fingerprint: 0x85f2968c
Model has 1 linear objective coefficients
Variable types: 0 continuous, 6752 integer (6677 binary)
Coefficient statistics:
  Matrix range     [1e+00, 1e+00]
  Objective range  [1e+00, 1e+00]
  Bounds range     [1e+00, 2e+01]
  RHS range        [1e+00, 4e+01]

Presolve removed 8974 rows and 4163 columns
Presolve time: 0.08s
Presolved: 2003 rows, 2589 columns, 11155 nonzeros
Variable types: 0 continuous, 2589 integer (2576 binary)
Found heuristic solution: objective 16.0000000

Explored 0 nodes (0 simplex iterations) in 0.09 seconds (0.11 work units)
Thread count was 1 (of 8 available processors)

Solution count 1: 16 

Optimal solution found (tolerance 0.00e+00)
Best objective 1.600000000000e+01, best bound 1.600000000000e+01, gap 0.0000%
    SAT | IdleRange(P*)=16 | time=0.330172s | config=R-DC-IRP-GRB-MIP
    Excel: /home/dclng566/projects/Business-Meeting-Scheduling-Problem/output/gurobi/table07_excel/forum-14.fixed040-Forb.xlsx
Instance forumt-14crafd.fixed020-Forb: 1 run(s)
[29/40] forumt-14crafd.fixed020-Forb | reduced | gurobi_mip | P=native_linear | G=distance_closure | n/a
Set parameter WLSAccessID
Set parameter WLSSecret
Set parameter LicenseID to value 2663665
Academic license 2663665 - for non-commercial use only - registered to tu___@vnu.edu.vn
Set parameter OutputFlag to value 1
Set parameter Threads to value 1
Set parameter Seed to value 0
Set parameter MIPGap to value 0
Set parameter MIPGapAbs to value 0
Set parameter TimeLimit to value 7.1996421874110010e+03
Gurobi Optimizer version 13.0.2 build v13.0.2rc1 (linux64 - "Ubuntu 22.04.5 LTS")

CPU model: INTEL(R) XEON(R) PLATINUM 8581C CPU @ 2.30GHz, instruction set [SSE2|AVX|AVX2|AVX512]
Thread count: 4 physical cores, 8 logical processors, using up to 1 threads

Non-default parameters:
TimeLimit  7.1996421874110010e+03
MIPGap  0
MIPGapAbs  0
Threads  1

Academic license 2663665 - for non-commercial use only - registered to tu___@vnu.edu.vn
Optimize a model with 4681 rows, 3145 columns and 17394 nonzeros (Min)
Model fingerprint: 0x0d1e69e3
Model has 1 linear objective coefficients
Variable types: 0 continuous, 3145 integer (3083 binary)
Coefficient statistics:
  Matrix range     [1e+00, 1e+00]
  Objective range  [1e+00, 1e+00]
  Bounds range     [1e+00, 8e+00]
  RHS range        [1e+00, 2e+01]

Presolve removed 3700 rows and 1644 columns
Presolve time: 0.03s
Presolved: 981 rows, 1501 columns, 6126 nonzeros
Variable types: 0 continuous, 1501 integer (1490 binary)
Found heuristic solution: objective 7.0000000
Found heuristic solution: objective 5.0000000

Root relaxation: objective 4.000000e+00, 1879 iterations, 0.06 seconds (0.08 work units)

    Nodes    |    Current Node    |     Objective Bounds      |     Work
 Expl Unexpl |  Obj  Depth IntInf | Incumbent    BestBd   Gap | It/Node Time

     0     0    4.00000    0  288    5.00000    4.00000  20.0%     -    0s
     0     0    4.00000    0  304    5.00000    4.00000  20.0%     -    0s
     0     0    4.00000    0  333    5.00000    4.00000  20.0%     -    0s
*    0     0               0       4.0000000    4.00000  0.00%     -    0s

Cutting planes:
  Gomory: 12
  Implied bound: 5
  Clique: 12
  Zero half: 11
  RLT: 3

Explored 1 nodes (5234 simplex iterations) in 0.34 seconds (0.41 work units)
Thread count was 1 (of 8 available processors)

Solution count 3: 4 5 7 

Optimal solution found (tolerance 0.00e+00)
Best objective 4.000000000000e+00, best bound 4.000000000000e+00, gap 0.0000%
    SAT | IdleRange(P*)=4 | time=0.453501s | config=R-DC-IRP-GRB-MIP
    Excel: /home/dclng566/projects/Business-Meeting-Scheduling-Problem/output/gurobi/table07_excel/forumt-14crafd.fixed020-Forb.xlsx
Instance tic-14crafd.fixed040-Forb: 1 run(s)
[30/40] tic-14crafd.fixed040-Forb | reduced | gurobi_mip | P=native_linear | G=distance_closure | n/a
Set parameter WLSAccessID
Set parameter WLSSecret
Set parameter LicenseID to value 2663665
Academic license 2663665 - for non-commercial use only - registered to tu___@vnu.edu.vn
Set parameter OutputFlag to value 1
Set parameter Threads to value 1
Set parameter Seed to value 0
Set parameter MIPGap to value 0
Set parameter MIPGapAbs to value 0
Set parameter TimeLimit to value 7199.687943844
Gurobi Optimizer version 13.0.2 build v13.0.2rc1 (linux64 - "Ubuntu 22.04.5 LTS")

CPU model: INTEL(R) XEON(R) PLATINUM 8581C CPU @ 2.30GHz, instruction set [SSE2|AVX|AVX2|AVX512]
Thread count: 4 physical cores, 8 logical processors, using up to 1 threads

Non-default parameters:
TimeLimit  7199.687943844
MIPGap  0
MIPGapAbs  0
Threads  1

Academic license 2663665 - for non-commercial use only - registered to tu___@vnu.edu.vn
Optimize a model with 4541 rows, 2532 columns and 13579 nonzeros (Min)
Model fingerprint: 0xd8e8fb77
Model has 1 linear objective coefficients
Variable types: 0 continuous, 2532 integer (2470 binary)
Coefficient statistics:
  Matrix range     [1e+00, 1e+00]
  Objective range  [1e+00, 1e+00]
  Bounds range     [1e+00, 8e+00]
  RHS range        [1e+00, 2e+01]

Presolve time: 0.00s

Explored 0 nodes (0 simplex iterations) in 0.00 seconds (0.00 work units)
Thread count was 1 (of 8 available processors)

Solution count 0

Model is infeasible
Best objective -, best bound -, gap -
    UNSAT | IdleRange(P*)=None | time=0.064862s | config=R-DC-IRP-GRB-MIP
    Excel: /home/dclng566/projects/Business-Meeting-Scheduling-Problem/output/gurobi/table07_excel/tic-14crafd.fixed040-Forb.xlsx
Instance tic-12crafc.fixed040-Forb: 1 run(s)
[31/40] tic-12crafc.fixed040-Forb | reduced | gurobi_mip | P=native_linear | G=distance_closure | n/a
Set parameter WLSAccessID
Set parameter WLSSecret
Set parameter LicenseID to value 2663665
Academic license 2663665 - for non-commercial use only - registered to tu___@vnu.edu.vn
Set parameter OutputFlag to value 1
Set parameter Threads to value 1
Set parameter Seed to value 0
Set parameter MIPGap to value 0
Set parameter MIPGapAbs to value 0
Set parameter TimeLimit to value 7199.72148543
Gurobi Optimizer version 13.0.2 build v13.0.2rc1 (linux64 - "Ubuntu 22.04.5 LTS")

CPU model: INTEL(R) XEON(R) PLATINUM 8581C CPU @ 2.30GHz, instruction set [SSE2|AVX|AVX2|AVX512]
Thread count: 4 physical cores, 8 logical processors, using up to 1 threads

Non-default parameters:
TimeLimit  7199.72148543
MIPGap  0
MIPGapAbs  0
Threads  1

Academic license 2663665 - for non-commercial use only - registered to tu___@vnu.edu.vn
Optimize a model with 2523 rows, 1520 columns and 8283 nonzeros (Min)
Model fingerprint: 0x8a1e8441
Model has 1 linear objective coefficients
Variable types: 0 continuous, 1520 integer (1478 binary)
Coefficient statistics:
  Matrix range     [1e+00, 1e+00]
  Objective range  [1e+00, 1e+00]
  Bounds range     [1e+00, 6e+00]
  RHS range        [1e+00, 2e+01]

Presolve time: 0.00s

Explored 0 nodes (0 simplex iterations) in 0.00 seconds (0.00 work units)
Thread count was 1 (of 8 available processors)

Solution count 0

Model is infeasible
Best objective -, best bound -, gap -
    UNSAT | IdleRange(P*)=None | time=0.030314s | config=R-DC-IRP-GRB-MIP
    Excel: /home/dclng566/projects/Business-Meeting-Scheduling-Problem/output/gurobi/table07_excel/tic-12crafc.fixed040-Forb.xlsx
Instance tic-14crafc.fixed020-Forb: 1 run(s)
[32/40] tic-14crafc.fixed020-Forb | reduced | gurobi_mip | P=native_linear | G=distance_closure | n/a
Set parameter WLSAccessID
Set parameter WLSSecret
Set parameter LicenseID to value 2663665
Academic license 2663665 - for non-commercial use only - registered to tu___@vnu.edu.vn
Set parameter OutputFlag to value 1
Set parameter Threads to value 1
Set parameter Seed to value 0
Set parameter MIPGap to value 0
Set parameter MIPGapAbs to value 0
Set parameter TimeLimit to value 7199.639283231
Gurobi Optimizer version 13.0.2 build v13.0.2rc1 (linux64 - "Ubuntu 22.04.5 LTS")

CPU model: INTEL(R) XEON(R) PLATINUM 8581C CPU @ 2.30GHz, instruction set [SSE2|AVX|AVX2|AVX512]
Thread count: 4 physical cores, 8 logical processors, using up to 1 threads

Non-default parameters:
TimeLimit  7199.639283231
MIPGap  0
MIPGapAbs  0
Threads  1

Academic license 2663665 - for non-commercial use only - registered to tu___@vnu.edu.vn
Optimize a model with 4804 rows, 3220 columns and 17959 nonzeros (Min)
Model fingerprint: 0xac47975b
Model has 1 linear objective coefficients
Variable types: 0 continuous, 3220 integer (3158 binary)
Coefficient statistics:
  Matrix range     [1e+00, 1e+00]
  Objective range  [1e+00, 1e+00]
  Bounds range     [1e+00, 7e+00]
  RHS range        [1e+00, 2e+01]

Presolve removed 3712 rows and 1602 columns
Presolve time: 0.03s
Presolved: 1092 rows, 1618 columns, 6606 nonzeros
Variable types: 0 continuous, 1618 integer (1600 binary)

Root relaxation: objective 2.000000e+00, 2339 iterations, 0.09 seconds (0.12 work units)

    Nodes    |    Current Node    |     Objective Bounds      |     Work
 Expl Unexpl |  Obj  Depth IntInf | Incumbent    BestBd   Gap | It/Node Time

     0     0    2.00000    0   55          -    2.00000      -     -    0s
H    0     0                       4.0000000    2.00000  50.0%     -    0s
H    0     0                       3.0000000    2.00000  33.3%     -    0s
     0     0    2.00000    0  325    3.00000    2.00000  33.3%     -    0s
H    0     0                       2.0000000    2.00000  0.00%     -    0s
     0     0    2.00000    0  325    2.00000    2.00000  0.00%     -    0s

Cutting planes:
  Gomory: 1
  Implied bound: 1
  RLT: 3

Explored 1 nodes (4398 simplex iterations) in 0.21 seconds (0.28 work units)
Thread count was 1 (of 8 available processors)

Solution count 3: 2 3 4 

Optimal solution found (tolerance 0.00e+00)
Best objective 2.000000000000e+00, best bound 2.000000000000e+00, gap 0.0000%
    SAT | IdleRange(P*)=2 | time=0.318951s | config=R-DC-IRP-GRB-MIP
    Excel: /home/dclng566/projects/Business-Meeting-Scheduling-Problem/output/gurobi/table07_excel/tic-14crafc.fixed020-Forb.xlsx
Instance ticf-13crafc.fixed040-Forb: 1 run(s)
[33/40] ticf-13crafc.fixed040-Forb | reduced | gurobi_mip | P=native_linear | G=distance_closure | n/a
Set parameter WLSAccessID
Set parameter WLSSecret
Set parameter LicenseID to value 2663665
Academic license 2663665 - for non-commercial use only - registered to tu___@vnu.edu.vn
Set parameter OutputFlag to value 1
Set parameter Threads to value 1
Set parameter Seed to value 0
Set parameter MIPGap to value 0
Set parameter MIPGapAbs to value 0
Set parameter TimeLimit to value 7199.655411317
Gurobi Optimizer version 13.0.2 build v13.0.2rc1 (linux64 - "Ubuntu 22.04.5 LTS")

CPU model: INTEL(R) XEON(R) PLATINUM 8581C CPU @ 2.30GHz, instruction set [SSE2|AVX|AVX2|AVX512]
Thread count: 4 physical cores, 8 logical processors, using up to 1 threads

Non-default parameters:
TimeLimit  7199.655411317
MIPGap  0
MIPGapAbs  0
Threads  1

Academic license 2663665 - for non-commercial use only - registered to tu___@vnu.edu.vn
Optimize a model with 7871 rows, 4589 columns and 23854 nonzeros (Min)
Model fingerprint: 0xd42089cd
Model has 1 linear objective coefficients
Variable types: 0 continuous, 4589 integer (4528 binary)
Coefficient statistics:
  Matrix range     [1e+00, 1e+00]
  Objective range  [1e+00, 1e+00]
  Bounds range     [1e+00, 2e+01]
  RHS range        [1e+00, 4e+01]

Presolve removed 5961 rows and 2885 columns
Presolve time: 0.05s
Presolved: 1910 rows, 1704 columns, 7872 nonzeros
Variable types: 0 continuous, 1704 integer (1679 binary)
Found heuristic solution: objective 15.0000000
Found heuristic solution: objective 14.0000000

Root relaxation: objective 1.200000e+01, 1356 iterations, 0.02 seconds (0.02 work units)

    Nodes    |    Current Node    |     Objective Bounds      |     Work
 Expl Unexpl |  Obj  Depth IntInf | Incumbent    BestBd   Gap | It/Node Time

     0     0   12.00000    0   14   14.00000   12.00000  14.3%     -    0s
H    0     0                      13.0000000   12.00000  7.69%     -    0s
H    0     0                      12.0000000   12.00000  0.00%     -    0s
     0     0   12.00000    0   14   12.00000   12.00000  0.00%     -    0s

Explored 1 nodes (1998 simplex iterations) in 0.09 seconds (0.11 work units)
Thread count was 1 (of 8 available processors)

Solution count 4: 12 13 14 15 

Optimal solution found (tolerance 0.00e+00)
Best objective 1.200000000000e+01, best bound 1.200000000000e+01, gap 0.0000%
    SAT | IdleRange(P*)=12 | time=0.18469s | config=R-DC-IRP-GRB-MIP
    Excel: /home/dclng566/projects/Business-Meeting-Scheduling-Problem/output/gurobi/table07_excel/ticf-13crafc.fixed040-Forb.xlsx
Instance forum-14.fixed020-Forb: 1 run(s)
[34/40] forum-14.fixed020-Forb | reduced | gurobi_mip | P=native_linear | G=distance_closure | n/a
Set parameter WLSAccessID
Set parameter WLSSecret
Set parameter LicenseID to value 2663665
Academic license 2663665 - for non-commercial use only - registered to tu___@vnu.edu.vn
Set parameter OutputFlag to value 1
Set parameter Threads to value 1
Set parameter Seed to value 0
Set parameter MIPGap to value 0
Set parameter MIPGapAbs to value 0
Set parameter TimeLimit to value 7199.284230223
Gurobi Optimizer version 13.0.2 build v13.0.2rc1 (linux64 - "Ubuntu 22.04.5 LTS")

CPU model: INTEL(R) XEON(R) PLATINUM 8581C CPU @ 2.30GHz, instruction set [SSE2|AVX|AVX2|AVX512]
Thread count: 4 physical cores, 8 logical processors, using up to 1 threads

Non-default parameters:
TimeLimit  7199.284230223
MIPGap  0
MIPGapAbs  0
Threads  1

Academic license 2663665 - for non-commercial use only - registered to tu___@vnu.edu.vn
Optimize a model with 11802 rows, 8220 columns and 45897 nonzeros (Min)
Model fingerprint: 0x61f9144b
Model has 1 linear objective coefficients
Variable types: 0 continuous, 8220 integer (8145 binary)
Coefficient statistics:
  Matrix range     [1e+00, 1e+00]
  Objective range  [1e+00, 1e+00]
  Bounds range     [1e+00, 2e+01]
  RHS range        [1e+00, 4e+01]

Presolve removed 7764 rows and 3186 columns
Presolve time: 0.12s
Presolved: 4038 rows, 5034 columns, 22032 nonzeros
Variable types: 0 continuous, 5034 integer (4997 binary)
Found heuristic solution: objective 16.0000000
Found heuristic solution: objective 15.0000000

Root relaxation: objective 1.000000e+01, 7113 iterations, 0.60 seconds (0.91 work units)

    Nodes    |    Current Node    |     Objective Bounds      |     Work
 Expl Unexpl |  Obj  Depth IntInf | Incumbent    BestBd   Gap | It/Node Time

     0     0   10.00000    0   99   15.00000   10.00000  33.3%     -    0s
H    0     0                      13.0000000   10.00000  23.1%     -    0s
H    0     0                      11.0000000   10.00000  9.09%     -    0s
H    0     0                      10.0000000   10.00000  0.00%     -    0s
     0     0   10.00000    0   99   10.00000   10.00000  0.00%     -    0s

Explored 1 nodes (9285 simplex iterations) in 0.90 seconds (1.33 work units)
Thread count was 1 (of 8 available processors)

Solution count 5: 10 11 13 ... 16

Optimal solution found (tolerance 0.00e+00)
Best objective 1.000000000000e+01, best bound 1.000000000000e+01, gap 0.0000%
    SAT | IdleRange(P*)=10 | time=1.37321s | config=R-DC-IRP-GRB-MIP
    Excel: /home/dclng566/projects/Business-Meeting-Scheduling-Problem/output/gurobi/table07_excel/forum-14.fixed020-Forb.xlsx
Instance ticf-14crafa.fixed040-Forb: 1 run(s)
[35/40] ticf-14crafa.fixed040-Forb | reduced | gurobi_mip | P=native_linear | G=distance_closure | n/a
Set parameter WLSAccessID
Set parameter WLSSecret
Set parameter LicenseID to value 2663665
Academic license 2663665 - for non-commercial use only - registered to tu___@vnu.edu.vn
Set parameter OutputFlag to value 1
Set parameter Threads to value 1
Set parameter Seed to value 0
Set parameter MIPGap to value 0
Set parameter MIPGapAbs to value 0
Set parameter TimeLimit to value 7199.493175411
Gurobi Optimizer version 13.0.2 build v13.0.2rc1 (linux64 - "Ubuntu 22.04.5 LTS")

CPU model: INTEL(R) XEON(R) PLATINUM 8581C CPU @ 2.30GHz, instruction set [SSE2|AVX|AVX2|AVX512]
Thread count: 4 physical cores, 8 logical processors, using up to 1 threads

Non-default parameters:
TimeLimit  7199.493175411
MIPGap  0
MIPGapAbs  0
Threads  1

Academic license 2663665 - for non-commercial use only - registered to tu___@vnu.edu.vn
Optimize a model with 11538 rows, 7059 columns and 38690 nonzeros (Min)
Model fingerprint: 0x0bb9bd99
Model has 1 linear objective coefficients
Variable types: 0 continuous, 7059 integer (6984 binary)
Coefficient statistics:
  Matrix range     [1e+00, 1e+00]
  Objective range  [1e+00, 1e+00]
  Bounds range     [1e+00, 2e+01]
  RHS range        [1e+00, 4e+01]

Presolve removed 9463 rows and 4297 columns
Presolve time: 0.08s
Presolved: 2075 rows, 2762 columns, 11988 nonzeros
Variable types: 0 continuous, 2762 integer (2752 binary)

Root relaxation: objective 1.600000e+01, 1771 iterations, 0.03 seconds (0.05 work units)

    Nodes    |    Current Node    |     Objective Bounds      |     Work
 Expl Unexpl |  Obj  Depth IntInf | Incumbent    BestBd   Gap | It/Node Time

H    0     0                      16.0000000   16.00000  0.00%     -    0s
     0     0   16.00000    0  553   16.00000   16.00000  0.00%     -    0s

Explored 1 nodes (1771 simplex iterations) in 0.13 seconds (0.17 work units)
Thread count was 1 (of 8 available processors)

Solution count 1: 16 

Optimal solution found (tolerance 0.00e+00)
Best objective 1.600000000000e+01, best bound 1.600000000000e+01, gap 0.0000%
    SAT | IdleRange(P*)=16 | time=0.388393s | config=R-DC-IRP-GRB-MIP
    Excel: /home/dclng566/projects/Business-Meeting-Scheduling-Problem/output/gurobi/table07_excel/ticf-14crafa.fixed040-Forb.xlsx
Instance ticf-14crafa.fixed020-Forb: 1 run(s)
[36/40] ticf-14crafa.fixed020-Forb | reduced | gurobi_mip | P=native_linear | G=distance_closure | n/a
Set parameter WLSAccessID
Set parameter WLSSecret
Set parameter LicenseID to value 2663665
Academic license 2663665 - for non-commercial use only - registered to tu___@vnu.edu.vn
Set parameter OutputFlag to value 1
Set parameter Threads to value 1
Set parameter Seed to value 0
Set parameter MIPGap to value 0
Set parameter MIPGapAbs to value 0
Set parameter TimeLimit to value 7.1992498625339995e+03
Gurobi Optimizer version 13.0.2 build v13.0.2rc1 (linux64 - "Ubuntu 22.04.5 LTS")

CPU model: INTEL(R) XEON(R) PLATINUM 8581C CPU @ 2.30GHz, instruction set [SSE2|AVX|AVX2|AVX512]
Thread count: 4 physical cores, 8 logical processors, using up to 1 threads

Non-default parameters:
TimeLimit  7.1992498625339995e+03
MIPGap  0
MIPGapAbs  0
Threads  1

Academic license 2663665 - for non-commercial use only - registered to tu___@vnu.edu.vn
Optimize a model with 12318 rows, 8623 columns and 48719 nonzeros (Min)
Model fingerprint: 0x8a2c16b3
Model has 1 linear objective coefficients
Variable types: 0 continuous, 8623 integer (8548 binary)
Coefficient statistics:
  Matrix range     [1e+00, 1e+00]
  Objective range  [1e+00, 1e+00]
  Bounds range     [1e+00, 2e+01]
  RHS range        [1e+00, 4e+01]

Presolve removed 8386 rows and 3372 columns
Presolve time: 0.12s
Presolved: 3932 rows, 5251 columns, 22721 nonzeros
Variable types: 0 continuous, 5251 integer (5229 binary)
Found heuristic solution: objective 20.0000000

Root relaxation: objective 1.500000e+01, 6252 iterations, 0.42 seconds (0.60 work units)

    Nodes    |    Current Node    |     Objective Bounds      |     Work
 Expl Unexpl |  Obj  Depth IntInf | Incumbent    BestBd   Gap | It/Node Time

H    0     0                      15.0000000   15.00000  0.00%     -    0s
     0     0   15.00000    0 1733   15.00000   15.00000  0.00%     -    0s

Explored 1 nodes (6252 simplex iterations) in 0.69 seconds (0.81 work units)
Thread count was 1 (of 8 available processors)

Solution count 2: 15 20 

Optimal solution found (tolerance 0.00e+00)
Best objective 1.500000000000e+01, best bound 1.500000000000e+01, gap 0.0000%
    SAT | IdleRange(P*)=15 | time=1.197049s | config=R-DC-IRP-GRB-MIP
    Excel: /home/dclng566/projects/Business-Meeting-Scheduling-Problem/output/gurobi/table07_excel/ticf-14crafa.fixed020-Forb.xlsx
Instance forum-13crafc.fixed020-Forb: 1 run(s)
[37/40] forum-13crafc.fixed020-Forb | reduced | gurobi_mip | P=native_linear | G=distance_closure | n/a
Set parameter WLSAccessID
Set parameter WLSSecret
Set parameter LicenseID to value 2663665
Academic license 2663665 - for non-commercial use only - registered to tu___@vnu.edu.vn
Set parameter OutputFlag to value 1
Set parameter Threads to value 1
Set parameter Seed to value 0
Set parameter MIPGap to value 0
Set parameter MIPGapAbs to value 0
Set parameter TimeLimit to value 7.1996028682490005e+03
Gurobi Optimizer version 13.0.2 build v13.0.2rc1 (linux64 - "Ubuntu 22.04.5 LTS")

CPU model: INTEL(R) XEON(R) PLATINUM 8581C CPU @ 2.30GHz, instruction set [SSE2|AVX|AVX2|AVX512]
Thread count: 4 physical cores, 8 logical processors, using up to 1 threads

Non-default parameters:
TimeLimit  7.1996028682490005e+03
MIPGap  0
MIPGapAbs  0
Threads  1

Academic license 2663665 - for non-commercial use only - registered to tu___@vnu.edu.vn
Optimize a model with 8561 rows, 5254 columns and 28296 nonzeros (Min)
Model fingerprint: 0xa3bd7072
Model has 1 linear objective coefficients
Variable types: 0 continuous, 5254 integer (5193 binary)
Coefficient statistics:
  Matrix range     [1e+00, 1e+00]
  Objective range  [1e+00, 1e+00]
  Bounds range     [1e+00, 2e+01]
  RHS range        [1e+00, 4e+01]

Presolve removed 5407 rows and 2383 columns
Presolve time: 0.07s
Presolved: 3154 rows, 2871 columns, 13256 nonzeros
Variable types: 0 continuous, 2871 integer (2834 binary)
Found heuristic solution: objective 15.0000000

Root relaxation: objective 1.000000e+01, 3401 iterations, 0.12 seconds (0.17 work units)

    Nodes    |    Current Node    |     Objective Bounds      |     Work
 Expl Unexpl |  Obj  Depth IntInf | Incumbent    BestBd   Gap | It/Node Time

     0     0   10.00000    0   84   15.00000   10.00000  33.3%     -    0s
H    0     0                      14.0000000   10.00000  28.6%     -    0s
H    0     0                      13.0000000   10.00000  23.1%     -    0s
H    0     0                      12.0000000   10.00000  16.7%     -    0s
H    0     0                      10.0000000   10.00000  0.00%     -    0s
     0     0   10.00000    0   84   10.00000   10.00000  0.00%     -    0s

Explored 1 nodes (4717 simplex iterations) in 0.26 seconds (0.37 work units)
Thread count was 1 (of 8 available processors)

Solution count 5: 10 12 13 ... 15

Optimal solution found (tolerance 0.00e+00)
Best objective 1.000000000000e+01, best bound 1.000000000000e+01, gap 0.0000%
    SAT | IdleRange(P*)=10 | time=0.414835s | config=R-DC-IRP-GRB-MIP
    Excel: /home/dclng566/projects/Business-Meeting-Scheduling-Problem/output/gurobi/table07_excel/forum-13crafc.fixed020-Forb.xlsx
Instance forumt-14.fixed040-Forb: 1 run(s)
[38/40] forumt-14.fixed040-Forb | reduced | gurobi_mip | P=native_linear | G=distance_closure | n/a
Set parameter WLSAccessID
Set parameter WLSSecret
Set parameter LicenseID to value 2663665
Academic license 2663665 - for non-commercial use only - registered to tu___@vnu.edu.vn
Set parameter OutputFlag to value 1
Set parameter Threads to value 1
Set parameter Seed to value 0
Set parameter MIPGap to value 0
Set parameter MIPGapAbs to value 0
Set parameter TimeLimit to value 7199.691411206
Gurobi Optimizer version 13.0.2 build v13.0.2rc1 (linux64 - "Ubuntu 22.04.5 LTS")

CPU model: INTEL(R) XEON(R) PLATINUM 8581C CPU @ 2.30GHz, instruction set [SSE2|AVX|AVX2|AVX512]
Thread count: 4 physical cores, 8 logical processors, using up to 1 threads

Non-default parameters:
TimeLimit  7199.691411206
MIPGap  0
MIPGapAbs  0
Threads  1

Academic license 2663665 - for non-commercial use only - registered to tu___@vnu.edu.vn
Optimize a model with 4662 rows, 2811 columns and 15385 nonzeros (Min)
Model fingerprint: 0xe2ea3eba
Model has 1 linear objective coefficients
Variable types: 0 continuous, 2811 integer (2749 binary)
Coefficient statistics:
  Matrix range     [1e+00, 1e+00]
  Objective range  [1e+00, 1e+00]
  Bounds range     [1e+00, 7e+00]
  RHS range        [1e+00, 3e+01]

Presolve time: 0.00s

Explored 0 nodes (0 simplex iterations) in 0.00 seconds (0.00 work units)
Thread count was 1 (of 8 available processors)

Solution count 0

Model is infeasible
Best objective -, best bound -, gap -
    UNSAT | IdleRange(P*)=None | time=0.061618s | config=R-DC-IRP-GRB-MIP
    Excel: /home/dclng566/projects/Business-Meeting-Scheduling-Problem/output/gurobi/table07_excel/forumt-14.fixed040-Forb.xlsx
Instance tic-12.fixed020-Forb: 1 run(s)
[39/40] tic-12.fixed020-Forb | reduced | gurobi_mip | P=native_linear | G=distance_closure | n/a
Set parameter WLSAccessID
Set parameter WLSSecret
Set parameter LicenseID to value 2663665
Academic license 2663665 - for non-commercial use only - registered to tu___@vnu.edu.vn
Set parameter OutputFlag to value 1
Set parameter Threads to value 1
Set parameter Seed to value 0
Set parameter MIPGap to value 0
Set parameter MIPGapAbs to value 0
Set parameter TimeLimit to value 7.1996999417120005e+03
Gurobi Optimizer version 13.0.2 build v13.0.2rc1 (linux64 - "Ubuntu 22.04.5 LTS")

CPU model: INTEL(R) XEON(R) PLATINUM 8581C CPU @ 2.30GHz, instruction set [SSE2|AVX|AVX2|AVX512]
Thread count: 4 physical cores, 8 logical processors, using up to 1 threads

Non-default parameters:
TimeLimit  7.1996999417120005e+03
MIPGap  0
MIPGapAbs  0
Threads  1

Academic license 2663665 - for non-commercial use only - registered to tu___@vnu.edu.vn
Optimize a model with 2501 rows, 1565 columns and 8535 nonzeros (Min)
Model fingerprint: 0xc3af2434
Model has 1 linear objective coefficients
Variable types: 0 continuous, 1565 integer (1523 binary)
Coefficient statistics:
  Matrix range     [1e+00, 1e+00]
  Objective range  [1e+00, 1e+00]
  Bounds range     [1e+00, 6e+00]
  RHS range        [1e+00, 2e+01]

Presolve removed 1947 rows and 884 columns
Presolve time: 0.01s
Presolved: 554 rows, 681 columns, 2676 nonzeros
Variable types: 0 continuous, 681 integer (674 binary)

Root relaxation: objective 4.000000e+00, 776 iterations, 0.01 seconds (0.01 work units)

    Nodes    |    Current Node    |     Objective Bounds      |     Work
 Expl Unexpl |  Obj  Depth IntInf | Incumbent    BestBd   Gap | It/Node Time

H    0     0                       4.0000000    4.00000  0.00%     -    0s
     0     0    4.00000    0  343    4.00000    4.00000  0.00%     -    0s

Explored 1 nodes (776 simplex iterations) in 0.03 seconds (0.03 work units)
Thread count was 1 (of 8 available processors)

Solution count 1: 4 

Optimal solution found (tolerance 0.00e+00)
Best objective 4.000000000000e+00, best bound 4.000000000000e+00, gap 0.0000%
    SAT | IdleRange(P*)=4 | time=0.078184s | config=R-DC-IRP-GRB-MIP
    Excel: /home/dclng566/projects/Business-Meeting-Scheduling-Problem/output/gurobi/table07_excel/tic-12.fixed020-Forb.xlsx
Instance ticf-13crafb.fixed040-Forb: 1 run(s)
[40/40] ticf-13crafb.fixed040-Forb | reduced | gurobi_mip | P=native_linear | G=distance_closure | n/a
Set parameter WLSAccessID
Set parameter WLSSecret
Set parameter LicenseID to value 2663665
Academic license 2663665 - for non-commercial use only - registered to tu___@vnu.edu.vn
Set parameter OutputFlag to value 1
Set parameter Threads to value 1
Set parameter Seed to value 0
Set parameter MIPGap to value 0
Set parameter MIPGapAbs to value 0
Set parameter TimeLimit to value 7.1996703055009993e+03
Gurobi Optimizer version 13.0.2 build v13.0.2rc1 (linux64 - "Ubuntu 22.04.5 LTS")

CPU model: INTEL(R) XEON(R) PLATINUM 8581C CPU @ 2.30GHz, instruction set [SSE2|AVX|AVX2|AVX512]
Thread count: 4 physical cores, 8 logical processors, using up to 1 threads

Non-default parameters:
TimeLimit  7.1996703055009993e+03
MIPGap  0
MIPGapAbs  0
Threads  1

Academic license 2663665 - for non-commercial use only - registered to tu___@vnu.edu.vn
Optimize a model with 9198 rows, 5673 columns and 31172 nonzeros (Min)
Model fingerprint: 0xfa2c2af3
Model has 1 linear objective coefficients
Variable types: 0 continuous, 5673 integer (5614 binary)
Coefficient statistics:
  Matrix range     [1e+00, 1e+00]
  Objective range  [1e+00, 1e+00]
  Bounds range     [1e+00, 2e+01]
  RHS range        [1e+00, 4e+01]

Presolve time: 0.00s

Explored 0 nodes (0 simplex iterations) in 0.00 seconds (0.00 work units)
Thread count was 1 (of 8 available processors)

Solution count 0

Model is infeasible
Best objective -, best bound -, gap -
    UNSAT | IdleRange(P*)=None | time=0.084592s | config=R-DC-IRP-GRB-MIP
    Excel: /home/dclng566/projects/Business-Meeting-Scheduling-Problem/output/gurobi/table07_excel/ticf-13crafb.fixed040-Forb.xlsx
Detailed CSV: /home/dclng566/projects/Business-Meeting-Scheduling-Problem/output/gurobi/table07_detailed.csv
Aggregate CSV: /home/dclng566/projects/Business-Meeting-Scheduling-Problem/output/gurobi/table07_aggregate.csv
Per-instance Excel directory: /home/dclng566/projects/Business-Meeting-Scheduling-Problem/output/gurobi/table07_excel
Completed with errors=0, timeouts=0.

Completed table07 successfully
Finished UTC: 2026-07-23 16:07:09

============================================================
Starting table08
Data directory : data_table08_prec
Started UTC    : 2026-07-23 16:07:09
Threads        : 1
Timeout        : 7200 seconds per instance
============================================================
B2B conference benchmark: 40 run(s), objective=IdleRange(P*)
Selected input paths: 40 (family=all, content_deduplicated=True)
Exact baselines: Reduced + DistanceClosure; threads=1, seed=0
Instance tic-13crafb.prec15: 1 run(s)
[1/40] tic-13crafb.prec15 | reduced | gurobi_mip | P=native_linear | G=distance_closure | n/a
Set parameter WLSAccessID
Set parameter WLSSecret
Set parameter LicenseID to value 2663665
Academic license 2663665 - for non-commercial use only - registered to tu___@vnu.edu.vn
Set parameter OutputFlag to value 1
Set parameter Threads to value 1
Set parameter Seed to value 0
Set parameter MIPGap to value 0
Set parameter MIPGapAbs to value 0
Set parameter TimeLimit to value 7199.59739594
Gurobi Optimizer version 13.0.2 build v13.0.2rc1 (linux64 - "Ubuntu 22.04.5 LTS")

CPU model: INTEL(R) XEON(R) PLATINUM 8581C CPU @ 2.30GHz, instruction set [SSE2|AVX|AVX2|AVX512]
Thread count: 4 physical cores, 8 logical processors, using up to 1 threads

Non-default parameters:
TimeLimit  7199.59739594
MIPGap  0
MIPGapAbs  0
Threads  1

Academic license 2663665 - for non-commercial use only - registered to tu___@vnu.edu.vn
Optimize a model with 3709 rows, 3135 columns and 18477 nonzeros (Min)
Model fingerprint: 0xe65278c0
Model has 1 linear objective coefficients
Variable types: 0 continuous, 3135 integer (3088 binary)
Coefficient statistics:
  Matrix range     [1e+00, 9e+00]
  Objective range  [1e+00, 1e+00]
  Bounds range     [1e+00, 8e+00]
  RHS range        [1e+00, 2e+01]

Presolve removed 2650 rows and 1076 columns
Presolve time: 0.03s
Presolved: 1059 rows, 2059 columns, 8695 nonzeros
Variable types: 0 continuous, 2059 integer (2040 binary)

Root relaxation: objective 0.000000e+00, 2902 iterations, 0.14 seconds (0.22 work units)

    Nodes    |    Current Node    |     Objective Bounds      |     Work
 Expl Unexpl |  Obj  Depth IntInf | Incumbent    BestBd   Gap | It/Node Time

     0     0    0.00000    0  407          -    0.00000      -     -    0s
     0     0    0.00000    0  501          -    0.00000      -     -    0s
H    0     0                       3.0000000    0.00000   100%     -    0s
     0     0    0.00000    0  490    3.00000    0.00000   100%     -    0s
     0     0    0.00000    0  490    3.00000    0.00000   100%     -    0s
     0     0    0.00000    0  316    3.00000    0.00000   100%     -    0s
     0     0    0.00000    0  376    3.00000    0.00000   100%     -    1s
     0     0    0.00000    0  489    3.00000    0.00000   100%     -    1s
     0     0    0.00000    0  369    3.00000    0.00000   100%     -    1s
H    0     0                       2.0000000    0.00000   100%     -    1s
     0     0    0.00000    0  439    2.00000    0.00000   100%     -    1s
     0     0    0.00000    0  501    2.00000    0.00000   100%     -    1s
     0     0    0.00000    0  442    2.00000    0.00000   100%     -    1s
     0     0    0.00000    0  442    2.00000    0.00000   100%     -    1s
     0     0    0.00000    0  406    2.00000    0.00000   100%     -    2s
H    0     0                       1.0000000    0.00000   100%     -    2s
     0     2    0.00000    0  404    1.00000    0.00000   100%     -    2s
H   11     3                       0.0000000    0.00000  0.00%   594    6s

Cutting planes:
  Cover: 3
  Clique: 16
  MIR: 5
  Flow cover: 1
  GUB cover: 3
  Zero half: 2
  RLT: 12

Explored 12 nodes (40960 simplex iterations) in 6.41 seconds (9.47 work units)
Thread count was 1 (of 8 available processors)

Solution count 4: 0 1 2 3 

Optimal solution found (tolerance 0.00e+00)
Best objective 0.000000000000e+00, best bound 0.000000000000e+00, gap 0.0000%
    SAT | IdleRange(P*)=0 | time=6.56273s | config=R-DC-IRP-GRB-MIP
    Excel: /home/dclng566/projects/Business-Meeting-Scheduling-Problem/output/gurobi/table08_excel/tic-13crafb.prec15.xlsx
Instance forum-13crafc.prec15: 1 run(s)
[2/40] forum-13crafc.prec15 | reduced | gurobi_mip | P=native_linear | G=distance_closure | n/a
Set parameter WLSAccessID
Set parameter WLSSecret
Set parameter LicenseID to value 2663665
Academic license 2663665 - for non-commercial use only - registered to tu___@vnu.edu.vn
Set parameter OutputFlag to value 1
Set parameter Threads to value 1
Set parameter Seed to value 0
Set parameter MIPGap to value 0
Set parameter MIPGapAbs to value 0
Set parameter TimeLimit to value 7.1995368803599995e+03
Gurobi Optimizer version 13.0.2 build v13.0.2rc1 (linux64 - "Ubuntu 22.04.5 LTS")

CPU model: INTEL(R) XEON(R) PLATINUM 8581C CPU @ 2.30GHz, instruction set [SSE2|AVX|AVX2|AVX512]
Thread count: 4 physical cores, 8 logical processors, using up to 1 threads

Non-default parameters:
TimeLimit  7.1995368803599995e+03
MIPGap  0
MIPGapAbs  0
Threads  1

Academic license 2663665 - for non-commercial use only - registered to tu___@vnu.edu.vn
Optimize a model with 8980 rows, 5960 columns and 33196 nonzeros (Min)
Model fingerprint: 0x8b19ddc7
Model has 1 linear objective coefficients
Variable types: 0 continuous, 5960 integer (5899 binary)
Coefficient statistics:
  Matrix range     [1e+00, 2e+01]
  Objective range  [1e+00, 1e+00]
  Bounds range     [1e+00, 2e+01]
  RHS range        [1e+00, 4e+01]

Presolve removed 1639 rows and 590 columns
Presolve time: 0.04s
Presolved: 7341 rows, 5370 columns, 26619 nonzeros
Variable types: 0 continuous, 5370 integer (5310 binary)

Root relaxation: objective 0.000000e+00, 11309 iterations, 1.22 seconds (1.91 work units)

    Nodes    |    Current Node    |     Objective Bounds      |     Work
 Expl Unexpl |  Obj  Depth IntInf | Incumbent    BestBd   Gap | It/Node Time

     0     0    0.00000    0 2202          -    0.00000      -     -    2s
     0     0    0.00000    0 1754          -    0.00000      -     -    2s
H    0     0                      16.0000000    0.00000   100%     -    2s
H    0     0                      13.0000000    0.00000   100%     -    2s
     0     0    0.00000    0 1754   13.00000    0.00000   100%     -    2s
     0     0    0.00000    0 1224   13.00000    0.00000   100%     -    4s
H    0     0                      12.0000000    0.00000   100%     -    4s
H    0     0                      10.0000000    0.00000   100%     -    4s
H    0     0                       9.0000000    0.00000   100%     -    4s
     0     0    0.00000    0 1459    9.00000    0.00000   100%     -    5s
H    0     0                       8.0000000    0.00000   100%     -    5s
H    0     0                       7.0000000    0.00000   100%     -    5s
     0     0    0.00000    0 1327    7.00000    0.00000   100%     -    5s
     0     0    0.00000    0 1343    7.00000    0.00000   100%     -    5s
     0     0    0.00000    0  769    7.00000    0.00000   100%     -    6s
H    0     0                       6.0000000    0.00000   100%     -    6s
     0     0    0.00000    0  804    6.00000    0.00000   100%     -    6s
     0     0    0.00000    0  718    6.00000    0.00000   100%     -    6s
     0     0    0.00000    0  778    6.00000    0.00000   100%     -    6s
     0     0    0.00000    0  770    6.00000    0.00000   100%     -    6s
     0     0    0.00000    0  715    6.00000    0.00000   100%     -    7s
     0     0    0.00000    0  708    6.00000    0.00000   100%     -    7s
     0     0    0.00000    0  686    6.00000    0.00000   100%     -    7s
     0     0    0.00000    0  811    6.00000    0.00000   100%     -    8s
     0     0    0.00000    0  658    6.00000    0.00000   100%     -    8s
H    0     0                       5.0000000    0.00000   100%     -    8s
     0     0    0.00000    0  642    5.00000    0.00000   100%     -    8s
     0     0    0.00000    0  640    5.00000    0.00000   100%     -    8s
     0     0    0.00000    0  678    5.00000    0.00000   100%     -    9s
     0     0    0.00000    0  398    5.00000    0.00000   100%     -   10s
H    0     0                       4.0000000    0.00000   100%     -   10s
     0     0    0.00000    0  346    4.00000    0.00000   100%     -   10s
     0     0    0.00000    0  564    4.00000    0.00000   100%     -   10s
     0     0    0.00000    0  261    4.00000    0.00000   100%     -   11s
H    0     0                       3.0000000    0.00000   100%     -   11s
H    0     0                       2.0000000    0.00000   100%     -   11s
     0     0    0.00000    0  498    2.00000    0.00000   100%     -   11s
     0     0    0.00000    0  433    2.00000    0.00000   100%     -   11s
     0     0    0.00000    0  435    2.00000    0.00000   100%     -   11s
     0     0    0.00000    0  291    2.00000    0.00000   100%     -   12s
     0     0    0.00000    0  284    2.00000    0.00000   100%     -   12s
     0     0    0.00000    0  228    2.00000    0.00000   100%     -   12s
H    0     0                       1.0000000    0.00000   100%     -   13s
     0     2    0.00000    0  180    1.00000    0.00000   100%     -   13s
H    1     1                       0.0000000    0.00000  0.00%   0.0   13s

Cutting planes:
  Gomory: 3
  Cover: 3
  Implied bound: 47
  Clique: 29
  MIR: 11
  Flow cover: 47
  Zero half: 40
  RLT: 78
  Relax-and-lift: 121
  BQP: 11
  PSD: 1

Explored 2 nodes (123887 simplex iterations) in 13.21 seconds (20.13 work units)
Thread count was 1 (of 8 available processors)

Solution count 10: 0 1 2 ... 9

Optimal solution found (tolerance 0.00e+00)
Best objective 0.000000000000e+00, best bound 0.000000000000e+00, gap 0.0000%
    SAT | IdleRange(P*)=0 | time=13.430265s | config=R-DC-IRP-GRB-MIP
    Excel: /home/dclng566/projects/Business-Meeting-Scheduling-Problem/output/gurobi/table08_excel/forum-13crafc.prec15.xlsx
Instance forumt-14crafd.prec15: 1 run(s)
[3/40] forumt-14crafd.prec15 | reduced | gurobi_mip | P=native_linear | G=distance_closure | n/a
Set parameter WLSAccessID
Set parameter WLSSecret
Set parameter LicenseID to value 2663665
Academic license 2663665 - for non-commercial use only - registered to tu___@vnu.edu.vn
Set parameter OutputFlag to value 1
Set parameter Threads to value 1
Set parameter Seed to value 0
Set parameter MIPGap to value 0
Set parameter MIPGapAbs to value 0
Set parameter TimeLimit to value 7199.562848485
Gurobi Optimizer version 13.0.2 build v13.0.2rc1 (linux64 - "Ubuntu 22.04.5 LTS")

CPU model: INTEL(R) XEON(R) PLATINUM 8581C CPU @ 2.30GHz, instruction set [SSE2|AVX|AVX2|AVX512]
Thread count: 4 physical cores, 8 logical processors, using up to 1 threads

Non-default parameters:
TimeLimit  7199.562848485
MIPGap  0
MIPGapAbs  0
Threads  1

Academic license 2663665 - for non-commercial use only - registered to tu___@vnu.edu.vn
Optimize a model with 4867 rows, 4008 columns and 23391 nonzeros (Min)
Model fingerprint: 0x34b335fb
Model has 1 linear objective coefficients
Variable types: 0 continuous, 4008 integer (3946 binary)
Coefficient statistics:
  Matrix range     [1e+00, 9e+00]
  Objective range  [1e+00, 1e+00]
  Bounds range     [1e+00, 8e+00]
  RHS range        [1e+00, 2e+01]

Presolve removed 3389 rows and 1405 columns
Presolve time: 0.04s
Presolved: 1478 rows, 2603 columns, 11104 nonzeros
Variable types: 0 continuous, 2603 integer (2577 binary)

Root relaxation: objective 2.000000e+00, 3718 iterations, 0.21 seconds (0.32 work units)

    Nodes    |    Current Node    |     Objective Bounds      |     Work
 Expl Unexpl |  Obj  Depth IntInf | Incumbent    BestBd   Gap | It/Node Time

     0     0    2.00000    0  455          -    2.00000      -     -    0s
     0     0    2.00000    0  584          -    2.00000      -     -    0s
     0     0    2.00000    0  564          -    2.00000      -     -    0s
     0     0    2.00000    0  542          -    2.00000      -     -    0s
     0     0    2.00000    0  315          -    2.00000      -     -    1s
     0     0    2.00000    0  414          -    2.00000      -     -    1s
     0     0    2.00000    0  527          -    2.00000      -     -    1s
     0     0    2.00000    0   14          -    2.00000      -     -    1s
H    0     0                       3.0000000    2.00000  33.3%     -    1s
     0     0    2.00000    0  544    3.00000    2.00000  33.3%     -    1s
     0     0    2.00000    0   10    3.00000    2.00000  33.3%     -    1s
H    0     0                       2.0000000    2.00000  0.00%     -    1s
     0     0    2.00000    0   10    2.00000    2.00000  0.00%     -    1s

Cutting planes:
  Gomory: 2
  Cover: 13
  Clique: 19
  MIR: 3
  StrongCG: 1
  GUB cover: 4
  Zero half: 5
  RLT: 11
  Relax-and-lift: 1

Explored 1 nodes (26638 simplex iterations) in 1.84 seconds (2.71 work units)
Thread count was 1 (of 8 available processors)

Solution count 2: 2 3 

Optimal solution found (tolerance 0.00e+00)
Best objective 2.000000000000e+00, best bound 2.000000000000e+00, gap 0.0000%
    SAT | IdleRange(P*)=2 | time=2.030111s | config=R-DC-IRP-GRB-MIP
    Excel: /home/dclng566/projects/Business-Meeting-Scheduling-Problem/output/gurobi/table08_excel/forumt-14crafd.prec15.xlsx
Instance ticf-13crafa.prec25: 1 run(s)
[4/40] ticf-13crafa.prec25 | reduced | gurobi_mip | P=native_linear | G=distance_closure | n/a
Set parameter WLSAccessID
Set parameter WLSSecret
Set parameter LicenseID to value 2663665
Academic license 2663665 - for non-commercial use only - registered to tu___@vnu.edu.vn
Set parameter OutputFlag to value 1
Set parameter Threads to value 1
Set parameter Seed to value 0
Set parameter MIPGap to value 0
Set parameter MIPGapAbs to value 0
Set parameter TimeLimit to value 7199.668181145
Gurobi Optimizer version 13.0.2 build v13.0.2rc1 (linux64 - "Ubuntu 22.04.5 LTS")

CPU model: INTEL(R) XEON(R) PLATINUM 8581C CPU @ 2.30GHz, instruction set [SSE2|AVX|AVX2|AVX512]
Thread count: 4 physical cores, 8 logical processors, using up to 1 threads

Non-default parameters:
TimeLimit  7199.668181145
MIPGap  0
MIPGapAbs  0
Threads  1

Academic license 2663665 - for non-commercial use only - registered to tu___@vnu.edu.vn
Optimize a model with 8988 rows, 5896 columns and 33794 nonzeros (Min)
Model fingerprint: 0x243d7109
Model has 1 linear objective coefficients
Variable types: 0 continuous, 5896 integer (5835 binary)
Coefficient statistics:
  Matrix range     [1e+00, 2e+01]
  Objective range  [1e+00, 1e+00]
  Bounds range     [1e+00, 2e+01]
  RHS range        [1e+00, 4e+01]

Presolve time: 0.00s

Explored 0 nodes (0 simplex iterations) in 0.00 seconds (0.00 work units)
Thread count was 1 (of 8 available processors)

Solution count 0

Model is infeasible
Best objective -, best bound -, gap -
    UNSAT | IdleRange(P*)=None | time=0.086883s | config=R-DC-IRP-GRB-MIP
    Excel: /home/dclng566/projects/Business-Meeting-Scheduling-Problem/output/gurobi/table08_excel/ticf-13crafa.prec25.xlsx
Instance forumt-14.prec15: 1 run(s)
[5/40] forumt-14.prec15 | reduced | gurobi_mip | P=native_linear | G=distance_closure | n/a
Set parameter WLSAccessID
Set parameter WLSSecret
Set parameter LicenseID to value 2663665
Academic license 2663665 - for non-commercial use only - registered to tu___@vnu.edu.vn
Set parameter OutputFlag to value 1
Set parameter Threads to value 1
Set parameter Seed to value 0
Set parameter MIPGap to value 0
Set parameter MIPGapAbs to value 0
Set parameter TimeLimit to value 7.1995704195380013e+03
Gurobi Optimizer version 13.0.2 build v13.0.2rc1 (linux64 - "Ubuntu 22.04.5 LTS")

CPU model: INTEL(R) XEON(R) PLATINUM 8581C CPU @ 2.30GHz, instruction set [SSE2|AVX|AVX2|AVX512]
Thread count: 4 physical cores, 8 logical processors, using up to 1 threads

Non-default parameters:
TimeLimit  7.1995704195380013e+03
MIPGap  0
MIPGapAbs  0
Threads  1

Academic license 2663665 - for non-commercial use only - registered to tu___@vnu.edu.vn
Optimize a model with 4880 rows, 3992 columns and 23406 nonzeros (Min)
Model fingerprint: 0xfc24df99
Model has 1 linear objective coefficients
Variable types: 0 continuous, 3992 integer (3930 binary)
Coefficient statistics:
  Matrix range     [1e+00, 9e+00]
  Objective range  [1e+00, 1e+00]
  Bounds range     [1e+00, 7e+00]
  RHS range        [1e+00, 3e+01]

Presolve removed 3416 rows and 1399 columns
Presolve time: 0.05s
Presolved: 1464 rows, 2593 columns, 11081 nonzeros
Variable types: 0 continuous, 2593 integer (2567 binary)

Root relaxation: objective 2.000000e+00, 3571 iterations, 0.19 seconds (0.29 work units)

    Nodes    |    Current Node    |     Objective Bounds      |     Work
 Expl Unexpl |  Obj  Depth IntInf | Incumbent    BestBd   Gap | It/Node Time

     0     0    2.00000    0  327          -    2.00000      -     -    0s
     0     0    2.00000    0  524          -    2.00000      -     -    0s
     0     0    2.00000    0  610          -    2.00000      -     -    0s
     0     0    2.00000    0  605          -    2.00000      -     -    0s
     0     0    2.00000    0  104          -    2.00000      -     -    1s
     0     0    2.00000    0  554          -    2.00000      -     -    1s
     0     0    2.00000    0  124          -    2.00000      -     -    1s
H    0     0                       3.0000000    2.00000  33.3%     -    1s
H    0     0                       2.0000000    2.00000  0.00%     -    1s
     0     0    2.00000    0  124    2.00000    2.00000  0.00%     -    1s

Cutting planes:
  Gomory: 1
  Cover: 5
  Clique: 14
  MIR: 3
  Flow cover: 1
  GUB cover: 7
  Zero half: 5
  RLT: 2
  Relax-and-lift: 1

Explored 1 nodes (27172 simplex iterations) in 1.76 seconds (2.52 work units)
Thread count was 1 (of 8 available processors)

Solution count 2: 2 3 

Optimal solution found (tolerance 0.00e+00)
Best objective 2.000000000000e+00, best bound 2.000000000000e+00, gap 0.0000%
    SAT | IdleRange(P*)=2 | time=1.947916s | config=R-DC-IRP-GRB-MIP
    Excel: /home/dclng566/projects/Business-Meeting-Scheduling-Problem/output/gurobi/table08_excel/forumt-14.prec15.xlsx
Instance forumt-14crafc.prec15: 1 run(s)
[6/40] forumt-14crafc.prec15 | reduced | gurobi_mip | P=native_linear | G=distance_closure | n/a
Set parameter WLSAccessID
Set parameter WLSSecret
Set parameter LicenseID to value 2663665
Academic license 2663665 - for non-commercial use only - registered to tu___@vnu.edu.vn
Set parameter OutputFlag to value 1
Set parameter Threads to value 1
Set parameter Seed to value 0
Set parameter MIPGap to value 0
Set parameter MIPGapAbs to value 0
Set parameter TimeLimit to value 7199.567939465
Gurobi Optimizer version 13.0.2 build v13.0.2rc1 (linux64 - "Ubuntu 22.04.5 LTS")

CPU model: INTEL(R) XEON(R) PLATINUM 8581C CPU @ 2.30GHz, instruction set [SSE2|AVX|AVX2|AVX512]
Thread count: 4 physical cores, 8 logical processors, using up to 1 threads

Non-default parameters:
TimeLimit  7199.567939465
MIPGap  0
MIPGapAbs  0
Threads  1

Academic license 2663665 - for non-commercial use only - registered to tu___@vnu.edu.vn
Optimize a model with 4880 rows, 3992 columns and 23406 nonzeros (Min)
Model fingerprint: 0xe6b34b61
Model has 1 linear objective coefficients
Variable types: 0 continuous, 3992 integer (3930 binary)
Coefficient statistics:
  Matrix range     [1e+00, 9e+00]
  Objective range  [1e+00, 1e+00]
  Bounds range     [1e+00, 7e+00]
  RHS range        [1e+00, 2e+01]

Presolve removed 3416 rows and 1399 columns
Presolve time: 0.05s
Presolved: 1464 rows, 2593 columns, 11081 nonzeros
Variable types: 0 continuous, 2593 integer (2567 binary)

Root relaxation: objective 2.000000e+00, 3882 iterations, 0.24 seconds (0.36 work units)

    Nodes    |    Current Node    |     Objective Bounds      |     Work
 Expl Unexpl |  Obj  Depth IntInf | Incumbent    BestBd   Gap | It/Node Time

     0     0    2.00000    0  457          -    2.00000      -     -    0s
     0     0    2.00000    0  622          -    2.00000      -     -    0s
     0     0    2.00000    0  631          -    2.00000      -     -    0s
     0     0    2.00000    0  599          -    2.00000      -     -    0s
     0     0    2.00000    0   87          -    2.00000      -     -    1s
     0     0    2.00000    0  405          -    2.00000      -     -    1s
     0     0    2.00000    0   30          -    2.00000      -     -    1s
H    0     0                       4.0000000    2.00000  50.0%     -    1s
H    0     0                       3.0000000    2.00000  33.3%     -    1s
     0     0    2.00000    0  587    3.00000    2.00000  33.3%     -    1s
     0     0    2.00000    0  103    3.00000    2.00000  33.3%     -    2s
     0     0    2.00000    0  595    3.00000    2.00000  33.3%     -    2s
     0     0    2.00000    0  350    3.00000    2.00000  33.3%     -    2s
H    0     0                       2.0000000    2.00000  0.00%     -    2s
     0     0    2.00000    0  350    2.00000    2.00000  0.00%     -    2s

Cutting planes:
  Gomory: 1
  Cover: 8
  Implied bound: 1
  Clique: 13
  MIR: 6
  StrongCG: 1
  Flow cover: 1
  GUB cover: 10
  Zero half: 8
  RLT: 15
  Relax-and-lift: 1

Explored 1 nodes (38319 simplex iterations) in 2.52 seconds (3.64 work units)
Thread count was 1 (of 8 available processors)

Solution count 3: 2 3 4 

Optimal solution found (tolerance 0.00e+00)
Best objective 2.000000000000e+00, best bound 2.000000000000e+00, gap 0.0000%
    SAT | IdleRange(P*)=2 | time=2.707521s | config=R-DC-IRP-GRB-MIP
    Excel: /home/dclng566/projects/Business-Meeting-Scheduling-Problem/output/gurobi/table08_excel/forumt-14crafc.prec15.xlsx
Instance forum-13crafb.prec25: 1 run(s)
[7/40] forum-13crafb.prec25 | reduced | gurobi_mip | P=native_linear | G=distance_closure | n/a
Set parameter WLSAccessID
Set parameter WLSSecret
Set parameter LicenseID to value 2663665
Academic license 2663665 - for non-commercial use only - registered to tu___@vnu.edu.vn
Set parameter OutputFlag to value 1
Set parameter Threads to value 1
Set parameter Seed to value 0
Set parameter MIPGap to value 0
Set parameter MIPGapAbs to value 0
Set parameter TimeLimit to value 7199.648421461
Gurobi Optimizer version 13.0.2 build v13.0.2rc1 (linux64 - "Ubuntu 22.04.5 LTS")

CPU model: INTEL(R) XEON(R) PLATINUM 8581C CPU @ 2.30GHz, instruction set [SSE2|AVX|AVX2|AVX512]
Thread count: 4 physical cores, 8 logical processors, using up to 1 threads

Non-default parameters:
TimeLimit  7199.648421461
MIPGap  0
MIPGapAbs  0
Threads  1

Academic license 2663665 - for non-commercial use only - registered to tu___@vnu.edu.vn
Optimize a model with 9648 rows, 6616 columns and 39260 nonzeros (Min)
Model fingerprint: 0xefbbb5ac
Model has 1 linear objective coefficients
Variable types: 0 continuous, 6616 integer (6557 binary)
Coefficient statistics:
  Matrix range     [1e+00, 2e+01]
  Objective range  [1e+00, 1e+00]
  Bounds range     [1e+00, 2e+01]
  RHS range        [1e+00, 4e+01]

Presolve time: 0.00s

Explored 0 nodes (0 simplex iterations) in 0.00 seconds (0.00 work units)
Thread count was 1 (of 8 available processors)

Solution count 0

Model is infeasible
Best objective -, best bound -, gap -
    UNSAT | IdleRange(P*)=None | time=0.107601s | config=R-DC-IRP-GRB-MIP
    Excel: /home/dclng566/projects/Business-Meeting-Scheduling-Problem/output/gurobi/table08_excel/forum-13crafb.prec25.xlsx
Instance forum-13.prec25: 1 run(s)
[8/40] forum-13.prec25 | reduced | gurobi_mip | P=native_linear | G=distance_closure | n/a
Set parameter WLSAccessID
Set parameter WLSSecret
Set parameter LicenseID to value 2663665
Academic license 2663665 - for non-commercial use only - registered to tu___@vnu.edu.vn
Set parameter OutputFlag to value 1
Set parameter Threads to value 1
Set parameter Seed to value 0
Set parameter MIPGap to value 0
Set parameter MIPGapAbs to value 0
Set parameter TimeLimit to value 7199.670153851
Gurobi Optimizer version 13.0.2 build v13.0.2rc1 (linux64 - "Ubuntu 22.04.5 LTS")

CPU model: INTEL(R) XEON(R) PLATINUM 8581C CPU @ 2.30GHz, instruction set [SSE2|AVX|AVX2|AVX512]
Thread count: 4 physical cores, 8 logical processors, using up to 1 threads

Non-default parameters:
TimeLimit  7199.670153851
MIPGap  0
MIPGapAbs  0
Threads  1

Academic license 2663665 - for non-commercial use only - registered to tu___@vnu.edu.vn
Optimize a model with 8870 rows, 5818 columns and 33209 nonzeros (Min)
Model fingerprint: 0xa2affb74
Model has 1 linear objective coefficients
Variable types: 0 continuous, 5818 integer (5757 binary)
Coefficient statistics:
  Matrix range     [1e+00, 2e+01]
  Objective range  [1e+00, 1e+00]
  Bounds range     [1e+00, 2e+01]
  RHS range        [1e+00, 4e+01]

Presolve time: 0.00s

Explored 0 nodes (0 simplex iterations) in 0.00 seconds (0.00 work units)
Thread count was 1 (of 8 available processors)

Solution count 0

Model is infeasible
Best objective -, best bound -, gap -
    UNSAT | IdleRange(P*)=None | time=0.084561s | config=R-DC-IRP-GRB-MIP
    Excel: /home/dclng566/projects/Business-Meeting-Scheduling-Problem/output/gurobi/table08_excel/forum-13.prec25.xlsx
Instance tic-14crafd.prec15: 1 run(s)
[9/40] tic-14crafd.prec15 | reduced | gurobi_mip | P=native_linear | G=distance_closure | n/a
Set parameter WLSAccessID
Set parameter WLSSecret
Set parameter LicenseID to value 2663665
Academic license 2663665 - for non-commercial use only - registered to tu___@vnu.edu.vn
Set parameter OutputFlag to value 1
Set parameter Threads to value 1
Set parameter Seed to value 0
Set parameter MIPGap to value 0
Set parameter MIPGapAbs to value 0
Set parameter TimeLimit to value 7.1995566596160006e+03
Gurobi Optimizer version 13.0.2 build v13.0.2rc1 (linux64 - "Ubuntu 22.04.5 LTS")

CPU model: INTEL(R) XEON(R) PLATINUM 8581C CPU @ 2.30GHz, instruction set [SSE2|AVX|AVX2|AVX512]
Thread count: 4 physical cores, 8 logical processors, using up to 1 threads

Non-default parameters:
TimeLimit  7.1995566596160006e+03
MIPGap  0
MIPGapAbs  0
Threads  1

Academic license 2663665 - for non-commercial use only - registered to tu___@vnu.edu.vn
Optimize a model with 4949 rows, 4114 columns and 24118 nonzeros (Min)
Model fingerprint: 0x4b8a5039
Model has 1 linear objective coefficients
Variable types: 0 continuous, 4114 integer (4052 binary)
Coefficient statistics:
  Matrix range     [1e+00, 9e+00]
  Objective range  [1e+00, 1e+00]
  Bounds range     [1e+00, 8e+00]
  RHS range        [1e+00, 2e+01]

Presolve removed 2528 rows and 1020 columns
Presolve time: 0.02s
Presolved: 2421 rows, 3094 columns, 14056 nonzeros
Variable types: 0 continuous, 3094 integer (3067 binary)

Root relaxation: objective 0.000000e+00, 4711 iterations, 0.33 seconds (0.52 work units)

    Nodes    |    Current Node    |     Objective Bounds      |     Work
 Expl Unexpl |  Obj  Depth IntInf | Incumbent    BestBd   Gap | It/Node Time

     0     0    0.00000    0 1115          -    0.00000      -     -    0s
     0     0    0.00000    0  860          -    0.00000      -     -    1s
     0     0    0.00000    0  860          -    0.00000      -     -    1s
     0     0    0.00000    0  608          -    0.00000      -     -    1s
H    0     0                       6.0000000    0.00000   100%     -    1s
     0     0    0.00000    0  617    6.00000    0.00000   100%     -    1s
     0     0    0.00000    0  654    6.00000    0.00000   100%     -    1s
     0     0    0.00000    0  607    6.00000    0.00000   100%     -    2s
     0     0    0.00000    0  352    6.00000    0.00000   100%     -    2s
H    0     0                       5.0000000    0.00000   100%     -    2s
     0     0    0.00000    0  381    5.00000    0.00000   100%     -    2s
     0     0    0.00000    0  546    5.00000    0.00000   100%     -    2s
     0     0    0.00000    0  426    5.00000    0.00000   100%     -    3s
     0     0    0.00000    0  428    5.00000    0.00000   100%     -    3s
     0     0    0.00000    0  566    5.00000    0.00000   100%     -    3s
     0     0    0.00000    0  291    5.00000    0.00000   100%     -    4s
H    0     0                       3.0000000    0.00000   100%     -    4s
     0     0    0.00000    0  442    3.00000    0.00000   100%     -    4s
     0     0    0.00000    0  529    3.00000    0.00000   100%     -    4s
     0     0    0.00000    0  337    3.00000    0.00000   100%     -    5s
     0     0    0.00000    0  427    3.00000    0.00000   100%     -    5s
     0     0    0.00000    0  570    3.00000    0.00000   100%     -    5s
     0     0    0.00000    0  371    3.00000    0.00000   100%     -    5s
     0     0    0.00000    0  423    3.00000    0.00000   100%     -    5s
     0     0    0.00000    0  508    3.00000    0.00000   100%     -    6s
     0     0    0.00000    0  477    3.00000    0.00000   100%     -    6s
     0     0    0.00000    0  477    3.00000    0.00000   100%     -    6s
     0     0    0.00000    0  369    3.00000    0.00000   100%     -    7s
     0     2    0.00000    0  369    3.00000    0.00000   100%     -    7s
H    2     2                       1.0000000    0.00000   100%   268    8s
    17    15    0.00000   10  547    1.00000    0.00000   100%   902   10s
    23    21    0.00000   14  534    1.00000    0.00000   100%   991   17s
    40    38    0.00000   25  531    1.00000    0.00000   100%   919   20s
   179   175    0.00000  115  335    1.00000    0.00000   100%   692   25s
   264   198    0.00000  103  515    1.00000    0.00000   100%   624   30s
   275   206    0.00000  114  557    1.00000    0.00000   100%   599   35s
   285   214    0.00000   17  508    1.00000    0.00000   100%   965   46s
   300   224    0.00000   25  589    1.00000    0.00000   100%   979   50s
   343   253    0.00000   46  431    1.00000    0.00000   100%   974   55s
   394   287    0.00000   72  392    1.00000    0.00000   100%   976   68s
   416   302    0.00000   83  372    1.00000    0.00000   100%   971   70s
   639   365    0.00000  145  160    1.00000    0.00000   100%   732   75s
   801   385    0.00000  151  215    1.00000    0.00000   100%   631   80s
  1121   370    0.00000  149  230    1.00000    0.00000   100%   508   85s
  1515   451    0.00000  156  142    1.00000    0.00000   100%   435   90s
H 1975     5                       0.0000000    0.00000  0.00%   384   96s

Cutting planes:
  Gomory: 3
  Cover: 8
  Clique: 8
  MIR: 2
  Flow cover: 7
  GUB cover: 9
  Zero half: 2
  RLT: 4

Explored 1976 nodes (852835 simplex iterations) in 96.75 seconds (148.38 work units)
Thread count was 1 (of 8 available processors)

Solution count 5: 0 1 3 ... 6

Optimal solution found (tolerance 0.00e+00)
Best objective 0.000000000000e+00, best bound 0.000000000000e+00, gap 0.0000%
    SAT | IdleRange(P*)=0 | time=96.951162s | config=R-DC-IRP-GRB-MIP
    Excel: /home/dclng566/projects/Business-Meeting-Scheduling-Problem/output/gurobi/table08_excel/tic-14crafd.prec15.xlsx
Instance tic-14crafa.prec15: 1 run(s)
[10/40] tic-14crafa.prec15 | reduced | gurobi_mip | P=native_linear | G=distance_closure | n/a
Set parameter WLSAccessID
Set parameter WLSSecret
Set parameter LicenseID to value 2663665
Academic license 2663665 - for non-commercial use only - registered to tu___@vnu.edu.vn
Set parameter OutputFlag to value 1
Set parameter Threads to value 1
Set parameter Seed to value 0
Set parameter MIPGap to value 0
Set parameter MIPGapAbs to value 0
Set parameter TimeLimit to value 7199.560602269
Gurobi Optimizer version 13.0.2 build v13.0.2rc1 (linux64 - "Ubuntu 22.04.5 LTS")

CPU model: INTEL(R) XEON(R) PLATINUM 8581C CPU @ 2.30GHz, instruction set [SSE2|AVX|AVX2|AVX512]
Thread count: 4 physical cores, 8 logical processors, using up to 1 threads

Non-default parameters:
TimeLimit  7199.560602269
MIPGap  0
MIPGapAbs  0
Threads  1

Academic license 2663665 - for non-commercial use only - registered to tu___@vnu.edu.vn
Optimize a model with 4963 rows, 4098 columns and 24152 nonzeros (Min)
Model fingerprint: 0xd97335a7
Model has 1 linear objective coefficients
Variable types: 0 continuous, 4098 integer (4036 binary)
Coefficient statistics:
  Matrix range     [1e+00, 9e+00]
  Objective range  [1e+00, 1e+00]
  Bounds range     [1e+00, 7e+00]
  RHS range        [1e+00, 3e+01]

Presolve removed 2340 rows and 903 columns
Presolve time: 0.02s
Presolved: 2623 rows, 3195 columns, 14710 nonzeros
Variable types: 0 continuous, 3195 integer (3167 binary)

Root relaxation: objective 0.000000e+00, 4872 iterations, 0.33 seconds (0.52 work units)

    Nodes    |    Current Node    |     Objective Bounds      |     Work
 Expl Unexpl |  Obj  Depth IntInf | Incumbent    BestBd   Gap | It/Node Time

     0     0    0.00000    0 1176          -    0.00000      -     -    0s
     0     0    0.00000    0  866          -    0.00000      -     -    0s
     0     0    0.00000    0  866          -    0.00000      -     -    0s
     0     0    0.00000    0  629          -    0.00000      -     -    1s
     0     0    0.00000    0  697          -    0.00000      -     -    1s
     0     0    0.00000    0  675          -    0.00000      -     -    1s
     0     0    0.00000    0  665          -    0.00000      -     -    1s
     0     0    0.00000    0  353          -    0.00000      -     -    2s
H    0     0                       3.0000000    0.00000   100%     -    2s
     0     0    0.00000    0  366    3.00000    0.00000   100%     -    2s
     0     0    0.00000    0  677    3.00000    0.00000   100%     -    2s
     0     0    0.00000    0  352    3.00000    0.00000   100%     -    3s
H    0     0                       2.0000000    0.00000   100%     -    3s
     0     0    0.00000    0  467    2.00000    0.00000   100%     -    3s
     0     0    0.00000    0  535    2.00000    0.00000   100%     -    3s
     0     0    0.00000    0  383    2.00000    0.00000   100%     -    3s
     0     0    0.00000    0  408    2.00000    0.00000   100%     -    3s
     0     0    0.00000    0  561    2.00000    0.00000   100%     -    3s
     0     0    0.00000    0  457    2.00000    0.00000   100%     -    4s
     0     0    0.00000    0  457    2.00000    0.00000   100%     -    4s
     0     0    0.00000    0  379    2.00000    0.00000   100%     -    5s
     0     2    0.00000    0  379    2.00000    0.00000   100%     -    5s
H    1     1                       1.0000000    0.00000   100%   0.0    6s
    14    16    0.00000    7  441    1.00000    0.00000   100%  1158   10s
    70    72    0.00000   44  587    1.00000    0.00000   100%   948   15s
    81    79    0.00000   52  490    1.00000    0.00000   100%   890   20s
   256   217    0.00000   55  866    1.00000    0.00000   100%   677   25s
   269   226    0.00000  102  497    1.00000    0.00000   100%   644   30s
   277   233    0.00000   14  466    1.00000    0.00000   100%   900   36s
   296   246    0.00000   24  444    1.00000    0.00000   100%   923   40s
   373   297    0.00000   62  391    1.00000    0.00000   100%   912   45s
   500   382    0.00000  126  138    1.00000    0.00000   100%   810   50s
   743   357    0.00000  139  163    1.00000    0.00000   100%   627   55s
  1074   323    0.00000  143  216    1.00000    0.00000   100%   495   60s
  1466   430    0.00000  138  283    1.00000    0.00000   100%   417   65s
  1857   483    0.00000  144  168    1.00000    0.00000   100%   376   70s
  1975   525    0.00000  143  189    1.00000    0.00000   100%   366   77s
  2271   573    0.00000  151  189    1.00000    0.00000   100%   347   80s
  2772   632    0.00000  148  191    1.00000    0.00000   100%   321   91s
  2977   654    0.00000  146  213    1.00000    0.00000   100%   312   95s
  3428   769    0.00000  156  194    1.00000    0.00000   100%   300  100s
  3886   864    0.00000  151  193    1.00000    0.00000   100%   291  105s
  4427   948    0.00000  163  223    1.00000    0.00000   100%   281  110s
  4946   999 infeasible  154         1.00000    0.00000   100%   273  115s
  5203  1032 infeasible  158         1.00000    0.00000   100%   269  120s
  5843  1099    0.00000  155  210    1.00000    0.00000   100%   260  125s
  6504  1169    0.00000  144  134    1.00000    0.00000   100%   253  130s
  6890  1265    0.00000  157   82    1.00000    0.00000   100%   249  137s
  7167  1286    0.00000  157  119    1.00000    0.00000   100%   247  140s
  7598  1281 infeasible  150         1.00000    0.00000   100%   244  145s
  8213  1352    0.00000  154  171    1.00000    0.00000   100%   240  150s
  8885  1358    0.00000  153  170    1.00000    0.00000   100%   236  156s
  9264  1410 infeasible  137         1.00000    0.00000   100%   236  160s
  9769  1540 infeasible  144         1.00000    0.00000   100%   235  165s
 10202  1608    0.00000  142  200    1.00000    0.00000   100%   234  197s
 10297  1647    0.00000  147  188    1.00000    0.00000   100%   234  200s
 10768  1730    0.00000  145  143    1.00000    0.00000   100%   233  205s
 11479  1781    0.00000  141  217    1.00000    0.00000   100%   230  210s
 12113  1781 infeasible  149         1.00000    0.00000   100%   228  215s
 12363  1800    0.00000  143  142    1.00000    0.00000   100%   227  220s
 12364  1801    0.00000  144  106    1.00000    0.00000   100%   227  226s
 12368  1799    0.00000  143  218    1.00000    0.00000   100%   227  231s
 12795  1881    0.00000  146  241    1.00000    0.00000   100%   226  235s
 13451  1949 infeasible  148         1.00000    0.00000   100%   225  240s
 14192  1993    0.00000  149  134    1.00000    0.00000   100%   222  245s
 14754  2019    0.00000  149  150    1.00000    0.00000   100%   221  254s
 14906  2028    0.00000  139  189    1.00000    0.00000   100%   221  255s
 15573  2067    0.00000  152  148    1.00000    0.00000   100%   219  260s
 16243  2119    0.00000  158  224    1.00000    0.00000   100%   218  265s
 16520  2123    0.00000  155  209    1.00000    0.00000   100%   218  271s
 17047  2232    0.00000  155   96    1.00000    0.00000   100%   217  275s
 17622  2362    0.00000  156  155    1.00000    0.00000   100%   217  280s
 18179  2488    0.00000  150  206    1.00000    0.00000   100%   217  285s
 18829  2547 infeasible  164         1.00000    0.00000   100%   217  290s
 19519  2549    0.00000  156  173    1.00000    0.00000   100%   216  295s
 20134  2599    0.00000  140  133    1.00000    0.00000   100%   215  300s
 20137  2598    0.00000  152  144    1.00000    0.00000   100%   215  305s
 20212  2615    0.00000  153  167    1.00000    0.00000   100%   215  310s
 20812  2667    0.00000  144  155    1.00000    0.00000   100%   215  315s
 21475  2700    0.00000  146  197    1.00000    0.00000   100%   215  320s
 22177  2739 infeasible  144         1.00000    0.00000   100%   214  325s
 22784  2732 infeasible  150         1.00000    0.00000   100%   214  330s
 23020  2728    0.00000  149  138    1.00000    0.00000   100%   214  338s
 23173  2793    0.00000  146  171    1.00000    0.00000   100%   214  340s
 23601  2900    0.00000  140  238    1.00000    0.00000   100%   214  348s
 23704  2930    0.00000  150  227    1.00000    0.00000   100%   214  350s
 24262  3005 infeasible  158         1.00000    0.00000   100%   215  355s
 25017  3045    0.00000  144  194    1.00000    0.00000   100%   213  360s
 25726  3091    0.00000  144  190    1.00000    0.00000   100%   213  365s
 26452  3140 infeasible  146         1.00000    0.00000   100%   212  370s
 27149  3163 infeasible  138         1.00000    0.00000   100%   211  375s
 27712  3274    0.00000  137  204    1.00000    0.00000   100%   211  384s
 27790  3290    0.00000  139  206    1.00000    0.00000   100%   211  385s
 28105  3315    0.00000  143  169    1.00000    0.00000   100%   211  390s
 28874  3374    0.00000  140  162    1.00000    0.00000   100%   209  395s
 29603  3426    0.00000  146  164    1.00000    0.00000   100%   208  400s
 30301  3425    0.00000  131  170    1.00000    0.00000   100%   208  405s
 30426  3464    0.00000  143  144    1.00000    0.00000   100%   208  418s
 30595  3482    0.00000  140  193    1.00000    0.00000   100%   208  420s
 31264  3542    0.00000  146  188    1.00000    0.00000   100%   207  425s
 31948  3563 infeasible  152         1.00000    0.00000   100%   207  430s
 32622  3558    0.00000  137  154    1.00000    0.00000   100%   207  435s
 33306  3552    0.00000  139  192    1.00000    0.00000   100%   207  440s
 33431  3567    0.00000  152  140    1.00000    0.00000   100%   207  445s
 34076  3538 infeasible  146         1.00000    0.00000   100%   206  450s
 34255  3531    0.00000  144   68    1.00000    0.00000   100%   206  458s
 34458  3571 infeasible  143         1.00000    0.00000   100%   206  460s
 35215  3577    0.00000  154  181    1.00000    0.00000   100%   205  465s
 35948  3585 infeasible  157         1.00000    0.00000   100%   205  470s
 36533  3623 infeasible  155         1.00000    0.00000   100%   205  475s
 37216  3654 infeasible  146         1.00000    0.00000   100%   205  480s
 37897  3674    0.00000  146  166    1.00000    0.00000   100%   204  485s
 38586  3694 infeasible  142         1.00000    0.00000   100%   204  490s
 39200  3738    0.00000  145  170    1.00000    0.00000   100%   204  495s
 39820  3760 infeasible  149         1.00000    0.00000   100%   204  500s
 40461  3823    0.00000  156  232    1.00000    0.00000   100%   204  505s
 40956  3811    0.00000  156  203    1.00000    0.00000   100%   204  510s
 41532  3870    0.00000  158  157    1.00000    0.00000   100%   204  515s
 42218  3851    0.00000  150  190    1.00000    0.00000   100%   204  520s
 42759  3837    0.00000  151  182    1.00000    0.00000   100%   203  525s
 43396  3873 infeasible  148         1.00000    0.00000   100%   203  530s
 43742  3916    0.00000  148  117    1.00000    0.00000   100%   203  535s
 44244  3941    0.00000  151  179    1.00000    0.00000   100%   203  543s
 44491  3969    0.00000  153  165    1.00000    0.00000   100%   203  545s
 45117  3990    0.00000  161  183    1.00000    0.00000   100%   203  550s
 45645  3976    0.00000  161  203    1.00000    0.00000   100%   202  555s
 46143  3962    0.00000  149  187    1.00000    0.00000   100%   202  565s
 46158  3963    0.00000  144  198    1.00000    0.00000   100%   202  570s
 46857  3964    0.00000  139  192    1.00000    0.00000   100%   202  575s
 47536  3941 infeasible  150         1.00000    0.00000   100%   202  580s
 48207  3964 infeasible  162         1.00000    0.00000   100%   202  585s
 48842  3967    0.00000  146  180    1.00000    0.00000   100%   202  590s
 49547  4081    0.00000  161  116    1.00000    0.00000   100%   202  595s
 50119  4098    0.00000  156  205    1.00000    0.00000   100%   201  600s
 50889  4090 infeasible  149         1.00000    0.00000   100%   201  605s
 51390  4079 infeasible  147         1.00000    0.00000   100%   201  610s
 52009  4118 infeasible  148         1.00000    0.00000   100%   201  615s
 52108  4143    0.00000  148   97    1.00000    0.00000   100%   201  620s
 52362  4142 infeasible  161         1.00000    0.00000   100%   201  625s
 53042  4164    0.00000  150  146    1.00000    0.00000   100%   201  630s
 53693  4153    0.00000  154  155    1.00000    0.00000   100%   201  635s
 53929  4196    0.00000  156  216    1.00000    0.00000   100%   201  640s
 54554  4240 infeasible  156         1.00000    0.00000   100%   201  645s
 55172  4267    0.00000  153  215    1.00000    0.00000   100%   201  650s
 55644  4269    0.00000  147  136    1.00000    0.00000   100%   201  655s
 56167  4269    0.00000  143  143    1.00000    0.00000   100%   201  662s
 56220  4269    0.00000  144  152    1.00000    0.00000   100%   201  671s
 56655  4275    0.00000  145  124    1.00000    0.00000   100%   201  675s
 57286  4313    0.00000  141  221    1.00000    0.00000   100%   201  680s
 57982  4327    0.00000  148  141    1.00000    0.00000   100%   201  685s
 58647  4314    0.00000  148  193    1.00000    0.00000   100%   200  690s
 59265  4329    0.00000  140  187    1.00000    0.00000   100%   200  695s
 59722  4338 infeasible  148         1.00000    0.00000   100%   200  700s
 60468  4353    0.00000  157  136    1.00000    0.00000   100%   200  705s
 61034  4393    0.00000  147  219    1.00000    0.00000   100%   200  710s
 61553  4509    0.00000  153  195    1.00000    0.00000   100%   200  715s
 62050  4584    0.00000  144  194    1.00000    0.00000   100%   200  720s
 62389  4592    0.00000  144  185    1.00000    0.00000   100%   200  725s
 62921  4611    0.00000  148  158    1.00000    0.00000   100%   200  734s
 62966  4605    0.00000  144  223    1.00000    0.00000   100%   200  735s
 63572  4669    0.00000  147  154    1.00000    0.00000   100%   200  740s
 64180  4660    0.00000  145   82    1.00000    0.00000   100%   200  745s
 64698  4656    0.00000  128  278    1.00000    0.00000   100%   200  753s
 64862  4692    0.00000  142  230    1.00000    0.00000   100%   200  755s
 65512  4745    0.00000  143  217    1.00000    0.00000   100%   200  760s
 66152  4759    0.00000  144  150    1.00000    0.00000   100%   200  765s
 66810  4781    0.00000  145  164    1.00000    0.00000   100%   200  770s
 67525  4775    0.00000  149   44    1.00000    0.00000   100%   200  775s
 68199  4764    0.00000  127  224    1.00000    0.00000   100%   199  780s
 68702  4987    0.00000  143  189    1.00000    0.00000   100%   200  785s
 68944  5108    0.00000  158  210    1.00000    0.00000   100%   200  791s
 68945  5109    0.00000  156  212    1.00000    0.00000   100%   200  801s
 69314  5177    0.00000  141  213    1.00000    0.00000   100%   200  805s
 69950  5308 infeasible  156         1.00000    0.00000   100%   200  810s
 70595  5356    0.00000  136  258    1.00000    0.00000   100%   200  815s
 71092  5554    0.00000  150  208    1.00000    0.00000   100%   200  820s
 71657  5656    0.00000  155  201    1.00000    0.00000   100%   200  825s
 71768  5660    0.00000  161  203    1.00000    0.00000   100%   200  831s
 72018  5670    0.00000  162  177    1.00000    0.00000   100%   200  835s
 72733  5704    0.00000  154  173    1.00000    0.00000   100%   200  840s
 73383  5799    0.00000  146  212    1.00000    0.00000   100%   200  845s
 73712  5841    0.00000  150  188    1.00000    0.00000   100%   200  858s
 73854  5870    0.00000  145  186    1.00000    0.00000   100%   200  860s
 74475  5940    0.00000  155  104    1.00000    0.00000   100%   200  865s
 75143  5998    0.00000  152  132    1.00000    0.00000   100%   200  870s
 75827  6042    0.00000  159  148    1.00000    0.00000   100%   200  875s
 76599  6081 infeasible  172         1.00000    0.00000   100%   199  880s
 77418  6086    0.00000  155  178    1.00000    0.00000   100%   199  885s
 78121  6169    0.00000  155  200    1.00000    0.00000   100%   199  890s
 78713  6314 infeasible  156         1.00000    0.00000   100%   199  895s
 79422  6322    0.00000  154  219    1.00000    0.00000   100%   199  900s
 80017  6405    0.00000  153  217    1.00000    0.00000   100%   199  905s
 80635  6436    0.00000  156  240    1.00000    0.00000   100%   199  910s
 81231  6517    0.00000  137  239    1.00000    0.00000   100%   199  915s
 81598  6721    0.00000  146  215    1.00000    0.00000   100%   199  924s
 81630  6729    0.00000  147  200    1.00000    0.00000   100%   199  925s
 82192  6824    0.00000  138  225    1.00000    0.00000   100%   199  930s
 82784  6853 infeasible  156         1.00000    0.00000   100%   200  935s
 82900  6868    0.00000  146  107    1.00000    0.00000   100%   200  946s
 83396  6863 infeasible  156         1.00000    0.00000   100%   200  950s
 83606  6932    0.00000  135  236    1.00000    0.00000   100%   200  955s
 84098  7118 infeasible  153         1.00000    0.00000   100%   200  960s
 84576  7290    0.00000  155  216    1.00000    0.00000   100%   200  965s
 85165  7397    0.00000  147  183    1.00000    0.00000   100%   200  970s
 85717  7499    0.00000  146  242    1.00000    0.00000   100%   200  977s
 85998  7596 infeasible  153         1.00000    0.00000   100%   201  980s
 86557  7703    0.00000  145  196    1.00000    0.00000   100%   201  985s
 87233  7718    0.00000  142  261    1.00000    0.00000   100%   201  990s
 87869  7711    0.00000  146  153    1.00000    0.00000   100%   201  995s
 88277  7751 infeasible  155         1.00000    0.00000   100%   201 1000s
 88876  7832    0.00000  151  205    1.00000    0.00000   100%   201 1005s
 89545  7875 infeasible  150         1.00000    0.00000   100%   201 1010s
 89940  7879    0.00000  140  163    1.00000    0.00000   100%   201 1015s
 90491  7983    0.00000  141  243    1.00000    0.00000   100%   201 1020s
 90902  8045    0.00000  145  160    1.00000    0.00000   100%   201 1025s
 91540  8202 infeasible  153         1.00000    0.00000   100%   201 1030s
 92176  8247 infeasible  156         1.00000    0.00000   100%   201 1035s
 92596  8322    0.00000  143  209    1.00000    0.00000   100%   201 1040s
 93205  8344    0.00000  149  219    1.00000    0.00000   100%   201 1045s
 93662  8332    0.00000  161  194    1.00000    0.00000   100%   201 1054s
 93663  8333    0.00000  162  209    1.00000    0.00000   100%   201 1067s
 93996  8338 infeasible  157         1.00000    0.00000   100%   201 1070s
 94513  8412    0.00000  141  243    1.00000    0.00000   100%   201 1075s
 95132  8467    0.00000  148  183    1.00000    0.00000   100%   201 1080s
 95794  8524    0.00000  148  132    1.00000    0.00000   100%   201 1085s
 96373  8546    0.00000  147  200    1.00000    0.00000   100%   201 1090s
 96988  8589    0.00000  154  230    1.00000    0.00000   100%   201 1095s
 97633  8609    0.00000  159  152    1.00000    0.00000   100%   201 1100s
 98255  8650 infeasible  155         1.00000    0.00000   100%   201 1105s
 98913  8641 infeasible  147         1.00000    0.00000   100%   201 1110s
 99610  8660 infeasible  153         1.00000    0.00000   100%   201 1115s
 100143  8776    0.00000  140  184    1.00000    0.00000   100%   201 1120s
 100702  8845    0.00000  152  227    1.00000    0.00000   100%   201 1125s
 101368  8881 infeasible  162         1.00000    0.00000   100%   201 1130s
 102015  8907    0.00000  148  180    1.00000    0.00000   100%   201 1135s
 102613  8941    0.00000  156  152    1.00000    0.00000   100%   201 1140s
H103182     0                       0.0000000    0.00000  0.00%   201 1146s

Cutting planes:
  Cover: 13
  Clique: 36
  MIR: 4
  Flow cover: 7
  GUB cover: 10
  Zero half: 3
  RLT: 4
  Relax-and-lift: 1
  BQP: 2

Explored 103183 nodes (20800697 simplex iterations) in 1146.21 seconds (1697.61 work units)
Thread count was 1 (of 8 available processors)

Solution count 4: 0 1 2 3 

Optimal solution found (tolerance 0.00e+00)
Best objective 0.000000000000e+00, best bound 0.000000000000e+00, gap 0.0000%
    SAT | IdleRange(P*)=0 | time=1146.408107s | config=R-DC-IRP-GRB-MIP
    Excel: /home/dclng566/projects/Business-Meeting-Scheduling-Problem/output/gurobi/table08_excel/tic-14crafa.prec15.xlsx
Instance tic-14crafd.prec25: 1 run(s)
[11/40] tic-14crafd.prec25 | reduced | gurobi_mip | P=native_linear | G=distance_closure | n/a
Set parameter WLSAccessID
Set parameter WLSSecret
Set parameter LicenseID to value 2663665
Academic license 2663665 - for non-commercial use only - registered to tu___@vnu.edu.vn
Set parameter OutputFlag to value 1
Set parameter Threads to value 1
Set parameter Seed to value 0
Set parameter MIPGap to value 0
Set parameter MIPGapAbs to value 0
Set parameter TimeLimit to value 7199.571433757
Gurobi Optimizer version 13.0.2 build v13.0.2rc1 (linux64 - "Ubuntu 22.04.5 LTS")

CPU model: INTEL(R) XEON(R) PLATINUM 8581C CPU @ 2.30GHz, instruction set [SSE2|AVX|AVX2|AVX512]
Thread count: 4 physical cores, 8 logical processors, using up to 1 threads

Non-default parameters:
TimeLimit  7199.571433757
MIPGap  0
MIPGapAbs  0
Threads  1

Academic license 2663665 - for non-commercial use only - registered to tu___@vnu.edu.vn
Optimize a model with 5047 rows, 3932 columns and 24384 nonzeros (Min)
Model fingerprint: 0xa711a0bb
Model has 1 linear objective coefficients
Variable types: 0 continuous, 3932 integer (3870 binary)
Coefficient statistics:
  Matrix range     [1e+00, 9e+00]
  Objective range  [1e+00, 1e+00]
  Bounds range     [1e+00, 8e+00]
  RHS range        [1e+00, 2e+01]

Presolve removed 2528 rows and 1024 columns
Presolve time: 0.02s
Presolved: 2519 rows, 2908 columns, 14536 nonzeros
Variable types: 0 continuous, 2908 integer (2881 binary)

Root relaxation: objective 0.000000e+00, 4869 iterations, 0.37 seconds (0.60 work units)

    Nodes    |    Current Node    |     Objective Bounds      |     Work
 Expl Unexpl |  Obj  Depth IntInf | Incumbent    BestBd   Gap | It/Node Time

     0     0    0.00000    0 1199          -    0.00000      -     -    0s
     0     0    0.00000    0  885          -    0.00000      -     -    1s
     0     0    0.00000    0  885          -    0.00000      -     -    1s
     0     0    0.00000    0  824          -    0.00000      -     -    2s
     0     0    0.00000    0  847          -    0.00000      -     -    2s
     0     0    0.00000    0  859          -    0.00000      -     -    2s
     0     0    0.00000    0  847          -    0.00000      -     -    2s
     0     0    0.00000    0  621          -    0.00000      -     -    3s
     0     0    0.00000    0  700          -    0.00000      -     -    3s
     0     0    0.00000    0  791          -    0.00000      -     -    3s
     0     0    0.00000    0  530          -    0.00000      -     -    4s
     0     0    0.00000    0  549          -    0.00000      -     -    4s
     0     0    0.00000    0  716          -    0.00000      -     -    4s
     0     0    0.00000    0  577          -    0.00000      -     -    5s
     0     0    0.00000    0  721          -    0.00000      -     -    5s
     0     0    0.00000    0  760          -    0.00000      -     -    6s
     0     0    0.00000    0  619          -    0.00000      -     -    6s
     0     0    0.00000    0  712          -    0.00000      -     -    6s
     0     0    0.00000    0  777          -    0.00000      -     -    6s
     0     0    0.00000    0  600          -    0.00000      -     -    7s
     0     0    0.00000    0  600          -    0.00000      -     -    7s
     0     0    0.00000    0  600          -    0.00000      -     -    7s
     0     2    0.00000    0  506          -    0.00000      -     -    9s
     2     5    0.00000    1  731          -    0.00000      -  1390   10s
    31    33    0.00000   18  691          -    0.00000      -   958   17s
    68    68    0.00000   43  529          -    0.00000      -   671   25s
   328   293    1.00000  148  358          -    0.00000      -   348   30s
   569   480    0.00000   25  911          -    0.00000      -   288   35s
   576   484    0.00000   42  419          -    0.00000      -   285   40s
H  581   463                       3.0000000    0.00000   100%   283   43s
H  584   441                       2.0000000    0.00000   100%   427   44s
H  587   421                       0.0000000    0.00000  0.00%   432   46s

Cutting planes:
  Cover: 24
  Clique: 50
  MIR: 2
  Flow cover: 15
  GUB cover: 34
  Zero half: 12
  RLT: 37
  Relax-and-lift: 1

Explored 588 nodes (337746 simplex iterations) in 46.79 seconds (71.87 work units)
Thread count was 1 (of 8 available processors)

Solution count 3: 0 2 3 

Optimal solution found (tolerance 0.00e+00)
Best objective 0.000000000000e+00, best bound 0.000000000000e+00, gap 0.0000%
    SAT | IdleRange(P*)=0 | time=46.969889s | config=R-DC-IRP-GRB-MIP
    Excel: /home/dclng566/projects/Business-Meeting-Scheduling-Problem/output/gurobi/table08_excel/tic-14crafd.prec25.xlsx
Instance tic-12crafc.prec15: 1 run(s)
[12/40] tic-12crafc.prec15 | reduced | gurobi_mip | P=native_linear | G=distance_closure | n/a
Set parameter WLSAccessID
Set parameter WLSSecret
Set parameter LicenseID to value 2663665
Academic license 2663665 - for non-commercial use only - registered to tu___@vnu.edu.vn
Set parameter OutputFlag to value 1
Set parameter Threads to value 1
Set parameter Seed to value 0
Set parameter MIPGap to value 0
Set parameter MIPGapAbs to value 0
Set parameter TimeLimit to value 7199.678474795
Gurobi Optimizer version 13.0.2 build v13.0.2rc1 (linux64 - "Ubuntu 22.04.5 LTS")

CPU model: INTEL(R) XEON(R) PLATINUM 8581C CPU @ 2.30GHz, instruction set [SSE2|AVX|AVX2|AVX512]
Thread count: 4 physical cores, 8 logical processors, using up to 1 threads

Non-default parameters:
TimeLimit  7199.678474795
MIPGap  0
MIPGapAbs  0
Threads  1

Academic license 2663665 - for non-commercial use only - registered to tu___@vnu.edu.vn
Optimize a model with 2616 rows, 1925 columns and 11104 nonzeros (Min)
Model fingerprint: 0x7daf50bb
Model has 1 linear objective coefficients
Variable types: 0 continuous, 1925 integer (1883 binary)
Coefficient statistics:
  Matrix range     [1e+00, 7e+00]
  Objective range  [1e+00, 1e+00]
  Bounds range     [1e+00, 6e+00]
  RHS range        [1e+00, 2e+01]

Presolve removed 1828 rows and 775 columns
Presolve time: 0.02s
Presolved: 788 rows, 1150 columns, 4990 nonzeros
Variable types: 0 continuous, 1150 integer (1134 binary)

Root relaxation: objective 0.000000e+00, 1882 iterations, 0.06 seconds (0.09 work units)

    Nodes    |    Current Node    |     Objective Bounds      |     Work
 Expl Unexpl |  Obj  Depth IntInf | Incumbent    BestBd   Gap | It/Node Time

     0     0    0.00000    0  402          -    0.00000      -     -    0s
     0     0    0.00000    0  387          -    0.00000      -     -    0s
     0     0    0.00000    0  382          -    0.00000      -     -    0s
     0     0    0.00000    0  353          -    0.00000      -     -    0s
     0     0    0.00000    0  309          -    0.00000      -     -    0s
     0     0    0.00000    0  304          -    0.00000      -     -    0s
     0     0    0.00000    0  397          -    0.00000      -     -    0s
     0     0    0.00000    0   46          -    0.00000      -     -    0s
     0     0    0.00000    0  236          -    0.00000      -     -    0s
     0     0    0.00000    0  219          -    0.00000      -     -    0s
     0     0    0.00000    0  110          -    0.00000      -     -    0s
     0     0    0.00000    0  219          -    0.00000      -     -    0s
     0     0    0.00000    0  219          -    0.00000      -     -    0s
     0     0    0.00000    0  224          -    0.00000      -     -    0s
     0     0    0.00000    0  337          -    0.00000      -     -    0s
     0     0    0.00000    0  337          -    0.00000      -     -    1s
     0     0    0.00000    0  337          -    0.00000      -     -    1s
     0     0    0.00000    0  337          -    0.00000      -     -    1s
     0     2    0.00000    0  334          -    0.00000      -     -    1s
H    6     2                       0.0000000    0.00000  0.00%   292    1s

Cutting planes:
  Cover: 4
  Implied bound: 1
  Clique: 17
  MIR: 2
  StrongCG: 2
  Flow cover: 4
  GUB cover: 5
  Zero half: 5
  RLT: 14
  Relax-and-lift: 1
  BQP: 1

Explored 7 nodes (24700 simplex iterations) in 1.96 seconds (2.79 work units)
Thread count was 1 (of 8 available processors)

Solution count 1: 0 

Optimal solution found (tolerance 0.00e+00)
Best objective 0.000000000000e+00, best bound 0.000000000000e+00, gap 0.0000%
    SAT | IdleRange(P*)=0 | time=2.031623s | config=R-DC-IRP-GRB-MIP
    Excel: /home/dclng566/projects/Business-Meeting-Scheduling-Problem/output/gurobi/table08_excel/tic-12crafc.prec15.xlsx
Instance tic-14crafc.prec25: 1 run(s)
[13/40] tic-14crafc.prec25 | reduced | gurobi_mip | P=native_linear | G=distance_closure | n/a
Set parameter WLSAccessID
Set parameter WLSSecret
Set parameter LicenseID to value 2663665
Academic license 2663665 - for non-commercial use only - registered to tu___@vnu.edu.vn
Set parameter OutputFlag to value 1
Set parameter Threads to value 1
Set parameter Seed to value 0
Set parameter MIPGap to value 0
Set parameter MIPGapAbs to value 0
Set parameter TimeLimit to value 7199.577234876
Gurobi Optimizer version 13.0.2 build v13.0.2rc1 (linux64 - "Ubuntu 22.04.5 LTS")

CPU model: INTEL(R) XEON(R) PLATINUM 8581C CPU @ 2.30GHz, instruction set [SSE2|AVX|AVX2|AVX512]
Thread count: 4 physical cores, 8 logical processors, using up to 1 threads

Non-default parameters:
TimeLimit  7199.577234876
MIPGap  0
MIPGapAbs  0
Threads  1

Academic license 2663665 - for non-commercial use only - registered to tu___@vnu.edu.vn
Optimize a model with 5054 rows, 3948 columns and 24517 nonzeros (Min)
Model fingerprint: 0x9c9b3f5f
Model has 1 linear objective coefficients
Variable types: 0 continuous, 3948 integer (3886 binary)
Coefficient statistics:
  Matrix range     [1e+00, 9e+00]
  Objective range  [1e+00, 1e+00]
  Bounds range     [1e+00, 7e+00]
  RHS range        [1e+00, 2e+01]

Presolve removed 2340 rows and 903 columns
Presolve time: 0.02s
Presolved: 2714 rows, 3045 columns, 15244 nonzeros
Variable types: 0 continuous, 3045 integer (3017 binary)

Root relaxation: objective 0.000000e+00, 5338 iterations, 0.42 seconds (0.67 work units)

    Nodes    |    Current Node    |     Objective Bounds      |     Work
 Expl Unexpl |  Obj  Depth IntInf | Incumbent    BestBd   Gap | It/Node Time

     0     0    0.00000    0 1350          -    0.00000      -     -    0s
     0     0    0.00000    0 1053          -    0.00000      -     -    1s
     0     0    0.00000    0 1053          -    0.00000      -     -    1s
     0     0    0.00000    0  927          -    0.00000      -     -    2s
     0     0    0.00000    0 1024          -    0.00000      -     -    3s
     0     0    0.00000    0  946          -    0.00000      -     -    3s
     0     0    0.00000    0  952          -    0.00000      -     -    3s
     0     0    0.00000    0  749          -    0.00000      -     -    4s
     0     0    0.00000    0  718          -    0.00000      -     -    4s
     0     0    0.00000    0  875          -    0.00000      -     -    4s
     0     0    0.00000    0  746          -    0.00000      -     -    5s
     0     0    0.00000    0  754          -    0.00000      -     -    5s
     0     0    0.00000    0  820          -    0.00000      -     -    5s
     0     0    0.00000    0  570          -    0.00000      -     -    6s
     0     0    0.00000    0  557          -    0.00000      -     -    6s
     0     0    0.00000    0  798          -    0.00000      -     -    6s
     0     0    0.00000    0  709          -    0.00000      -     -    7s
     0     0    0.00000    0  738          -    0.00000      -     -    7s
     0     0    0.00000    0  749          -    0.00000      -     -    7s
     0     0    0.00000    0  606          -    0.00000      -     -    8s
     0     0    0.00000    0  606          -    0.00000      -     -    8s
     0     0    0.00000    0  606          -    0.00000      -     -    8s
     0     2    0.00000    0  606          -    0.00000      -     -    9s
     1     4    0.00000    1  772          -    0.00000      -   979   10s
     8    10    0.00000    4  742          -    0.00000      -  1003   18s
    29    31    0.00000   21  736          -    0.00000      -   692   20s
    35    35    0.00000   25  659          -    0.00000      -   635   25s
   156   150    0.00030  104  779          -    0.00000      -   525   30s
   389   347    1.00000  137  431          -    0.00000      -   394   35s
   564   481    0.00000   30  951          -    0.00000      -   367   40s
   571   486    0.00000   63  706          -    0.00000      -   362   45s
   579   491    0.00000  102  526          -    0.00000      -   357   50s
H  594   476                       1.0000000    0.00000   100%   514   55s
   619   489    0.00000   32  607    1.00000    0.00000   100%   534   61s
   621   490    0.00000   33  587    1.00000    0.00000   100%   537   72s
   646   505    0.00000   45  564    1.00000    0.00000   100%   553   75s
H  652   424                       0.0000000    0.00000  0.00%   556   82s

Cutting planes:
  Cover: 21
  Clique: 51
  MIR: 5
  StrongCG: 5
  Flow cover: 23
  GUB cover: 41
  Zero half: 5
  RLT: 20
  Relax-and-lift: 2
  PSD: 1

Explored 653 nodes (447940 simplex iterations) in 82.75 seconds (130.46 work units)
Thread count was 1 (of 8 available processors)

Solution count 2: 0 1 

Optimal solution found (tolerance 0.00e+00)
Best objective 0.000000000000e+00, best bound 0.000000000000e+00, gap 0.0000%
    SAT | IdleRange(P*)=0 | time=82.929506s | config=R-DC-IRP-GRB-MIP
    Excel: /home/dclng566/projects/Business-Meeting-Scheduling-Problem/output/gurobi/table08_excel/tic-14crafc.prec25.xlsx
Instance ticf-13crafa.prec15: 1 run(s)
[14/40] ticf-13crafa.prec15 | reduced | gurobi_mip | P=native_linear | G=distance_closure | n/a
Set parameter WLSAccessID
Set parameter WLSSecret
Set parameter LicenseID to value 2663665
Academic license 2663665 - for non-commercial use only - registered to tu___@vnu.edu.vn
Set parameter OutputFlag to value 1
Set parameter Threads to value 1
Set parameter Seed to value 0
Set parameter MIPGap to value 0
Set parameter MIPGapAbs to value 0
Set parameter TimeLimit to value 7199.533221987
Gurobi Optimizer version 13.0.2 build v13.0.2rc1 (linux64 - "Ubuntu 22.04.5 LTS")

CPU model: INTEL(R) XEON(R) PLATINUM 8581C CPU @ 2.30GHz, instruction set [SSE2|AVX|AVX2|AVX512]
Thread count: 4 physical cores, 8 logical processors, using up to 1 threads

Non-default parameters:
TimeLimit  7199.533221987
MIPGap  0
MIPGapAbs  0
Threads  1

Academic license 2663665 - for non-commercial use only - registered to tu___@vnu.edu.vn
Optimize a model with 9111 rows, 6043 columns and 33806 nonzeros (Min)
Model fingerprint: 0xc441e81f
Model has 1 linear objective coefficients
Variable types: 0 continuous, 6043 integer (5982 binary)
Coefficient statistics:
  Matrix range     [1e+00, 2e+01]
  Objective range  [1e+00, 1e+00]
  Bounds range     [1e+00, 2e+01]
  RHS range        [1e+00, 4e+01]

Presolve removed 1616 rows and 551 columns
Presolve time: 0.04s
Presolved: 7495 rows, 5492 columns, 27228 nonzeros
Variable types: 0 continuous, 5492 integer (5432 binary)

Root relaxation: objective 0.000000e+00, 12023 iterations, 1.36 seconds (2.18 work units)

    Nodes    |    Current Node    |     Objective Bounds      |     Work
 Expl Unexpl |  Obj  Depth IntInf | Incumbent    BestBd   Gap | It/Node Time

     0     0    0.00000    0 2388          -    0.00000      -     -    2s
     0     0    0.00000    0 1714          -    0.00000      -     -    2s
H    0     0                      14.0000000    0.00000   100%     -    2s
H    0     0                      13.0000000    0.00000   100%     -    2s
     0     0    0.00000    0 1714   13.00000    0.00000   100%     -    2s
     0     0    0.00000    0 1344   13.00000    0.00000   100%     -    4s
H    0     0                      12.0000000    0.00000   100%     -    4s
     0     0    0.00000    0 1464   12.00000    0.00000   100%     -    4s
H    0     0                      11.0000000    0.00000   100%     -    4s
H    0     0                      10.0000000    0.00000   100%     -    4s
     0     0    0.00000    0 1425   10.00000    0.00000   100%     -    5s
     0     0    0.00000    0 1338   10.00000    0.00000   100%     -    5s
     0     0    0.00000    0  681   10.00000    0.00000   100%     -    6s
H    0     0                       8.0000000    0.00000   100%     -    6s
H    0     0                       7.0000000    0.00000   100%     -    6s
H    0     0                       6.0000000    0.00000   100%     -    6s
     0     0    0.00000    0  601    6.00000    0.00000   100%     -    6s
     0     0    0.00000    0  600    6.00000    0.00000   100%     -    6s
     0     0    0.00000    0  791    6.00000    0.00000   100%     -    6s
     0     0    0.00000    0  486    6.00000    0.00000   100%     -    7s
H    0     0                       5.0000000    0.00000   100%     -    7s
     0     0    0.00000    0  427    5.00000    0.00000   100%     -    7s
     0     0    0.00000    0  426    5.00000    0.00000   100%     -    7s
     0     0    0.00000    0  550    5.00000    0.00000   100%     -    7s
     0     0    0.00000    0  512    5.00000    0.00000   100%     -    7s
H    0     0                       4.0000000    0.00000   100%     -    7s
     0     0    0.00000    0  498    4.00000    0.00000   100%     -    7s
     0     0    0.00000    0  489    4.00000    0.00000   100%     -    7s
     0     0    0.00000    0  511    4.00000    0.00000   100%     -    7s
     0     0    0.00000    0  314    4.00000    0.00000   100%     -    7s
H    0     0                       3.0000000    0.00000   100%     -    7s
     0     0    0.00000    0  376    3.00000    0.00000   100%     -    7s
     0     0    0.00000    0  370    3.00000    0.00000   100%     -    7s
     0     0    0.00000    0  451    3.00000    0.00000   100%     -    7s
     0     0    0.00000    0  193    3.00000    0.00000   100%     -    8s
H    0     0                       2.0000000    0.00000   100%     -    8s
     0     0    0.00000    0  200    2.00000    0.00000   100%     -    8s
     0     0    0.00000    0  318    2.00000    0.00000   100%     -    8s
     0     0    0.00000    0  245    2.00000    0.00000   100%     -    8s
     0     0    0.00000    0  245    2.00000    0.00000   100%     -    8s
     0     0    0.00000    0  187    2.00000    0.00000   100%     -    9s
     0     2    0.00000    0  187    2.00000    0.00000   100%     -    9s
H    1     1                       1.0000000    0.00000   100%   0.0    9s
H    3     3                       0.0000000    0.00000  0.00%   489    9s

Cutting planes:
  Gomory: 2
  Cover: 4
  Implied bound: 51
  Clique: 46
  MIR: 13
  StrongCG: 1
  Flow cover: 43
  GUB cover: 9
  Zero half: 42
  RLT: 85
  Relax-and-lift: 114
  BQP: 26

Explored 4 nodes (95391 simplex iterations) in 9.92 seconds (15.09 work units)
Thread count was 1 (of 8 available processors)

Solution count 10: 0 1 2 ... 10

Optimal solution found (tolerance 0.00e+00)
Best objective 0.000000000000e+00, best bound 0.000000000000e+00, gap 0.0000%
    SAT | IdleRange(P*)=0 | time=10.146278s | config=R-DC-IRP-GRB-MIP
    Excel: /home/dclng566/projects/Business-Meeting-Scheduling-Problem/output/gurobi/table08_excel/ticf-13crafa.prec15.xlsx
Instance forum-13crafc.prec25: 1 run(s)
[15/40] forum-13crafc.prec25 | reduced | gurobi_mip | P=native_linear | G=distance_closure | n/a
Set parameter WLSAccessID
Set parameter WLSSecret
Set parameter LicenseID to value 2663665
Academic license 2663665 - for non-commercial use only - registered to tu___@vnu.edu.vn
Set parameter OutputFlag to value 1
Set parameter Threads to value 1
Set parameter Seed to value 0
Set parameter MIPGap to value 0
Set parameter MIPGapAbs to value 0
Set parameter TimeLimit to value 7199.66823202
Gurobi Optimizer version 13.0.2 build v13.0.2rc1 (linux64 - "Ubuntu 22.04.5 LTS")

CPU model: INTEL(R) XEON(R) PLATINUM 8581C CPU @ 2.30GHz, instruction set [SSE2|AVX|AVX2|AVX512]
Thread count: 4 physical cores, 8 logical processors, using up to 1 threads

Non-default parameters:
TimeLimit  7199.66823202
MIPGap  0
MIPGapAbs  0
Threads  1

Academic license 2663665 - for non-commercial use only - registered to tu___@vnu.edu.vn
Optimize a model with 8870 rows, 5818 columns and 33209 nonzeros (Min)
Model fingerprint: 0xbe7908e3
Model has 1 linear objective coefficients
Variable types: 0 continuous, 5818 integer (5757 binary)
Coefficient statistics:
  Matrix range     [1e+00, 2e+01]
  Objective range  [1e+00, 1e+00]
  Bounds range     [1e+00, 2e+01]
  RHS range        [1e+00, 4e+01]

Presolve time: 0.00s

Explored 0 nodes (0 simplex iterations) in 0.00 seconds (0.00 work units)
Thread count was 1 (of 8 available processors)

Solution count 0

Model is infeasible
Best objective -, best bound -, gap -
    UNSAT | IdleRange(P*)=None | time=0.086721s | config=R-DC-IRP-GRB-MIP
    Excel: /home/dclng566/projects/Business-Meeting-Scheduling-Problem/output/gurobi/table08_excel/forum-13crafc.prec25.xlsx
Instance forum-14.prec25: 1 run(s)
[16/40] forum-14.prec25 | reduced | gurobi_mip | P=native_linear | G=distance_closure | n/a
Set parameter WLSAccessID
Set parameter WLSSecret
Set parameter LicenseID to value 2663665
Academic license 2663665 - for non-commercial use only - registered to tu___@vnu.edu.vn
Set parameter OutputFlag to value 1
Set parameter Threads to value 1
Set parameter Seed to value 0
Set parameter MIPGap to value 0
Set parameter MIPGapAbs to value 0
Set parameter TimeLimit to value 7199.620225892
Gurobi Optimizer version 13.0.2 build v13.0.2rc1 (linux64 - "Ubuntu 22.04.5 LTS")

CPU model: INTEL(R) XEON(R) PLATINUM 8581C CPU @ 2.30GHz, instruction set [SSE2|AVX|AVX2|AVX512]
Thread count: 4 physical cores, 8 logical processors, using up to 1 threads

Non-default parameters:
TimeLimit  7199.620225892
MIPGap  0
MIPGapAbs  0
Threads  1

Academic license 2663665 - for non-commercial use only - registered to tu___@vnu.edu.vn
Optimize a model with 12263 rows, 9514 columns and 58564 nonzeros (Min)
Model fingerprint: 0x1f705266
Model has 1 linear objective coefficients
Variable types: 0 continuous, 9514 integer (9439 binary)
Coefficient statistics:
  Matrix range     [1e+00, 2e+01]
  Objective range  [1e+00, 1e+00]
  Bounds range     [1e+00, 2e+01]
  RHS range        [1e+00, 4e+01]

Presolve time: 0.00s

Explored 0 nodes (0 simplex iterations) in 0.00 seconds (0.00 work units)
Thread count was 1 (of 8 available processors)

Solution count 0

Model is infeasible
Best objective -, best bound -, gap -
    UNSAT | IdleRange(P*)=None | time=0.137564s | config=R-DC-IRP-GRB-MIP
    Excel: /home/dclng566/projects/Business-Meeting-Scheduling-Problem/output/gurobi/table08_excel/forum-14.prec25.xlsx
Instance tic-13.prec15: 1 run(s)
[17/40] tic-13.prec15 | reduced | gurobi_mip | P=native_linear | G=distance_closure | n/a
Set parameter WLSAccessID
Set parameter WLSSecret
Set parameter LicenseID to value 2663665
Academic license 2663665 - for non-commercial use only - registered to tu___@vnu.edu.vn
Set parameter OutputFlag to value 1
Set parameter Threads to value 1
Set parameter Seed to value 0
Set parameter MIPGap to value 0
Set parameter MIPGapAbs to value 0
Set parameter TimeLimit to value 7199.610461226
Gurobi Optimizer version 13.0.2 build v13.0.2rc1 (linux64 - "Ubuntu 22.04.5 LTS")

CPU model: INTEL(R) XEON(R) PLATINUM 8581C CPU @ 2.30GHz, instruction set [SSE2|AVX|AVX2|AVX512]
Thread count: 4 physical cores, 8 logical processors, using up to 1 threads

Non-default parameters:
TimeLimit  7199.610461226
MIPGap  0
MIPGapAbs  0
Threads  1

Academic license 2663665 - for non-commercial use only - registered to tu___@vnu.edu.vn
Optimize a model with 3785 rows, 3125 columns and 18424 nonzeros (Min)
Model fingerprint: 0x52d0997a
Model has 1 linear objective coefficients
Variable types: 0 continuous, 3125 integer (3077 binary)
Coefficient statistics:
  Matrix range     [1e+00, 9e+00]
  Objective range  [1e+00, 1e+00]
  Bounds range     [1e+00, 6e+00]
  RHS range        [1e+00, 2e+01]

Presolve removed 2628 rows and 1027 columns
Presolve time: 0.03s
Presolved: 1157 rows, 2098 columns, 8827 nonzeros
Variable types: 0 continuous, 2098 integer (2073 binary)

Root relaxation: objective 0.000000e+00, 3017 iterations, 0.14 seconds (0.21 work units)

    Nodes    |    Current Node    |     Objective Bounds      |     Work
 Expl Unexpl |  Obj  Depth IntInf | Incumbent    BestBd   Gap | It/Node Time

     0     0    0.00000    0  422          -    0.00000      -     -    0s
H    0     0                       4.0000000    0.00000   100%     -    0s
     0     0    0.00000    0  537    4.00000    0.00000   100%     -    0s
     0     0    0.00000    0  501    4.00000    0.00000   100%     -    0s
     0     0    0.00000    0  600    4.00000    0.00000   100%     -    0s
     0     0    0.00000    0  331    4.00000    0.00000   100%     -    0s
H    0     0                       3.0000000    0.00000   100%     -    0s
     0     0    0.00000    0  319    3.00000    0.00000   100%     -    0s
     0     0    0.00000    0  425    3.00000    0.00000   100%     -    1s
     0     0    0.00000    0  303    3.00000    0.00000   100%     -    1s
     0     0    0.00000    0  317    3.00000    0.00000   100%     -    1s
     0     0    0.00000    0  351    3.00000    0.00000   100%     -    1s
     0     0    0.00000    0  351    3.00000    0.00000   100%     -    1s
     0     0    0.00000    0  410    3.00000    0.00000   100%     -    1s
     0     0    0.00000    0  316    3.00000    0.00000   100%     -    2s
     0     0    0.00000    0  316    3.00000    0.00000   100%     -    2s
     0     0    0.00000    0   68    3.00000    0.00000   100%     -    2s
H    0     0                       1.0000000    0.00000   100%     -    2s
     0     2    0.00000    0   62    1.00000    0.00000   100%     -    2s
    39    41    0.00000   25  433    1.00000    0.00000   100%   715    5s
*  156     3             100       0.0000000    0.00000  0.00%   475    8s

Cutting planes:
  Gomory: 1
  Cover: 8
  Clique: 20
  MIR: 6
  Flow cover: 2
  GUB cover: 13
  Zero half: 2
  RLT: 20
  BQP: 1

Explored 157 nodes (111647 simplex iterations) in 8.38 seconds (12.44 work units)
Thread count was 1 (of 8 available processors)

Solution count 4: 0 1 3 4 

Optimal solution found (tolerance 0.00e+00)
Best objective 0.000000000000e+00, best bound 0.000000000000e+00, gap 0.0000%
    SAT | IdleRange(P*)=0 | time=8.519668s | config=R-DC-IRP-GRB-MIP
    Excel: /home/dclng566/projects/Business-Meeting-Scheduling-Problem/output/gurobi/table08_excel/tic-13.prec15.xlsx
Instance tic-13crafc.prec25: 1 run(s)
[18/40] tic-13crafc.prec25 | reduced | gurobi_mip | P=native_linear | G=distance_closure | n/a
Set parameter WLSAccessID
Set parameter WLSSecret
Set parameter LicenseID to value 2663665
Academic license 2663665 - for non-commercial use only - registered to tu___@vnu.edu.vn
Set parameter OutputFlag to value 1
Set parameter Threads to value 1
Set parameter Seed to value 0
Set parameter MIPGap to value 0
Set parameter MIPGapAbs to value 0
Set parameter TimeLimit to value 7199.618839717
Gurobi Optimizer version 13.0.2 build v13.0.2rc1 (linux64 - "Ubuntu 22.04.5 LTS")

CPU model: INTEL(R) XEON(R) PLATINUM 8581C CPU @ 2.30GHz, instruction set [SSE2|AVX|AVX2|AVX512]
Thread count: 4 physical cores, 8 logical processors, using up to 1 threads

Non-default parameters:
TimeLimit  7199.618839717
MIPGap  0
MIPGapAbs  0
Threads  1

Academic license 2663665 - for non-commercial use only - registered to tu___@vnu.edu.vn
Optimize a model with 3856 rows, 2998 columns and 18660 nonzeros (Min)
Model fingerprint: 0xa721382d
Model has 1 linear objective coefficients
Variable types: 0 continuous, 2998 integer (2950 binary)
Coefficient statistics:
  Matrix range     [1e+00, 9e+00]
  Objective range  [1e+00, 1e+00]
  Bounds range     [1e+00, 6e+00]
  RHS range        [1e+00, 2e+01]

Presolve removed 1454 rows and 499 columns
Presolve time: 0.02s
Presolved: 2402 rows, 2499 columns, 12607 nonzeros
Variable types: 0 continuous, 2499 integer (2474 binary)

Root relaxation: objective 0.000000e+00, 4381 iterations, 0.29 seconds (0.45 work units)

    Nodes    |    Current Node    |     Objective Bounds      |     Work
 Expl Unexpl |  Obj  Depth IntInf | Incumbent    BestBd   Gap | It/Node Time

     0     0    0.00000    0 1179          -    0.00000      -     -    0s
     0     0    0.11040    0  914          -    0.11040      -     -    1s
     0     0    0.11040    0  914          -    0.11040      -     -    1s
     0     0    0.30157    0  825          -    0.30157      -     -    2s
     0     0    1.00000    0  773          -    1.00000      -     -    2s
     0     0    1.00000    0  754          -    1.00000      -     -    2s
     0     0    1.00000    0  723          -    1.00000      -     -    2s
     0     0    1.00000    0  717          -    1.00000      -     -    2s
     0     0    1.00000    0  691          -    1.00000      -     -    2s
     0     0    1.00000    0  467          -    1.00000      -     -    2s
     0     0    1.00000    0  443          -    1.00000      -     -    2s
     0     0    1.00000    0  535          -    1.00000      -     -    3s
     0     0    1.00000    0  402          -    1.00000      -     -    3s
     0     0    1.00000    0  489          -    1.00000      -     -    3s
     0     0    1.00000    0  469          -    1.00000      -     -    3s
     0     0    1.00000    0  108          -    1.00000      -     -    3s
     0     0    1.00000    0  108          -    1.00000      -     -    3s
     0     0    1.00000    0  345          -    1.00000      -     -    3s
*    0     0               0       1.0000000    1.00000  0.00%     -    3s

Cutting planes:
  Gomory: 1
  Cover: 25
  Clique: 37
  MIR: 22
  StrongCG: 5
  Flow cover: 1
  GUB cover: 20
  Zero half: 13
  RLT: 26
  Relax-and-lift: 19

Explored 1 nodes (50262 simplex iterations) in 3.97 seconds (6.29 work units)
Thread count was 1 (of 8 available processors)

Solution count 1: 1 

Optimal solution found (tolerance 0.00e+00)
Best objective 1.000000000000e+00, best bound 1.000000000000e+00, gap 0.0000%
    SAT | IdleRange(P*)=1 | time=4.108089s | config=R-DC-IRP-GRB-MIP
    Excel: /home/dclng566/projects/Business-Meeting-Scheduling-Problem/output/gurobi/table08_excel/tic-13crafc.prec25.xlsx
Instance forumt-14crafe.prec15: 1 run(s)
[19/40] forumt-14crafe.prec15 | reduced | gurobi_mip | P=native_linear | G=distance_closure | n/a
Set parameter WLSAccessID
Set parameter WLSSecret
Set parameter LicenseID to value 2663665
Academic license 2663665 - for non-commercial use only - registered to tu___@vnu.edu.vn
Set parameter OutputFlag to value 1
Set parameter Threads to value 1
Set parameter Seed to value 0
Set parameter MIPGap to value 0
Set parameter MIPGapAbs to value 0
Set parameter TimeLimit to value 7.1995622723060005e+03
Gurobi Optimizer version 13.0.2 build v13.0.2rc1 (linux64 - "Ubuntu 22.04.5 LTS")

CPU model: INTEL(R) XEON(R) PLATINUM 8581C CPU @ 2.30GHz, instruction set [SSE2|AVX|AVX2|AVX512]
Thread count: 4 physical cores, 8 logical processors, using up to 1 threads

Non-default parameters:
TimeLimit  7.1995622723060005e+03
MIPGap  0
MIPGapAbs  0
Threads  1

Academic license 2663665 - for non-commercial use only - registered to tu___@vnu.edu.vn
Optimize a model with 4867 rows, 4008 columns and 23391 nonzeros (Min)
Model fingerprint: 0x162effc3
Model has 1 linear objective coefficients
Variable types: 0 continuous, 4008 integer (3946 binary)
Coefficient statistics:
  Matrix range     [1e+00, 9e+00]
  Objective range  [1e+00, 1e+00]
  Bounds range     [1e+00, 8e+00]
  RHS range        [1e+00, 2e+01]

Presolve removed 3389 rows and 1405 columns
Presolve time: 0.04s
Presolved: 1478 rows, 2603 columns, 11104 nonzeros
Variable types: 0 continuous, 2603 integer (2577 binary)

Root relaxation: objective 2.000000e+00, 3677 iterations, 0.22 seconds (0.35 work units)

    Nodes    |    Current Node    |     Objective Bounds      |     Work
 Expl Unexpl |  Obj  Depth IntInf | Incumbent    BestBd   Gap | It/Node Time

     0     0    2.00000    0  460          -    2.00000      -     -    0s
     0     0    2.00000    0  568          -    2.00000      -     -    0s
H    0     0                       5.0000000    2.00000  60.0%     -    0s
     0     0    2.00000    0  569    5.00000    2.00000  60.0%     -    0s
     0     0    2.00000    0  583    5.00000    2.00000  60.0%     -    0s
     0     0    2.00000    0  252    5.00000    2.00000  60.0%     -    1s
     0     0    2.00000    0  249    5.00000    2.00000  60.0%     -    1s
     0     0    2.00000    0  493    5.00000    2.00000  60.0%     -    1s
     0     0    2.00000    0  145    5.00000    2.00000  60.0%     -    2s
     0     0    2.00000    0  375    5.00000    2.00000  60.0%     -    2s
     0     0    2.00000    0   40    5.00000    2.00000  60.0%     -    2s
H    0     0                       3.0000000    2.00000  33.3%     -    2s
     0     0    2.00000    0   16    3.00000    2.00000  33.3%     -    2s
H    0     0                       2.0000000    2.00000  0.00%     -    2s

Cutting planes:
  Cover: 20
  Implied bound: 2
  Clique: 28
  MIR: 12
  StrongCG: 3
  GUB cover: 5
  Zero half: 8
  RLT: 12
  Relax-and-lift: 3

Explored 1 nodes (35494 simplex iterations) in 2.54 seconds (3.69 work units)
Thread count was 1 (of 8 available processors)

Solution count 3: 2 3 5 

Optimal solution found (tolerance 0.00e+00)
Best objective 2.000000000000e+00, best bound 2.000000000000e+00, gap 0.0000%
    SAT | IdleRange(P*)=2 | time=2.731197s | config=R-DC-IRP-GRB-MIP
    Excel: /home/dclng566/projects/Business-Meeting-Scheduling-Problem/output/gurobi/table08_excel/forumt-14crafe.prec15.xlsx
Instance tic-13.prec25: 1 run(s)
[20/40] tic-13.prec25 | reduced | gurobi_mip | P=native_linear | G=distance_closure | n/a
Set parameter WLSAccessID
Set parameter WLSSecret
Set parameter LicenseID to value 2663665
Academic license 2663665 - for non-commercial use only - registered to tu___@vnu.edu.vn
Set parameter OutputFlag to value 1
Set parameter Threads to value 1
Set parameter Seed to value 0
Set parameter MIPGap to value 0
Set parameter MIPGapAbs to value 0
Set parameter TimeLimit to value 7199.618901038
Gurobi Optimizer version 13.0.2 build v13.0.2rc1 (linux64 - "Ubuntu 22.04.5 LTS")

CPU model: INTEL(R) XEON(R) PLATINUM 8581C CPU @ 2.30GHz, instruction set [SSE2|AVX|AVX2|AVX512]
Thread count: 4 physical cores, 8 logical processors, using up to 1 threads

Non-default parameters:
TimeLimit  7199.618901038
MIPGap  0
MIPGapAbs  0
Threads  1

Academic license 2663665 - for non-commercial use only - registered to tu___@vnu.edu.vn
Optimize a model with 3856 rows, 2998 columns and 18660 nonzeros (Min)
Model fingerprint: 0x7ccf6004
Model has 1 linear objective coefficients
Variable types: 0 continuous, 2998 integer (2950 binary)
Coefficient statistics:
  Matrix range     [1e+00, 9e+00]
  Objective range  [1e+00, 1e+00]
  Bounds range     [1e+00, 6e+00]
  RHS range        [1e+00, 2e+01]

Presolve removed 1454 rows and 499 columns
Presolve time: 0.02s
Presolved: 2402 rows, 2499 columns, 12607 nonzeros
Variable types: 0 continuous, 2499 integer (2474 binary)

Root relaxation: objective 0.000000e+00, 4318 iterations, 0.27 seconds (0.43 work units)

    Nodes    |    Current Node    |     Objective Bounds      |     Work
 Expl Unexpl |  Obj  Depth IntInf | Incumbent    BestBd   Gap | It/Node Time

     0     0    0.00000    0 1131          -    0.00000      -     -    0s
     0     0    0.00000    0  726          -    0.00000      -     -    0s
     0     0    0.00000    0  726          -    0.00000      -     -    0s
     0     0    0.00000    0  588          -    0.00000      -     -    1s
     0     0    0.00000    0  637          -    0.00000      -     -    1s
     0     0    0.00000    0  630          -    0.00000      -     -    1s
     0     0    0.00000    0  608          -    0.00000      -     -    1s
     0     0    0.00000    0  421          -    0.00000      -     -    2s
     0     0    0.00000    0  452          -    0.00000      -     -    2s
     0     0    0.00000    0  547          -    0.00000      -     -    2s
     0     0    0.00000    0  307          -    0.00000      -     -    2s
     0     0    0.00000    0  451          -    0.00000      -     -    2s
     0     0    0.00000    0  561          -    0.00000      -     -    2s
     0     0    0.00000    0  386          -    0.00000      -     -    2s
     0     0    0.00000    0  358          -    0.00000      -     -    2s
     0     0    0.00000    0  542          -    0.00000      -     -    2s
     0     0    0.00000    0  478          -    0.00000      -     -    3s
     0     0    0.00000    0  478          -    0.00000      -     -    3s
     0     0    0.00000    0  476          -    0.00000      -     -    3s
H    0     0                       6.0000000    0.00000   100%     -    3s
H    0     0                       5.0000000    0.00000   100%     -    3s
     0     2    0.00000    0  274    5.00000    0.00000   100%     -    4s
H    2     2                       4.0000000    0.00000   100%   366    4s
H    3     3                       3.0000000    0.00000   100%   519    4s
H    5     5                       2.0000000    0.00000   100%   653    4s
H    8     8                       1.0000000    0.00000   100%   619    4s
    10    12    0.00000    5  578    1.00000    0.00000   100%   929    8s
    34    36    0.00000   19  402    1.00000    0.00000   100%   796   10s
   200   140    0.00000   87  316    1.00000    0.00000   100%   476   15s
   272   165    0.00000   60  555    1.00000    0.00000   100%   398   20s
H  282   160                       0.0000000    0.00000  0.00%   595   23s

Cutting planes:
  Cover: 16
  Clique: 43
  MIR: 2
  StrongCG: 2
  Flow cover: 13
  GUB cover: 23
  Zero half: 1
  RLT: 6
  BQP: 1

Explored 283 nodes (217190 simplex iterations) in 23.98 seconds (36.35 work units)
Thread count was 1 (of 8 available processors)

Solution count 7: 0 1 2 ... 6

Optimal solution found (tolerance 0.00e+00)
Best objective 0.000000000000e+00, best bound 0.000000000000e+00, gap 0.0000%
    SAT | IdleRange(P*)=0 | time=24.11385s | config=R-DC-IRP-GRB-MIP
    Excel: /home/dclng566/projects/Business-Meeting-Scheduling-Problem/output/gurobi/table08_excel/tic-13.prec25.xlsx
Instance forum-14.prec15: 1 run(s)
[21/40] forum-14.prec15 | reduced | gurobi_mip | P=native_linear | G=distance_closure | n/a
Set parameter WLSAccessID
Set parameter WLSSecret
Set parameter LicenseID to value 2663665
Academic license 2663665 - for non-commercial use only - registered to tu___@vnu.edu.vn
Set parameter OutputFlag to value 1
Set parameter Threads to value 1
Set parameter Seed to value 0
Set parameter MIPGap to value 0
Set parameter MIPGapAbs to value 0
Set parameter TimeLimit to value 7.1986024995920006e+03
Gurobi Optimizer version 13.0.2 build v13.0.2rc1 (linux64 - "Ubuntu 22.04.5 LTS")

CPU model: INTEL(R) XEON(R) PLATINUM 8581C CPU @ 2.30GHz, instruction set [SSE2|AVX|AVX2|AVX512]
Thread count: 4 physical cores, 8 logical processors, using up to 1 threads

Non-default parameters:
TimeLimit  7.1986024995920006e+03
MIPGap  0
MIPGapAbs  0
Threads  1

Academic license 2663665 - for non-commercial use only - registered to tu___@vnu.edu.vn
Optimize a model with 12181 rows, 9805 columns and 57366 nonzeros (Min)
Model fingerprint: 0x21a82c22
Model has 1 linear objective coefficients
Variable types: 0 continuous, 9805 integer (9730 binary)
Coefficient statistics:
  Matrix range     [1e+00, 2e+01]
  Objective range  [1e+00, 1e+00]
  Bounds range     [1e+00, 2e+01]
  RHS range        [1e+00, 4e+01]

Presolve removed 6251 rows and 2194 columns
Presolve time: 0.16s
Presolved: 5930 rows, 7611 columns, 34450 nonzeros
Variable types: 0 continuous, 7611 integer (7542 binary)

Root relaxation: objective 4.000000e+00, 15795 iterations, 2.93 seconds (4.68 work units)

    Nodes    |    Current Node    |     Objective Bounds      |     Work
 Expl Unexpl |  Obj  Depth IntInf | Incumbent    BestBd   Gap | It/Node Time

     0     0    4.00000    0 1380          -    4.00000      -     -    4s
H    0     0                      14.0000000    4.00000  71.4%     -    4s
H    0     0                      13.0000000    4.00000  69.2%     -    4s
     0     0    4.00000    0 1543   13.00000    4.00000  69.2%     -    4s
H    0     0                      12.0000000    4.00000  66.7%     -    4s
     0     0    4.00000    0 1534   12.00000    4.00000  66.7%     -    4s
     0     0    4.00000    0 1459   12.00000    4.00000  66.7%     -    5s
     0     0    4.00000    0  897   12.00000    4.00000  66.7%     -    8s
H    0     0                      11.0000000    4.00000  63.6%     -    8s
H    0     0                      10.0000000    4.00000  60.0%     -    8s
     0     0    4.00000    0  909   10.00000    4.00000  60.0%     -    8s
     0     0    4.00000    0  907   10.00000    4.00000  60.0%     -    8s
     0     0    4.00000    0  972   10.00000    4.00000  60.0%     -    8s
     0     0    4.00000    0  848   10.00000    4.00000  60.0%     -   11s
H    0     0                       9.0000000    4.00000  55.6%     -   11s
H    0     0                       7.0000000    4.00000  42.9%     -   11s
     0     0    4.00000    0  803    7.00000    4.00000  42.9%     -   11s
     0     0    4.00000    0  814    7.00000    4.00000  42.9%     -   11s
     0     0    4.00000    0  514    7.00000    4.00000  42.9%     -   12s
H    0     0                       6.0000000    4.00000  33.3%     -   12s
H    0     0                       5.0000000    4.00000  20.0%     -   12s
     0     0    4.00000    0  518    5.00000    4.00000  20.0%     -   12s
     0     0    4.00000    0  494    5.00000    4.00000  20.0%     -   12s
     0     0    4.00000    0  484    5.00000    4.00000  20.0%     -   12s
H    0     0                       4.0000000    4.00000  0.00%     -   12s
     0     0    4.00000    0  484    4.00000    4.00000  0.00%     -   12s

Cutting planes:
  Gomory: 1
  Cover: 3
  Implied bound: 6
  Clique: 84
  MIR: 6
  StrongCG: 1
  Flow cover: 10
  GUB cover: 16
  Zero half: 30
  RLT: 40
  Relax-and-lift: 6
  BQP: 8

Explored 1 nodes (105174 simplex iterations) in 12.82 seconds (19.10 work units)
Thread count was 1 (of 8 available processors)

Solution count 10: 4 5 6 ... 14

Optimal solution found (tolerance 0.00e+00)
Best objective 4.000000000000e+00, best bound 4.000000000000e+00, gap 0.0000%
    SAT | IdleRange(P*)=4 | time=13.973881s | config=R-DC-IRP-GRB-MIP
    Excel: /home/dclng566/projects/Business-Meeting-Scheduling-Problem/output/gurobi/table08_excel/forum-14.prec15.xlsx
Instance ticf-14crafa.prec15: 1 run(s)
[22/40] ticf-14crafa.prec15 | reduced | gurobi_mip | P=native_linear | G=distance_closure | n/a
Set parameter WLSAccessID
Set parameter WLSSecret
Set parameter LicenseID to value 2663665
Academic license 2663665 - for non-commercial use only - registered to tu___@vnu.edu.vn
Set parameter OutputFlag to value 1
Set parameter Threads to value 1
Set parameter Seed to value 0
Set parameter MIPGap to value 0
Set parameter MIPGapAbs to value 0
Set parameter TimeLimit to value 7.1984056330090007e+03
Gurobi Optimizer version 13.0.2 build v13.0.2rc1 (linux64 - "Ubuntu 22.04.5 LTS")

CPU model: INTEL(R) XEON(R) PLATINUM 8581C CPU @ 2.30GHz, instruction set [SSE2|AVX|AVX2|AVX512]
Thread count: 4 physical cores, 8 logical processors, using up to 1 threads

Non-default parameters:
TimeLimit  7.1984056330090007e+03
MIPGap  0
MIPGapAbs  0
Threads  1

Academic license 2663665 - for non-commercial use only - registered to tu___@vnu.edu.vn
Optimize a model with 12742 rows, 10475 columns and 62023 nonzeros (Min)
Model fingerprint: 0xe1bf2c7f
Model has 1 linear objective coefficients
Variable types: 0 continuous, 10475 integer (10400 binary)
Coefficient statistics:
  Matrix range     [1e+00, 2e+01]
  Objective range  [1e+00, 1e+00]
  Bounds range     [1e+00, 2e+01]
  RHS range        [1e+00, 4e+01]

Presolve removed 2064 rows and 370 columns
Presolve time: 0.07s
Presolved: 10678 rows, 10105 columns, 49139 nonzeros
Variable types: 0 continuous, 10105 integer (10034 binary)

Root simplex log...

Iteration    Objective       Primal Inf.    Dual Inf.      Time
   21131    2.6731722e-03   3.144491e+02   0.000000e+00      5s
   21707    0.0000000e+00   0.000000e+00   0.000000e+00      5s

Root relaxation: objective 0.000000e+00, 21707 iterations, 5.21 seconds (8.43 work units)

    Nodes    |    Current Node    |     Objective Bounds      |     Work
 Expl Unexpl |  Obj  Depth IntInf | Incumbent    BestBd   Gap | It/Node Time

     0     0    0.00000    0 4566          -    0.00000      -     -    8s
H    0     0                      20.0000000    0.00000   100%     -    8s
H    0     0                      19.0000000    0.00000   100%     -    8s
     0     0    0.00000    0 4126   19.00000    0.00000   100%     -   19s
     0     0    0.00000    0 2970   19.00000    0.00000   100%     -   36s
H    0     0                      18.0000000    0.00000   100%     -   36s
     0     0    0.00000    0 2896   18.00000    0.00000   100%     -   36s
     0     0    0.00000    0 2758   18.00000    0.00000   100%     -   43s
     0     0    0.00000    0 2650   18.00000    0.00000   100%     -   47s
H    0     0                      13.0000000    0.00000   100%     -   47s
     0     0    0.00000    0 2570   13.00000    0.00000   100%     -   47s
     0     0    0.00000    0 2473   13.00000    0.00000   100%     -   50s
     0     0    0.00000    0 1615   13.00000    0.00000   100%     -   58s
H    0     0                      12.0000000    0.00000   100%     -   58s
     0     0    0.00000    0 1575   12.00000    0.00000   100%     -   59s
     0     0    0.00000    0 1710   12.00000    0.00000   100%     -   60s
     0     0    0.00000    0 1523   12.00000    0.00000   100%     -   66s
     0     0    0.00000    0 1536   12.00000    0.00000   100%     -   66s
     0     0    0.00000    0 1661   12.00000    0.00000   100%     -   67s
     0     0    0.00000    0 1266   12.00000    0.00000   100%     -   74s
H    0     0                      11.0000000    0.00000   100%     -   74s
H    0     0                      10.0000000    0.00000   100%     -   74s
     0     0    0.00000    0 1443   10.00000    0.00000   100%     -   74s
     0     0    0.00000    0 1913   10.00000    0.00000   100%     -   77s
     0     0    0.00000    0 1572   10.00000    0.00000   100%     -   84s
     0     0    0.00000    0 1572   10.00000    0.00000   100%     -   84s
     0     0    0.00000    0 1518   10.00000    0.00000   100%     -   89s
H    0     0                       9.0000000    0.00000   100%     -   92s
H    0     0                       6.0000000    0.00000   100%     -   92s
H    0     0                       5.0000000    0.00000   100%     -   93s
     0     2    0.00000    0 1518    5.00000    0.00000   100%     -   96s
H    1     1                       4.0000000    0.00000   100%   0.0   98s
H    5     3                       2.0000000    0.00000   100%  1971  101s
     8     8    0.00000    4 1490    2.00000    0.00000   100%  3465  105s
H   13    11                       1.0000000    0.00000   100%  2381  142s
    19    19    0.00000   11 1456    1.00000    0.00000   100%  2125  148s
    27    23    0.00000   15 1451    1.00000    0.00000   100%  1783  150s
    36    28    0.00000   21 1476    1.00000    0.00000   100%  2072  155s
    48    40    0.00000   29 1477    1.00000    0.00000   100%  2046  160s
    57    49    0.00000   36 1337    1.00000    0.00000   100%  1850  165s
    59    51    0.00000   38 1360    1.00000    0.00000   100%  1844  172s
    60    52    0.00000   38 1359    1.00000    0.00000   100%  1827  232s
    75    59    0.00000   48 1332    1.00000    0.00000   100%  1646  235s
   100    73 infeasible   62         1.00000    0.00000   100%  1592  240s
   132    87    0.00000   80 1329    1.00000    0.00000   100%  1514  246s
   155   109    0.00000   96 1198    1.00000    0.00000   100%  1515  250s
   173   123    0.00000  106 1232    1.00000    0.00000   100%  1571  255s
   194   138    0.00000  119 1206    1.00000    0.00000   100%  1546  260s
   217   147    0.00000   94 1159    1.00000    0.00000   100%  1545  265s
   241   157    0.00000  104 1207    1.00000    0.00000   100%  1549  270s
   258   168    0.00000   58 2094    1.00000    0.00000   100%  1510  281s
   261   170    0.00000   99 1553    1.00000    0.00000   100%  1493  290s
   263   172    0.00000  117 1629    1.00000    0.00000   100%  1481  298s
   265   173    0.00000   61 1427    1.00000    0.00000   100%  1470  305s
   267   174    0.00000   88 1401    1.00000    0.00000   100%  1459  312s
   269   176    0.00000   83 1382    1.00000    0.00000   100%  1448  318s
   271   177    0.00000    2 1375    1.00000    0.00000   100%  1438  323s
   273   178    0.00000   71 1513    1.00000    0.00000   100%  1427  328s
   275   180    0.00000   11 1396    1.00000    0.00000   100%  1417  333s
   277   181    0.00000   88 1483    1.00000    0.00000   100%  1406  339s
   278   182    0.00000  104 1304    1.00000    0.00000   100%  1401  343s
   279   182    0.00000   72 1304    1.00000    0.00000   100%  1396  345s
   281   186    0.00000   11 1523    1.00000    0.00000   100%  2559  351s
   284   188    0.00000   13 1162    1.00000    0.00000   100%  2599  356s
   291   192    0.00000   16 1004    1.00000    0.00000   100%  2621  421s
   298   197    0.00000   20 1032    1.00000    0.00000   100%  2658  425s
   305   200    0.00000   23 1016    1.00000    0.00000   100%  2686  430s
   307   201    0.00000   24 1165    1.00000    0.00000   100%  2687  436s
   309   202    0.00000   25 1096    1.00000    0.00000   100%  2699  444s
   310   203    0.00000   26 1112    1.00000    0.00000   100%  2698  446s
   311   204    0.00000   26 1024    1.00000    0.00000   100%  2715  458s
   314   206    0.00000   28  977    1.00000    0.00000   100%  2736  460s
   331   217    0.00000   36  945    1.00000    0.00000   100%  2702  465s
   336   220    0.00000   39  963    1.00000    0.00000   100%  2712  536s
   347   228    0.00000   44 1048    1.00000    0.00000   100%  2701  540s
   370   241    0.00000   56  864    1.00000    0.00000   100%  2630  545s
   407   266    0.00000   74  783    1.00000    0.00000   100%  2516  550s
   470   280    0.00000   81  604    1.00000    0.00000   100%  2314  555s
   516   308    0.00000  104  435    1.00000    0.00000   100%  2250  560s
   563   322    0.00000  111  480    1.00000    0.00000   100%  2213  565s
   594   310 infeasible  113         1.00000    0.00000   100%  2226  570s
   623   312    0.00000  115  316    1.00000    0.00000   100%  2217  575s
*  641    57             128       0.0000000    0.00000  0.00%  2198  578s

Cutting planes:
  Gomory: 8
  Cover: 9
  Implied bound: 17
  Clique: 101
  MIR: 2
  Flow cover: 12
  GUB cover: 29
  Zero half: 38
  RLT: 70
  Relax-and-lift: 6
  BQP: 8

Explored 642 nodes (1757497 simplex iterations) in 578.50 seconds (901.80 work units)
Thread count was 1 (of 8 available processors)

Solution count 10: 0 1 2 ... 12

Optimal solution found (tolerance 0.00e+00)
Best objective 0.000000000000e+00, best bound 0.000000000000e+00, gap 0.0000%
    SAT | IdleRange(P*)=0 | time=579.855274s | config=R-DC-IRP-GRB-MIP
    Excel: /home/dclng566/projects/Business-Meeting-Scheduling-Problem/output/gurobi/table08_excel/ticf-14crafa.prec15.xlsx
Instance ticf-14crafa.prec25: 1 run(s)
[23/40] ticf-14crafa.prec25 | reduced | gurobi_mip | P=native_linear | G=distance_closure | n/a
Set parameter WLSAccessID
Set parameter WLSSecret
Set parameter LicenseID to value 2663665
Academic license 2663665 - for non-commercial use only - registered to tu___@vnu.edu.vn
Set parameter OutputFlag to value 1
Set parameter Threads to value 1
Set parameter Seed to value 0
Set parameter MIPGap to value 0
Set parameter MIPGapAbs to value 0
Set parameter TimeLimit to value 7199.607850594
Gurobi Optimizer version 13.0.2 build v13.0.2rc1 (linux64 - "Ubuntu 22.04.5 LTS")

CPU model: INTEL(R) XEON(R) PLATINUM 8581C CPU @ 2.30GHz, instruction set [SSE2|AVX|AVX2|AVX512]
Thread count: 4 physical cores, 8 logical processors, using up to 1 threads

Non-default parameters:
TimeLimit  7199.607850594
MIPGap  0
MIPGapAbs  0
Threads  1

Academic license 2663665 - for non-commercial use only - registered to tu___@vnu.edu.vn
Optimize a model with 12831 rows, 10189 columns and 63715 nonzeros (Min)
Model fingerprint: 0x54966c76
Model has 1 linear objective coefficients
Variable types: 0 continuous, 10189 integer (10114 binary)
Coefficient statistics:
  Matrix range     [1e+00, 2e+01]
  Objective range  [1e+00, 1e+00]
  Bounds range     [1e+00, 2e+01]
  RHS range        [1e+00, 4e+01]

Presolve time: 0.00s

Explored 0 nodes (0 simplex iterations) in 0.00 seconds (0.00 work units)
Thread count was 1 (of 8 available processors)

Solution count 0

Model is infeasible
Best objective -, best bound -, gap -
    UNSAT | IdleRange(P*)=None | time=0.150653s | config=R-DC-IRP-GRB-MIP
    Excel: /home/dclng566/projects/Business-Meeting-Scheduling-Problem/output/gurobi/table08_excel/ticf-14crafa.prec25.xlsx
Instance tic-14crafc.prec15: 1 run(s)
[24/40] tic-14crafc.prec15 | reduced | gurobi_mip | P=native_linear | G=distance_closure | n/a
Set parameter WLSAccessID
Set parameter WLSSecret
Set parameter LicenseID to value 2663665
Academic license 2663665 - for non-commercial use only - registered to tu___@vnu.edu.vn
Set parameter OutputFlag to value 1
Set parameter Threads to value 1
Set parameter Seed to value 0
Set parameter MIPGap to value 0
Set parameter MIPGapAbs to value 0
Set parameter TimeLimit to value 7.1995595785539990e+03
Gurobi Optimizer version 13.0.2 build v13.0.2rc1 (linux64 - "Ubuntu 22.04.5 LTS")

CPU model: INTEL(R) XEON(R) PLATINUM 8581C CPU @ 2.30GHz, instruction set [SSE2|AVX|AVX2|AVX512]
Thread count: 4 physical cores, 8 logical processors, using up to 1 threads

Non-default parameters:
TimeLimit  7.1995595785539990e+03
MIPGap  0
MIPGapAbs  0
Threads  1

Academic license 2663665 - for non-commercial use only - registered to tu___@vnu.edu.vn
Optimize a model with 4963 rows, 4098 columns and 24152 nonzeros (Min)
Model fingerprint: 0x5d868c66
Model has 1 linear objective coefficients
Variable types: 0 continuous, 4098 integer (4036 binary)
Coefficient statistics:
  Matrix range     [1e+00, 9e+00]
  Objective range  [1e+00, 1e+00]
  Bounds range     [1e+00, 7e+00]
  RHS range        [1e+00, 2e+01]

Presolve removed 2340 rows and 903 columns
Presolve time: 0.02s
Presolved: 2623 rows, 3195 columns, 14710 nonzeros
Variable types: 0 continuous, 3195 integer (3167 binary)

Root relaxation: objective 0.000000e+00, 5159 iterations, 0.39 seconds (0.62 work units)

    Nodes    |    Current Node    |     Objective Bounds      |     Work
 Expl Unexpl |  Obj  Depth IntInf | Incumbent    BestBd   Gap | It/Node Time

     0     0    0.00000    0 1206          -    0.00000      -     -    0s
     0     0    0.00000    0  946          -    0.00000      -     -    1s
     0     0    0.00000    0  946          -    0.00000      -     -    1s
     0     0    0.00000    0  690          -    0.00000      -     -    2s
     0     0    0.00000    0  812          -    0.00000      -     -    2s
     0     0    0.00000    0  779          -    0.00000      -     -    2s
     0     0    0.00000    0  834          -    0.00000      -     -    3s
     0     0    0.00000    0  676          -    0.00000      -     -    3s
H    0     0                       7.0000000    0.00000   100%     -    3s
H    0     0                       6.0000000    0.00000   100%     -    3s
     0     0    0.00000    0  695    6.00000    0.00000   100%     -    4s
     0     0    0.00000    0  836    6.00000    0.00000   100%     -    4s
     0     0    0.00000    0  684    6.00000    0.00000   100%     -    5s
     0     0    0.00000    0  761    6.00000    0.00000   100%     -    5s
     0     0    0.00000    0  721    6.00000    0.00000   100%     -    5s
     0     0    0.00000    0  633    6.00000    0.00000   100%     -    5s
H    0     0                       4.0000000    0.00000   100%     -    5s
H    0     0                       3.0000000    0.00000   100%     -    5s
     0     0    0.00000    0  671    3.00000    0.00000   100%     -    6s
     0     0    0.00000    0  646    3.00000    0.00000   100%     -    6s
     0     0    0.00000    0  646    3.00000    0.00000   100%     -    6s
     0     0    0.00000    0  646    3.00000    0.00000   100%     -    6s
     0     0    0.00000    0  646    3.00000    0.00000   100%     -    7s
     0     2    0.00000    0  551    3.00000    0.00000   100%     -    8s
H    3     3                       2.0000000    0.00000   100%   820    9s
H    3     3                       1.0000000    0.00000   100%   820    9s
     8     8    0.00000    4  723    1.00000    0.00000   100%   823   10s
    42    32    0.00000   25  467    1.00000    0.00000   100%   900   15s
    52    42    0.00000   32  469    1.00000    0.00000   100%   886   22s
    64    54    0.00000   40  533    1.00000    0.00000   100%   846   25s
*  220     4             129       0.0000000    0.00000  0.00%   685   29s

Cutting planes:
  Cover: 14
  Clique: 25
  MIR: 4
  Flow cover: 2
  GUB cover: 17
  Zero half: 3
  RLT: 7
  Relax-and-lift: 1

Explored 221 nodes (228833 simplex iterations) in 29.67 seconds (46.08 work units)
Thread count was 1 (of 8 available processors)

Solution count 7: 0 1 2 ... 7

Optimal solution found (tolerance 0.00e+00)
Best objective 0.000000000000e+00, best bound 0.000000000000e+00, gap 0.0000%
    SAT | IdleRange(P*)=0 | time=29.86595s | config=R-DC-IRP-GRB-MIP
    Excel: /home/dclng566/projects/Business-Meeting-Scheduling-Problem/output/gurobi/table08_excel/tic-14crafc.prec15.xlsx
Instance forum-13.prec15: 1 run(s)
[25/40] forum-13.prec15 | reduced | gurobi_mip | P=native_linear | G=distance_closure | n/a
Set parameter WLSAccessID
Set parameter WLSSecret
Set parameter LicenseID to value 2663665
Academic license 2663665 - for non-commercial use only - registered to tu___@vnu.edu.vn
Set parameter OutputFlag to value 1
Set parameter Threads to value 1
Set parameter Seed to value 0
Set parameter MIPGap to value 0
Set parameter MIPGapAbs to value 0
Set parameter TimeLimit to value 7.1995372732079995e+03
Gurobi Optimizer version 13.0.2 build v13.0.2rc1 (linux64 - "Ubuntu 22.04.5 LTS")

CPU model: INTEL(R) XEON(R) PLATINUM 8581C CPU @ 2.30GHz, instruction set [SSE2|AVX|AVX2|AVX512]
Thread count: 4 physical cores, 8 logical processors, using up to 1 threads

Non-default parameters:
TimeLimit  7.1995372732079995e+03
MIPGap  0
MIPGapAbs  0
Threads  1

Academic license 2663665 - for non-commercial use only - registered to tu___@vnu.edu.vn
Optimize a model with 8980 rows, 5960 columns and 33196 nonzeros (Min)
Model fingerprint: 0x30ec145b
Model has 1 linear objective coefficients
Variable types: 0 continuous, 5960 integer (5899 binary)
Coefficient statistics:
  Matrix range     [1e+00, 2e+01]
  Objective range  [1e+00, 1e+00]
  Bounds range     [1e+00, 2e+01]
  RHS range        [1e+00, 4e+01]

Presolve removed 1639 rows and 590 columns
Presolve time: 0.04s
Presolved: 7341 rows, 5370 columns, 26619 nonzeros
Variable types: 0 continuous, 5370 integer (5310 binary)

Root relaxation: objective 0.000000e+00, 11448 iterations, 1.24 seconds (1.96 work units)

    Nodes    |    Current Node    |     Objective Bounds      |     Work
 Expl Unexpl |  Obj  Depth IntInf | Incumbent    BestBd   Gap | It/Node Time

     0     0    0.00000    0 2415          -    0.00000      -     -    2s
     0     0    0.00000    0 1575          -    0.00000      -     -    2s
H    0     0                      15.0000000    0.00000   100%     -    2s
H    0     0                      14.0000000    0.00000   100%     -    2s
     0     0    0.00000    0 1575   14.00000    0.00000   100%     -    2s
     0     0    0.00000    0 1222   14.00000    0.00000   100%     -    4s
H    0     0                      11.0000000    0.00000   100%     -    4s
H    0     0                      10.0000000    0.00000   100%     -    4s
     0     0    0.00000    0 1323   10.00000    0.00000   100%     -    5s
H    0     0                       8.0000000    0.00000   100%     -    5s
H    0     0                       7.0000000    0.00000   100%     -    5s
     0     0    0.00000    0 1281    7.00000    0.00000   100%     -    5s
     0     0    0.00000    0 1160    7.00000    0.00000   100%     -    5s
     0     0    0.00000    0  524    7.00000    0.00000   100%     -    6s
H    0     0                       6.0000000    0.00000   100%     -    6s
H    0     0                       5.0000000    0.00000   100%     -    6s
H    0     0                       4.0000000    0.00000   100%     -    6s
     0     0    0.00000    0  575    4.00000    0.00000   100%     -    6s
     0     0    0.00000    0  581    4.00000    0.00000   100%     -    6s
     0     0    0.00000    0  707    4.00000    0.00000   100%     -    6s
     0     0    0.00000    0  675    4.00000    0.00000   100%     -    6s
     0     0    0.00000    0  477    4.00000    0.00000   100%     -    6s
H    0     0                       3.0000000    0.00000   100%     -    6s
     0     0    0.00000    0  467    3.00000    0.00000   100%     -    6s
     0     0    0.00000    0  664    3.00000    0.00000   100%     -    7s
     0     0    0.00000    0  638    3.00000    0.00000   100%     -    7s
     0     0    0.00000    0  378    3.00000    0.00000   100%     -    7s
     0     0    0.00000    0  373    3.00000    0.00000   100%     -    7s
     0     0    0.00000    0  551    3.00000    0.00000   100%     -    7s
     0     0    0.00000    0  547    3.00000    0.00000   100%     -    7s
     0     0    0.00000    0  418    3.00000    0.00000   100%     -    8s
     0     0    0.00000    0  414    3.00000    0.00000   100%     -    8s
     0     0    0.00000    0  311    3.00000    0.00000   100%     -    8s
     0     2    0.00000    0  311    3.00000    0.00000   100%     -    8s
H    1     1                       2.0000000    0.00000   100%   0.0    9s
H    1     1                       1.0000000    0.00000   100%   0.0    9s
H    5     5                       0.0000000    0.00000  0.00%   424    9s

Cutting planes:
  Learned: 1
  Gomory: 4
  Cover: 1
  Implied bound: 25
  Clique: 34
  MIR: 13
  StrongCG: 2
  Flow cover: 45
  GUB cover: 7
  Zero half: 38
  RLT: 90
  Relax-and-lift: 94
  BQP: 8

Explored 6 nodes (86775 simplex iterations) in 9.30 seconds (14.20 work units)
Thread count was 1 (of 8 available processors)

Solution count 10: 0 1 2 ... 10

Optimal solution found (tolerance 0.00e+00)
Best objective 0.000000000000e+00, best bound 0.000000000000e+00, gap 0.0000%
    SAT | IdleRange(P*)=0 | time=9.521902s | config=R-DC-IRP-GRB-MIP
    Excel: /home/dclng566/projects/Business-Meeting-Scheduling-Problem/output/gurobi/table08_excel/forum-13.prec15.xlsx
Instance tic-13crafc.prec15: 1 run(s)
[26/40] tic-13crafc.prec15 | reduced | gurobi_mip | P=native_linear | G=distance_closure | n/a
Set parameter WLSAccessID
Set parameter WLSSecret
Set parameter LicenseID to value 2663665
Academic license 2663665 - for non-commercial use only - registered to tu___@vnu.edu.vn
Set parameter OutputFlag to value 1
Set parameter Threads to value 1
Set parameter Seed to value 0
Set parameter MIPGap to value 0
Set parameter MIPGapAbs to value 0
Set parameter TimeLimit to value 7199.608002179
Gurobi Optimizer version 13.0.2 build v13.0.2rc1 (linux64 - "Ubuntu 22.04.5 LTS")

CPU model: INTEL(R) XEON(R) PLATINUM 8581C CPU @ 2.30GHz, instruction set [SSE2|AVX|AVX2|AVX512]
Thread count: 4 physical cores, 8 logical processors, using up to 1 threads

Non-default parameters:
TimeLimit  7199.608002179
MIPGap  0
MIPGapAbs  0
Threads  1

Academic license 2663665 - for non-commercial use only - registered to tu___@vnu.edu.vn
Optimize a model with 3785 rows, 3125 columns and 18424 nonzeros (Min)
Model fingerprint: 0x563e8644
Model has 1 linear objective coefficients
Variable types: 0 continuous, 3125 integer (3077 binary)
Coefficient statistics:
  Matrix range     [1e+00, 9e+00]
  Objective range  [1e+00, 1e+00]
  Bounds range     [1e+00, 6e+00]
  RHS range        [1e+00, 2e+01]

Presolve removed 2628 rows and 1027 columns
Presolve time: 0.03s
Presolved: 1157 rows, 2098 columns, 8827 nonzeros
Variable types: 0 continuous, 2098 integer (2073 binary)

Root relaxation: objective 3.015734e-01, 5361 iterations, 0.36 seconds (0.55 work units)

    Nodes    |    Current Node    |     Objective Bounds      |     Work
 Expl Unexpl |  Obj  Depth IntInf | Incumbent    BestBd   Gap | It/Node Time

     0     0    0.30157    0  710          -    0.30157      -     -    0s
     0     0    1.00000    0  607          -    1.00000      -     -    0s
     0     0    1.00000    0  588          -    1.00000      -     -    0s
     0     0    1.00000    0  559          -    1.00000      -     -    0s
     0     0    1.00000    0  533          -    1.00000      -     -    0s
     0     0    1.00000    0  535          -    1.00000      -     -    0s
     0     0    1.00000    0  268          -    1.00000      -     -    1s
     0     0    1.00000    0  256          -    1.00000      -     -    1s
     0     0    1.00000    0  319          -    1.00000      -     -    1s
     0     0    1.00000    0  163          -    1.00000      -     -    1s
     0     0    1.00000    0  199          -    1.00000      -     -    1s
     0     0    1.00000    0  266          -    1.00000      -     -    1s
*    0     0               0       1.0000000    1.00000  0.00%     -    1s

Cutting planes:
  Gomory: 1
  Cover: 11
  Clique: 15
  MIR: 8
  StrongCG: 3
  GUB cover: 7
  Zero half: 28
  RLT: 8
  Relax-and-lift: 14

Explored 1 nodes (25070 simplex iterations) in 1.68 seconds (2.49 work units)
Thread count was 1 (of 8 available processors)

Solution count 1: 1 

Optimal solution found (tolerance 0.00e+00)
Best objective 1.000000000000e+00, best bound 1.000000000000e+00, gap 0.0000%
    SAT | IdleRange(P*)=1 | time=1.827975s | config=R-DC-IRP-GRB-MIP
    Excel: /home/dclng566/projects/Business-Meeting-Scheduling-Problem/output/gurobi/table08_excel/tic-13crafc.prec15.xlsx
Instance tic-12.prec25: 1 run(s)
[27/40] tic-12.prec25 | reduced | gurobi_mip | P=native_linear | G=distance_closure | n/a
Set parameter WLSAccessID
Set parameter WLSSecret
Set parameter LicenseID to value 2663665
Academic license 2663665 - for non-commercial use only - registered to tu___@vnu.edu.vn
Set parameter OutputFlag to value 1
Set parameter Threads to value 1
Set parameter Seed to value 0
Set parameter MIPGap to value 0
Set parameter MIPGapAbs to value 0
Set parameter TimeLimit to value 7.1996856511009992e+03
Gurobi Optimizer version 13.0.2 build v13.0.2rc1 (linux64 - "Ubuntu 22.04.5 LTS")

CPU model: INTEL(R) XEON(R) PLATINUM 8581C CPU @ 2.30GHz, instruction set [SSE2|AVX|AVX2|AVX512]
Thread count: 4 physical cores, 8 logical processors, using up to 1 threads

Non-default parameters:
TimeLimit  7.1996856511009992e+03
MIPGap  0
MIPGapAbs  0
Threads  1

Academic license 2663665 - for non-commercial use only - registered to tu___@vnu.edu.vn
Optimize a model with 2669 rows, 1819 columns and 10986 nonzeros (Min)
Model fingerprint: 0x58c0b7c0
Model has 1 linear objective coefficients
Variable types: 0 continuous, 1819 integer (1777 binary)
Coefficient statistics:
  Matrix range     [1e+00, 7e+00]
  Objective range  [1e+00, 1e+00]
  Bounds range     [1e+00, 6e+00]
  RHS range        [1e+00, 2e+01]

Presolve removed 1851 rows and 792 columns
Presolve time: 0.02s
Presolved: 818 rows, 1027 columns, 4952 nonzeros
Variable types: 0 continuous, 1027 integer (1011 binary)

Root relaxation: objective 0.000000e+00, 1548 iterations, 0.05 seconds (0.07 work units)

    Nodes    |    Current Node    |     Objective Bounds      |     Work
 Expl Unexpl |  Obj  Depth IntInf | Incumbent    BestBd   Gap | It/Node Time

     0     0    0.00000    0  341          -    0.00000      -     -    0s
     0     0    0.00000    0  383          -    0.00000      -     -    0s
     0     0    0.00000    0  388          -    0.00000      -     -    0s
     0     0    0.00000    0  412          -    0.00000      -     -    0s
     0     0    0.00000    0  324          -    0.00000      -     -    0s
     0     0    0.00000    0  313          -    0.00000      -     -    0s
     0     0    0.00000    0  349          -    0.00000      -     -    0s
     0     0    0.00000    0  293          -    0.00000      -     -    0s
     0     0    0.00000    0  301          -    0.00000      -     -    0s
     0     0    0.00000    0  443          -    0.00000      -     -    0s
     0     0    0.00000    0  315          -    0.00000      -     -    0s
     0     0    0.00000    0  315          -    0.00000      -     -    0s
     0     0    0.00000    0  279          -    0.00000      -     -    0s
H    0     0                       6.0000000    0.00000   100%     -    0s
H    0     0                       5.0000000    0.00000   100%     -    0s
     0     2    0.00000    0  202    5.00000    0.00000   100%     -    1s
H    8     8                       4.0000000    0.00000   100%   200    1s
H   15    15                       3.0000000    0.00000   100%   223    1s
H   28    28                       2.0000000    0.00000   100%   213    1s
H   33    33                       1.0000000    0.00000   100%   217    1s
   242   168    0.00000   28  209    1.00000    0.00000   100%   210    5s
H  279   174                       0.0000000    0.00000  0.00%   282    7s

Cutting planes:
  Gomory: 1
  Cover: 14
  Implied bound: 2
  Clique: 37
  StrongCG: 3
  GUB cover: 9
  RLT: 18
  Relax-and-lift: 2
  BQP: 2

Explored 280 nodes (93339 simplex iterations) in 7.48 seconds (10.00 work units)
Thread count was 1 (of 8 available processors)

Solution count 7: 0 1 2 ... 6

Optimal solution found (tolerance 0.00e+00)
Best objective 0.000000000000e+00, best bound 0.000000000000e+00, gap 0.0000%
    SAT | IdleRange(P*)=0 | time=7.544982s | config=R-DC-IRP-GRB-MIP
    Excel: /home/dclng566/projects/Business-Meeting-Scheduling-Problem/output/gurobi/table08_excel/tic-12.prec25.xlsx
Instance ticf-13crafb.prec25: 1 run(s)
[28/40] ticf-13crafb.prec25 | reduced | gurobi_mip | P=native_linear | G=distance_closure | n/a
Set parameter WLSAccessID
Set parameter WLSSecret
Set parameter LicenseID to value 2663665
Academic license 2663665 - for non-commercial use only - registered to tu___@vnu.edu.vn
Set parameter OutputFlag to value 1
Set parameter Threads to value 1
Set parameter Seed to value 0
Set parameter MIPGap to value 0
Set parameter MIPGapAbs to value 0
Set parameter TimeLimit to value 7.1996487919800020e+03
Gurobi Optimizer version 13.0.2 build v13.0.2rc1 (linux64 - "Ubuntu 22.04.5 LTS")

CPU model: INTEL(R) XEON(R) PLATINUM 8581C CPU @ 2.30GHz, instruction set [SSE2|AVX|AVX2|AVX512]
Thread count: 4 physical cores, 8 logical processors, using up to 1 threads

Non-default parameters:
TimeLimit  7.1996487919800020e+03
MIPGap  0
MIPGapAbs  0
Threads  1

Academic license 2663665 - for non-commercial use only - registered to tu___@vnu.edu.vn
Optimize a model with 9785 rows, 6715 columns and 40019 nonzeros (Min)
Model fingerprint: 0x4d96a54d
Model has 1 linear objective coefficients
Variable types: 0 continuous, 6715 integer (6656 binary)
Coefficient statistics:
  Matrix range     [1e+00, 2e+01]
  Objective range  [1e+00, 1e+00]
  Bounds range     [1e+00, 2e+01]
  RHS range        [1e+00, 4e+01]

Presolve time: 0.00s

Explored 0 nodes (0 simplex iterations) in 0.00 seconds (0.00 work units)
Thread count was 1 (of 8 available processors)

Solution count 0

Model is infeasible
Best objective -, best bound -, gap -
    UNSAT | IdleRange(P*)=None | time=0.106785s | config=R-DC-IRP-GRB-MIP
    Excel: /home/dclng566/projects/Business-Meeting-Scheduling-Problem/output/gurobi/table08_excel/ticf-13crafb.prec25.xlsx
Instance forumt-14.prec25: 1 run(s)
[29/40] forumt-14.prec25 | reduced | gurobi_mip | P=native_linear | G=distance_closure | n/a
Set parameter WLSAccessID
Set parameter WLSSecret
Set parameter LicenseID to value 2663665
Academic license 2663665 - for non-commercial use only - registered to tu___@vnu.edu.vn
Set parameter OutputFlag to value 1
Set parameter Threads to value 1
Set parameter Seed to value 0
Set parameter MIPGap to value 0
Set parameter MIPGapAbs to value 0
Set parameter TimeLimit to value 7.1995231068719986e+03
Gurobi Optimizer version 13.0.2 build v13.0.2rc1 (linux64 - "Ubuntu 22.04.5 LTS")

CPU model: INTEL(R) XEON(R) PLATINUM 8581C CPU @ 2.30GHz, instruction set [SSE2|AVX|AVX2|AVX512]
Thread count: 4 physical cores, 8 logical processors, using up to 1 threads

Non-default parameters:
TimeLimit  7.1995231068719986e+03
MIPGap  0
MIPGapAbs  0
Threads  1

Academic license 2663665 - for non-commercial use only - registered to tu___@vnu.edu.vn
Optimize a model with 4971 rows, 3836 columns and 23645 nonzeros (Min)
Model fingerprint: 0xa106c6cf
Model has 1 linear objective coefficients
Variable types: 0 continuous, 3836 integer (3774 binary)
Coefficient statistics:
  Matrix range     [1e+00, 9e+00]
  Objective range  [1e+00, 1e+00]
  Bounds range     [1e+00, 7e+00]
  RHS range        [1e+00, 3e+01]

Presolve removed 3419 rows and 1404 columns
Presolve time: 0.05s
Presolved: 1552 rows, 2432 columns, 11487 nonzeros
Variable types: 0 continuous, 2432 integer (2406 binary)

Root relaxation: objective 2.000000e+00, 3880 iterations, 0.24 seconds (0.36 work units)

    Nodes    |    Current Node    |     Objective Bounds      |     Work
 Expl Unexpl |  Obj  Depth IntInf | Incumbent    BestBd   Gap | It/Node Time

     0     0    2.00000    0  495          -    2.00000      -     -    0s
     0     0    2.00000    0  650          -    2.00000      -     -    0s
     0     0    2.00000    0  636          -    2.00000      -     -    0s
     0     0    2.00000    0  665          -    2.00000      -     -    0s
     0     0    2.00000    0  421          -    2.00000      -     -    1s
     0     0    2.00000    0  477          -    2.00000      -     -    1s
     0     0    2.00000    0  544          -    2.00000      -     -    1s
     0     0    2.00000    0  113          -    2.00000      -     -    1s
H    0     0                       4.0000000    2.00000  50.0%     -    1s
     0     0    2.00000    0  511    4.00000    2.00000  50.0%     -    1s
     0     0    2.00000    0  321    4.00000    2.00000  50.0%     -    2s
     0     0    2.00000    0  240    4.00000    2.00000  50.0%     -    2s
     0     0    2.00000    0  483    4.00000    2.00000  50.0%     -    2s
     0     0    2.00000    0  432    4.00000    2.00000  50.0%     -    2s
H    0     0                       3.0000000    2.00000  33.3%     -    2s
     0     0    2.00000    0  387    3.00000    2.00000  33.3%     -    2s
     0     0    2.00000    0  643    3.00000    2.00000  33.3%     -    3s
     0     0    2.00000    0  535    3.00000    2.00000  33.3%     -    3s
     0     0    2.00000    0  535    3.00000    2.00000  33.3%     -    3s
*    0     0               0       2.0000000    2.00000  0.00%     -    3s

Cutting planes:
  Cover: 13
  Implied bound: 2
  Clique: 30
  MIR: 9
  StrongCG: 3
  Flow cover: 3
  GUB cover: 12
  Zero half: 12
  RLT: 10
  Relax-and-lift: 1

Explored 1 nodes (52144 simplex iterations) in 3.74 seconds (5.55 work units)
Thread count was 1 (of 8 available processors)

Solution count 3: 2 3 4 

Optimal solution found (tolerance 0.00e+00)
Best objective 2.000000000000e+00, best bound 2.000000000000e+00, gap 0.0000%
    SAT | IdleRange(P*)=2 | time=3.969604s | config=R-DC-IRP-GRB-MIP
    Excel: /home/dclng566/projects/Business-Meeting-Scheduling-Problem/output/gurobi/table08_excel/forumt-14.prec25.xlsx
Instance tic-12crafc.prec25: 1 run(s)
[30/40] tic-12crafc.prec25 | reduced | gurobi_mip | P=native_linear | G=distance_closure | n/a
Set parameter WLSAccessID
Set parameter WLSSecret
Set parameter LicenseID to value 2663665
Academic license 2663665 - for non-commercial use only - registered to tu___@vnu.edu.vn
Set parameter OutputFlag to value 1
Set parameter Threads to value 1
Set parameter Seed to value 0
Set parameter MIPGap to value 0
Set parameter MIPGapAbs to value 0
Set parameter TimeLimit to value 7.1996860113170005e+03
Gurobi Optimizer version 13.0.2 build v13.0.2rc1 (linux64 - "Ubuntu 22.04.5 LTS")

CPU model: INTEL(R) XEON(R) PLATINUM 8581C CPU @ 2.30GHz, instruction set [SSE2|AVX|AVX2|AVX512]
Thread count: 4 physical cores, 8 logical processors, using up to 1 threads

Non-default parameters:
TimeLimit  7.1996860113170005e+03
MIPGap  0
MIPGapAbs  0
Threads  1

Academic license 2663665 - for non-commercial use only - registered to tu___@vnu.edu.vn
Optimize a model with 2669 rows, 1819 columns and 10986 nonzeros (Min)
Model fingerprint: 0xa751c4b2
Model has 1 linear objective coefficients
Variable types: 0 continuous, 1819 integer (1777 binary)
Coefficient statistics:
  Matrix range     [1e+00, 7e+00]
  Objective range  [1e+00, 1e+00]
  Bounds range     [1e+00, 6e+00]
  RHS range        [1e+00, 2e+01]

Presolve removed 1851 rows and 792 columns
Presolve time: 0.02s
Presolved: 818 rows, 1027 columns, 4952 nonzeros
Variable types: 0 continuous, 1027 integer (1011 binary)

Root relaxation: objective 0.000000e+00, 2245 iterations, 0.09 seconds (0.13 work units)

    Nodes    |    Current Node    |     Objective Bounds      |     Work
 Expl Unexpl |  Obj  Depth IntInf | Incumbent    BestBd   Gap | It/Node Time

     0     0    0.00000    0  442          -    0.00000      -     -    0s
     0     0    0.00000    0  445          -    0.00000      -     -    0s
     0     0    0.00000    0  467          -    0.00000      -     -    0s
     0     0    0.00000    0  474          -    0.00000      -     -    0s
     0     0    0.00000    0  332          -    0.00000      -     -    0s
     0     0    0.00000    0  346          -    0.00000      -     -    0s
     0     0    0.00000    0  425          -    0.00000      -     -    0s
     0     0    0.00000    0  361          -    0.00000      -     -    0s
     0     0    0.00000    0  370          -    0.00000      -     -    0s
     0     0    0.00000    0  428          -    0.00000      -     -    0s
     0     0    0.00000    0  392          -    0.00000      -     -    0s
     0     0    0.00000    0  444          -    0.00000      -     -    0s
     0     0    0.00000    0  376          -    0.00000      -     -    1s
     0     0    0.00000    0  366          -    0.00000      -     -    1s
     0     0    0.00000    0  366          -    0.00000      -     -    1s
     0     0    0.00000    0  366          -    0.00000      -     -    1s
     0     2    0.00000    0  366          -    0.00000      -     -    1s
   232   195    0.75000   46  319          -    0.00000      -   154    5s
H  282   220                       3.0000000    0.00000   100%   141    5s
H  600   293                       2.0000000    0.00000   100%   142    7s
H  616   288                       1.0000000    0.00000   100%   180   10s
H  635   272                       0.0000000    0.00000  0.00%   185   11s

Cutting planes:
  Cover: 8
  Clique: 27
  MIR: 1
  Flow cover: 5
  GUB cover: 8
  Zero half: 5
  RLT: 10

Explored 636 nodes (137116 simplex iterations) in 11.39 seconds (15.89 work units)
Thread count was 1 (of 8 available processors)

Solution count 4: 0 1 2 3 

Optimal solution found (tolerance 0.00e+00)
Best objective 0.000000000000e+00, best bound 0.000000000000e+00, gap 0.0000%
    SAT | IdleRange(P*)=0 | time=11.460583s | config=R-DC-IRP-GRB-MIP
    Excel: /home/dclng566/projects/Business-Meeting-Scheduling-Problem/output/gurobi/table08_excel/tic-12crafc.prec25.xlsx
Instance tic-14crafa.prec25: 1 run(s)
[31/40] tic-14crafa.prec25 | reduced | gurobi_mip | P=native_linear | G=distance_closure | n/a
Set parameter WLSAccessID
Set parameter WLSSecret
Set parameter LicenseID to value 2663665
Academic license 2663665 - for non-commercial use only - registered to tu___@vnu.edu.vn
Set parameter OutputFlag to value 1
Set parameter Threads to value 1
Set parameter Seed to value 0
Set parameter MIPGap to value 0
Set parameter MIPGapAbs to value 0
Set parameter TimeLimit to value 7.1995753741650024e+03
Gurobi Optimizer version 13.0.2 build v13.0.2rc1 (linux64 - "Ubuntu 22.04.5 LTS")

CPU model: INTEL(R) XEON(R) PLATINUM 8581C CPU @ 2.30GHz, instruction set [SSE2|AVX|AVX2|AVX512]
Thread count: 4 physical cores, 8 logical processors, using up to 1 threads

Non-default parameters:
TimeLimit  7.1995753741650024e+03
MIPGap  0
MIPGapAbs  0
Threads  1

Academic license 2663665 - for non-commercial use only - registered to tu___@vnu.edu.vn
Optimize a model with 5054 rows, 3948 columns and 24517 nonzeros (Min)
Model fingerprint: 0x0837f2b3
Model has 1 linear objective coefficients
Variable types: 0 continuous, 3948 integer (3886 binary)
Coefficient statistics:
  Matrix range     [1e+00, 9e+00]
  Objective range  [1e+00, 1e+00]
  Bounds range     [1e+00, 7e+00]
  RHS range        [1e+00, 3e+01]

Presolve removed 2340 rows and 903 columns
Presolve time: 0.02s
Presolved: 2714 rows, 3045 columns, 15244 nonzeros
Variable types: 0 continuous, 3045 integer (3017 binary)

Root relaxation: objective 0.000000e+00, 5422 iterations, 0.44 seconds (0.68 work units)

    Nodes    |    Current Node    |     Objective Bounds      |     Work
 Expl Unexpl |  Obj  Depth IntInf | Incumbent    BestBd   Gap | It/Node Time

     0     0    0.00000    0 1253          -    0.00000      -     -    0s
     0     0    0.00000    0  971          -    0.00000      -     -    1s
     0     0    0.00000    0  971          -    0.00000      -     -    1s
     0     0    0.00000    0  837          -    0.00000      -     -    1s
     0     0    0.00000    0  923          -    0.00000      -     -    2s
     0     0    0.00000    0  890          -    0.00000      -     -    2s
     0     0    0.00000    0  968          -    0.00000      -     -    2s
     0     0    0.00000    0  712          -    0.00000      -     -    3s
     0     0    0.00000    0  701          -    0.00000      -     -    3s
     0     0    0.00000    0  817          -    0.00000      -     -    3s
     0     0    0.00000    0  668          -    0.00000      -     -    4s
     0     0    0.00000    0  620          -    0.00000      -     -    4s
     0     0    0.00000    0  795          -    0.00000      -     -    4s
     0     0    0.00000    0  544          -    0.00000      -     -    5s
     0     0    0.00000    0  738          -    0.00000      -     -    5s
     0     0    0.00000    0  657          -    0.00000      -     -    5s
     0     0    0.00000    0  540          -    0.00000      -     -    5s
H    0     0                       3.0000000    0.00000   100%     -    5s
     0     0    0.00000    0  531    3.00000    0.00000   100%     -    6s
     0     0    0.00000    0  712    3.00000    0.00000   100%     -    6s
     0     0    0.00000    0  385    3.00000    0.00000   100%     -    6s
     0     0    0.00000    0  664    3.00000    0.00000   100%     -    6s
     0     0    0.00000    0  707    3.00000    0.00000   100%     -    7s
     0     0    0.00000    0  350    3.00000    0.00000   100%     -    7s
     0     0    0.00000    0  350    3.00000    0.00000   100%     -    7s
     0     0    0.00000    0  350    3.00000    0.00000   100%     -    8s
     0     2    0.00000    0  350    3.00000    0.00000   100%     -    8s
H    1     1                       2.0000000    0.00000   100%   0.0    8s
H    5     5                       1.0000000    0.00000   100%   623   10s
    11    12    0.00000    7  595    1.00000    0.00000   100%   921   15s
    41    39    0.00000   23  595    1.00000    0.00000   100%  1022   20s
   129   120    0.00000   79  481    1.00000    0.00000   100%   786   25s
   217   192    0.00000   12  590    1.00000    0.00000   100%   740   30s
   262   234    0.00000   11  664    1.00000    0.00000   100%   717   35s
   272   241    0.00000   77  694    1.00000    0.00000   100%   691   40s
   283   250    0.00000   17  513    1.00000    0.00000   100%  1013   50s
   308   267    0.00000   30  517    1.00000    0.00000   100%  1066   55s
   334   284    0.00000   43  555    1.00000    0.00000   100%  1073   60s
   397   322    0.00000   74  408    1.00000    0.00000   100%  1055   65s
   509   338    0.00000   66  453    1.00000    0.00000   100%   952   71s
   611   384    0.00000  107  347    1.00000    0.00000   100%   869   75s
   755   372    0.00000  104  326    1.00000    0.00000   100%   776   80s
H  865    37                       0.0000000    0.00000  0.00%   724   83s

Cutting planes:
  Cover: 17
  Clique: 26
  MIR: 6
  StrongCG: 1
  Flow cover: 12
  GUB cover: 23
  Zero half: 5
  RLT: 4

Explored 866 nodes (718148 simplex iterations) in 83.50 seconds (126.65 work units)
Thread count was 1 (of 8 available processors)

Solution count 4: 0 1 2 3 

Optimal solution found (tolerance 0.00e+00)
Best objective 0.000000000000e+00, best bound 0.000000000000e+00, gap 0.0000%
    SAT | IdleRange(P*)=0 | time=83.673876s | config=R-DC-IRP-GRB-MIP
    Excel: /home/dclng566/projects/Business-Meeting-Scheduling-Problem/output/gurobi/table08_excel/tic-14crafa.prec25.xlsx
Instance ticf-13crafc.prec25: 1 run(s)
[32/40] ticf-13crafc.prec25 | reduced | gurobi_mip | P=native_linear | G=distance_closure | n/a
Set parameter WLSAccessID
Set parameter WLSSecret
Set parameter LicenseID to value 2663665
Academic license 2663665 - for non-commercial use only - registered to tu___@vnu.edu.vn
Set parameter OutputFlag to value 1
Set parameter Threads to value 1
Set parameter Seed to value 0
Set parameter MIPGap to value 0
Set parameter MIPGapAbs to value 0
Set parameter TimeLimit to value 7199.665870433
Gurobi Optimizer version 13.0.2 build v13.0.2rc1 (linux64 - "Ubuntu 22.04.5 LTS")

CPU model: INTEL(R) XEON(R) PLATINUM 8581C CPU @ 2.30GHz, instruction set [SSE2|AVX|AVX2|AVX512]
Thread count: 4 physical cores, 8 logical processors, using up to 1 threads

Non-default parameters:
TimeLimit  7199.665870433
MIPGap  0
MIPGapAbs  0
Threads  1

Academic license 2663665 - for non-commercial use only - registered to tu___@vnu.edu.vn
Optimize a model with 8988 rows, 5896 columns and 33794 nonzeros (Min)
Model fingerprint: 0x7a98ae42
Model has 1 linear objective coefficients
Variable types: 0 continuous, 5896 integer (5835 binary)
Coefficient statistics:
  Matrix range     [1e+00, 2e+01]
  Objective range  [1e+00, 1e+00]
  Bounds range     [1e+00, 2e+01]
  RHS range        [1e+00, 4e+01]

Presolve time: 0.00s

Explored 0 nodes (0 simplex iterations) in 0.00 seconds (0.00 work units)
Thread count was 1 (of 8 available processors)

Solution count 0

Model is infeasible
Best objective -, best bound -, gap -
    UNSAT | IdleRange(P*)=None | time=0.089293s | config=R-DC-IRP-GRB-MIP
    Excel: /home/dclng566/projects/Business-Meeting-Scheduling-Problem/output/gurobi/table08_excel/ticf-13crafc.prec25.xlsx
Instance ticf-13crafb.prec15: 1 run(s)
[33/40] ticf-13crafb.prec15 | reduced | gurobi_mip | P=native_linear | G=distance_closure | n/a
Set parameter WLSAccessID
Set parameter WLSSecret
Set parameter LicenseID to value 2663665
Academic license 2663665 - for non-commercial use only - registered to tu___@vnu.edu.vn
Set parameter OutputFlag to value 1
Set parameter Threads to value 1
Set parameter Seed to value 0
Set parameter MIPGap to value 0
Set parameter MIPGapAbs to value 0
Set parameter TimeLimit to value 7.1996507687179983e+03
Gurobi Optimizer version 13.0.2 build v13.0.2rc1 (linux64 - "Ubuntu 22.04.5 LTS")

CPU model: INTEL(R) XEON(R) PLATINUM 8581C CPU @ 2.30GHz, instruction set [SSE2|AVX|AVX2|AVX512]
Thread count: 4 physical cores, 8 logical processors, using up to 1 threads

Non-default parameters:
TimeLimit  7.1996507687179983e+03
MIPGap  0
MIPGapAbs  0
Threads  1

Academic license 2663665 - for non-commercial use only - registered to tu___@vnu.edu.vn
Optimize a model with 9698 rows, 6820 columns and 39094 nonzeros (Min)
Model fingerprint: 0xedac491e
Model has 1 linear objective coefficients
Variable types: 0 continuous, 6820 integer (6761 binary)
Coefficient statistics:
  Matrix range     [1e+00, 2e+01]
  Objective range  [1e+00, 1e+00]
  Bounds range     [1e+00, 2e+01]
  RHS range        [1e+00, 4e+01]

Presolve time: 0.00s

Explored 0 nodes (0 simplex iterations) in 0.00 seconds (0.00 work units)
Thread count was 1 (of 8 available processors)

Solution count 0

Model is infeasible
Best objective -, best bound -, gap -
    UNSAT | IdleRange(P*)=None | time=0.104718s | config=R-DC-IRP-GRB-MIP
    Excel: /home/dclng566/projects/Business-Meeting-Scheduling-Problem/output/gurobi/table08_excel/ticf-13crafb.prec15.xlsx
Instance forumt-14crafe.prec25: 1 run(s)
[34/40] forumt-14crafe.prec25 | reduced | gurobi_mip | P=native_linear | G=distance_closure | n/a
Set parameter WLSAccessID
Set parameter WLSSecret
Set parameter LicenseID to value 2663665
Academic license 2663665 - for non-commercial use only - registered to tu___@vnu.edu.vn
Set parameter OutputFlag to value 1
Set parameter Threads to value 1
Set parameter Seed to value 0
Set parameter MIPGap to value 0
Set parameter MIPGapAbs to value 0
Set parameter TimeLimit to value 7.1995790878909993e+03
Gurobi Optimizer version 13.0.2 build v13.0.2rc1 (linux64 - "Ubuntu 22.04.5 LTS")

CPU model: INTEL(R) XEON(R) PLATINUM 8581C CPU @ 2.30GHz, instruction set [SSE2|AVX|AVX2|AVX512]
Thread count: 4 physical cores, 8 logical processors, using up to 1 threads

Non-default parameters:
TimeLimit  7.1995790878909993e+03
MIPGap  0
MIPGapAbs  0
Threads  1

Academic license 2663665 - for non-commercial use only - registered to tu___@vnu.edu.vn
Optimize a model with 4965 rows, 3831 columns and 23607 nonzeros (Min)
Model fingerprint: 0x97a22381
Model has 1 linear objective coefficients
Variable types: 0 continuous, 3831 integer (3769 binary)
Coefficient statistics:
  Matrix range     [1e+00, 9e+00]
  Objective range  [1e+00, 1e+00]
  Bounds range     [1e+00, 8e+00]
  RHS range        [1e+00, 2e+01]

Presolve removed 3406 rows and 1424 columns
Presolve time: 0.05s
Presolved: 1559 rows, 2407 columns, 11510 nonzeros
Variable types: 0 continuous, 2407 integer (2381 binary)

Root relaxation: objective 2.000000e+00, 4067 iterations, 0.29 seconds (0.46 work units)

    Nodes    |    Current Node    |     Objective Bounds      |     Work
 Expl Unexpl |  Obj  Depth IntInf | Incumbent    BestBd   Gap | It/Node Time

     0     0    2.00000    0  612          -    2.00000      -     -    0s
     0     0    2.00000    0  742          -    2.00000      -     -    0s
     0     0    2.00000    0  734          -    2.00000      -     -    0s
     0     0    2.00000    0  739          -    2.00000      -     -    1s
     0     0    2.00000    0  385          -    2.00000      -     -    1s
     0     0    2.00000    0  415          -    2.00000      -     -    1s
     0     0    2.00000    0  635          -    2.00000      -     -    1s
     0     0    2.00000    0  443          -    2.00000      -     -    2s
     0     0    2.00000    0  619          -    2.00000      -     -    2s
     0     0    2.00000    0  719          -    2.00000      -     -    2s
     0     0    2.00000    0  526          -    2.00000      -     -    2s
     0     0    2.00000    0  558          -    2.00000      -     -    3s
     0     0    2.00000    0  595          -    2.00000      -     -    3s
     0     0    2.00000    0  372          -    2.00000      -     -    3s
     0     0    2.00000    0  372          -    2.00000      -     -    3s
     0     0    2.00000    0  163          -    2.00000      -     -    4s
H    0     0                       3.0000000    2.00000  33.3%     -    4s
     0     2    2.00000    0  163    3.00000    2.00000  33.3%     -    4s
     8     8    2.00000    5  581    3.00000    2.00000  33.3%   555    5s
    55    55    2.00000   34  421    3.00000    2.00000  33.3%   636   13s
   121   121    2.00000   78  428    3.00000    2.00000  33.3%   543   15s
   259   238    2.00000  134  461    3.00000    2.00000  33.3%   477   20s
*  264   228              15       2.0000000    2.00000  0.00%   468   22s

Cutting planes:
  Gomory: 2
  Cover: 25
  Implied bound: 8
  Clique: 50
  MIR: 18
  StrongCG: 4
  Flow cover: 20
  GUB cover: 38
  Zero half: 20
  RLT: 28
  Relax-and-lift: 2

Explored 264 nodes (217842 simplex iterations) in 22.50 seconds (32.43 work units)
Thread count was 1 (of 8 available processors)

Solution count 2: 2 3 

Optimal solution found (tolerance 0.00e+00)
Best objective 2.000000000000e+00, best bound 2.000000000000e+00, gap 0.0000%
    SAT | IdleRange(P*)=2 | time=22.679549s | config=R-DC-IRP-GRB-MIP
    Excel: /home/dclng566/projects/Business-Meeting-Scheduling-Problem/output/gurobi/table08_excel/forumt-14crafe.prec25.xlsx
Instance forumt-14crafc.prec25: 1 run(s)
[35/40] forumt-14crafc.prec25 | reduced | gurobi_mip | P=native_linear | G=distance_closure | n/a
Set parameter WLSAccessID
Set parameter WLSSecret
Set parameter LicenseID to value 2663665
Academic license 2663665 - for non-commercial use only - registered to tu___@vnu.edu.vn
Set parameter OutputFlag to value 1
Set parameter Threads to value 1
Set parameter Seed to value 0
Set parameter MIPGap to value 0
Set parameter MIPGapAbs to value 0
Set parameter TimeLimit to value 7.1995226737439989e+03
Gurobi Optimizer version 13.0.2 build v13.0.2rc1 (linux64 - "Ubuntu 22.04.5 LTS")

CPU model: INTEL(R) XEON(R) PLATINUM 8581C CPU @ 2.30GHz, instruction set [SSE2|AVX|AVX2|AVX512]
Thread count: 4 physical cores, 8 logical processors, using up to 1 threads

Non-default parameters:
TimeLimit  7.1995226737439989e+03
MIPGap  0
MIPGapAbs  0
Threads  1

Academic license 2663665 - for non-commercial use only - registered to tu___@vnu.edu.vn
Optimize a model with 4971 rows, 3836 columns and 23645 nonzeros (Min)
Model fingerprint: 0x84c9acf1
Model has 1 linear objective coefficients
Variable types: 0 continuous, 3836 integer (3774 binary)
Coefficient statistics:
  Matrix range     [1e+00, 9e+00]
  Objective range  [1e+00, 1e+00]
  Bounds range     [1e+00, 7e+00]
  RHS range        [1e+00, 2e+01]

Presolve removed 3419 rows and 1404 columns
Presolve time: 0.05s
Presolved: 1552 rows, 2432 columns, 11487 nonzeros
Variable types: 0 continuous, 2432 integer (2406 binary)

Root relaxation: objective 2.000000e+00, 3995 iterations, 0.27 seconds (0.42 work units)

    Nodes    |    Current Node    |     Objective Bounds      |     Work
 Expl Unexpl |  Obj  Depth IntInf | Incumbent    BestBd   Gap | It/Node Time

     0     0    2.00000    0  580          -    2.00000      -     -    0s
     0     0    2.00000    0  704          -    2.00000      -     -    0s
     0     0    2.00000    0  694          -    2.00000      -     -    0s
     0     0    2.00000    0  684          -    2.00000      -     -    0s
     0     0    2.00000    0  544          -    2.00000      -     -    1s
     0     0    2.00000    0  639          -    2.00000      -     -    1s
     0     0    2.00000    0  639          -    2.00000      -     -    1s
     0     0    2.00000    0  475          -    2.00000      -     -    1s
H    0     0                       3.0000000    2.00000  33.3%     -    1s
     0     0    2.00000    0  599    3.00000    2.00000  33.3%     -    2s
     0     0    2.00000    0  687    3.00000    2.00000  33.3%     -    2s
     0     0    2.00000    0  506    3.00000    2.00000  33.3%     -    2s
H    0     0                       2.0000000    2.00000  0.00%     -    2s
     0     0    2.00000    0  506    2.00000    2.00000  0.00%     -    2s

Cutting planes:
  Cover: 17
  Implied bound: 3
  Clique: 32
  MIR: 17
  StrongCG: 4
  GUB cover: 15
  Zero half: 4
  RLT: 21
  Relax-and-lift: 1

Explored 1 nodes (32423 simplex iterations) in 2.56 seconds (3.91 work units)
Thread count was 1 (of 8 available processors)

Solution count 2: 2 3 

Optimal solution found (tolerance 0.00e+00)
Best objective 2.000000000000e+00, best bound 2.000000000000e+00, gap 0.0000%
    SAT | IdleRange(P*)=2 | time=2.793693s | config=R-DC-IRP-GRB-MIP
    Excel: /home/dclng566/projects/Business-Meeting-Scheduling-Problem/output/gurobi/table08_excel/forumt-14crafc.prec25.xlsx
Instance forumt-14crafd.prec25: 1 run(s)
[36/40] forumt-14crafd.prec25 | reduced | gurobi_mip | P=native_linear | G=distance_closure | n/a
Set parameter WLSAccessID
Set parameter WLSSecret
Set parameter LicenseID to value 2663665
Academic license 2663665 - for non-commercial use only - registered to tu___@vnu.edu.vn
Set parameter OutputFlag to value 1
Set parameter Threads to value 1
Set parameter Seed to value 0
Set parameter MIPGap to value 0
Set parameter MIPGapAbs to value 0
Set parameter TimeLimit to value 7.1995781095349994e+03
Gurobi Optimizer version 13.0.2 build v13.0.2rc1 (linux64 - "Ubuntu 22.04.5 LTS")

CPU model: INTEL(R) XEON(R) PLATINUM 8581C CPU @ 2.30GHz, instruction set [SSE2|AVX|AVX2|AVX512]
Thread count: 4 physical cores, 8 logical processors, using up to 1 threads

Non-default parameters:
TimeLimit  7.1995781095349994e+03
MIPGap  0
MIPGapAbs  0
Threads  1

Academic license 2663665 - for non-commercial use only - registered to tu___@vnu.edu.vn
Optimize a model with 4965 rows, 3831 columns and 23607 nonzeros (Min)
Model fingerprint: 0x6cfe9775
Model has 1 linear objective coefficients
Variable types: 0 continuous, 3831 integer (3769 binary)
Coefficient statistics:
  Matrix range     [1e+00, 9e+00]
  Objective range  [1e+00, 1e+00]
  Bounds range     [1e+00, 8e+00]
  RHS range        [1e+00, 2e+01]

Presolve removed 3406 rows and 1424 columns
Presolve time: 0.05s
Presolved: 1559 rows, 2407 columns, 11510 nonzeros
Variable types: 0 continuous, 2407 integer (2381 binary)

Root relaxation: objective 2.000000e+00, 4167 iterations, 0.29 seconds (0.46 work units)

    Nodes    |    Current Node    |     Objective Bounds      |     Work
 Expl Unexpl |  Obj  Depth IntInf | Incumbent    BestBd   Gap | It/Node Time

     0     0    2.00000    0  573          -    2.00000      -     -    0s
     0     0    2.00000    0  731          -    2.00000      -     -    0s
     0     0    2.00000    0  715          -    2.00000      -     -    0s
     0     0    2.00000    0  698          -    2.00000      -     -    0s
     0     0    2.00000    0  366          -    2.00000      -     -    1s
     0     0    2.00000    0  350          -    2.00000      -     -    1s
     0     0    2.00000    0  578          -    2.00000      -     -    1s
     0     0    2.00000    0  468          -    2.00000      -     -    2s
     0     0    2.00000    0  555          -    2.00000      -     -    2s
     0     0    2.00000    0  585          -    2.00000      -     -    2s
     0     0    2.00000    0  501          -    2.00000      -     -    2s
     0     0    2.00000    0  549          -    2.00000      -     -    2s
     0     0    2.00000    0  551          -    2.00000      -     -    2s
     0     0    2.00000    0  304          -    2.00000      -     -    3s
     0     0    2.00000    0  296          -    2.00000      -     -    3s
     0     0    2.00000    0  584          -    2.00000      -     -    3s
     0     0    2.00000    0  277          -    2.00000      -     -    3s
     0     0    2.00000    0  277          -    2.00000      -     -    3s
     0     0    2.00000    0  277          -    2.00000      -     -    4s
     0     2    2.00000    0  277          -    2.00000      -     -    4s
     4     6    2.00000    2  537          -    2.00000      -   692    5s
H    5     3                       2.0000000    2.00000  0.00%   554    8s

Cutting planes:
  Cover: 18
  Clique: 36
  MIR: 7
  StrongCG: 4
  GUB cover: 12
  Zero half: 7
  RLT: 16
  Relax-and-lift: 2

Explored 6 nodes (59409 simplex iterations) in 8.85 seconds (12.81 work units)
Thread count was 1 (of 8 available processors)

Solution count 1: 2 

Optimal solution found (tolerance 0.00e+00)
Best objective 2.000000000000e+00, best bound 2.000000000000e+00, gap 0.0000%
    SAT | IdleRange(P*)=2 | time=9.02746s | config=R-DC-IRP-GRB-MIP
    Excel: /home/dclng566/projects/Business-Meeting-Scheduling-Problem/output/gurobi/table08_excel/forumt-14crafd.prec25.xlsx
Instance ticf-13crafc.prec15: 1 run(s)
[37/40] ticf-13crafc.prec15 | reduced | gurobi_mip | P=native_linear | G=distance_closure | n/a
Set parameter WLSAccessID
Set parameter WLSSecret
Set parameter LicenseID to value 2663665
Academic license 2663665 - for non-commercial use only - registered to tu___@vnu.edu.vn
Set parameter OutputFlag to value 1
Set parameter Threads to value 1
Set parameter Seed to value 0
Set parameter MIPGap to value 0
Set parameter MIPGapAbs to value 0
Set parameter TimeLimit to value 7.1995318875819994e+03
Gurobi Optimizer version 13.0.2 build v13.0.2rc1 (linux64 - "Ubuntu 22.04.5 LTS")

CPU model: INTEL(R) XEON(R) PLATINUM 8581C CPU @ 2.30GHz, instruction set [SSE2|AVX|AVX2|AVX512]
Thread count: 4 physical cores, 8 logical processors, using up to 1 threads

Non-default parameters:
TimeLimit  7.1995318875819994e+03
MIPGap  0
MIPGapAbs  0
Threads  1

Academic license 2663665 - for non-commercial use only - registered to tu___@vnu.edu.vn
Optimize a model with 9111 rows, 6043 columns and 33806 nonzeros (Min)
Model fingerprint: 0x26d7b773
Model has 1 linear objective coefficients
Variable types: 0 continuous, 6043 integer (5982 binary)
Coefficient statistics:
  Matrix range     [1e+00, 2e+01]
  Objective range  [1e+00, 1e+00]
  Bounds range     [1e+00, 2e+01]
  RHS range        [1e+00, 4e+01]

Presolve removed 1616 rows and 551 columns
Presolve time: 0.04s
Presolved: 7495 rows, 5492 columns, 27228 nonzeros
Variable types: 0 continuous, 5492 integer (5432 binary)

Root relaxation: objective 0.000000e+00, 11858 iterations, 1.37 seconds (2.14 work units)

    Nodes    |    Current Node    |     Objective Bounds      |     Work
 Expl Unexpl |  Obj  Depth IntInf | Incumbent    BestBd   Gap | It/Node Time

     0     0    0.00000    0 2136          -    0.00000      -     -    2s
     0     0    0.00000    0 1711          -    0.00000      -     -    2s
H    0     0                      17.0000000    0.00000   100%     -    2s
H    0     0                      16.0000000    0.00000   100%     -    2s
     0     0    0.00000    0 1711   16.00000    0.00000   100%     -    2s
     0     0    0.00000    0 1376   16.00000    0.00000   100%     -    4s
H    0     0                      14.0000000    0.00000   100%     -    4s
H    0     0                      13.0000000    0.00000   100%     -    4s
     0     0    0.00000    0 1324   13.00000    0.00000   100%     -    5s
H    0     0                      11.0000000    0.00000   100%     -    5s
H    0     0                       7.0000000    0.00000   100%     -    5s
     0     0    0.00000    0 1297    7.00000    0.00000   100%     -    5s
     0     0    0.00000    0 1339    7.00000    0.00000   100%     -    6s
     0     0    0.00000    0 1315    7.00000    0.00000   100%     -    6s
     0     0    0.00000    0  871    7.00000    0.00000   100%     -    7s
H    0     0                       6.0000000    0.00000   100%     -    7s
     0     0    0.00000    0  862    6.00000    0.00000   100%     -    7s
     0     0    0.00000    0  827    6.00000    0.00000   100%     -    7s
     0     0    0.00000    0  623    6.00000    0.00000   100%     -    8s
H    0     0                       5.0000000    0.00000   100%     -    8s
     0     0    0.00000    0  615    5.00000    0.00000   100%     -    8s
     0     0    0.00000    0  676    5.00000    0.00000   100%     -    8s
     0     0    0.00000    0  676    5.00000    0.00000   100%     -    8s
     0     0    0.00000    0  732    5.00000    0.00000   100%     -    8s
     0     0    0.00000    0  759    5.00000    0.00000   100%     -    8s
     0     0    0.00000    0  501    5.00000    0.00000   100%     -    9s
H    0     0                       4.0000000    0.00000   100%     -    9s
     0     0    0.00000    0  525    4.00000    0.00000   100%     -    9s
     0     0    0.00000    0  519    4.00000    0.00000   100%     -    9s
     0     0    0.00000    0  752    4.00000    0.00000   100%     -    9s
     0     0    0.00000    0  675    4.00000    0.00000   100%     -    9s
     0     0    0.00000    0  394    4.00000    0.00000   100%     -   10s
H    0     0                       3.0000000    0.00000   100%     -   10s
H    0     0                       2.0000000    0.00000   100%     -   10s
H    0     0                       1.0000000    0.00000   100%     -   10s
     0     0    0.00000    0  352    1.00000    0.00000   100%     -   10s
     0     0    0.00000    0  712    1.00000    0.00000   100%     -   10s
     0     0    0.00000    0  650    1.00000    0.00000   100%     -   10s
     0     0    0.00000    0  108    1.00000    0.00000   100%     -   11s
     0     0    0.00000    0  120    1.00000    0.00000   100%     -   11s
     0     0    0.00000    0  548    1.00000    0.00000   100%     -   11s
     0     0    0.00000    0  243    1.00000    0.00000   100%     -   11s
     0     0    0.00000    0  243    1.00000    0.00000   100%     -   11s
     0     0    0.00000    0  243    1.00000    0.00000   100%     -   11s
H    0     0                       0.0000000    0.00000  0.00%     -   12s
     0     0    0.00000    0  243    0.00000    0.00000  0.00%     -   12s

Cutting planes:
  Gomory: 1
  Cover: 8
  Implied bound: 98
  Clique: 37
  MIR: 14
  Flow cover: 37
  GUB cover: 5
  Zero half: 43
  RLT: 144
  Relax-and-lift: 208
  BQP: 4

Explored 1 nodes (116298 simplex iterations) in 12.36 seconds (18.85 work units)
Thread count was 1 (of 8 available processors)

Solution count 10: 0 1 2 ... 13

Optimal solution found (tolerance 0.00e+00)
Best objective 0.000000000000e+00, best bound 0.000000000000e+00, gap 0.0000%
    SAT | IdleRange(P*)=0 | time=12.585884s | config=R-DC-IRP-GRB-MIP
    Excel: /home/dclng566/projects/Business-Meeting-Scheduling-Problem/output/gurobi/table08_excel/ticf-13crafc.prec15.xlsx
Instance tic-12.prec15: 1 run(s)
[38/40] tic-12.prec15 | reduced | gurobi_mip | P=native_linear | G=distance_closure | n/a
Set parameter WLSAccessID
Set parameter WLSSecret
Set parameter LicenseID to value 2663665
Academic license 2663665 - for non-commercial use only - registered to tu___@vnu.edu.vn
Set parameter OutputFlag to value 1
Set parameter Threads to value 1
Set parameter Seed to value 0
Set parameter MIPGap to value 0
Set parameter MIPGapAbs to value 0
Set parameter TimeLimit to value 7.1996785431160006e+03
Gurobi Optimizer version 13.0.2 build v13.0.2rc1 (linux64 - "Ubuntu 22.04.5 LTS")

CPU model: INTEL(R) XEON(R) PLATINUM 8581C CPU @ 2.30GHz, instruction set [SSE2|AVX|AVX2|AVX512]
Thread count: 4 physical cores, 8 logical processors, using up to 1 threads

Non-default parameters:
TimeLimit  7.1996785431160006e+03
MIPGap  0
MIPGapAbs  0
Threads  1

Academic license 2663665 - for non-commercial use only - registered to tu___@vnu.edu.vn
Optimize a model with 2616 rows, 1925 columns and 11104 nonzeros (Min)
Model fingerprint: 0x01cff7fd
Model has 1 linear objective coefficients
Variable types: 0 continuous, 1925 integer (1883 binary)
Coefficient statistics:
  Matrix range     [1e+00, 7e+00]
  Objective range  [1e+00, 1e+00]
  Bounds range     [1e+00, 6e+00]
  RHS range        [1e+00, 2e+01]

Presolve removed 1828 rows and 775 columns
Presolve time: 0.02s
Presolved: 788 rows, 1150 columns, 4990 nonzeros
Variable types: 0 continuous, 1150 integer (1134 binary)

Root relaxation: objective 0.000000e+00, 1486 iterations, 0.04 seconds (0.06 work units)

    Nodes    |    Current Node    |     Objective Bounds      |     Work
 Expl Unexpl |  Obj  Depth IntInf | Incumbent    BestBd   Gap | It/Node Time

     0     0    0.00000    0  211          -    0.00000      -     -    0s
     0     0    0.00000    0  204          -    0.00000      -     -    0s
     0     0    0.00000    0  280          -    0.00000      -     -    0s
     0     0    0.00000    0  299          -    0.00000      -     -    0s
     0     0    0.00000    0  141          -    0.00000      -     -    0s
     0     0    0.00000    0  186          -    0.00000      -     -    0s
     0     0    0.00000    0  290          -    0.00000      -     -    0s
     0     0    0.00000    0  198          -    0.00000      -     -    0s
     0     0    0.00000    0  193          -    0.00000      -     -    0s
     0     0    0.00000    0  336          -    0.00000      -     -    0s
     0     0    0.00000    0  221          -    0.00000      -     -    0s
H    0     0                       1.0000000    0.00000   100%     -    0s
     0     0    0.00000    0  163    1.00000    0.00000   100%     -    0s
     0     0    0.00000    0  260    1.00000    0.00000   100%     -    0s
     0     0    0.00000    0   36    1.00000    0.00000   100%     -    0s
     0     0    0.00000    0  260    1.00000    0.00000   100%     -    0s
     0     0    0.00000    0  213    1.00000    0.00000   100%     -    0s
     0     0    0.00000    0  213    1.00000    0.00000   100%     -    0s
     0     0    0.00000    0   83    1.00000    0.00000   100%     -    0s
     0     2    0.00000    0   10    1.00000    0.00000   100%     -    0s
H  180     4                       0.0000000    0.00000  0.00%   166    3s

Cutting planes:
  Cover: 13
  Implied bound: 1
  Clique: 11
  MIR: 4
  Flow cover: 1
  GUB cover: 3
  Zero half: 1
  RLT: 11

Explored 181 nodes (48947 simplex iterations) in 3.14 seconds (3.83 work units)
Thread count was 1 (of 8 available processors)

Solution count 2: 0 1 

Optimal solution found (tolerance 0.00e+00)
Best objective 0.000000000000e+00, best bound 0.000000000000e+00, gap 0.0000%
    SAT | IdleRange(P*)=0 | time=3.209692s | config=R-DC-IRP-GRB-MIP
    Excel: /home/dclng566/projects/Business-Meeting-Scheduling-Problem/output/gurobi/table08_excel/tic-12.prec15.xlsx
Instance forum-13crafb.prec15: 1 run(s)
[39/40] forum-13crafb.prec15 | reduced | gurobi_mip | P=native_linear | G=distance_closure | n/a
Set parameter WLSAccessID
Set parameter WLSSecret
Set parameter LicenseID to value 2663665
Academic license 2663665 - for non-commercial use only - registered to tu___@vnu.edu.vn
Set parameter OutputFlag to value 1
Set parameter Threads to value 1
Set parameter Seed to value 0
Set parameter MIPGap to value 0
Set parameter MIPGapAbs to value 0
Set parameter TimeLimit to value 7.1996504453360012e+03
Gurobi Optimizer version 13.0.2 build v13.0.2rc1 (linux64 - "Ubuntu 22.04.5 LTS")

CPU model: INTEL(R) XEON(R) PLATINUM 8581C CPU @ 2.30GHz, instruction set [SSE2|AVX|AVX2|AVX512]
Thread count: 4 physical cores, 8 logical processors, using up to 1 threads

Non-default parameters:
TimeLimit  7.1996504453360012e+03
MIPGap  0
MIPGapAbs  0
Threads  1

Academic license 2663665 - for non-commercial use only - registered to tu___@vnu.edu.vn
Optimize a model with 9571 rows, 6727 columns and 38420 nonzeros (Min)
Model fingerprint: 0x189a5be9
Model has 1 linear objective coefficients
Variable types: 0 continuous, 6727 integer (6668 binary)
Coefficient statistics:
  Matrix range     [1e+00, 2e+01]
  Objective range  [1e+00, 1e+00]
  Bounds range     [1e+00, 2e+01]
  RHS range        [1e+00, 4e+01]

Presolve time: 0.00s

Explored 0 nodes (0 simplex iterations) in 0.00 seconds (0.00 work units)
Thread count was 1 (of 8 available processors)

Solution count 0

Model is infeasible
Best objective -, best bound -, gap -
    UNSAT | IdleRange(P*)=None | time=0.105334s | config=R-DC-IRP-GRB-MIP
    Excel: /home/dclng566/projects/Business-Meeting-Scheduling-Problem/output/gurobi/table08_excel/forum-13crafb.prec15.xlsx
Instance tic-13crafb.prec25: 1 run(s)
[40/40] tic-13crafb.prec25 | reduced | gurobi_mip | P=native_linear | G=distance_closure | n/a
Set parameter WLSAccessID
Set parameter WLSSecret
Set parameter LicenseID to value 2663665
Academic license 2663665 - for non-commercial use only - registered to tu___@vnu.edu.vn
Set parameter OutputFlag to value 1
Set parameter Threads to value 1
Set parameter Seed to value 0
Set parameter MIPGap to value 0
Set parameter MIPGapAbs to value 0
Set parameter TimeLimit to value 7.1996081208689993e+03
Gurobi Optimizer version 13.0.2 build v13.0.2rc1 (linux64 - "Ubuntu 22.04.5 LTS")

CPU model: INTEL(R) XEON(R) PLATINUM 8581C CPU @ 2.30GHz, instruction set [SSE2|AVX|AVX2|AVX512]
Thread count: 4 physical cores, 8 logical processors, using up to 1 threads

Non-default parameters:
TimeLimit  7.1996081208689993e+03
MIPGap  0
MIPGapAbs  0
Threads  1

Academic license 2663665 - for non-commercial use only - registered to tu___@vnu.edu.vn
Optimize a model with 3777 rows, 3021 columns and 18767 nonzeros (Min)
Model fingerprint: 0x671b7c10
Model has 1 linear objective coefficients
Variable types: 0 continuous, 3021 integer (2974 binary)
Coefficient statistics:
  Matrix range     [1e+00, 9e+00]
  Objective range  [1e+00, 1e+00]
  Bounds range     [1e+00, 8e+00]
  RHS range        [1e+00, 2e+01]

Presolve removed 1809 rows and 699 columns
Presolve time: 0.02s
Presolved: 1968 rows, 2322 columns, 11528 nonzeros
Variable types: 0 continuous, 2322 integer (2303 binary)

Root relaxation: objective 0.000000e+00, 3546 iterations, 0.20 seconds (0.33 work units)

    Nodes    |    Current Node    |     Objective Bounds      |     Work
 Expl Unexpl |  Obj  Depth IntInf | Incumbent    BestBd   Gap | It/Node Time

     0     0    0.00000    0  857          -    0.00000      -     -    0s
     0     0    0.00000    0  592          -    0.00000      -     -    0s
     0     0    0.00000    0  592          -    0.00000      -     -    0s
     0     0    0.00000    0  614          -    0.00000      -     -    0s
     0     0    0.00000    0  635          -    0.00000      -     -    1s
     0     0    0.00000    0  629          -    0.00000      -     -    1s
     0     0    0.00000    0  639          -    0.00000      -     -    1s
     0     0    0.00000    0  542          -    0.00000      -     -    1s
     0     0    0.00000    0  510          -    0.00000      -     -    1s
     0     0    0.00000    0  574          -    0.00000      -     -    1s
     0     0    0.00000    0  418          -    0.00000      -     -    2s
H    0     0                       2.0000000    0.00000   100%     -    2s
     0     0    0.00000    0  448    2.00000    0.00000   100%     -    2s
     0     0    0.00000    0  553    2.00000    0.00000   100%     -    2s
     0     0    0.00000    0  481    2.00000    0.00000   100%     -    2s
     0     0    0.00000    0  494    2.00000    0.00000   100%     -    2s
     0     0    0.00000    0  550    2.00000    0.00000   100%     -    2s
     0     0    0.00000    0  461    2.00000    0.00000   100%     -    2s
     0     0    0.00000    0  461    2.00000    0.00000   100%     -    2s
     0     0    0.00000    0  461    2.00000    0.00000   100%     -    3s
     0     2    0.00000    0  461    2.00000    0.00000   100%     -    3s
H    1     1                       1.0000000    0.00000   100%   0.0    3s
     5     7    0.00000    3  506    1.00000    0.00000   100%   670    7s
    47    49    0.00000   29  391    1.00000    0.00000   100%   592   10s
   263   138    0.00000   48  485    1.00000    0.00000   100%   364   15s
   285   154    0.00000   15  521    1.00000    0.00000   100%   516   20s
   371   212    0.00000   58  316    1.00000    0.00000   100%   559   25s
   581   276    0.00000   95  255    1.00000    0.00000   100%   486   30s
   882   334    0.00000  113  144    1.00000    0.00000   100%   398   35s
* 1156     9              92       0.0000000    0.00000  0.00%   349   38s

Cutting planes:
  Cover: 14
  Clique: 13
  MIR: 4
  StrongCG: 1
  Flow cover: 11
  GUB cover: 18
  RLT: 4
  Relax-and-lift: 3

Explored 1157 nodes (445782 simplex iterations) in 38.45 seconds (54.76 work units)
Thread count was 1 (of 8 available processors)

Solution count 3: 0 1 2 

Optimal solution found (tolerance 0.00e+00)
Best objective 0.000000000000e+00, best bound 0.000000000000e+00, gap 0.0000%
    SAT | IdleRange(P*)=0 | time=38.591492s | config=R-DC-IRP-GRB-MIP
    Excel: /home/dclng566/projects/Business-Meeting-Scheduling-Problem/output/gurobi/table08_excel/tic-13crafb.prec25.xlsx
Detailed CSV: /home/dclng566/projects/Business-Meeting-Scheduling-Problem/output/gurobi/table08_detailed.csv
Aggregate CSV: /home/dclng566/projects/Business-Meeting-Scheduling-Problem/output/gurobi/table08_aggregate.csv
Per-instance Excel directory: /home/dclng566/projects/Business-Meeting-Scheduling-Problem/output/gurobi/table08_excel
Completed with errors=0, timeouts=0.

Completed table08 successfully
Finished UTC: 2026-07-23 16:45:15

============================================================
ALL FOUR FOLDERS COMPLETED
Finished UTC: 2026-07-23 16:45:15
Output: /home/dclng566/projects/Business-Meeting-Scheduling-Problem/output/gurobi
============================================================
