instance,sat_result,status,runtime_s,n_vars,n_hard_clauses,n_soft_clauses,n_optimization_clauses,n_total_clauses,peak_memory_mb,memory_metric,solver,precedence_mode,staircase,encoding_variant,total_breaks,fairness_gap,participant_breaks,busy_participants_per_slot,assignment,schedule_by_slot,validation_errors,enabled_constraints,error_type,error_message,message_type,n_clauses,n_soft,total_clauses
forum-13.fixed020-Forb,UNSAT,UNSAT,0.973303,83796,193064,19,0,193083,150.98,peak_process_tree_rss_mb,maxsat,traditional,no,imp12+,,,,,,,,"domain reduction: sessions, fixed meetings, forbidden slots | precedence graph: transitive closure, cycle detection, arc-consistent bounds | (20),(22)-(27) exactly once over reduced domains | (19) participant atMost-one per slot | (46),(47) clustered table capacity with full channeling | (28) traditional pairwise precedence | usedSlot channeling + exact per-idle-slot break cost | (43) exactly |Mp| reduced usedSlot variables | (44) atMost 2|L| busy participants per slot | (45) exact even number of busy participants | exact unary total-break-slot counts and gap objective | (40) optional hard fairness cap: gap <= 2",,,result,193064,19,193083
forum-13.fixed040-Forb,UNSAT,UNSAT,0.770723,71500,164333,19,0,164352,142.781,peak_process_tree_rss_mb,maxsat,traditional,no,imp12+,,,,,,,,"domain reduction: sessions, fixed meetings, forbidden slots | precedence graph: transitive closure, cycle detection, arc-consistent bounds | (20),(22)-(27) exactly once over reduced domains | (19) participant atMost-one per slot | (46),(47) clustered table capacity with full channeling | (28) traditional pairwise precedence | usedSlot channeling + exact per-idle-slot break cost | (43) exactly |Mp| reduced usedSlot variables | (44) atMost 2|L| busy participants per slot | (45) exact even number of busy participants | exact unary total-break-slot counts and gap objective | (40) optional hard fairness cap: gap <= 2",,,result,164333,19,164352
forum-13.forb0003,SAT,OPTIMAL,3.15293,87066,207677,19,0,207696,177.195,peak_process_tree_rss_mb,maxsat,traditional,no,imp12+,0,0,"0,0,0,0,0,0,0,0,0,0,0,0,0,0,0,0,0,0,0,0,0,0,0,0,0,0,0,0,0,0,0,0,0,0,0,0,0,0,0,0,0,0,0,0,0,0,0,0,0,0,0,0,0,0,0,0,0,0,0,0,0,0,0,0,0,0,0,0,0,0","8,12,20,26,26,26,28,28,26,26,26,20,20,8,6,2,0,0,0,0,0","3,9,5,10,11,7,8,4,6,14,3,5,4,6,8,1,7,2,1,5,6,3,2,4,4,7,7,8,11,13,9,12,10,11,9,12,10,8,13,7,12,13,14,16,15,6,5,3,6,9,7,3,8,5,10,11,4,10,13,11,12,4,8,6,5,7,4,7,2,8,3,11,4,6,10,9,5,9,5,12,11,13,7,4,10,3,8,6,4,8,9,6,7,5,11,10,2,3,13,8,11,12,10,9,6,5,4,3,8,7,1,2,9,5,9,7,11,6,13,12,10,5,9,12,14,13,7,6,4,10,11,15,8,2,10,4,3,1,6,15,11,12,8,5,9,13,14,7,10,8,11,12,13,9",1:M16 M19 M111 M138 | 2:M18 M23 M69 M97 M112 M134 | 3:M1 M11 M22 M48 M52 M71 M86 M98 M108 M137 | 4:M8 M13 M24 M25 M57 M62 M67 M73 M84 M89 M107 M129 M136 | 5:M3 M12 M20 M47 M54 M65 M77 M79 M94 M106 M114 M122 M144 | 6:M9 M14 M21 M46 M49 M64 M74 M88 M92 M105 M118 M128 M139 | 7:M6 M17 M26 M27 M40 M51 M66 M68 M83 M93 M110 M116 M127 M148 | 8:M7 M15 M28 M38 M53 M63 M70 M87 M90 M100 M109 M133 M143 M150 | 9:M2 M31 M35 M50 M76 M78 M91 M104 M113 M115 M123 M145 M154 | 10:M4 M33 M37 M55 M58 M75 M85 M96 M103 M121 M130 M135 M149 | 11:M5 M29 M34 M56 M60 M72 M81 M95 M101 M117 M131 M141 M151 | 12:M32 M36 M41 M61 M80 M102 M120 M124 M142 M152 | 13:M30 M39 M42 M59 M82 M99 M119 M126 M146 M153 | 14:M10 M43 M125 M147 | 15:M45 M132 M140 | 16:M44 | 17: | 18: | 19: | 20: | 21:,,"domain reduction: sessions, fixed meetings, forbidden slots | precedence graph: transitive closure, cycle detection, arc-consistent bounds | (20),(22)-(27) exactly once over reduced domains | (19) participant atMost-one per slot | (46),(47) clustered table capacity with full channeling | (28) traditional pairwise precedence | usedSlot channeling + exact per-idle-slot break cost | (43) exactly |Mp| reduced usedSlot variables | (44) atMost 2|L| busy participants per slot | (45) exact even number of busy participants | exact unary total-break-slot counts and gap objective | (40) optional hard fairness cap: gap <= 2",,,result,207677,19,207696
forum-13.forb0007,SAT,OPTIMAL,3.615185,86926,207147,19,0,207166,176.801,peak_process_tree_rss_mb,maxsat,traditional,no,imp12+,0,0,"0,0,0,0,0,0,0,0,0,0,0,0,0,0,0,0,0,0,0,0,0,0,0,0,0,0,0,0,0,0,0,0,0,0,0,0,0,0,0,0,0,0,0,0,0,0,0,0,0,0,0,0,0,0,0,0,0,0,0,0,0,0,0,0,0,0,0,0,0,0","8,10,20,22,26,26,28,28,26,26,26,26,22,8,4,2,0,0,0,0,0","5,8,13,11,9,6,10,12,7,14,5,6,7,4,8,1,3,2,4,5,1,2,6,3,5,6,10,11,12,13,9,8,7,9,13,12,11,7,10,8,12,13,14,16,15,7,8,12,7,12,8,9,6,5,13,10,11,10,13,12,11,4,6,4,3,7,5,12,10,9,5,11,8,6,3,7,4,10,8,12,11,13,7,6,9,4,5,3,3,7,6,8,2,9,11,5,10,4,12,8,11,13,10,9,10,6,7,3,8,9,11,5,4,5,7,6,2,3,9,4,1,9,4,13,14,12,6,7,5,3,11,10,8,2,6,9,11,7,3,15,4,12,10,5,1,14,8,13,11,10,9,12,13,8",1:M16 M21 M121 M145 | 2:M18 M22 M93 M117 M134 | 3:M17 M24 M65 M75 M88 M89 M108 M118 M130 M139 | 4:M14 M19 M62 M64 M77 M86 M98 M113 M120 M123 M141 | 5:M1 M11 M20 M25 M54 M67 M71 M87 M96 M112 M114 M129 M144 | 6:M6 M12 M23 M26 M53 M63 M74 M84 M91 M106 M116 M127 M135 | 7:M9 M13 M33 M38 M46 M49 M66 M76 M83 M90 M107 M115 M128 M138 | 8:M2 M15 M32 M40 M47 M51 M73 M79 M92 M100 M109 M133 M147 M154 | 9:M5 M31 M34 M52 M70 M85 M94 M104 M110 M119 M122 M136 M151 | 10:M7 M27 M39 M56 M58 M69 M78 M97 M103 M105 M132 M143 M150 | 11:M4 M28 M37 M57 M61 M72 M81 M95 M101 M111 M131 M137 M149 | 12:M8 M29 M36 M41 M48 M50 M60 M68 M80 M99 M126 M142 M152 | 13:M3 M30 M35 M42 M55 M59 M82 M102 M124 M148 M153 | 14:M10 M43 M125 M146 | 15:M45 M140 | 16:M44 | 17: | 18: | 19: | 20: | 21:,,"domain reduction: sessions, fixed meetings, forbidden slots | precedence graph: transitive closure, cycle detection, arc-consistent bounds | (20),(22)-(27) exactly once over reduced domains | (19) participant atMost-one per slot | (46),(47) clustered table capacity with full channeling | (28) traditional pairwise precedence | usedSlot channeling + exact per-idle-slot break cost | (43) exactly |Mp| reduced usedSlot variables | (44) atMost 2|L| busy participants per slot | (45) exact even number of busy participants | exact unary total-break-slot counts and gap objective | (40) optional hard fairness cap: gap <= 2",,,result,207147,19,207166
forum-13crafb.fixed020-Forb,UNSAT,UNSAT,1.022415,85196,211478,20,0,211498,158.789,peak_process_tree_rss_mb,maxsat,traditional,no,imp12+,,,,,,,,"domain reduction: sessions, fixed meetings, forbidden slots | precedence graph: transitive closure, cycle detection, arc-consistent bounds | (20),(22)-(27) exactly once over reduced domains | (19) participant atMost-one per slot | (46),(47) clustered table capacity with full channeling | (28) traditional pairwise precedence | usedSlot channeling + exact per-idle-slot break cost | (43) exactly |Mp| reduced usedSlot variables | (44) atMost 2|L| busy participants per slot | (45) exact even number of busy participants | exact unary total-break-slot counts and gap objective | (40) optional hard fairness cap: gap <= 2",,,result,211478,20,211498
forum-13crafb.fixed040-Forb,UNSAT,UNSAT,0.879436,82699,198176,20,0,198196,143.449,peak_process_tree_rss_mb,maxsat,traditional,no,imp12+,,,,,,,,"domain reduction: sessions, fixed meetings, forbidden slots | precedence graph: transitive closure, cycle detection, arc-consistent bounds | (20),(22)-(27) exactly once over reduced domains | (19) participant atMost-one per slot | (46),(47) clustered table capacity with full channeling | (28) traditional pairwise precedence | usedSlot channeling + exact per-idle-slot break cost | (43) exactly |Mp| reduced usedSlot variables | (44) atMost 2|L| busy participants per slot | (45) exact even number of busy participants | exact unary total-break-slot counts and gap objective | (40) optional hard fairness cap: gap <= 2",,,result,198176,20,198196
forum-13crafb.forb0003,SAT,OPTIMAL,5.322803,103375,255716,20,0,255736,202.152,peak_process_tree_rss_mb,maxsat,traditional,no,imp12+,92,2,"2,2,2,1,0,0,2,1,2,2,0,2,2,2,2,2,2,2,2,2,0,2,2,0,2,2,0,2,2,2,2,0,2,0,0,2,1,2,2,2,2,2,2,2,1,0,1,0,0,0,1,0,2,2,0,2,0,2,2,1,2,0,2,2,2,1,0,0,0,0,0,0,0,0,0,2","2,6,8,14,18,18,24,24,26,28,26,28,28,28,28,24,16,16,12,8,4,4","6,14,11,9,10,8,7,10,16,11,9,5,12,7,15,13,10,14,18,17,13,12,16,10,9,11,16,13,3,5,11,10,11,19,16,7,2,15,3,17,13,14,6,18,18,13,15,6,8,7,20,4,14,17,11,8,5,9,7,10,13,10,12,15,14,19,16,18,17,13,5,6,4,9,2,15,10,12,8,11,7,11,12,9,14,16,15,9,12,8,9,15,13,20,16,19,18,13,17,21,22,15,14,15,12,14,16,16,14,15,8,9,19,9,6,16,10,7,12,8,11,5,4,15,14,15,13,18,11,7,4,10,3,13,14,15,17,19,6,5,21,22,20,9,12,13,8,7,12,17,13,12,14,9,16,8,14,15,19,11,17,10,18,10,5,2,9,4,7,6,11,1,12,8,3,10,5,14,4,11,16,8,20,18,7,12,13,6,4,7,5,12,8,6,10",1:M172 | 2:M37 M75 M166 | 3:M29 M39 M133 M175 | 4:M52 M73 M123 M131 M168 M179 M189 | 5:M12 M30 M57 M71 M122 M140 M165 M177 M191 | 6:M1 M43 M48 M72 M115 M139 M170 M188 M194 | 7:M7 M14 M36 M50 M59 M81 M118 M130 M148 M169 M185 M190 | 8:M6 M49 M56 M79 M90 M111 M120 M147 M156 M174 M182 M193 | 9:M4 M11 M25 M58 M74 M84 M88 M91 M112 M114 M144 M154 M167 | 10:M5 M8 M17 M24 M32 M60 M62 M77 M117 M132 M162 M164 M176 M195 | 11:M3 M10 M26 M31 M33 M55 M80 M82 M121 M129 M160 M171 M180 | 12:M13 M22 M63 M78 M83 M89 M105 M119 M145 M149 M152 M173 M186 M192 | 13:M16 M21 M28 M41 M46 M61 M70 M93 M98 M127 M134 M146 M151 M187 | 14:M2 M18 M42 M53 M65 M85 M103 M106 M109 M125 M135 M153 M157 M178 | 15:M15 M38 M47 M64 M76 M87 M92 M102 M104 M110 M124 M126 M136 M158 | 16:M9 M23 M27 M35 M67 M86 M95 M107 M108 M116 M155 M181 | 17:M20 M40 M54 M69 M99 M137 M150 M161 | 18:M19 M44 M45 M68 M97 M128 M163 M184 | 19:M34 M66 M96 M113 M138 M159 | 20:M51 M94 M143 M183 | 21:M100 M141 | 22:M101 M142,,"domain reduction: sessions, fixed meetings, forbidden slots | precedence graph: transitive closure, cycle detection, arc-consistent bounds | (20),(22)-(27) exactly once over reduced domains | (19) participant atMost-one per slot | (46),(47) clustered table capacity with full channeling | (28) traditional pairwise precedence | usedSlot channeling + exact per-idle-slot break cost | (43) exactly |Mp| reduced usedSlot variables | (44) atMost 2|L| busy participants per slot | (45) exact even number of busy participants | exact unary total-break-slot counts and gap objective | (40) optional hard fairness cap: gap <= 2",,,result,255716,20,255736
forum-13crafb.forb0007,SAT,OPTIMAL,4.634725,103244,254937,20,0,254957,200.0,peak_process_tree_rss_mb,maxsat,traditional,no,imp12+,88,2,"2,2,2,2,0,0,2,0,2,2,0,2,1,2,2,1,2,2,2,2,1,2,2,0,2,2,0,2,2,2,2,2,1,0,0,2,2,2,2,2,2,2,1,2,1,0,2,0,0,0,2,0,1,0,0,2,0,2,1,0,2,0,1,2,2,2,0,0,0,0,0,0,0,0,0,1","2,6,10,10,14,16,24,22,28,28,26,28,28,28,28,26,22,14,12,12,4,2","8,8,9,11,10,12,9,11,13,9,15,11,10,7,17,15,12,16,17,15,13,10,16,7,12,9,15,12,3,2,12,10,10,20,17,12,7,14,6,18,17,10,5,15,17,16,13,9,11,12,19,4,14,20,5,8,10,13,15,14,14,10,11,16,15,20,17,18,13,9,11,6,3,10,4,18,12,5,8,9,7,11,9,12,15,16,17,7,7,11,8,14,11,19,18,16,20,14,17,21,22,15,13,14,13,16,15,11,12,7,8,6,14,8,7,6,11,4,12,9,10,5,3,13,13,16,14,18,10,9,4,3,2,12,13,20,21,16,8,15,6,5,19,7,14,16,17,18,19,15,14,13,16,9,13,15,14,12,20,11,16,17,19,7,5,2,12,4,6,8,9,1,11,10,3,15,5,17,6,9,16,10,19,14,18,13,8,7,10,7,6,14,8,13,9",1:M172 | 2:M30 M133 M166 | 3:M29 M73 M123 M132 M175 | 4:M52 M75 M118 M131 M168 | 5:M43 M55 M78 M122 M142 M165 M177 | 6:M39 M72 M112 M116 M141 M169 M179 M191 | 7:M14 M24 M37 M81 M88 M89 M110 M115 M144 M164 M188 M190 | 8:M1 M2 M56 M79 M91 M111 M114 M139 M170 M187 M193 | 9:M3 M7 M10 M26 M48 M70 M80 M83 M120 M130 M154 M171 M180 M195 | 10:M5 M13 M22 M32 M33 M42 M57 M62 M74 M121 M129 M174 M182 M189 | 11:M4 M8 M12 M49 M63 M71 M82 M90 M93 M108 M117 M160 M173 | 12:M6 M17 M25 M28 M31 M36 M50 M77 M84 M109 M119 M134 M158 M167 | 13:M9 M21 M47 M58 M69 M103 M105 M124 M125 M135 M152 M155 M186 M194 | 14:M38 M53 M60 M61 M92 M98 M104 M113 M127 M145 M151 M157 M184 M192 | 15:M11 M16 M20 M27 M44 M59 M65 M85 M102 M107 M140 M150 M156 M176 | 16:M18 M23 M46 M64 M86 M96 M106 M126 M138 M146 M153 M161 M181 | 17:M15 M19 M35 M41 M45 M67 M87 M99 M147 M162 M178 | 18:M40 M68 M76 M95 M128 M148 M185 | 19:M51 M94 M143 M149 M163 M183 | 20:M34 M54 M66 M97 M136 M159 | 21:M100 M137 | 22:M101,,"domain reduction: sessions, fixed meetings, forbidden slots | precedence graph: transitive closure, cycle detection, arc-consistent bounds | (20),(22)-(27) exactly once over reduced domains | (19) participant atMost-one per slot | (46),(47) clustered table capacity with full channeling | (28) traditional pairwise precedence | usedSlot channeling + exact per-idle-slot break cost | (43) exactly |Mp| reduced usedSlot variables | (44) atMost 2|L| busy participants per slot | (45) exact even number of busy participants | exact unary total-break-slot counts and gap objective | (40) optional hard fairness cap: gap <= 2",,,result,254937,20,254957
forum-13crafc.fixed020-Forb,UNSAT,UNSAT,0.971022,83930,193384,19,0,193403,152.266,peak_process_tree_rss_mb,maxsat,traditional,no,imp12+,,,,,,,,"domain reduction: sessions, fixed meetings, forbidden slots | precedence graph: transitive closure, cycle detection, arc-consistent bounds | (20),(22)-(27) exactly once over reduced domains | (19) participant atMost-one per slot | (46),(47) clustered table capacity with full channeling | (28) traditional pairwise precedence | usedSlot channeling + exact per-idle-slot break cost | (43) exactly |Mp| reduced usedSlot variables | (44) atMost 2|L| busy participants per slot | (45) exact even number of busy participants | exact unary total-break-slot counts and gap objective | (40) optional hard fairness cap: gap <= 2",,,result,193384,19,193403
forum-13crafc.fixed040-Forb,UNSAT,UNSAT,0.842475,71658,164701,19,0,164720,148.023,peak_process_tree_rss_mb,maxsat,traditional,no,imp12+,,,,,,,,"domain reduction: sessions, fixed meetings, forbidden slots | precedence graph: transitive closure, cycle detection, arc-consistent bounds | (20),(22)-(27) exactly once over reduced domains | (19) participant atMost-one per slot | (46),(47) clustered table capacity with full channeling | (28) traditional pairwise precedence | usedSlot channeling + exact per-idle-slot break cost | (43) exactly |Mp| reduced usedSlot variables | (44) atMost 2|L| busy participants per slot | (45) exact even number of busy participants | exact unary total-break-slot counts and gap objective | (40) optional hard fairness cap: gap <= 2",,,result,164701,19,164720
forum-13crafc.forb0003,SAT,OPTIMAL,64.838573,87196,207989,19,0,208008,241.238,peak_process_tree_rss_mb,maxsat,traditional,no,imp12+,48,1,"1,0,1,1,0,1,1,1,1,1,1,1,1,1,1,0,0,1,1,0,0,0,0,1,1,0,1,0,1,1,1,1,1,1,1,1,1,0,1,0,1,1,0,1,1,1,1,1,1,1,0,1,1,0,0,1,0,0,1,1,0,1,1,1,1,1,0,0,0,1","8,14,18,24,24,24,24,24,24,24,24,24,20,14,6,6,4,2,0,0,0","2,7,3,4,11,6,9,5,8,14,13,14,15,12,18,17,16,10,5,6,4,3,9,7,12,11,6,2,5,9,3,4,8,11,6,13,7,8,12,10,13,12,14,17,16,9,7,4,2,5,9,8,7,1,4,6,3,7,10,6,8,12,9,12,14,11,13,6,7,4,11,2,10,9,5,1,3,8,4,10,12,13,6,3,9,11,5,2,4,8,10,12,5,14,11,9,7,13,13,12,11,10,9,8,5,10,12,9,13,8,6,11,4,10,5,8,3,1,4,7,2,13,9,15,14,7,10,12,4,3,11,5,6,3,10,1,8,11,15,16,6,4,5,13,2,12,7,14,10,7,6,11,5,8",1:M54 M76 M118 M136 | 2:M1 M28 M49 M72 M88 M121 M145 | 3:M3 M22 M31 M57 M77 M84 M117 M130 M134 | 4:M4 M21 M32 M48 M55 M70 M79 M89 M113 M119 M129 M142 | 5:M8 M19 M29 M50 M75 M87 M93 M105 M115 M132 M143 M153 | 6:M6 M20 M27 M35 M56 M60 M68 M83 M111 M133 M141 M151 | 7:M2 M24 M37 M47 M53 M58 M69 M97 M120 M126 M147 M150 | 8:M9 M33 M38 M52 M61 M78 M90 M104 M110 M116 M137 M154 | 9:M7 M23 M30 M46 M51 M63 M74 M85 M96 M103 M108 M123 | 10:M18 M40 M59 M73 M80 M91 M102 M106 M114 M127 M135 M149 | 11:M5 M26 M34 M66 M71 M86 M95 M101 M112 M131 M138 M152 | 12:M14 M25 M39 M42 M62 M64 M81 M92 M100 M107 M128 M146 | 13:M11 M36 M41 M67 M82 M98 M99 M109 M122 M144 | 14:M10 M12 M43 M65 M94 M125 M148 | 15:M13 M124 M139 | 16:M17 M45 M140 | 17:M16 M44 | 18:M15 | 19: | 20: | 21:,,"domain reduction: sessions, fixed meetings, forbidden slots | precedence graph: transitive closure, cycle detection, arc-consistent bounds | (20),(22)-(27) exactly once over reduced domains | (19) participant atMost-one per slot | (46),(47) clustered table capacity with full channeling | (28) traditional pairwise precedence | usedSlot channeling + exact per-idle-slot break cost | (43) exactly |Mp| reduced usedSlot variables | (44) atMost 2|L| busy participants per slot | (45) exact even number of busy participants | exact unary total-break-slot counts and gap objective | (40) optional hard fairness cap: gap <= 2",,,result,207989,19,208008
forum-13crafc.forb0007,SAT,OPTIMAL,19.140097,87058,207463,19,0,207482,212.09,peak_process_tree_rss_mb,maxsat,traditional,no,imp12+,52,1,"1,1,1,1,1,1,1,1,1,0,1,1,1,1,1,0,0,1,1,0,0,0,1,1,1,1,1,0,1,1,1,1,1,1,1,1,1,1,1,1,1,0,0,1,1,1,1,1,1,0,0,0,1,1,0,1,1,0,1,1,0,1,1,1,1,1,0,0,0,1","6,16,22,24,22,24,24,24,22,24,24,24,22,12,6,4,4,2,2,0,0","7,6,2,4,9,5,8,11,3,14,11,15,14,12,19,18,17,13,5,2,4,3,7,8,8,11,4,1,3,8,2,6,5,9,6,10,7,13,12,11,13,12,14,15,16,8,9,4,3,9,1,10,6,2,5,4,7,6,10,7,8,10,12,13,11,14,9,6,12,5,13,10,7,11,3,8,4,13,6,10,11,12,9,4,5,7,3,2,9,7,4,13,3,6,11,10,5,12,10,12,8,13,7,9,4,7,12,11,9,6,3,8,5,10,9,6,5,2,4,3,1,11,4,12,13,6,14,10,3,2,9,5,8,6,5,3,14,12,7,13,8,11,10,16,4,15,2,17,12,7,11,13,8,10",1:M28 M51 M121 | 2:M3 M20 M31 M54 M88 M118 M130 M147 | 3:M9 M22 M29 M49 M75 M87 M93 M111 M120 M129 M136 | 4:M4 M21 M27 M48 M56 M77 M84 M91 M105 M119 M123 M145 | 5:M6 M19 M33 M55 M70 M85 M97 M113 M117 M132 M135 | 6:M2 M32 M35 M53 M58 M68 M79 M94 M110 M116 M126 M134 | 7:M1 M23 M37 M57 M60 M73 M86 M90 M103 M106 M139 M150 | 8:M7 M24 M25 M30 M46 M61 M76 M101 M112 M133 M141 M153 | 9:M5 M34 M47 M50 M67 M83 M89 M104 M109 M115 M131 | 10:M36 M52 M59 M62 M72 M80 M96 M99 M114 M128 M143 M154 | 11:M8 M11 M26 M40 M65 M74 M81 M95 M108 M122 M142 M151 | 12:M14 M39 M42 M63 M69 M82 M98 M100 M107 M124 M138 M149 | 13:M18 M38 M41 M64 M71 M78 M92 M102 M125 M140 M152 | 14:M10 M13 M43 M66 M127 M137 | 15:M12 M44 M146 | 16:M45 M144 | 17:M17 M148 | 18:M16 | 19:M15 | 20: | 21:,,"domain reduction: sessions, fixed meetings, forbidden slots | precedence graph: transitive closure, cycle detection, arc-consistent bounds | (20),(22)-(27) exactly once over reduced domains | (19) participant atMost-one per slot | (46),(47) clustered table capacity with full channeling | (28) traditional pairwise precedence | usedSlot channeling + exact per-idle-slot break cost | (43) exactly |Mp| reduced usedSlot variables | (44) atMost 2|L| busy participants per slot | (45) exact even number of busy participants | exact unary total-break-slot counts and gap objective | (40) optional hard fairness cap: gap <= 2",,,result,207463,19,207482
forum-14.fixed020-Forb,UNSAT,UNSAT,1.595038,136761,330935,20,0,330955,204.961,peak_process_tree_rss_mb,maxsat,traditional,no,imp12+,,,,,,,,"domain reduction: sessions, fixed meetings, forbidden slots | precedence graph: transitive closure, cycle detection, arc-consistent bounds | (20),(22)-(27) exactly once over reduced domains | (19) participant atMost-one per slot | (46),(47) clustered table capacity with full channeling | (28) traditional pairwise precedence | usedSlot channeling + exact per-idle-slot break cost | (43) exactly |Mp| reduced usedSlot variables | (44) atMost 2|L| busy participants per slot | (45) exact even number of busy participants | exact unary total-break-slot counts and gap objective | (40) optional hard fairness cap: gap <= 2",,,result,330935,20,330955
forum-14.fixed040-Forb,UNSAT,UNSAT,1.447788,127313,295445,20,0,295465,188.871,peak_process_tree_rss_mb,maxsat,traditional,no,imp12+,,,,,,,,"domain reduction: sessions, fixed meetings, forbidden slots | precedence graph: transitive closure, cycle detection, arc-consistent bounds | (20),(22)-(27) exactly once over reduced domains | (19) participant atMost-one per slot | (46),(47) clustered table capacity with full channeling | (28) traditional pairwise precedence | usedSlot channeling + exact per-idle-slot break cost | (43) exactly |Mp| reduced usedSlot variables | (44) atMost 2|L| busy participants per slot | (45) exact even number of busy participants | exact unary total-break-slot counts and gap objective | (40) optional hard fairness cap: gap <= 2",,,result,295445,20,295465
forum-14.forb0003,SAT,OPTIMAL,29.369805,154582,393455,20,0,393475,262.367,peak_process_tree_rss_mb,maxsat,traditional,no,imp12+,0,0,"0,0,0,0,0,0,0,0,0,0,0,0,0,0,0,0,0,0,0,0,0,0,0,0,0,0,0,0,0,0,0,0,0,0,0,0,0,0,0,0,0,0,0,0,0,0,0,0,0,0,0,0,0,0,0,0,0,0,0,0,0,0,0,0,0,0,0,0,0,0,0,0,0,0,0,0,0,0","10,18,22,28,32,34,36,40,44,40,44,44,42,38,34,26,22,16,12,10,8,4","8,6,12,13,9,16,12,14,13,15,13,12,6,8,11,2,5,7,1,3,14,17,12,8,5,7,10,9,14,7,10,18,15,5,7,19,13,6,14,12,20,17,9,14,13,16,9,12,17,6,5,12,4,6,10,8,11,8,16,13,20,15,18,14,12,8,11,16,14,15,13,22,21,18,17,16,5,18,4,10,6,7,14,9,19,13,3,15,4,5,16,17,11,9,12,11,20,21,19,15,17,3,10,4,7,8,9,6,11,17,9,13,14,16,5,6,10,2,9,7,11,8,12,6,9,7,12,4,5,8,10,8,13,11,15,7,10,16,6,18,9,4,6,3,2,9,4,7,1,5,13,10,8,17,15,14,9,2,4,6,3,5,15,11,14,3,20,6,21,18,13,16,19,8,14,3,8,15,13,5,11,4,16,2,7,11,13,7,8,10,9,12,15,14,10,9,11,13,10,14,11,13,17,15,12,16,2,11,9,3,4,6,12,7,5,10,8,11,19,15,1,7,22,9,21,16,20,17,12,10,2,14,6,18,5,8,4,13,3,7,11,9,10,8,9,12,10,14,13,11,16,15,10,12,15,11,13,14,11,9,6,10,4,3,1,5,7,8,12,2,15,12,13,14,11,10,5,11,7,4,9,12,8,14,12,15,13,17,19,18,9,8,5,10,2,11,12,7,1,3,4,6",1:M19 M149 M221 M265 M299 | 2:M16 M118 M145 M158 M184 M207 M231 M270 M295 | 3:M20 M87 M102 M144 M161 M166 M176 M210 M239 M264 M300 | 4:M53 M79 M89 M104 M128 M142 M147 M159 M182 M211 M237 M263 M280 M301 | 5:M17 M25 M34 M51 M77 M90 M115 M129 M150 M162 M180 M215 M235 M266 M277 M293 | 6:M2 M13 M38 M50 M54 M81 M108 M116 M124 M139 M143 M160 M168 M212 M233 M261 M302 | 7:M18 M26 M30 M35 M82 M105 M120 M126 M136 M148 M185 M188 M214 M222 M240 M267 M279 M298 | 8:M1 M14 M24 M56 M58 M66 M106 M122 M130 M132 M153 M174 M177 M189 M217 M236 M244 M268 M283 M292 | 9:M5 M28 M43 M47 M84 M94 M107 M111 M119 M125 M141 M146 M157 M191 M196 M209 M224 M242 M245 M260 M281 M291 | 10:M27 M31 M55 M80 M103 M117 M131 M137 M152 M190 M195 M199 M216 M230 M243 M247 M253 M262 M276 M294 | 11:M15 M57 M67 M93 M96 M109 M121 M134 M164 M181 M186 M197 M201 M208 M218 M241 M250 M256 M259 M275 M278 M296 | 12:M3 M7 M12 M23 M40 M48 M52 M65 M95 M123 M127 M192 M205 M213 M229 M246 M254 M269 M272 M282 M285 M297 | 13:M4 M9 M11 M37 M45 M60 M71 M86 M112 M133 M151 M171 M179 M187 M198 M202 M238 M249 M257 M273 M287 | 14:M8 M21 M29 M39 M44 M64 M69 M83 M113 M156 M165 M175 M194 M200 M232 M248 M258 M274 M284 | 15:M10 M33 M62 M70 M88 M100 M135 M155 M163 M178 M193 M204 M220 M252 M255 M271 M286 | 16:M6 M46 M59 M68 M76 M91 M114 M138 M172 M183 M206 M226 M251 | 17:M22 M42 M49 M75 M92 M101 M110 M154 M203 M228 M288 | 18:M32 M63 M74 M78 M140 M170 M234 M290 | 19:M36 M85 M99 M173 M219 M289 | 20:M41 M61 M97 M167 M227 | 21:M73 M98 M169 M225 | 22:M72 M223,,"domain reduction: sessions, fixed meetings, forbidden slots | precedence graph: transitive closure, cycle detection, arc-consistent bounds | (20),(22)-(27) exactly once over reduced domains | (19) participant atMost-one per slot | (46),(47) clustered table capacity with full channeling | (28) traditional pairwise precedence | usedSlot channeling + exact per-idle-slot break cost | (43) exactly |Mp| reduced usedSlot variables | (44) atMost 2|L| busy participants per slot | (45) exact even number of busy participants | exact unary total-break-slot counts and gap objective | (40) optional hard fairness cap: gap <= 2",,,result,393455,20,393475
forum-14.forb0007,UNSAT,UNSAT,1.823078,154208,391112,20,0,391132,212.742,peak_process_tree_rss_mb,maxsat,traditional,no,imp12+,,,,,,,,"domain reduction: sessions, fixed meetings, forbidden slots | precedence graph: transitive closure, cycle detection, arc-consistent bounds | (20),(22)-(27) exactly once over reduced domains | (19) participant atMost-one per slot | (46),(47) clustered table capacity with full channeling | (28) traditional pairwise precedence | usedSlot channeling + exact per-idle-slot break cost | (43) exactly |Mp| reduced usedSlot variables | (44) atMost 2|L| busy participants per slot | (45) exact even number of busy participants | exact unary total-break-slot counts and gap objective | (40) optional hard fairness cap: gap <= 2",,,result,391112,20,391132
forumt-14.fixed020-Forb,SAT,OPTIMAL,0.35713,25751,68005,7,0,68012,111.336,peak_process_tree_rss_mb,maxsat,traditional,no,imp12+,49,2,"0,0,0,1,2,0,0,2,1,0,1,0,2,0,0,0,2,2,0,0,0,1,0,0,0,0,2,2,0,2,2,2,0,0,2,1,0,0,2,0,0,0,0,0,2,0,2,2,0,2,1,0,1,0,2,2,2,1,1,2","46,50,50,54,48,44,48,46,44,44","2,9,8,10,5,7,1,6,5,4,1,5,7,2,9,10,4,8,8,4,5,1,7,6,1,8,9,3,8,1,8,6,10,9,3,8,2,10,5,9,10,3,4,6,9,2,7,3,2,9,8,5,10,7,6,3,9,2,4,10,5,8,6,4,5,3,1,2,9,10,10,6,5,9,7,1,3,6,2,1,5,9,10,4,7,8,2,4,3,1,8,7,7,6,9,10,2,4,2,4,7,6,9,5,1,5,10,8,2,1,8,3,4,8,9,7,4,1,3,2,10,2,8,1,4,6,3,8,7,9,3,4,8,3,4,1,5,6,10,7,9,7,3,8,1,6,7,3,4,2,4,9,3,6,2,1,5,8,7,10,8,10,2,3,7,9,1,4,6,6,10,3,5,2,6,5,3,10,8,1,2,7,3,4,5,2,10,6,3,5,4,9,4,4,1,3,9,2,7,5,2,1,2,5,4,6,10,9,7,8,6,7,4,10,1,5,4,7,1,9,3,5,7,2,4,1,6,10,8,6,5,7,3,2,5,3,4",1:M7 M11 M22 M25 M30 M67 M76 M80 M90 M105 M110 M118 M124 M136 M145 M156 M167 M180 M195 M202 M215 M219 M226 | 2:M1 M14 M37 M46 M49 M58 M68 M79 M87 M97 M99 M109 M120 M122 M150 M155 M163 M174 M181 M186 M198 M201 M203 M224 M234 | 3:M28 M35 M42 M48 M56 M66 M77 M89 M112 M119 M127 M131 M134 M143 M148 M153 M164 M172 M177 M183 M189 M196 M221 M233 M236 | 4:M10 M17 M20 M43 M59 M64 M84 M88 M98 M100 M113 M117 M125 M132 M135 M149 M151 M168 M184 M191 M193 M194 M205 M213 M217 M225 M237 | 5:M5 M9 M12 M21 M39 M52 M61 M65 M73 M81 M104 M106 M137 M157 M173 M176 M185 M190 M200 M204 M216 M222 M231 M235 | 6:M8 M24 M32 M44 M55 M63 M72 M78 M94 M102 M126 M138 M146 M154 M169 M170 M175 M188 M206 M211 M227 M230 | 7:M6 M13 M23 M47 M54 M75 M85 M92 M93 M101 M116 M129 M140 M142 M147 M159 M165 M182 M199 M209 M212 M218 M223 M232 | 8:M3 M18 M19 M26 M29 M31 M36 M51 M62 M86 M91 M108 M111 M114 M123 M128 M133 M144 M158 M161 M179 M210 M229 | 9:M2 M15 M27 M34 M40 M45 M50 M57 M69 M74 M82 M95 M103 M115 M130 M141 M152 M166 M192 M197 M208 M220 | 10:M4 M16 M33 M38 M41 M53 M60 M70 M71 M83 M96 M107 M121 M139 M160 M162 M171 M178 M187 M207 M214 M228,,"domain reduction: sessions, fixed meetings, forbidden slots | precedence graph: transitive closure, cycle detection, arc-consistent bounds | (20),(22)-(27) exactly once over reduced domains | (19) participant atMost-one per slot | (46),(47) clustered table capacity with full channeling | (28) traditional pairwise precedence | usedSlot channeling + exact per-idle-slot break cost | (43) exactly |Mp| reduced usedSlot variables | (44) atMost 2|L| busy participants per slot | (45) exact even number of busy participants | exact unary total-break-slot counts and gap objective | (40) optional hard fairness cap: gap <= 2",,,result,68005,7,68012
forumt-14.fixed040-Forb,UNSAT,UNSAT,0.267759,23427,57938,7,0,57945,100.953,peak_process_tree_rss_mb,maxsat,traditional,no,imp12+,,,,,,,,"domain reduction: sessions, fixed meetings, forbidden slots | precedence graph: transitive closure, cycle detection, arc-consistent bounds | (20),(22)-(27) exactly once over reduced domains | (19) participant atMost-one per slot | (46),(47) clustered table capacity with full channeling | (28) traditional pairwise precedence | usedSlot channeling + exact per-idle-slot break cost | (43) exactly |Mp| reduced usedSlot variables | (44) atMost 2|L| busy participants per slot | (45) exact even number of busy participants | exact unary total-break-slot counts and gap objective | (40) optional hard fairness cap: gap <= 2",,,result,57938,7,57945
forumt-14.forb0003,SAT,OPTIMAL,0.559607,28214,80923,7,0,80930,119.953,peak_process_tree_rss_mb,maxsat,traditional,no,imp12+,0,0,"0,0,0,0,0,0,0,0,0,0,0,0,0,0,0,0,0,0,0,0,0,0,0,0,0,0,0,0,0,0,0,0,0,0,0,0,0,0,0,0,0,0,0,0,0,0,0,0,0,0,0,0,0,0,0,0,0,0,0,0","30,40,48,52,54,54,54,54,46,42","7,3,1,2,6,5,4,8,1,8,2,9,3,7,10,8,4,6,7,9,8,6,5,2,9,7,8,10,3,2,1,5,9,2,7,8,9,4,1,3,9,1,5,7,6,4,2,2,4,8,9,10,5,10,9,8,3,4,6,5,2,5,7,6,10,8,1,9,4,3,6,4,7,10,8,3,7,1,4,5,10,6,9,2,3,8,5,6,8,10,7,9,8,10,6,4,7,5,10,6,2,7,5,8,3,4,2,3,4,9,3,10,6,4,7,1,6,8,9,5,2,4,6,5,4,7,3,6,8,5,10,4,3,10,9,7,8,6,1,5,2,3,10,7,8,6,1,6,7,8,4,8,7,10,2,1,5,3,6,9,10,5,4,7,1,2,3,6,8,10,5,6,9,9,4,7,3,10,1,9,8,8,9,4,6,3,2,3,5,4,1,6,3,7,8,5,2,3,4,10,5,5,6,3,4,7,9,8,2,1,7,6,9,5,2,5,7,3,4,4,3,10,5,9,8,6,7,2,5,7,9,8,10,6,5,7,4",1:M3 M9 M31 M39 M42 M67 M78 M116 M139 M147 M156 M165 M179 M191 M210 | 2:M4 M11 M24 M30 M34 M47 M48 M61 M84 M101 M107 M121 M141 M155 M166 M187 M197 M209 M215 M228 | 3:M2 M13 M29 M40 M57 M70 M76 M85 M105 M108 M111 M127 M133 M142 M158 M167 M177 M186 M188 M193 M198 M204 M218 M221 | 4:M7 M17 M38 M46 M49 M58 M69 M72 M79 M96 M106 M109 M114 M122 M125 M132 M151 M163 M175 M184 M190 M199 M205 M219 M220 M237 | 5:M6 M23 M32 M43 M53 M60 M62 M80 M87 M98 M103 M120 M124 M130 M140 M157 M162 M171 M189 M196 M201 M202 M214 M216 M223 M229 M235 | 6:M5 M18 M22 M45 M59 M64 M71 M82 M88 M95 M100 M113 M117 M123 M128 M138 M146 M148 M159 M168 M172 M185 M192 M203 M212 M226 M234 | 7:M1 M14 M19 M26 M35 M44 M63 M73 M77 M91 M97 M102 M115 M126 M136 M144 M149 M153 M164 M176 M194 M206 M211 M217 M227 M230 M236 | 8:M8 M10 M16 M21 M27 M36 M50 M56 M66 M75 M86 M89 M93 M104 M118 M129 M137 M145 M150 M152 M169 M181 M182 M195 M208 M225 M232 | 9:M12 M20 M25 M33 M37 M41 M51 M55 M68 M83 M92 M110 M119 M135 M160 M173 M174 M180 M183 M207 M213 M224 M231 | 10:M15 M28 M52 M54 M65 M74 M81 M90 M94 M99 M112 M131 M134 M143 M154 M161 M170 M178 M200 M222 M233,,"domain reduction: sessions, fixed meetings, forbidden slots | precedence graph: transitive closure, cycle detection, arc-consistent bounds | (20),(22)-(27) exactly once over reduced domains | (19) participant atMost-one per slot | (46),(47) clustered table capacity with full channeling | (28) traditional pairwise precedence | usedSlot channeling + exact per-idle-slot break cost | (43) exactly |Mp| reduced usedSlot variables | (44) atMost 2|L| busy participants per slot | (45) exact even number of busy participants | exact unary total-break-slot counts and gap objective | (40) optional hard fairness cap: gap <= 2",,,result,80923,7,80930
forumt-14.forb0007,UNSAT,UNSAT,0.332872,28102,80344,7,0,80351,108.359,peak_process_tree_rss_mb,maxsat,traditional,no,imp12+,,,,,,,,"domain reduction: sessions, fixed meetings, forbidden slots | precedence graph: transitive closure, cycle detection, arc-consistent bounds | (20),(22)-(27) exactly once over reduced domains | (19) participant atMost-one per slot | (46),(47) clustered table capacity with full channeling | (28) traditional pairwise precedence | usedSlot channeling + exact per-idle-slot break cost | (43) exactly |Mp| reduced usedSlot variables | (44) atMost 2|L| busy participants per slot | (45) exact even number of busy participants | exact unary total-break-slot counts and gap objective | (40) optional hard fairness cap: gap <= 2",,,result,80344,7,80351
forumt-14crafc.fixed020-Forb,SAT,OPTIMAL,0.398506,26013,68569,7,0,68576,112.094,peak_process_tree_rss_mb,maxsat,traditional,no,imp12+,48,2,"0,0,2,1,2,0,0,0,1,0,0,0,2,0,0,0,2,2,0,0,0,1,0,0,0,0,2,2,0,2,1,2,0,2,2,0,0,0,2,0,0,0,0,0,1,0,2,2,1,2,1,0,0,0,2,2,2,1,2,2","40,44,48,50,48,48,50,50,48,48","3,2,6,5,8,7,1,10,5,2,6,7,3,8,2,10,4,9,6,4,6,10,7,10,2,3,9,8,9,1,8,7,10,2,9,4,2,7,5,9,10,3,2,6,4,7,8,3,4,9,1,5,8,10,6,8,9,2,4,7,5,3,6,1,9,5,7,2,4,10,8,1,5,9,4,10,3,7,2,9,5,6,1,4,10,8,4,6,3,1,8,2,2,6,10,7,3,4,1,4,6,7,8,9,5,3,8,5,4,7,2,3,6,2,4,7,10,1,3,5,8,3,4,9,4,9,7,8,6,10,1,10,5,8,4,3,9,7,1,6,10,7,9,8,2,6,4,8,5,7,1,9,5,2,7,6,3,8,10,4,8,5,1,3,10,6,9,4,2,6,9,3,5,6,8,5,10,1,3,1,3,7,9,4,10,2,10,6,8,3,5,9,10,2,4,1,9,8,7,5,6,6,5,4,2,3,10,9,7,1,10,7,6,5,1,8,4,7,1,3,2,5,6,9,4,1,7,10,8,5,9,7,3,5,8,3,2",1:M7 M30 M51 M64 M72 M83 M90 M99 M118 M131 M139 M151 M163 M178 M180 M196 M210 M215 M219 M226 | 2:M2 M10 M15 M25 M34 M37 M43 M58 M68 M79 M92 M93 M111 M114 M145 M154 M169 M186 M194 M205 M221 M237 | 3:M1 M13 M26 M42 M48 M62 M77 M89 M97 M106 M112 M119 M122 M136 M157 M164 M172 M179 M181 M190 M206 M220 M233 M236 | 4:M17 M20 M36 M45 M49 M59 M69 M75 M84 M87 M98 M100 M109 M115 M123 M125 M135 M147 M160 M168 M184 M195 M204 M217 M225 | 5:M4 M9 M39 M52 M61 M66 M73 M81 M105 M108 M120 M133 M149 M153 M162 M173 M176 M191 M200 M203 M214 M222 M230 M234 | 6:M3 M11 M19 M21 M44 M55 M63 M82 M88 M94 M101 M113 M129 M140 M146 M156 M166 M170 M174 M188 M201 M202 M213 M223 | 7:M6 M12 M23 M32 M38 M46 M60 M67 M78 M96 M102 M110 M116 M127 M138 M142 M150 M155 M182 M199 M209 M212 M218 M227 M232 | 8:M5 M14 M28 M31 M47 M53 M56 M71 M86 M91 M103 M107 M121 M128 M134 M144 M148 M158 M161 M175 M189 M198 M216 M229 M235 | 9:M18 M27 M29 M35 M40 M50 M57 M65 M74 M80 M104 M124 M126 M137 M143 M152 M167 M171 M183 M192 M197 M208 M224 M231 | 10:M8 M16 M22 M24 M33 M41 M54 M70 M76 M85 M95 M117 M130 M132 M141 M159 M165 M177 M185 M187 M193 M207 M211 M228,,"domain reduction: sessions, fixed meetings, forbidden slots | precedence graph: transitive closure, cycle detection, arc-consistent bounds | (20),(22)-(27) exactly once over reduced domains | (19) participant atMost-one per slot | (46),(47) clustered table capacity with full channeling | (28) traditional pairwise precedence | usedSlot channeling + exact per-idle-slot break cost | (43) exactly |Mp| reduced usedSlot variables | (44) atMost 2|L| busy participants per slot | (45) exact even number of busy participants | exact unary total-break-slot counts and gap objective | (40) optional hard fairness cap: gap <= 2",,,result,68569,7,68576
forumt-14crafc.fixed040-Forb,UNSAT,UNSAT,0.275294,24826,60232,7,0,60239,101.344,peak_process_tree_rss_mb,maxsat,traditional,no,imp12+,,,,,,,,"domain reduction: sessions, fixed meetings, forbidden slots | precedence graph: transitive closure, cycle detection, arc-consistent bounds | (20),(22)-(27) exactly once over reduced domains | (19) participant atMost-one per slot | (46),(47) clustered table capacity with full channeling | (28) traditional pairwise precedence | usedSlot channeling + exact per-idle-slot break cost | (43) exactly |Mp| reduced usedSlot variables | (44) atMost 2|L| busy participants per slot | (45) exact even number of busy participants | exact unary total-break-slot counts and gap objective | (40) optional hard fairness cap: gap <= 2",,,result,60232,7,60239
forumt-14crafc.forb0003,SAT,OPTIMAL,0.47245,28434,81403,7,0,81410,117.559,peak_process_tree_rss_mb,maxsat,traditional,no,imp12+,0,0,"0,0,0,0,0,0,0,0,0,0,0,0,0,0,0,0,0,0,0,0,0,0,0,0,0,0,0,0,0,0,0,0,0,0,0,0,0,0,0,0,0,0,0,0,0,0,0,0,0,0,0,0,0,0,0,0,0,0,0,0","36,46,50,50,50,50,50,50,48,44","8,1,3,4,7,10,6,5,2,4,9,7,2,10,5,3,8,6,3,2,6,10,8,2,3,9,4,7,6,1,1,6,7,3,8,3,4,7,5,7,3,4,8,6,5,1,2,8,5,2,4,6,10,6,3,4,7,10,5,9,2,3,9,10,7,1,6,8,5,4,2,10,6,5,4,7,1,7,8,5,2,3,4,6,9,10,5,6,7,10,9,8,5,10,6,7,8,9,1,9,5,10,6,3,8,10,8,9,5,8,7,4,9,2,3,8,5,4,1,10,9,5,2,4,6,7,10,9,8,5,4,8,10,4,2,1,7,3,5,9,6,7,9,8,1,3,6,3,9,8,3,8,6,2,9,7,1,4,5,10,8,10,5,1,4,6,2,3,9,10,4,2,1,7,3,9,4,8,2,3,1,10,4,9,7,5,4,6,3,1,2,5,3,1,5,4,6,10,8,9,7,5,9,1,10,2,7,3,6,8,6,7,8,2,9,7,2,3,9,3,4,2,9,7,6,5,8,10,3,7,6,2,4,1,2,5,4",1:M2 M30 M31 M46 M66 M77 M99 M119 M136 M145 M157 M164 M173 M181 M190 M194 M204 M234 | 2:M9 M13 M20 M24 M47 M50 M61 M71 M81 M114 M123 M135 M154 M167 M172 M179 M191 M206 M214 M217 M222 M232 M235 | 3:M3 M16 M19 M25 M34 M36 M41 M55 M62 M82 M104 M115 M138 M146 M148 M151 M168 M175 M180 M189 M193 M208 M218 M220 M229 | 4:M4 M10 M27 M37 M42 M51 M56 M70 M75 M83 M112 M118 M124 M131 M134 M158 M165 M171 M177 M183 M187 M196 M221 M233 M237 | 5:M8 M15 M39 M45 M49 M59 M69 M74 M80 M87 M93 M101 M109 M117 M122 M130 M139 M159 M163 M186 M192 M195 M202 M226 M236 | 6:M7 M18 M21 M29 M32 M44 M52 M54 M67 M73 M84 M88 M95 M103 M125 M141 M147 M153 M166 M188 M197 M209 M211 M225 M231 | 7:M5 M12 M28 M33 M38 M40 M57 M65 M76 M78 M89 M96 M111 M126 M137 M142 M156 M174 M185 M201 M207 M212 M216 M224 M230 | 8:M1 M17 M23 M35 M43 M48 M68 M79 M92 M97 M105 M107 M110 M116 M129 M132 M144 M150 M152 M161 M178 M199 M210 M213 M227 | 9:M11 M26 M60 M63 M85 M91 M98 M100 M108 M113 M121 M128 M140 M143 M149 M155 M169 M176 M184 M200 M203 M215 M219 M223 | 10:M6 M14 M22 M53 M58 M64 M72 M86 M90 M94 M102 M106 M120 M127 M133 M160 M162 M170 M182 M198 M205 M228,,"domain reduction: sessions, fixed meetings, forbidden slots | precedence graph: transitive closure, cycle detection, arc-consistent bounds | (20),(22)-(27) exactly once over reduced domains | (19) participant atMost-one per slot | (46),(47) clustered table capacity with full channeling | (28) traditional pairwise precedence | usedSlot channeling + exact per-idle-slot break cost | (43) exactly |Mp| reduced usedSlot variables | (44) atMost 2|L| busy participants per slot | (45) exact even number of busy participants | exact unary total-break-slot counts and gap objective | (40) optional hard fairness cap: gap <= 2",,,result,81403,7,81410
forumt-14crafc.forb0007,UNSAT,UNSAT,0.382714,28328,80836,7,0,80843,109.355,peak_process_tree_rss_mb,maxsat,traditional,no,imp12+,,,,,,,,"domain reduction: sessions, fixed meetings, forbidden slots | precedence graph: transitive closure, cycle detection, arc-consistent bounds | (20),(22)-(27) exactly once over reduced domains | (19) participant atMost-one per slot | (46),(47) clustered table capacity with full channeling | (28) traditional pairwise precedence | usedSlot channeling + exact per-idle-slot break cost | (43) exactly |Mp| reduced usedSlot variables | (44) atMost 2|L| busy participants per slot | (45) exact even number of busy participants | exact unary total-break-slot counts and gap objective | (40) optional hard fairness cap: gap <= 2",,,result,80836,7,80843
forumt-14crafd.fixed020-Forb,UNSAT,UNSAT,0.302019,25691,68169,8,0,68177,110.27,peak_process_tree_rss_mb,maxsat,traditional,no,imp12+,,,,,,,,"domain reduction: sessions, fixed meetings, forbidden slots | precedence graph: transitive closure, cycle detection, arc-consistent bounds | (20),(22)-(27) exactly once over reduced domains | (19) participant atMost-one per slot | (46),(47) clustered table capacity with full channeling | (28) traditional pairwise precedence | usedSlot channeling + exact per-idle-slot break cost | (43) exactly |Mp| reduced usedSlot variables | (44) atMost 2|L| busy participants per slot | (45) exact even number of busy participants | exact unary total-break-slot counts and gap objective | (40) optional hard fairness cap: gap <= 2",,,result,68169,8,68177
forumt-14crafd.fixed040-Forb,UNSAT,UNSAT,0.270386,24827,60238,8,0,60246,102.391,peak_process_tree_rss_mb,maxsat,traditional,no,imp12+,,,,,,,,"domain reduction: sessions, fixed meetings, forbidden slots | precedence graph: transitive closure, cycle detection, arc-consistent bounds | (20),(22)-(27) exactly once over reduced domains | (19) participant atMost-one per slot | (46),(47) clustered table capacity with full channeling | (28) traditional pairwise precedence | usedSlot channeling + exact per-idle-slot break cost | (43) exactly |Mp| reduced usedSlot variables | (44) atMost 2|L| busy participants per slot | (45) exact even number of busy participants | exact unary total-break-slot counts and gap objective | (40) optional hard fairness cap: gap <= 2",,,result,60238,8,60246
forumt-14crafd.forb0003,UNSAT,UNSAT,0.340066,28241,80884,8,0,80892,107.613,peak_process_tree_rss_mb,maxsat,traditional,no,imp12+,,,,,,,,"domain reduction: sessions, fixed meetings, forbidden slots | precedence graph: transitive closure, cycle detection, arc-consistent bounds | (20),(22)-(27) exactly once over reduced domains | (19) participant atMost-one per slot | (46),(47) clustered table capacity with full channeling | (28) traditional pairwise precedence | usedSlot channeling + exact per-idle-slot break cost | (43) exactly |Mp| reduced usedSlot variables | (44) atMost 2|L| busy participants per slot | (45) exact even number of busy participants | exact unary total-break-slot counts and gap objective | (40) optional hard fairness cap: gap <= 2",,,result,80884,8,80892
forumt-14crafd.forb0007,UNSAT,UNSAT,0.338683,27980,80100,8,0,80108,109.691,peak_process_tree_rss_mb,maxsat,traditional,no,imp12+,,,,,,,,"domain reduction: sessions, fixed meetings, forbidden slots | precedence graph: transitive closure, cycle detection, arc-consistent bounds | (20),(22)-(27) exactly once over reduced domains | (19) participant atMost-one per slot | (46),(47) clustered table capacity with full channeling | (28) traditional pairwise precedence | usedSlot channeling + exact per-idle-slot break cost | (43) exactly |Mp| reduced usedSlot variables | (44) atMost 2|L| busy participants per slot | (45) exact even number of busy participants | exact unary total-break-slot counts and gap objective | (40) optional hard fairness cap: gap <= 2",,,result,80100,8,80108
forumt-14crafe.fixed020-Forb,UNSAT,UNSAT,0.300512,25790,68387,8,0,68395,107.434,peak_process_tree_rss_mb,maxsat,traditional,no,imp12+,,,,,,,,"domain reduction: sessions, fixed meetings, forbidden slots | precedence graph: transitive closure, cycle detection, arc-consistent bounds | (20),(22)-(27) exactly once over reduced domains | (19) participant atMost-one per slot | (46),(47) clustered table capacity with full channeling | (28) traditional pairwise precedence | usedSlot channeling + exact per-idle-slot break cost | (43) exactly |Mp| reduced usedSlot variables | (44) atMost 2|L| busy participants per slot | (45) exact even number of busy participants | exact unary total-break-slot counts and gap objective | (40) optional hard fairness cap: gap <= 2",,,result,68387,8,68395
forumt-14crafe.fixed040-Forb,UNSAT,UNSAT,0.302871,24933,60470,8,0,60478,102.012,peak_process_tree_rss_mb,maxsat,traditional,no,imp12+,,,,,,,,"domain reduction: sessions, fixed meetings, forbidden slots | precedence graph: transitive closure, cycle detection, arc-consistent bounds | (20),(22)-(27) exactly once over reduced domains | (19) participant atMost-one per slot | (46),(47) clustered table capacity with full channeling | (28) traditional pairwise precedence | usedSlot channeling + exact per-idle-slot break cost | (43) exactly |Mp| reduced usedSlot variables | (44) atMost 2|L| busy participants per slot | (45) exact even number of busy participants | exact unary total-break-slot counts and gap objective | (40) optional hard fairness cap: gap <= 2",,,result,60470,8,60478
forumt-14crafe.forb0003,UNSAT,UNSAT,0.338166,28322,81066,8,0,81074,110.566,peak_process_tree_rss_mb,maxsat,traditional,no,imp12+,,,,,,,,"domain reduction: sessions, fixed meetings, forbidden slots | precedence graph: transitive closure, cycle detection, arc-consistent bounds | (20),(22)-(27) exactly once over reduced domains | (19) participant atMost-one per slot | (46),(47) clustered table capacity with full channeling | (28) traditional pairwise precedence | usedSlot channeling + exact per-idle-slot break cost | (43) exactly |Mp| reduced usedSlot variables | (44) atMost 2|L| busy participants per slot | (45) exact even number of busy participants | exact unary total-break-slot counts and gap objective | (40) optional hard fairness cap: gap <= 2",,,result,81066,8,81074
forumt-14crafe.forb0007,UNSAT,UNSAT,0.332159,28064,80288,8,0,80296,110.566,peak_process_tree_rss_mb,maxsat,traditional,no,imp12+,,,,,,,,"domain reduction: sessions, fixed meetings, forbidden slots | precedence graph: transitive closure, cycle detection, arc-consistent bounds | (20),(22)-(27) exactly once over reduced domains | (19) participant atMost-one per slot | (46),(47) clustered table capacity with full channeling | (28) traditional pairwise precedence | usedSlot channeling + exact per-idle-slot break cost | (43) exactly |Mp| reduced usedSlot variables | (44) atMost 2|L| busy participants per slot | (45) exact even number of busy participants | exact unary total-break-slot counts and gap objective | (40) optional hard fairness cap: gap <= 2",,,result,80288,8,80296
tic-12.fixed020-Forb,UNSAT,UNSAT,0.103518,5074,18963,6,0,18969,89.215,peak_process_tree_rss_mb,maxsat,traditional,no,imp12+,,,,,,,,"domain reduction: sessions, fixed meetings, forbidden slots | precedence graph: transitive closure, cycle detection, arc-consistent bounds | (20),(22)-(27) exactly once over reduced domains | (19) participant atMost-one per slot | (46),(47) clustered table capacity with full channeling | (28) traditional pairwise precedence | usedSlot channeling + exact per-idle-slot break cost | (43) exactly |Mp| reduced usedSlot variables | (44) atMost 2|L| busy participants per slot | (45) exact even number of busy participants | exact unary total-break-slot counts and gap objective | (40) optional hard fairness cap: gap <= 2",,,result,18963,6,18969
tic-12.fixed040-Forb,UNSAT,UNSAT,0.08976,4595,15686,6,0,15692,87.836,peak_process_tree_rss_mb,maxsat,traditional,no,imp12+,,,,,,,,"domain reduction: sessions, fixed meetings, forbidden slots | precedence graph: transitive closure, cycle detection, arc-consistent bounds | (20),(22)-(27) exactly once over reduced domains | (19) participant atMost-one per slot | (46),(47) clustered table capacity with full channeling | (28) traditional pairwise precedence | usedSlot channeling + exact per-idle-slot break cost | (43) exactly |Mp| reduced usedSlot variables | (44) atMost 2|L| busy participants per slot | (45) exact even number of busy participants | exact unary total-break-slot counts and gap objective | (40) optional hard fairness cap: gap <= 2",,,result,15686,6,15692
tic-12.forb0003,UNSAT,UNSAT,0.110494,5433,22202,6,0,22208,89.086,peak_process_tree_rss_mb,maxsat,traditional,no,imp12+,,,,,,,,"domain reduction: sessions, fixed meetings, forbidden slots | precedence graph: transitive closure, cycle detection, arc-consistent bounds | (20),(22)-(27) exactly once over reduced domains | (19) participant atMost-one per slot | (46),(47) clustered table capacity with full channeling | (28) traditional pairwise precedence | usedSlot channeling + exact per-idle-slot break cost | (43) exactly |Mp| reduced usedSlot variables | (44) atMost 2|L| busy participants per slot | (45) exact even number of busy participants | exact unary total-break-slot counts and gap objective | (40) optional hard fairness cap: gap <= 2",,,result,22202,6,22208
tic-12.forb0007,UNSAT,UNSAT,0.109063,5398,21999,6,0,22005,89.473,peak_process_tree_rss_mb,maxsat,traditional,no,imp12+,,,,,,,,"domain reduction: sessions, fixed meetings, forbidden slots | precedence graph: transitive closure, cycle detection, arc-consistent bounds | (20),(22)-(27) exactly once over reduced domains | (19) participant atMost-one per slot | (46),(47) clustered table capacity with full channeling | (28) traditional pairwise precedence | usedSlot channeling + exact per-idle-slot break cost | (43) exactly |Mp| reduced usedSlot variables | (44) atMost 2|L| busy participants per slot | (45) exact even number of busy participants | exact unary total-break-slot counts and gap objective | (40) optional hard fairness cap: gap <= 2",,,result,21999,6,22005
tic-12crafc.fixed020-Forb,UNSAT,UNSAT,0.156824,14245,33041,6,0,33047,90.77,peak_process_tree_rss_mb,maxsat,traditional,no,imp12+,,,,,,,,"domain reduction: sessions, fixed meetings, forbidden slots | precedence graph: transitive closure, cycle detection, arc-consistent bounds | (20),(22)-(27) exactly once over reduced domains | (19) participant atMost-one per slot | (46),(47) clustered table capacity with full channeling | (28) traditional pairwise precedence | usedSlot channeling + exact per-idle-slot break cost | (43) exactly |Mp| reduced usedSlot variables | (44) atMost 2|L| busy participants per slot | (45) exact even number of busy participants | exact unary total-break-slot counts and gap objective | (40) optional hard fairness cap: gap <= 2",,,result,33041,6,33047
tic-12crafc.fixed040-Forb,UNSAT,UNSAT,0.16226,13826,29884,6,0,29890,93.121,peak_process_tree_rss_mb,maxsat,traditional,no,imp12+,,,,,,,,"domain reduction: sessions, fixed meetings, forbidden slots | precedence graph: transitive closure, cycle detection, arc-consistent bounds | (20),(22)-(27) exactly once over reduced domains | (19) participant atMost-one per slot | (46),(47) clustered table capacity with full channeling | (28) traditional pairwise precedence | usedSlot channeling + exact per-idle-slot break cost | (43) exactly |Mp| reduced usedSlot variables | (44) atMost 2|L| busy participants per slot | (45) exact even number of busy participants | exact unary total-break-slot counts and gap objective | (40) optional hard fairness cap: gap <= 2",,,result,29884,6,29890
tic-12crafc.forb0003,UNSAT,UNSAT,0.159224,14574,36220,6,0,36226,91.941,peak_process_tree_rss_mb,maxsat,traditional,no,imp12+,,,,,,,,"domain reduction: sessions, fixed meetings, forbidden slots | precedence graph: transitive closure, cycle detection, arc-consistent bounds | (20),(22)-(27) exactly once over reduced domains | (19) participant atMost-one per slot | (46),(47) clustered table capacity with full channeling | (28) traditional pairwise precedence | usedSlot channeling + exact per-idle-slot break cost | (43) exactly |Mp| reduced usedSlot variables | (44) atMost 2|L| busy participants per slot | (45) exact even number of busy participants | exact unary total-break-slot counts and gap objective | (40) optional hard fairness cap: gap <= 2",,,result,36220,6,36226
tic-12crafc.forb0007,UNSAT,UNSAT,0.253298,14544,36027,6,0,36033,95.371,peak_process_tree_rss_mb,maxsat,traditional,no,imp12+,,,,,,,,"domain reduction: sessions, fixed meetings, forbidden slots | precedence graph: transitive closure, cycle detection, arc-consistent bounds | (20),(22)-(27) exactly once over reduced domains | (19) participant atMost-one per slot | (46),(47) clustered table capacity with full channeling | (28) traditional pairwise precedence | usedSlot channeling + exact per-idle-slot break cost | (43) exactly |Mp| reduced usedSlot variables | (44) atMost 2|L| busy participants per slot | (45) exact even number of busy participants | exact unary total-break-slot counts and gap objective | (40) optional hard fairness cap: gap <= 2",,,result,36027,6,36033
tic-13.fixed020-Forb,UNSAT,UNSAT,0.318672,24379,59954,6,0,59960,102.906,peak_process_tree_rss_mb,maxsat,traditional,no,imp12+,,,,,,,,"domain reduction: sessions, fixed meetings, forbidden slots | precedence graph: transitive closure, cycle detection, arc-consistent bounds | (20),(22)-(27) exactly once over reduced domains | (19) participant atMost-one per slot | (46),(47) clustered table capacity with full channeling | (28) traditional pairwise precedence | usedSlot channeling + exact per-idle-slot break cost | (43) exactly |Mp| reduced usedSlot variables | (44) atMost 2|L| busy participants per slot | (45) exact even number of busy participants | exact unary total-break-slot counts and gap objective | (40) optional hard fairness cap: gap <= 2",,,result,59954,6,59960
tic-13.fixed040-Forb,UNSAT,UNSAT,0.249402,23554,53631,6,0,53637,105.906,peak_process_tree_rss_mb,maxsat,traditional,no,imp12+,,,,,,,,"domain reduction: sessions, fixed meetings, forbidden slots | precedence graph: transitive closure, cycle detection, arc-consistent bounds | (20),(22)-(27) exactly once over reduced domains | (19) participant atMost-one per slot | (46),(47) clustered table capacity with full channeling | (28) traditional pairwise precedence | usedSlot channeling + exact per-idle-slot break cost | (43) exactly |Mp| reduced usedSlot variables | (44) atMost 2|L| busy participants per slot | (45) exact even number of busy participants | exact unary total-break-slot counts and gap objective | (40) optional hard fairness cap: gap <= 2",,,result,53631,6,53637
tic-13.forb0003,UNSAT,UNSAT,0.284984,24786,66167,6,0,66173,102.691,peak_process_tree_rss_mb,maxsat,traditional,no,imp12+,,,,,,,,"domain reduction: sessions, fixed meetings, forbidden slots | precedence graph: transitive closure, cycle detection, arc-consistent bounds | (20),(22)-(27) exactly once over reduced domains | (19) participant atMost-one per slot | (46),(47) clustered table capacity with full channeling | (28) traditional pairwise precedence | usedSlot channeling + exact per-idle-slot break cost | (43) exactly |Mp| reduced usedSlot variables | (44) atMost 2|L| busy participants per slot | (45) exact even number of busy participants | exact unary total-break-slot counts and gap objective | (40) optional hard fairness cap: gap <= 2",,,result,66167,6,66173
tic-13.forb0007,UNSAT,UNSAT,0.277676,23599,64077,6,0,64083,105.152,peak_process_tree_rss_mb,maxsat,traditional,no,imp12+,,,,,,,,"domain reduction: sessions, fixed meetings, forbidden slots | precedence graph: transitive closure, cycle detection, arc-consistent bounds | (20),(22)-(27) exactly once over reduced domains | (19) participant atMost-one per slot | (46),(47) clustered table capacity with full channeling | (28) traditional pairwise precedence | usedSlot channeling + exact per-idle-slot break cost | (43) exactly |Mp| reduced usedSlot variables | (44) atMost 2|L| busy participants per slot | (45) exact even number of busy participants | exact unary total-break-slot counts and gap objective | (40) optional hard fairness cap: gap <= 2",,,result,64077,6,64083
tic-13crafb.fixed020-Forb,SAT,OPTIMAL,0.30733,22777,57771,8,0,57779,109.445,peak_process_tree_rss_mb,maxsat,traditional,no,imp12+,16,1,"0,1,0,0,1,0,0,0,1,0,1,0,0,1,0,1,0,1,1,0,0,0,0,1,1,0,0,0,0,0,1,0,1,0,1,0,1,0,0,0,0,0,0,0,1,1","30,34,36,38,42,40,36,40,38,34","5,1,2,7,3,10,9,4,2,8,8,10,3,7,7,4,9,6,10,9,3,8,1,8,5,4,3,9,10,7,1,4,6,10,3,7,9,8,5,10,8,9,2,5,1,10,7,4,4,9,1,8,10,7,5,6,6,7,2,3,4,1,8,3,8,1,4,10,6,2,4,4,6,10,8,1,2,9,7,3,5,8,9,5,10,8,9,4,5,2,6,1,5,2,4,7,8,5,4,2,1,9,5,10,3,6,9,8,7,10,2,5,8,9,7,5,4,10,9,1,3,4,7,5,6,8,2,6,5,3,9,10,2,6,9,5,6,3,7,2,8,4,6,8,4,1,7,6,5,3,1,10,6,2,3,9,6,3,2,1,5,6,4,4,7,6,5,3,10,2,8,1,9,6,8,7,3,5,9,3,2,5,7,6",1:M2 M23 M31 M45 M51 M62 M66 M76 M92 M101 M120 M146 M151 M160 M172 | 2:M3 M9 M43 M59 M70 M77 M90 M94 M100 M111 M127 M133 M140 M154 M159 M170 M181 | 3:M5 M13 M21 M27 M35 M60 M64 M80 M105 M121 M130 M138 M150 M155 M158 M168 M177 M180 | 4:M8 M16 M26 M32 M48 M49 M61 M67 M71 M72 M88 M95 M99 M117 M122 M142 M145 M163 M164 | 5:M1 M25 M39 M44 M55 M81 M84 M89 M93 M98 M103 M112 M116 M124 M129 M136 M149 M161 M167 M178 M182 | 6:M18 M33 M56 M57 M69 M73 M91 M106 M125 M128 M134 M137 M143 M148 M153 M157 M162 M166 M174 M184 | 7:M4 M14 M15 M30 M36 M47 M54 M58 M79 M96 M109 M115 M123 M139 M147 M165 M176 M183 | 8:M10 M11 M22 M24 M38 M41 M52 M63 M65 M75 M82 M86 M97 M108 M113 M126 M141 M144 M171 M175 | 9:M7 M17 M20 M28 M37 M42 M50 M78 M83 M87 M102 M107 M114 M119 M131 M135 M156 M173 M179 | 10:M6 M12 M19 M29 M34 M40 M46 M53 M68 M74 M85 M104 M110 M118 M132 M152 M169,,"domain reduction: sessions, fixed meetings, forbidden slots | precedence graph: transitive closure, cycle detection, arc-consistent bounds | (20),(22)-(27) exactly once over reduced domains | (19) participant atMost-one per slot | (46),(47) clustered table capacity with full channeling | (28) traditional pairwise precedence | usedSlot channeling + exact per-idle-slot break cost | (43) exactly |Mp| reduced usedSlot variables | (44) atMost 2|L| busy participants per slot | (45) exact even number of busy participants | exact unary total-break-slot counts and gap objective | (40) optional hard fairness cap: gap <= 2",,,result,57771,8,57779
tic-13crafb.fixed040-Forb,UNSAT,UNSAT,0.240162,21946,51040,8,0,51048,105.918,peak_process_tree_rss_mb,maxsat,traditional,no,imp12+,,,,,,,,"domain reduction: sessions, fixed meetings, forbidden slots | precedence graph: transitive closure, cycle detection, arc-consistent bounds | (20),(22)-(27) exactly once over reduced domains | (19) participant atMost-one per slot | (46),(47) clustered table capacity with full channeling | (28) traditional pairwise precedence | usedSlot channeling + exact per-idle-slot break cost | (43) exactly |Mp| reduced usedSlot variables | (44) atMost 2|L| busy participants per slot | (45) exact even number of busy participants | exact unary total-break-slot counts and gap objective | (40) optional hard fairness cap: gap <= 2",,,result,51040,8,51048
tic-13crafb.forb0003,SAT,OPTIMAL,0.339496,23125,64288,8,0,64296,111.527,peak_process_tree_rss_mb,maxsat,traditional,no,imp12+,0,0,"0,0,0,0,0,0,0,0,0,0,0,0,0,0,0,0,0,0,0,0,0,0,0,0,0,0,0,0,0,0,0,0,0,0,0,0,0,0,0,0,0,0,0,0,0,0","28,30,36,40,42,42,42,42,36,30","7,10,3,6,9,5,5,2,8,6,6,3,5,9,3,7,8,5,9,8,4,2,3,8,6,7,3,2,4,1,3,8,1,4,9,10,2,6,7,4,5,2,6,7,8,4,1,3,10,3,1,6,8,5,7,2,6,1,9,4,5,3,2,10,2,4,9,8,4,5,8,8,9,1,10,7,6,3,5,2,4,7,6,10,4,2,3,1,5,8,7,9,5,7,10,4,3,10,8,1,6,5,4,7,10,9,8,5,6,10,6,3,2,9,5,1,6,7,1,7,8,2,5,4,6,9,3,4,7,10,8,1,6,7,8,2,9,4,6,3,10,5,4,9,2,1,5,8,4,7,7,4,9,1,9,3,10,7,3,4,6,8,5,1,4,5,6,3,2,8,9,10,7,10,9,6,5,8,7,7,5,8,6,9",1:M30 M33 M47 M51 M58 M74 M88 M100 M116 M119 M132 M146 M154 M164 | 2:M8 M22 M28 M37 M42 M56 M63 M65 M80 M86 M113 M122 M136 M145 M169 | 3:M3 M12 M15 M23 M27 M31 M48 M50 M62 M78 M87 M97 M112 M127 M140 M156 M159 M168 | 4:M21 M29 M34 M40 M46 M60 M66 M69 M81 M85 M96 M103 M124 M128 M138 M143 M149 M152 M160 M165 | 5:M6 M7 M13 M18 M41 M54 M61 M70 M79 M89 M93 M102 M108 M115 M123 M142 M147 M163 M166 M177 M181 | 6:M4 M10 M11 M25 M38 M43 M52 M57 M77 M83 M101 M109 M111 M117 M125 M133 M139 M161 M167 M176 M183 | 7:M1 M16 M26 M39 M44 M55 M76 M82 M91 M94 M104 M118 M120 M129 M134 M150 M151 M158 M173 M179 M180 | 8:M9 M17 M20 M24 M32 M45 M53 M68 M71 M72 M90 M99 M107 M121 M131 M135 M148 M162 M170 M178 M182 | 9:M5 M14 M19 M35 M59 M67 M73 M92 M106 M114 M126 M137 M144 M153 M155 M171 M175 M184 | 10:M2 M36 M49 M64 M75 M84 M95 M98 M105 M110 M130 M141 M157 M172 M174,,"domain reduction: sessions, fixed meetings, forbidden slots | precedence graph: transitive closure, cycle detection, arc-consistent bounds | (20),(22)-(27) exactly once over reduced domains | (19) participant atMost-one per slot | (46),(47) clustered table capacity with full channeling | (28) traditional pairwise precedence | usedSlot channeling + exact per-idle-slot break cost | (43) exactly |Mp| reduced usedSlot variables | (44) atMost 2|L| busy participants per slot | (45) exact even number of busy participants | exact unary total-break-slot counts and gap objective | (40) optional hard fairness cap: gap <= 2",,,result,64288,8,64296
tic-13crafb.forb0007,UNSAT,UNSAT,0.269868,21937,62160,8,0,62168,104.164,peak_process_tree_rss_mb,maxsat,traditional,no,imp12+,,,,,,,,"domain reduction: sessions, fixed meetings, forbidden slots | precedence graph: transitive closure, cycle detection, arc-consistent bounds | (20),(22)-(27) exactly once over reduced domains | (19) participant atMost-one per slot | (46),(47) clustered table capacity with full channeling | (28) traditional pairwise precedence | usedSlot channeling + exact per-idle-slot break cost | (43) exactly |Mp| reduced usedSlot variables | (44) atMost 2|L| busy participants per slot | (45) exact even number of busy participants | exact unary total-break-slot counts and gap objective | (40) optional hard fairness cap: gap <= 2",,,result,62160,8,62168
tic-13crafc.fixed020-Forb,UNSAT,UNSAT,0.279522,24539,60314,6,0,60320,102.023,peak_process_tree_rss_mb,maxsat,traditional,no,imp12+,,,,,,,,"domain reduction: sessions, fixed meetings, forbidden slots | precedence graph: transitive closure, cycle detection, arc-consistent bounds | (20),(22)-(27) exactly once over reduced domains | (19) participant atMost-one per slot | (46),(47) clustered table capacity with full channeling | (28) traditional pairwise precedence | usedSlot channeling + exact per-idle-slot break cost | (43) exactly |Mp| reduced usedSlot variables | (44) atMost 2|L| busy participants per slot | (45) exact even number of busy participants | exact unary total-break-slot counts and gap objective | (40) optional hard fairness cap: gap <= 2",,,result,60314,6,60320
tic-13crafc.fixed040-Forb,UNSAT,UNSAT,0.25154,23748,54059,6,0,54065,101.371,peak_process_tree_rss_mb,maxsat,traditional,no,imp12+,,,,,,,,"domain reduction: sessions, fixed meetings, forbidden slots | precedence graph: transitive closure, cycle detection, arc-consistent bounds | (20),(22)-(27) exactly once over reduced domains | (19) participant atMost-one per slot | (46),(47) clustered table capacity with full channeling | (28) traditional pairwise precedence | usedSlot channeling + exact per-idle-slot break cost | (43) exactly |Mp| reduced usedSlot variables | (44) atMost 2|L| busy participants per slot | (45) exact even number of busy participants | exact unary total-break-slot counts and gap objective | (40) optional hard fairness cap: gap <= 2",,,result,54059,6,54065
tic-13crafc.forb0003,UNSAT,UNSAT,0.295356,24948,66531,6,0,66537,109.27,peak_process_tree_rss_mb,maxsat,traditional,no,imp12+,,,,,,,,"domain reduction: sessions, fixed meetings, forbidden slots | precedence graph: transitive closure, cycle detection, arc-consistent bounds | (20),(22)-(27) exactly once over reduced domains | (19) participant atMost-one per slot | (46),(47) clustered table capacity with full channeling | (28) traditional pairwise precedence | usedSlot channeling + exact per-idle-slot break cost | (43) exactly |Mp| reduced usedSlot variables | (44) atMost 2|L| busy participants per slot | (45) exact even number of busy participants | exact unary total-break-slot counts and gap objective | (40) optional hard fairness cap: gap <= 2",,,result,66531,6,66537
tic-13crafc.forb0007,UNSAT,UNSAT,0.283803,24852,66079,6,0,66085,103.945,peak_process_tree_rss_mb,maxsat,traditional,no,imp12+,,,,,,,,"domain reduction: sessions, fixed meetings, forbidden slots | precedence graph: transitive closure, cycle detection, arc-consistent bounds | (20),(22)-(27) exactly once over reduced domains | (19) participant atMost-one per slot | (46),(47) clustered table capacity with full channeling | (28) traditional pairwise precedence | usedSlot channeling + exact per-idle-slot break cost | (43) exactly |Mp| reduced usedSlot variables | (44) atMost 2|L| busy participants per slot | (45) exact even number of busy participants | exact unary total-break-slot counts and gap objective | (40) optional hard fairness cap: gap <= 2",,,result,66079,6,66085
tic-14crafa.fixed020-Forb,SAT,OPTIMAL,0.354388,27496,71945,7,0,71952,113.172,peak_process_tree_rss_mb,maxsat,traditional,no,imp12+,34,2,"0,0,1,1,0,0,0,2,0,0,2,0,2,0,0,0,2,0,0,0,0,2,0,0,0,0,2,1,0,1,0,1,0,2,0,1,0,0,2,0,0,0,0,0,1,0,0,1,1,1,1,0,0,0,2,2,0,1,1,1","46,44,48,50,52,52,50,50,42,40","7,10,9,8,5,2,1,3,8,4,2,1,7,5,9,10,8,6,6,10,3,5,7,7,8,9,3,2,10,1,4,1,9,3,3,5,2,4,5,6,4,7,2,6,8,9,5,3,10,9,2,4,1,4,3,9,7,2,10,6,5,6,7,8,1,4,9,2,3,10,7,8,5,1,6,10,3,1,6,4,2,9,5,10,8,7,3,6,4,1,8,2,3,4,1,2,5,7,3,4,8,6,1,10,5,2,5,3,3,4,2,6,5,2,4,7,9,10,3,5,8,7,9,5,2,5,6,1,7,3,6,5,2,5,4,8,10,7,1,3,9,7,6,8,4,1,4,8,7,1,5,3,10,9,4,6,1,8,7,2,6,8,4,3,9,7,5,2,10,6,2,9,1,9,8,6,5,1,3,1,3,9,8,4,10,2,8,6,4,5,10,7,8,5,7,4,9,8,10,6,6,3,7,4,10,6,2,8,9,1,7,1,6,4,9,5,8,7,1,9,7,6,8,3,5,1,4,10,5,4,3,6,2,7,8,10,6",1:M7 M12 M30 M32 M53 M65 M74 M78 M90 M95 M103 M128 M139 M146 M150 M157 M173 M178 M180 M210 M212 M219 M226 | 2:M6 M11 M28 M37 M43 M51 M58 M68 M81 M92 M96 M106 M111 M114 M125 M133 M160 M168 M171 M186 M207 M233 | 3:M8 M21 M27 M34 M35 M48 M55 M69 M77 M87 M93 M99 M108 M109 M119 M130 M140 M152 M164 M179 M181 M202 M224 M231 | 4:M10 M31 M38 M41 M52 M54 M66 M80 M89 M94 M100 M110 M115 M135 M145 M147 M155 M163 M184 M189 M196 M204 M214 M227 M230 | 5:M5 M14 M22 M36 M39 M47 M61 M73 M83 M97 M105 M107 M113 M120 M124 M126 M132 M134 M151 M167 M177 M190 M194 M216 M225 M229 | 6:M18 M19 M40 M44 M60 M62 M75 M79 M88 M102 M112 M127 M131 M143 M156 M161 M170 M176 M188 M200 M201 M206 M213 M222 M232 M237 | 7:M1 M13 M23 M24 M42 M57 M63 M71 M86 M98 M116 M122 M129 M138 M142 M149 M159 M166 M192 M195 M203 M211 M218 M221 M234 | 8:M4 M9 M17 M25 M45 M64 M72 M85 M91 M101 M121 M136 M144 M148 M158 M162 M175 M183 M187 M193 M198 M208 M217 M223 M235 | 9:M3 M15 M26 M33 M46 M50 M56 M67 M82 M117 M123 M141 M154 M165 M172 M174 M182 M197 M209 M215 M220 | 10:M2 M16 M20 M29 M49 M59 M70 M76 M84 M104 M118 M137 M153 M169 M185 M191 M199 M205 M228 M236,,"domain reduction: sessions, fixed meetings, forbidden slots | precedence graph: transitive closure, cycle detection, arc-consistent bounds | (20),(22)-(27) exactly once over reduced domains | (19) participant atMost-one per slot | (46),(47) clustered table capacity with full channeling | (28) traditional pairwise precedence | usedSlot channeling + exact per-idle-slot break cost | (43) exactly |Mp| reduced usedSlot variables | (44) atMost 2|L| busy participants per slot | (45) exact even number of busy participants | exact unary total-break-slot counts and gap objective | (40) optional hard fairness cap: gap <= 2",,,result,71945,7,71952
tic-14crafa.fixed040-Forb,UNSAT,UNSAT,0.29446,26680,64098,7,0,64105,104.73,peak_process_tree_rss_mb,maxsat,traditional,no,imp12+,,,,,,,,"domain reduction: sessions, fixed meetings, forbidden slots | precedence graph: transitive closure, cycle detection, arc-consistent bounds | (20),(22)-(27) exactly once over reduced domains | (19) participant atMost-one per slot | (46),(47) clustered table capacity with full channeling | (28) traditional pairwise precedence | usedSlot channeling + exact per-idle-slot break cost | (43) exactly |Mp| reduced usedSlot variables | (44) atMost 2|L| busy participants per slot | (45) exact even number of busy participants | exact unary total-break-slot counts and gap objective | (40) optional hard fairness cap: gap <= 2",,,result,64098,7,64105
tic-14crafa.forb0003,SAT,OPTIMAL,0.476703,28214,80923,7,0,80930,116.977,peak_process_tree_rss_mb,maxsat,traditional,no,imp12+,0,0,"0,0,0,0,0,0,0,0,0,0,0,0,0,0,0,0,0,0,0,0,0,0,0,0,0,0,0,0,0,0,0,0,0,0,0,0,0,0,0,0,0,0,0,0,0,0,0,0,0,0,0,0,0,0,0,0,0,0,0,0","30,40,48,52,54,54,54,54,46,42","7,3,1,2,6,5,4,8,1,8,2,9,3,7,10,8,4,6,7,9,8,6,5,2,9,7,8,10,3,2,1,5,9,2,7,8,9,4,1,3,9,1,5,7,6,4,2,2,4,8,9,10,5,10,9,8,3,4,6,5,2,5,7,6,10,8,1,9,4,3,6,4,7,10,8,3,7,1,4,5,10,6,9,2,3,8,5,6,8,10,7,9,8,10,6,4,7,5,10,6,2,7,5,8,3,4,2,3,4,9,3,10,6,4,7,1,6,8,9,5,2,4,6,5,4,7,3,6,8,5,10,4,3,10,9,7,8,6,1,5,2,3,10,7,8,6,1,6,7,8,4,8,7,10,2,1,5,3,6,9,10,5,4,7,1,2,3,6,8,10,5,6,9,9,4,7,3,10,1,9,8,8,9,4,6,3,2,3,5,4,1,6,3,7,8,5,2,3,4,10,5,5,6,3,4,7,9,8,2,1,7,6,9,5,2,5,7,3,4,4,3,10,5,9,8,6,7,2,5,7,9,8,10,6,5,7,4",1:M3 M9 M31 M39 M42 M67 M78 M116 M139 M147 M156 M165 M179 M191 M210 | 2:M4 M11 M24 M30 M34 M47 M48 M61 M84 M101 M107 M121 M141 M155 M166 M187 M197 M209 M215 M228 | 3:M2 M13 M29 M40 M57 M70 M76 M85 M105 M108 M111 M127 M133 M142 M158 M167 M177 M186 M188 M193 M198 M204 M218 M221 | 4:M7 M17 M38 M46 M49 M58 M69 M72 M79 M96 M106 M109 M114 M122 M125 M132 M151 M163 M175 M184 M190 M199 M205 M219 M220 M237 | 5:M6 M23 M32 M43 M53 M60 M62 M80 M87 M98 M103 M120 M124 M130 M140 M157 M162 M171 M189 M196 M201 M202 M214 M216 M223 M229 M235 | 6:M5 M18 M22 M45 M59 M64 M71 M82 M88 M95 M100 M113 M117 M123 M128 M138 M146 M148 M159 M168 M172 M185 M192 M203 M212 M226 M234 | 7:M1 M14 M19 M26 M35 M44 M63 M73 M77 M91 M97 M102 M115 M126 M136 M144 M149 M153 M164 M176 M194 M206 M211 M217 M227 M230 M236 | 8:M8 M10 M16 M21 M27 M36 M50 M56 M66 M75 M86 M89 M93 M104 M118 M129 M137 M145 M150 M152 M169 M181 M182 M195 M208 M225 M232 | 9:M12 M20 M25 M33 M37 M41 M51 M55 M68 M83 M92 M110 M119 M135 M160 M173 M174 M180 M183 M207 M213 M224 M231 | 10:M15 M28 M52 M54 M65 M74 M81 M90 M94 M99 M112 M131 M134 M143 M154 M161 M170 M178 M200 M222 M233,,"domain reduction: sessions, fixed meetings, forbidden slots | precedence graph: transitive closure, cycle detection, arc-consistent bounds | (20),(22)-(27) exactly once over reduced domains | (19) participant atMost-one per slot | (46),(47) clustered table capacity with full channeling | (28) traditional pairwise precedence | usedSlot channeling + exact per-idle-slot break cost | (43) exactly |Mp| reduced usedSlot variables | (44) atMost 2|L| busy participants per slot | (45) exact even number of busy participants | exact unary total-break-slot counts and gap objective | (40) optional hard fairness cap: gap <= 2",,,result,80923,7,80930
tic-14crafa.forb0007,UNSAT,UNSAT,0.349382,28102,80344,7,0,80351,107.039,peak_process_tree_rss_mb,maxsat,traditional,no,imp12+,,,,,,,,"domain reduction: sessions, fixed meetings, forbidden slots | precedence graph: transitive closure, cycle detection, arc-consistent bounds | (20),(22)-(27) exactly once over reduced domains | (19) participant atMost-one per slot | (46),(47) clustered table capacity with full channeling | (28) traditional pairwise precedence | usedSlot channeling + exact per-idle-slot break cost | (43) exactly |Mp| reduced usedSlot variables | (44) atMost 2|L| busy participants per slot | (45) exact even number of busy participants | exact unary total-break-slot counts and gap objective | (40) optional hard fairness cap: gap <= 2",,,result,80344,7,80351
tic-14crafc.fixed020-Forb,SAT,OPTIMAL,0.379222,27734,72461,7,0,72468,110.992,peak_process_tree_rss_mb,maxsat,traditional,no,imp12+,45,2,"0,0,1,1,2,0,0,2,1,0,2,0,1,0,0,0,2,2,0,0,0,1,0,0,0,0,2,2,0,1,1,2,0,2,1,2,0,0,2,0,0,0,0,0,2,0,2,0,1,1,0,0,1,0,2,2,0,1,2,1","48,48,50,48,50,48,50,48,44,40","3,5,2,7,8,6,1,10,8,4,3,1,9,5,4,10,2,6,6,10,3,1,7,6,4,1,9,5,2,1,4,7,8,3,3,8,2,6,5,3,2,7,4,6,5,8,10,3,10,9,4,8,1,7,9,6,1,2,10,4,5,7,3,1,6,9,8,2,5,4,7,1,5,6,9,8,3,1,7,10,5,9,6,4,2,8,5,8,4,1,2,7,10,9,8,2,5,4,10,6,3,1,4,9,2,2,5,3,2,5,6,3,9,5,4,7,10,8,3,2,9,7,8,3,2,9,3,4,5,1,6,5,2,5,4,8,9,6,3,10,1,7,9,8,10,4,5,8,7,6,2,3,5,9,10,7,1,8,6,4,5,7,9,3,2,8,6,4,10,5,10,6,1,9,8,2,7,3,1,1,3,7,6,4,10,2,7,1,4,2,3,5,4,5,6,8,9,10,7,3,1,1,7,10,4,9,2,8,6,3,7,1,6,10,3,2,8,7,3,8,1,5,7,9,4,6,2,10,1,5,7,8,9,6,9,7,4",1:M7 M12 M22 M26 M30 M53 M57 M64 M72 M78 M90 M102 M130 M141 M157 M173 M179 M180 M188 M201 M202 M212 M221 M229 | 2:M3 M17 M29 M37 M41 M58 M68 M85 M91 M96 M105 M106 M109 M120 M125 M133 M151 M165 M176 M186 M190 M207 M216 M227 | 3:M1 M11 M21 M34 M35 M40 M48 M63 M77 M101 M108 M112 M119 M124 M127 M139 M152 M164 M178 M181 M191 M200 M210 M215 M219 | 4:M10 M15 M25 M31 M43 M51 M60 M70 M84 M89 M98 M103 M115 M128 M135 M146 M160 M168 M184 M189 M193 M205 M225 M237 | 5:M2 M14 M28 M39 M45 M61 M69 M73 M81 M87 M97 M107 M110 M114 M129 M132 M134 M147 M153 M161 M170 M192 M194 M222 M230 | 6:M6 M18 M19 M24 M38 M44 M56 M65 M74 M83 M100 M111 M131 M138 M150 M159 M167 M172 M183 M195 M209 M213 M226 M234 | 7:M4 M23 M32 M42 M54 M62 M71 M79 M92 M116 M122 M142 M149 M156 M162 M177 M182 M187 M199 M203 M211 M218 M223 M231 M236 | 8:M5 M9 M33 M36 M46 M52 M67 M76 M86 M88 M95 M118 M123 M136 M144 M148 M158 M166 M175 M196 M208 M217 M220 M232 | 9:M13 M27 M50 M55 M66 M75 M82 M94 M104 M113 M121 M126 M137 M143 M154 M163 M174 M197 M206 M224 M233 M235 | 10:M8 M16 M20 M47 M49 M59 M80 M93 M99 M117 M140 M145 M155 M169 M171 M185 M198 M204 M214 M228,,"domain reduction: sessions, fixed meetings, forbidden slots | precedence graph: transitive closure, cycle detection, arc-consistent bounds | (20),(22)-(27) exactly once over reduced domains | (19) participant atMost-one per slot | (46),(47) clustered table capacity with full channeling | (28) traditional pairwise precedence | usedSlot channeling + exact per-idle-slot break cost | (43) exactly |Mp| reduced usedSlot variables | (44) atMost 2|L| busy participants per slot | (45) exact even number of busy participants | exact unary total-break-slot counts and gap objective | (40) optional hard fairness cap: gap <= 2",,,result,72461,7,72468
tic-14crafc.fixed040-Forb,UNSAT,UNSAT,0.355028,26936,64650,7,0,64657,103.934,peak_process_tree_rss_mb,maxsat,traditional,no,imp12+,,,,,,,,"domain reduction: sessions, fixed meetings, forbidden slots | precedence graph: transitive closure, cycle detection, arc-consistent bounds | (20),(22)-(27) exactly once over reduced domains | (19) participant atMost-one per slot | (46),(47) clustered table capacity with full channeling | (28) traditional pairwise precedence | usedSlot channeling + exact per-idle-slot break cost | (43) exactly |Mp| reduced usedSlot variables | (44) atMost 2|L| busy participants per slot | (45) exact even number of busy participants | exact unary total-break-slot counts and gap objective | (40) optional hard fairness cap: gap <= 2",,,result,64650,7,64657
tic-14crafc.forb0003,SAT,OPTIMAL,0.51995,28434,81403,7,0,81410,117.215,peak_process_tree_rss_mb,maxsat,traditional,no,imp12+,0,0,"0,0,0,0,0,0,0,0,0,0,0,0,0,0,0,0,0,0,0,0,0,0,0,0,0,0,0,0,0,0,0,0,0,0,0,0,0,0,0,0,0,0,0,0,0,0,0,0,0,0,0,0,0,0,0,0,0,0,0,0","36,46,50,50,50,50,50,50,48,44","8,1,3,4,7,10,6,5,2,4,9,7,2,10,5,3,8,6,3,2,6,10,8,2,3,9,4,7,6,1,1,6,7,3,8,3,4,7,5,7,3,4,8,6,5,1,2,8,5,2,4,6,10,6,3,4,7,10,5,9,2,3,9,10,7,1,6,8,5,4,2,10,6,5,4,7,1,7,8,5,2,3,4,6,9,10,5,6,7,10,9,8,5,10,6,7,8,9,1,9,5,10,6,3,8,10,8,9,5,8,7,4,9,2,3,8,5,4,1,10,9,5,2,4,6,7,10,9,8,5,4,8,10,4,2,1,7,3,5,9,6,7,9,8,1,3,6,3,9,8,3,8,6,2,9,7,1,4,5,10,8,10,5,1,4,6,2,3,9,10,4,2,1,7,3,9,4,8,2,3,1,10,4,9,7,5,4,6,3,1,2,5,3,1,5,4,6,10,8,9,7,5,9,1,10,2,7,3,6,8,6,7,8,2,9,7,2,3,9,3,4,2,9,7,6,5,8,10,3,7,6,2,4,1,2,5,4",1:M2 M30 M31 M46 M66 M77 M99 M119 M136 M145 M157 M164 M173 M181 M190 M194 M204 M234 | 2:M9 M13 M20 M24 M47 M50 M61 M71 M81 M114 M123 M135 M154 M167 M172 M179 M191 M206 M214 M217 M222 M232 M235 | 3:M3 M16 M19 M25 M34 M36 M41 M55 M62 M82 M104 M115 M138 M146 M148 M151 M168 M175 M180 M189 M193 M208 M218 M220 M229 | 4:M4 M10 M27 M37 M42 M51 M56 M70 M75 M83 M112 M118 M124 M131 M134 M158 M165 M171 M177 M183 M187 M196 M221 M233 M237 | 5:M8 M15 M39 M45 M49 M59 M69 M74 M80 M87 M93 M101 M109 M117 M122 M130 M139 M159 M163 M186 M192 M195 M202 M226 M236 | 6:M7 M18 M21 M29 M32 M44 M52 M54 M67 M73 M84 M88 M95 M103 M125 M141 M147 M153 M166 M188 M197 M209 M211 M225 M231 | 7:M5 M12 M28 M33 M38 M40 M57 M65 M76 M78 M89 M96 M111 M126 M137 M142 M156 M174 M185 M201 M207 M212 M216 M224 M230 | 8:M1 M17 M23 M35 M43 M48 M68 M79 M92 M97 M105 M107 M110 M116 M129 M132 M144 M150 M152 M161 M178 M199 M210 M213 M227 | 9:M11 M26 M60 M63 M85 M91 M98 M100 M108 M113 M121 M128 M140 M143 M149 M155 M169 M176 M184 M200 M203 M215 M219 M223 | 10:M6 M14 M22 M53 M58 M64 M72 M86 M90 M94 M102 M106 M120 M127 M133 M160 M162 M170 M182 M198 M205 M228,,"domain reduction: sessions, fixed meetings, forbidden slots | precedence graph: transitive closure, cycle detection, arc-consistent bounds | (20),(22)-(27) exactly once over reduced domains | (19) participant atMost-one per slot | (46),(47) clustered table capacity with full channeling | (28) traditional pairwise precedence | usedSlot channeling + exact per-idle-slot break cost | (43) exactly |Mp| reduced usedSlot variables | (44) atMost 2|L| busy participants per slot | (45) exact even number of busy participants | exact unary total-break-slot counts and gap objective | (40) optional hard fairness cap: gap <= 2",,,result,81403,7,81410
tic-14crafc.forb0007,UNSAT,UNSAT,0.372131,28328,80836,7,0,80843,107.953,peak_process_tree_rss_mb,maxsat,traditional,no,imp12+,,,,,,,,"domain reduction: sessions, fixed meetings, forbidden slots | precedence graph: transitive closure, cycle detection, arc-consistent bounds | (20),(22)-(27) exactly once over reduced domains | (19) participant atMost-one per slot | (46),(47) clustered table capacity with full channeling | (28) traditional pairwise precedence | usedSlot channeling + exact per-idle-slot break cost | (43) exactly |Mp| reduced usedSlot variables | (44) atMost 2|L| busy participants per slot | (45) exact even number of busy participants | exact unary total-break-slot counts and gap objective | (40) optional hard fairness cap: gap <= 2",,,result,80836,7,80843
tic-14crafd.fixed020-Forb,UNSAT,UNSAT,0.316254,27697,72388,8,0,72396,110.645,peak_process_tree_rss_mb,maxsat,traditional,no,imp12+,,,,,,,,"domain reduction: sessions, fixed meetings, forbidden slots | precedence graph: transitive closure, cycle detection, arc-consistent bounds | (20),(22)-(27) exactly once over reduced domains | (19) participant atMost-one per slot | (46),(47) clustered table capacity with full channeling | (28) traditional pairwise precedence | usedSlot channeling + exact per-idle-slot break cost | (43) exactly |Mp| reduced usedSlot variables | (44) atMost 2|L| busy participants per slot | (45) exact even number of busy participants | exact unary total-break-slot counts and gap objective | (40) optional hard fairness cap: gap <= 2",,,result,72388,8,72396
tic-14crafd.fixed040-Forb,UNSAT,UNSAT,0.285634,26707,63997,8,0,64005,102.48,peak_process_tree_rss_mb,maxsat,traditional,no,imp12+,,,,,,,,"domain reduction: sessions, fixed meetings, forbidden slots | precedence graph: transitive closure, cycle detection, arc-consistent bounds | (20),(22)-(27) exactly once over reduced domains | (19) participant atMost-one per slot | (46),(47) clustered table capacity with full channeling | (28) traditional pairwise precedence | usedSlot channeling + exact per-idle-slot break cost | (43) exactly |Mp| reduced usedSlot variables | (44) atMost 2|L| busy participants per slot | (45) exact even number of busy participants | exact unary total-break-slot counts and gap objective | (40) optional hard fairness cap: gap <= 2",,,result,63997,8,64005
tic-14crafd.forb0003,UNSAT,UNSAT,0.368437,28241,80884,8,0,80892,114.805,peak_process_tree_rss_mb,maxsat,traditional,no,imp12+,,,,,,,,"domain reduction: sessions, fixed meetings, forbidden slots | precedence graph: transitive closure, cycle detection, arc-consistent bounds | (20),(22)-(27) exactly once over reduced domains | (19) participant atMost-one per slot | (46),(47) clustered table capacity with full channeling | (28) traditional pairwise precedence | usedSlot channeling + exact per-idle-slot break cost | (43) exactly |Mp| reduced usedSlot variables | (44) atMost 2|L| busy participants per slot | (45) exact even number of busy participants | exact unary total-break-slot counts and gap objective | (40) optional hard fairness cap: gap <= 2",,,result,80884,8,80892
tic-14crafd.forb0007,UNSAT,UNSAT,0.324641,27980,80100,8,0,80108,106.98,peak_process_tree_rss_mb,maxsat,traditional,no,imp12+,,,,,,,,"domain reduction: sessions, fixed meetings, forbidden slots | precedence graph: transitive closure, cycle detection, arc-consistent bounds | (20),(22)-(27) exactly once over reduced domains | (19) participant atMost-one per slot | (46),(47) clustered table capacity with full channeling | (28) traditional pairwise precedence | usedSlot channeling + exact per-idle-slot break cost | (43) exactly |Mp| reduced usedSlot variables | (44) atMost 2|L| busy participants per slot | (45) exact even number of busy participants | exact unary total-break-slot counts and gap objective | (40) optional hard fairness cap: gap <= 2",,,result,80100,8,80108
ticf-13crafa.fixed020-Forb,UNSAT,UNSAT,0.927203,84518,195269,19,0,195288,156.434,peak_process_tree_rss_mb,maxsat,traditional,no,imp12+,,,,,,,,"domain reduction: sessions, fixed meetings, forbidden slots | precedence graph: transitive closure, cycle detection, arc-consistent bounds | (20),(22)-(27) exactly once over reduced domains | (19) participant atMost-one per slot | (46),(47) clustered table capacity with full channeling | (28) traditional pairwise precedence | usedSlot channeling + exact per-idle-slot break cost | (43) exactly |Mp| reduced usedSlot variables | (44) atMost 2|L| busy participants per slot | (45) exact even number of busy participants | exact unary total-break-slot counts and gap objective | (40) optional hard fairness cap: gap <= 2",,,result,195269,19,195288
ticf-13crafa.fixed040-Forb,UNSAT,UNSAT,0.767276,72094,166092,19,0,166111,142.086,peak_process_tree_rss_mb,maxsat,traditional,no,imp12+,,,,,,,,"domain reduction: sessions, fixed meetings, forbidden slots | precedence graph: transitive closure, cycle detection, arc-consistent bounds | (20),(22)-(27) exactly once over reduced domains | (19) participant atMost-one per slot | (46),(47) clustered table capacity with full channeling | (28) traditional pairwise precedence | usedSlot channeling + exact per-idle-slot break cost | (43) exactly |Mp| reduced usedSlot variables | (44) atMost 2|L| busy participants per slot | (45) exact even number of busy participants | exact unary total-break-slot counts and gap objective | (40) optional hard fairness cap: gap <= 2",,,result,166092,19,166111
ticf-13crafa.forb0003,SAT,OPTIMAL,2.973713,87066,207677,19,0,207696,174.871,peak_process_tree_rss_mb,maxsat,traditional,no,imp12+,0,0,"0,0,0,0,0,0,0,0,0,0,0,0,0,0,0,0,0,0,0,0,0,0,0,0,0,0,0,0,0,0,0,0,0,0,0,0,0,0,0,0,0,0,0,0,0,0,0,0,0,0,0,0,0,0,0,0,0,0,0,0,0,0,0,0,0,0,0,0,0,0","8,12,20,26,26,26,28,28,26,26,26,20,20,8,6,2,0,0,0,0,0","3,9,5,10,11,7,8,4,6,14,3,5,4,6,8,1,7,2,1,5,6,3,2,4,4,7,7,8,11,13,9,12,10,11,9,12,10,8,13,7,12,13,14,16,15,6,5,3,6,9,7,3,8,5,10,11,4,10,13,11,12,4,8,6,5,7,4,7,2,8,3,11,4,6,10,9,5,9,5,12,11,13,7,4,10,3,8,6,4,8,9,6,7,5,11,10,2,3,13,8,11,12,10,9,6,5,4,3,8,7,1,2,9,5,9,7,11,6,13,12,10,5,9,12,14,13,7,6,4,10,11,15,8,2,10,4,3,1,6,15,11,12,8,5,9,13,14,7,10,8,11,12,13,9",1:M16 M19 M111 M138 | 2:M18 M23 M69 M97 M112 M134 | 3:M1 M11 M22 M48 M52 M71 M86 M98 M108 M137 | 4:M8 M13 M24 M25 M57 M62 M67 M73 M84 M89 M107 M129 M136 | 5:M3 M12 M20 M47 M54 M65 M77 M79 M94 M106 M114 M122 M144 | 6:M9 M14 M21 M46 M49 M64 M74 M88 M92 M105 M118 M128 M139 | 7:M6 M17 M26 M27 M40 M51 M66 M68 M83 M93 M110 M116 M127 M148 | 8:M7 M15 M28 M38 M53 M63 M70 M87 M90 M100 M109 M133 M143 M150 | 9:M2 M31 M35 M50 M76 M78 M91 M104 M113 M115 M123 M145 M154 | 10:M4 M33 M37 M55 M58 M75 M85 M96 M103 M121 M130 M135 M149 | 11:M5 M29 M34 M56 M60 M72 M81 M95 M101 M117 M131 M141 M151 | 12:M32 M36 M41 M61 M80 M102 M120 M124 M142 M152 | 13:M30 M39 M42 M59 M82 M99 M119 M126 M146 M153 | 14:M10 M43 M125 M147 | 15:M45 M132 M140 | 16:M44 | 17: | 18: | 19: | 20: | 21:,,"domain reduction: sessions, fixed meetings, forbidden slots | precedence graph: transitive closure, cycle detection, arc-consistent bounds | (20),(22)-(27) exactly once over reduced domains | (19) participant atMost-one per slot | (46),(47) clustered table capacity with full channeling | (28) traditional pairwise precedence | usedSlot channeling + exact per-idle-slot break cost | (43) exactly |Mp| reduced usedSlot variables | (44) atMost 2|L| busy participants per slot | (45) exact even number of busy participants | exact unary total-break-slot counts and gap objective | (40) optional hard fairness cap: gap <= 2",,,result,207677,19,207696
ticf-13crafa.forb0007,SAT,OPTIMAL,3.550302,86926,207147,19,0,207166,175.93,peak_process_tree_rss_mb,maxsat,traditional,no,imp12+,0,0,"0,0,0,0,0,0,0,0,0,0,0,0,0,0,0,0,0,0,0,0,0,0,0,0,0,0,0,0,0,0,0,0,0,0,0,0,0,0,0,0,0,0,0,0,0,0,0,0,0,0,0,0,0,0,0,0,0,0,0,0,0,0,0,0,0,0,0,0,0,0","8,10,20,22,26,26,28,28,26,26,26,26,22,8,4,2,0,0,0,0,0","5,8,13,11,9,6,10,12,7,14,5,6,7,4,8,1,3,2,4,5,1,2,6,3,5,6,10,11,12,13,9,8,7,9,13,12,11,7,10,8,12,13,14,16,15,7,8,12,7,12,8,9,6,5,13,10,11,10,13,12,11,4,6,4,3,7,5,12,10,9,5,11,8,6,3,7,4,10,8,12,11,13,7,6,9,4,5,3,3,7,6,8,2,9,11,5,10,4,12,8,11,13,10,9,10,6,7,3,8,9,11,5,4,5,7,6,2,3,9,4,1,9,4,13,14,12,6,7,5,3,11,10,8,2,6,9,11,7,3,15,4,12,10,5,1,14,8,13,11,10,9,12,13,8",1:M16 M21 M121 M145 | 2:M18 M22 M93 M117 M134 | 3:M17 M24 M65 M75 M88 M89 M108 M118 M130 M139 | 4:M14 M19 M62 M64 M77 M86 M98 M113 M120 M123 M141 | 5:M1 M11 M20 M25 M54 M67 M71 M87 M96 M112 M114 M129 M144 | 6:M6 M12 M23 M26 M53 M63 M74 M84 M91 M106 M116 M127 M135 | 7:M9 M13 M33 M38 M46 M49 M66 M76 M83 M90 M107 M115 M128 M138 | 8:M2 M15 M32 M40 M47 M51 M73 M79 M92 M100 M109 M133 M147 M154 | 9:M5 M31 M34 M52 M70 M85 M94 M104 M110 M119 M122 M136 M151 | 10:M7 M27 M39 M56 M58 M69 M78 M97 M103 M105 M132 M143 M150 | 11:M4 M28 M37 M57 M61 M72 M81 M95 M101 M111 M131 M137 M149 | 12:M8 M29 M36 M41 M48 M50 M60 M68 M80 M99 M126 M142 M152 | 13:M3 M30 M35 M42 M55 M59 M82 M102 M124 M148 M153 | 14:M10 M43 M125 M146 | 15:M45 M140 | 16:M44 | 17: | 18: | 19: | 20: | 21:,,"domain reduction: sessions, fixed meetings, forbidden slots | precedence graph: transitive closure, cycle detection, arc-consistent bounds | (20),(22)-(27) exactly once over reduced domains | (19) participant atMost-one per slot | (46),(47) clustered table capacity with full channeling | (28) traditional pairwise precedence | usedSlot channeling + exact per-idle-slot break cost | (43) exactly |Mp| reduced usedSlot variables | (44) atMost 2|L| busy participants per slot | (45) exact even number of busy participants | exact unary total-break-slot counts and gap objective | (40) optional hard fairness cap: gap <= 2",,,result,207147,19,207166
ticf-13crafb.fixed020-Forb,UNSAT,UNSAT,1.018692,85560,213291,20,0,213311,157.289,peak_process_tree_rss_mb,maxsat,traditional,no,imp12+,,,,,,,,"domain reduction: sessions, fixed meetings, forbidden slots | precedence graph: transitive closure, cycle detection, arc-consistent bounds | (20),(22)-(27) exactly once over reduced domains | (19) participant atMost-one per slot | (46),(47) clustered table capacity with full channeling | (28) traditional pairwise precedence | usedSlot channeling + exact per-idle-slot break cost | (43) exactly |Mp| reduced usedSlot variables | (44) atMost 2|L| busy participants per slot | (45) exact even number of busy participants | exact unary total-break-slot counts and gap objective | (40) optional hard fairness cap: gap <= 2",,,result,213291,20,213311
ticf-13crafb.fixed040-Forb,UNSAT,UNSAT,0.944303,83851,201711,20,0,201731,145.211,peak_process_tree_rss_mb,maxsat,traditional,no,imp12+,,,,,,,,"domain reduction: sessions, fixed meetings, forbidden slots | precedence graph: transitive closure, cycle detection, arc-consistent bounds | (20),(22)-(27) exactly once over reduced domains | (19) participant atMost-one per slot | (46),(47) clustered table capacity with full channeling | (28) traditional pairwise precedence | usedSlot channeling + exact per-idle-slot break cost | (43) exactly |Mp| reduced usedSlot variables | (44) atMost 2|L| busy participants per slot | (45) exact even number of busy participants | exact unary total-break-slot counts and gap objective | (40) optional hard fairness cap: gap <= 2",,,result,201711,20,201731
ticf-13crafb.forb0003,SAT,OPTIMAL,5.257862,103375,255716,20,0,255736,200.398,peak_process_tree_rss_mb,maxsat,traditional,no,imp12+,92,2,"2,2,2,1,0,0,2,1,2,2,0,2,2,2,2,2,2,2,2,2,0,2,2,0,2,2,0,2,2,2,2,0,2,0,0,2,1,2,2,2,2,2,2,2,1,0,1,0,0,0,1,0,2,2,0,2,0,2,2,1,2,0,2,2,2,1,0,0,0,0,0,0,0,0,0,2","2,6,8,14,18,18,24,24,26,28,26,28,28,28,28,24,16,16,12,8,4,4","6,14,11,9,10,8,7,10,16,11,9,5,12,7,15,13,10,14,18,17,13,12,16,10,9,11,16,13,3,5,11,10,11,19,16,7,2,15,3,17,13,14,6,18,18,13,15,6,8,7,20,4,14,17,11,8,5,9,7,10,13,10,12,15,14,19,16,18,17,13,5,6,4,9,2,15,10,12,8,11,7,11,12,9,14,16,15,9,12,8,9,15,13,20,16,19,18,13,17,21,22,15,14,15,12,14,16,16,14,15,8,9,19,9,6,16,10,7,12,8,11,5,4,15,14,15,13,18,11,7,4,10,3,13,14,15,17,19,6,5,21,22,20,9,12,13,8,7,12,17,13,12,14,9,16,8,14,15,19,11,17,10,18,10,5,2,9,4,7,6,11,1,12,8,3,10,5,14,4,11,16,8,20,18,7,12,13,6,4,7,5,12,8,6,10",1:M172 | 2:M37 M75 M166 | 3:M29 M39 M133 M175 | 4:M52 M73 M123 M131 M168 M179 M189 | 5:M12 M30 M57 M71 M122 M140 M165 M177 M191 | 6:M1 M43 M48 M72 M115 M139 M170 M188 M194 | 7:M7 M14 M36 M50 M59 M81 M118 M130 M148 M169 M185 M190 | 8:M6 M49 M56 M79 M90 M111 M120 M147 M156 M174 M182 M193 | 9:M4 M11 M25 M58 M74 M84 M88 M91 M112 M114 M144 M154 M167 | 10:M5 M8 M17 M24 M32 M60 M62 M77 M117 M132 M162 M164 M176 M195 | 11:M3 M10 M26 M31 M33 M55 M80 M82 M121 M129 M160 M171 M180 | 12:M13 M22 M63 M78 M83 M89 M105 M119 M145 M149 M152 M173 M186 M192 | 13:M16 M21 M28 M41 M46 M61 M70 M93 M98 M127 M134 M146 M151 M187 | 14:M2 M18 M42 M53 M65 M85 M103 M106 M109 M125 M135 M153 M157 M178 | 15:M15 M38 M47 M64 M76 M87 M92 M102 M104 M110 M124 M126 M136 M158 | 16:M9 M23 M27 M35 M67 M86 M95 M107 M108 M116 M155 M181 | 17:M20 M40 M54 M69 M99 M137 M150 M161 | 18:M19 M44 M45 M68 M97 M128 M163 M184 | 19:M34 M66 M96 M113 M138 M159 | 20:M51 M94 M143 M183 | 21:M100 M141 | 22:M101 M142,,"domain reduction: sessions, fixed meetings, forbidden slots | precedence graph: transitive closure, cycle detection, arc-consistent bounds | (20),(22)-(27) exactly once over reduced domains | (19) participant atMost-one per slot | (46),(47) clustered table capacity with full channeling | (28) traditional pairwise precedence | usedSlot channeling + exact per-idle-slot break cost | (43) exactly |Mp| reduced usedSlot variables | (44) atMost 2|L| busy participants per slot | (45) exact even number of busy participants | exact unary total-break-slot counts and gap objective | (40) optional hard fairness cap: gap <= 2",,,result,255716,20,255736
ticf-13crafb.forb0007,SAT,OPTIMAL,4.593881,103244,254937,20,0,254957,199.105,peak_process_tree_rss_mb,maxsat,traditional,no,imp12+,88,2,"2,2,2,2,0,0,2,0,2,2,0,2,1,2,2,1,2,2,2,2,1,2,2,0,2,2,0,2,2,2,2,2,1,0,0,2,2,2,2,2,2,2,1,2,1,0,2,0,0,0,2,0,1,0,0,2,0,2,1,0,2,0,1,2,2,2,0,0,0,0,0,0,0,0,0,1","2,6,10,10,14,16,24,22,28,28,26,28,28,28,28,26,22,14,12,12,4,2","8,8,9,11,10,12,9,11,13,9,15,11,10,7,17,15,12,16,17,15,13,10,16,7,12,9,15,12,3,2,12,10,10,20,17,12,7,14,6,18,17,10,5,15,17,16,13,9,11,12,19,4,14,20,5,8,10,13,15,14,14,10,11,16,15,20,17,18,13,9,11,6,3,10,4,18,12,5,8,9,7,11,9,12,15,16,17,7,7,11,8,14,11,19,18,16,20,14,17,21,22,15,13,14,13,16,15,11,12,7,8,6,14,8,7,6,11,4,12,9,10,5,3,13,13,16,14,18,10,9,4,3,2,12,13,20,21,16,8,15,6,5,19,7,14,16,17,18,19,15,14,13,16,9,13,15,14,12,20,11,16,17,19,7,5,2,12,4,6,8,9,1,11,10,3,15,5,17,6,9,16,10,19,14,18,13,8,7,10,7,6,14,8,13,9",1:M172 | 2:M30 M133 M166 | 3:M29 M73 M123 M132 M175 | 4:M52 M75 M118 M131 M168 | 5:M43 M55 M78 M122 M142 M165 M177 | 6:M39 M72 M112 M116 M141 M169 M179 M191 | 7:M14 M24 M37 M81 M88 M89 M110 M115 M144 M164 M188 M190 | 8:M1 M2 M56 M79 M91 M111 M114 M139 M170 M187 M193 | 9:M3 M7 M10 M26 M48 M70 M80 M83 M120 M130 M154 M171 M180 M195 | 10:M5 M13 M22 M32 M33 M42 M57 M62 M74 M121 M129 M174 M182 M189 | 11:M4 M8 M12 M49 M63 M71 M82 M90 M93 M108 M117 M160 M173 | 12:M6 M17 M25 M28 M31 M36 M50 M77 M84 M109 M119 M134 M158 M167 | 13:M9 M21 M47 M58 M69 M103 M105 M124 M125 M135 M152 M155 M186 M194 | 14:M38 M53 M60 M61 M92 M98 M104 M113 M127 M145 M151 M157 M184 M192 | 15:M11 M16 M20 M27 M44 M59 M65 M85 M102 M107 M140 M150 M156 M176 | 16:M18 M23 M46 M64 M86 M96 M106 M126 M138 M146 M153 M161 M181 | 17:M15 M19 M35 M41 M45 M67 M87 M99 M147 M162 M178 | 18:M40 M68 M76 M95 M128 M148 M185 | 19:M51 M94 M143 M149 M163 M183 | 20:M34 M54 M66 M97 M136 M159 | 21:M100 M137 | 22:M101,,"domain reduction: sessions, fixed meetings, forbidden slots | precedence graph: transitive closure, cycle detection, arc-consistent bounds | (20),(22)-(27) exactly once over reduced domains | (19) participant atMost-one per slot | (46),(47) clustered table capacity with full channeling | (28) traditional pairwise precedence | usedSlot channeling + exact per-idle-slot break cost | (43) exactly |Mp| reduced usedSlot variables | (44) atMost 2|L| busy participants per slot | (45) exact even number of busy participants | exact unary total-break-slot counts and gap objective | (40) optional hard fairness cap: gap <= 2",,,result,254937,20,254957
ticf-13crafc.fixed020-Forb,UNSAT,UNSAT,0.937702,84648,195581,19,0,195600,165.176,peak_process_tree_rss_mb,maxsat,traditional,no,imp12+,,,,,,,,"domain reduction: sessions, fixed meetings, forbidden slots | precedence graph: transitive closure, cycle detection, arc-consistent bounds | (20),(22)-(27) exactly once over reduced domains | (19) participant atMost-one per slot | (46),(47) clustered table capacity with full channeling | (28) traditional pairwise precedence | usedSlot channeling + exact per-idle-slot break cost | (43) exactly |Mp| reduced usedSlot variables | (44) atMost 2|L| busy participants per slot | (45) exact even number of busy participants | exact unary total-break-slot counts and gap objective | (40) optional hard fairness cap: gap <= 2",,,result,195581,19,195600
ticf-13crafc.fixed040-Forb,UNSAT,UNSAT,0.782998,72248,166452,19,0,166471,144.414,peak_process_tree_rss_mb,maxsat,traditional,no,imp12+,,,,,,,,"domain reduction: sessions, fixed meetings, forbidden slots | precedence graph: transitive closure, cycle detection, arc-consistent bounds | (20),(22)-(27) exactly once over reduced domains | (19) participant atMost-one per slot | (46),(47) clustered table capacity with full channeling | (28) traditional pairwise precedence | usedSlot channeling + exact per-idle-slot break cost | (43) exactly |Mp| reduced usedSlot variables | (44) atMost 2|L| busy participants per slot | (45) exact even number of busy participants | exact unary total-break-slot counts and gap objective | (40) optional hard fairness cap: gap <= 2",,,result,166452,19,166471
ticf-13crafc.forb0003,SAT,OPTIMAL,64.299252,87196,207989,19,0,208008,241.422,peak_process_tree_rss_mb,maxsat,traditional,no,imp12+,48,1,"1,0,1,1,0,1,1,1,1,1,1,1,1,1,1,0,0,1,1,0,0,0,0,1,1,0,1,0,1,1,1,1,1,1,1,1,1,0,1,0,1,1,0,1,1,1,1,1,1,1,0,1,1,0,0,1,0,0,1,1,0,1,1,1,1,1,0,0,0,1","8,14,18,24,24,24,24,24,24,24,24,24,20,14,6,6,4,2,0,0,0","2,7,3,4,11,6,9,5,8,14,13,14,15,12,18,17,16,10,5,6,4,3,9,7,12,11,6,2,5,9,3,4,8,11,6,13,7,8,12,10,13,12,14,17,16,9,7,4,2,5,9,8,7,1,4,6,3,7,10,6,8,12,9,12,14,11,13,6,7,4,11,2,10,9,5,1,3,8,4,10,12,13,6,3,9,11,5,2,4,8,10,12,5,14,11,9,7,13,13,12,11,10,9,8,5,10,12,9,13,8,6,11,4,10,5,8,3,1,4,7,2,13,9,15,14,7,10,12,4,3,11,5,6,3,10,1,8,11,15,16,6,4,5,13,2,12,7,14,10,7,6,11,5,8",1:M54 M76 M118 M136 | 2:M1 M28 M49 M72 M88 M121 M145 | 3:M3 M22 M31 M57 M77 M84 M117 M130 M134 | 4:M4 M21 M32 M48 M55 M70 M79 M89 M113 M119 M129 M142 | 5:M8 M19 M29 M50 M75 M87 M93 M105 M115 M132 M143 M153 | 6:M6 M20 M27 M35 M56 M60 M68 M83 M111 M133 M141 M151 | 7:M2 M24 M37 M47 M53 M58 M69 M97 M120 M126 M147 M150 | 8:M9 M33 M38 M52 M61 M78 M90 M104 M110 M116 M137 M154 | 9:M7 M23 M30 M46 M51 M63 M74 M85 M96 M103 M108 M123 | 10:M18 M40 M59 M73 M80 M91 M102 M106 M114 M127 M135 M149 | 11:M5 M26 M34 M66 M71 M86 M95 M101 M112 M131 M138 M152 | 12:M14 M25 M39 M42 M62 M64 M81 M92 M100 M107 M128 M146 | 13:M11 M36 M41 M67 M82 M98 M99 M109 M122 M144 | 14:M10 M12 M43 M65 M94 M125 M148 | 15:M13 M124 M139 | 16:M17 M45 M140 | 17:M16 M44 | 18:M15 | 19: | 20: | 21:,,"domain reduction: sessions, fixed meetings, forbidden slots | precedence graph: transitive closure, cycle detection, arc-consistent bounds | (20),(22)-(27) exactly once over reduced domains | (19) participant atMost-one per slot | (46),(47) clustered table capacity with full channeling | (28) traditional pairwise precedence | usedSlot channeling + exact per-idle-slot break cost | (43) exactly |Mp| reduced usedSlot variables | (44) atMost 2|L| busy participants per slot | (45) exact even number of busy participants | exact unary total-break-slot counts and gap objective | (40) optional hard fairness cap: gap <= 2",,,result,207989,19,208008
ticf-13crafc.forb0007,SAT,OPTIMAL,19.11452,87058,207463,19,0,207482,196.965,peak_process_tree_rss_mb,maxsat,traditional,no,imp12+,52,1,"1,1,1,1,1,1,1,1,1,0,1,1,1,1,1,0,0,1,1,0,0,0,1,1,1,1,1,0,1,1,1,1,1,1,1,1,1,1,1,1,1,0,0,1,1,1,1,1,1,0,0,0,1,1,0,1,1,0,1,1,0,1,1,1,1,1,0,0,0,1","6,16,22,24,22,24,24,24,22,24,24,24,22,12,6,4,4,2,2,0,0","7,6,2,4,9,5,8,11,3,14,11,15,14,12,19,18,17,13,5,2,4,3,7,8,8,11,4,1,3,8,2,6,5,9,6,10,7,13,12,11,13,12,14,15,16,8,9,4,3,9,1,10,6,2,5,4,7,6,10,7,8,10,12,13,11,14,9,6,12,5,13,10,7,11,3,8,4,13,6,10,11,12,9,4,5,7,3,2,9,7,4,13,3,6,11,10,5,12,10,12,8,13,7,9,4,7,12,11,9,6,3,8,5,10,9,6,5,2,4,3,1,11,4,12,13,6,14,10,3,2,9,5,8,6,5,3,14,12,7,13,8,11,10,16,4,15,2,17,12,7,11,13,8,10",1:M28 M51 M121 | 2:M3 M20 M31 M54 M88 M118 M130 M147 | 3:M9 M22 M29 M49 M75 M87 M93 M111 M120 M129 M136 | 4:M4 M21 M27 M48 M56 M77 M84 M91 M105 M119 M123 M145 | 5:M6 M19 M33 M55 M70 M85 M97 M113 M117 M132 M135 | 6:M2 M32 M35 M53 M58 M68 M79 M94 M110 M116 M126 M134 | 7:M1 M23 M37 M57 M60 M73 M86 M90 M103 M106 M139 M150 | 8:M7 M24 M25 M30 M46 M61 M76 M101 M112 M133 M141 M153 | 9:M5 M34 M47 M50 M67 M83 M89 M104 M109 M115 M131 | 10:M36 M52 M59 M62 M72 M80 M96 M99 M114 M128 M143 M154 | 11:M8 M11 M26 M40 M65 M74 M81 M95 M108 M122 M142 M151 | 12:M14 M39 M42 M63 M69 M82 M98 M100 M107 M124 M138 M149 | 13:M18 M38 M41 M64 M71 M78 M92 M102 M125 M140 M152 | 14:M10 M13 M43 M66 M127 M137 | 15:M12 M44 M146 | 16:M45 M144 | 17:M17 M148 | 18:M16 | 19:M15 | 20: | 21:,,"domain reduction: sessions, fixed meetings, forbidden slots | precedence graph: transitive closure, cycle detection, arc-consistent bounds | (20),(22)-(27) exactly once over reduced domains | (19) participant atMost-one per slot | (46),(47) clustered table capacity with full channeling | (28) traditional pairwise precedence | usedSlot channeling + exact per-idle-slot break cost | (43) exactly |Mp| reduced usedSlot variables | (44) atMost 2|L| busy participants per slot | (45) exact even number of busy participants | exact unary total-break-slot counts and gap objective | (40) optional hard fairness cap: gap <= 2",,,result,207463,19,207482
ticf-14crafa.fixed020-Forb,UNSAT,UNSAT,1.801711,151037,362304,20,0,362324,217.465,peak_process_tree_rss_mb,maxsat,traditional,no,imp12+,,,,,,,,"domain reduction: sessions, fixed meetings, forbidden slots | precedence graph: transitive closure, cycle detection, arc-consistent bounds | (20),(22)-(27) exactly once over reduced domains | (19) participant atMost-one per slot | (46),(47) clustered table capacity with full channeling | (28) traditional pairwise precedence | usedSlot channeling + exact per-idle-slot break cost | (43) exactly |Mp| reduced usedSlot variables | (44) atMost 2|L| busy participants per slot | (45) exact even number of busy participants | exact unary total-break-slot counts and gap objective | (40) optional hard fairness cap: gap <= 2",,,result,362304,20,362324
ticf-14crafa.fixed040-Forb,UNSAT,UNSAT,1.621414,144374,327968,20,0,327988,206.645,peak_process_tree_rss_mb,maxsat,traditional,no,imp12+,,,,,,,,"domain reduction: sessions, fixed meetings, forbidden slots | precedence graph: transitive closure, cycle detection, arc-consistent bounds | (20),(22)-(27) exactly once over reduced domains | (19) participant atMost-one per slot | (46),(47) clustered table capacity with full channeling | (28) traditional pairwise precedence | usedSlot channeling + exact per-idle-slot break cost | (43) exactly |Mp| reduced usedSlot variables | (44) atMost 2|L| busy participants per slot | (45) exact even number of busy participants | exact unary total-break-slot counts and gap objective | (40) optional hard fairness cap: gap <= 2",,,result,327968,20,327988
ticf-14crafa.forb0003,SAT,OPTIMAL,28.796024,154582,393455,20,0,393475,262.039,peak_process_tree_rss_mb,maxsat,traditional,no,imp12+,0,0,"0,0,0,0,0,0,0,0,0,0,0,0,0,0,0,0,0,0,0,0,0,0,0,0,0,0,0,0,0,0,0,0,0,0,0,0,0,0,0,0,0,0,0,0,0,0,0,0,0,0,0,0,0,0,0,0,0,0,0,0,0,0,0,0,0,0,0,0,0,0,0,0,0,0,0,0,0,0","10,18,22,28,32,34,36,40,44,40,44,44,42,38,34,26,22,16,12,10,8,4","8,6,12,13,9,16,12,14,13,15,13,12,6,8,11,2,5,7,1,3,14,17,12,8,5,7,10,9,14,7,10,18,15,5,7,19,13,6,14,12,20,17,9,14,13,16,9,12,17,6,5,12,4,6,10,8,11,8,16,13,20,15,18,14,12,8,11,16,14,15,13,22,21,18,17,16,5,18,4,10,6,7,14,9,19,13,3,15,4,5,16,17,11,9,12,11,20,21,19,15,17,3,10,4,7,8,9,6,11,17,9,13,14,16,5,6,10,2,9,7,11,8,12,6,9,7,12,4,5,8,10,8,13,11,15,7,10,16,6,18,9,4,6,3,2,9,4,7,1,5,13,10,8,17,15,14,9,2,4,6,3,5,15,11,14,3,20,6,21,18,13,16,19,8,14,3,8,15,13,5,11,4,16,2,7,11,13,7,8,10,9,12,15,14,10,9,11,13,10,14,11,13,17,15,12,16,2,11,9,3,4,6,12,7,5,10,8,11,19,15,1,7,22,9,21,16,20,17,12,10,2,14,6,18,5,8,4,13,3,7,11,9,10,8,9,12,10,14,13,11,16,15,10,12,15,11,13,14,11,9,6,10,4,3,1,5,7,8,12,2,15,12,13,14,11,10,5,11,7,4,9,12,8,14,12,15,13,17,19,18,9,8,5,10,2,11,12,7,1,3,4,6",1:M19 M149 M221 M265 M299 | 2:M16 M118 M145 M158 M184 M207 M231 M270 M295 | 3:M20 M87 M102 M144 M161 M166 M176 M210 M239 M264 M300 | 4:M53 M79 M89 M104 M128 M142 M147 M159 M182 M211 M237 M263 M280 M301 | 5:M17 M25 M34 M51 M77 M90 M115 M129 M150 M162 M180 M215 M235 M266 M277 M293 | 6:M2 M13 M38 M50 M54 M81 M108 M116 M124 M139 M143 M160 M168 M212 M233 M261 M302 | 7:M18 M26 M30 M35 M82 M105 M120 M126 M136 M148 M185 M188 M214 M222 M240 M267 M279 M298 | 8:M1 M14 M24 M56 M58 M66 M106 M122 M130 M132 M153 M174 M177 M189 M217 M236 M244 M268 M283 M292 | 9:M5 M28 M43 M47 M84 M94 M107 M111 M119 M125 M141 M146 M157 M191 M196 M209 M224 M242 M245 M260 M281 M291 | 10:M27 M31 M55 M80 M103 M117 M131 M137 M152 M190 M195 M199 M216 M230 M243 M247 M253 M262 M276 M294 | 11:M15 M57 M67 M93 M96 M109 M121 M134 M164 M181 M186 M197 M201 M208 M218 M241 M250 M256 M259 M275 M278 M296 | 12:M3 M7 M12 M23 M40 M48 M52 M65 M95 M123 M127 M192 M205 M213 M229 M246 M254 M269 M272 M282 M285 M297 | 13:M4 M9 M11 M37 M45 M60 M71 M86 M112 M133 M151 M171 M179 M187 M198 M202 M238 M249 M257 M273 M287 | 14:M8 M21 M29 M39 M44 M64 M69 M83 M113 M156 M165 M175 M194 M200 M232 M248 M258 M274 M284 | 15:M10 M33 M62 M70 M88 M100 M135 M155 M163 M178 M193 M204 M220 M252 M255 M271 M286 | 16:M6 M46 M59 M68 M76 M91 M114 M138 M172 M183 M206 M226 M251 | 17:M22 M42 M49 M75 M92 M101 M110 M154 M203 M228 M288 | 18:M32 M63 M74 M78 M140 M170 M234 M290 | 19:M36 M85 M99 M173 M219 M289 | 20:M41 M61 M97 M167 M227 | 21:M73 M98 M169 M225 | 22:M72 M223,,"domain reduction: sessions, fixed meetings, forbidden slots | precedence graph: transitive closure, cycle detection, arc-consistent bounds | (20),(22)-(27) exactly once over reduced domains | (19) participant atMost-one per slot | (46),(47) clustered table capacity with full channeling | (28) traditional pairwise precedence | usedSlot channeling + exact per-idle-slot break cost | (43) exactly |Mp| reduced usedSlot variables | (44) atMost 2|L| busy participants per slot | (45) exact even number of busy participants | exact unary total-break-slot counts and gap objective | (40) optional hard fairness cap: gap <= 2",,,result,393455,20,393475
ticf-14crafa.forb0007,UNSAT,UNSAT,1.836616,154208,391112,20,0,391132,209.715,peak_process_tree_rss_mb,maxsat,traditional,no,imp12+,,,,,,,,"domain reduction: sessions, fixed meetings, forbidden slots | precedence graph: transitive closure, cycle detection, arc-consistent bounds | (20),(22)-(27) exactly once over reduced domains | (19) participant atMost-one per slot | (46),(47) clustered table capacity with full channeling | (28) traditional pairwise precedence | usedSlot channeling + exact per-idle-slot break cost | (43) exactly |Mp| reduced usedSlot variables | (44) atMost 2|L| busy participants per slot | (45) exact even number of busy participants | exact unary total-break-slot counts and gap objective | (40) optional hard fairness cap: gap <= 2",,,result,391112,20,391132
