instance,sat_result,status,total_runtime_s,input_parsing_s,constraint_building_s,solver_runtime_s,peak_memory_mb,memory_metric,n_vars,n_hard_clauses,n_soft_clauses,n_total_clauses,solver,solver_cost,fairness_gap,hard_fairness_limit,participant_gap_slots,assignment_by_meeting,schedule_by_slot,validation_status,error_type,error_message
forum-13.fixed020-Forb,SAT,OPTIMAL,3.2617,0.02128,1.190843,0.55123,200.434,peak_process_tree_rss_mb,114088,292143,19,292162,RC2,12,12,1000,"4,6,11,11,6,7,5,7,8,4,2,2,8,5,5,6,0,5,6,0,0,0,3,12,5,8,4,6,10,2,6,10,1,2,9,8,1,12,5,10,4,4,0,7,11,12,10,3,2,7,0,11,2,7,0,10,6,0,5,1,0,3,2,4,7,6,0,0,0,7","M1:T11,M2:T8,M3:T13,M4:T10,M5:T9,M6:T7,M7:T5,M8:T2,M9:T1,M10:T14,M11:T9,M12:T3,M13:T8,M14:T1,M15:T6,M16:T5,M17:T10,M18:T7,M19:T4,M20:T9,M21:T2,M22:T1,M23:T10,M24:T11,M25:T7,M26:T2,M27:T6,M28:T7,M29:T2,M30:T10,M31:T4,M32:T12,M33:T1,M34:T10,M35:T5,M36:T4,M37:T11,M38:T3,M39:T9,M40:T1,M41:T12,M42:T13,M43:T21,M44:T15,M45:T14,M46:T13,M47:T12,M48:T10,M49:T12,M50:T1,M51:T3,M52:T16,M53:T15,M54:T10,M55:T11,M56:T14,M57:T19,M58:T6,M59:T8,M60:T13,M61:T11,M62:T12,M63:T9,M64:T17,M65:T20,M66:T16,M67:T11,M68:T5,M69:T4,M70:T10,M71:T12,M72:T2,M73:T3,M74:T6,M75:T13,M76:T7,M77:T9,M78:T13,M79:T6,M80:T10,M81:T9,M82:T11,M83:T12,M84:T1,M85:T4,M86:T7,M87:T8,M88:T3,M89:T2,M90:T20,M91:T5,M92:T1,M93:T9,M94:T3,M95:T4,M96:T14,M97:T6,M98:T15,M99:T9,M100:T4,M101:T10,M102:T8,M103:T13,M104:T2,M105:T10,M106:T8,M107:T2,M108:T3,M109:T4,M110:T9,M111:T12,M112:T5,M113:T13,M114:T4,M115:T13,M116:T6,M117:T8,M118:T3,M119:T10,M120:T7,M121:T1,M122:T5,M123:T18,M124:T20,M125:T13,M126:T19,M127:T11,M128:T4,M129:T16,M130:T17,M131:T15,M132:T6,M133:T2,M134:T3,M135:T5,M136:T20,M137:T12,M138:T11,M139:T19,M140:T21,M141:T7,M142:T1,M143:T18,M144:T4,M145:T17,M146:T2,M147:T8,M148:T9,M149:T2,M150:T3,M151:T10,M152:T13,M153:T5,M154:T1",1:M9 M14 M22 M33 M40 M50 M84 M92 M121 M142 M154 | 2:M8 M21 M26 M29 M72 M89 M104 M107 M133 M146 M149 | 3:M12 M38 M51 M73 M88 M94 M108 M118 M134 M150 | 4:M19 M31 M36 M69 M85 M95 M100 M109 M114 M128 M144 | 5:M7 M16 M35 M68 M91 M112 M122 M135 M153 | 6:M15 M27 M58 M74 M79 M97 M116 M132 | 7:M6 M18 M25 M28 M76 M86 M120 M141 | 8:M2 M13 M59 M87 M102 M106 M117 M147 | 9:M5 M11 M20 M39 M63 M77 M81 M93 M99 M110 M148 | 10:M4 M17 M23 M30 M34 M48 M54 M70 M80 M101 M105 M119 M151 | 11:M1 M24 M37 M55 M61 M67 M82 M127 M138 | 12:M32 M41 M47 M49 M62 M71 M83 M111 M137 | 13:M3 M42 M46 M60 M75 M78 M103 M113 M115 M125 M152 | 14:M10 M45 M56 M96 | 15:M44 M53 M98 M131 | 16:M52 M66 M129 | 17:M64 M130 M145 | 18:M123 M143 | 19:M57 M126 M139 | 20:M65 M90 M124 M136 | 21:M43 M140,PASSED,,
forum-13.fixed040-Forb,SAT,OPTIMAL,4.194427,0.044941,1.230272,0.548063,215.102,peak_process_tree_rss_mb,114088,292174,19,292193,RC2,14,14,1000,"1,11,11,5,2,7,5,13,7,4,12,6,11,10,2,0,0,7,8,0,0,0,3,8,2,11,4,7,9,5,5,10,9,6,5,9,9,14,11,11,4,7,0,14,11,14,0,6,2,14,0,5,2,0,0,9,7,0,10,3,0,4,6,8,8,5,0,0,0,4","M1:T8,M2:T9,M3:T2,M4:T6,M5:T3,M6:T10,M7:T7,M8:T4,M9:T1,M10:T14,M11:T4,M12:T15,M13:T21,M14:T13,M15:T2,M16:T9,M17:T10,M18:T17,M19:T4,M20:T7,M21:T3,M22:T9,M23:T8,M24:T2,M25:T7,M26:T1,M27:T5,M28:T7,M29:T2,M30:T4,M31:T9,M32:T1,M33:T6,M34:T8,M35:T5,M36:T2,M37:T11,M38:T4,M39:T3,M40:T1,M41:T12,M42:T7,M43:T15,M44:T15,M45:T14,M46:T13,M47:T6,M48:T3,M49:T3,M50:T18,M51:T2,M52:T16,M53:T7,M54:T20,M55:T14,M56:T21,M57:T19,M58:T6,M59:T10,M60:T4,M61:T11,M62:T9,M63:T3,M64:T2,M65:T20,M66:T5,M67:T6,M68:T5,M69:T7,M70:T10,M71:T9,M72:T2,M73:T3,M74:T6,M75:T11,M76:T13,M77:T8,M78:T5,M79:T7,M80:T1,M81:T3,M82:T11,M83:T2,M84:T10,M85:T4,M86:T13,M87:T8,M88:T6,M89:T18,M90:T20,M91:T5,M92:T9,M93:T2,M94:T15,M95:T4,M96:T14,M97:T6,M98:T7,M99:T6,M100:T7,M101:T10,M102:T13,M103:T5,M104:T1,M105:T10,M106:T7,M107:T2,M108:T13,M109:T5,M110:T4,M111:T12,M112:T1,M113:T6,M114:T5,M115:T6,M116:T4,M117:T1,M118:T11,M119:T10,M120:T13,M121:T3,M122:T12,M123:T10,M124:T20,M125:T3,M126:T5,M127:T15,M128:T11,M129:T4,M130:T7,M131:T1,M132:T14,M133:T17,M134:T9,M135:T19,M136:T11,M137:T13,M138:T5,M139:T3,M140:T21,M141:T12,M142:T10,M143:T7,M144:T4,M145:T17,M146:T2,M147:T6,M148:T15,M149:T6,M150:T1,M151:T10,M152:T2,M153:T3,M154:T9",1:M9 M26 M32 M40 M80 M104 M112 M117 M131 M150 | 2:M3 M15 M24 M29 M36 M51 M64 M72 M83 M93 M107 M146 M152 | 3:M5 M21 M39 M48 M49 M63 M73 M81 M121 M125 M139 M153 | 4:M8 M11 M19 M30 M38 M60 M85 M95 M110 M116 M129 M144 | 5:M27 M35 M66 M68 M78 M91 M103 M109 M114 M126 M138 | 6:M4 M33 M47 M58 M67 M74 M88 M97 M99 M113 M115 M147 M149 | 7:M7 M20 M25 M28 M42 M53 M69 M79 M98 M100 M106 M130 M143 | 8:M1 M23 M34 M77 M87 | 9:M2 M16 M22 M31 M62 M71 M92 M134 M154 | 10:M6 M17 M59 M70 M84 M101 M105 M119 M123 M142 M151 | 11:M37 M61 M75 M82 M118 M128 M136 | 12:M41 M111 M122 M141 | 13:M14 M46 M76 M86 M102 M108 M120 M137 | 14:M10 M45 M55 M96 M132 | 15:M12 M43 M44 M94 M127 M148 | 16:M52 | 17:M18 M133 M145 | 18:M50 M89 | 19:M57 M135 | 20:M54 M65 M90 M124 | 21:M13 M56 M140,PASSED,,
forum-13.forb0003,SAT,OPTIMAL,6.295957,0.03728,1.305677,3.1507,220.273,peak_process_tree_rss_mb,114088,292095,19,292114,RC2,0,0,1000,"0,0,0,0,0,0,0,0,0,0,0,0,0,0,0,0,0,0,0,0,0,0,0,0,0,0,0,0,0,0,0,0,0,0,0,0,0,0,0,0,0,0,0,0,0,0,0,0,0,0,0,0,0,0,0,0,0,0,0,0,0,0,0,0,0,0,0,0,0,0","M1:T7,M2:T11,M3:T10,M4:T8,M5:T12,M6:T9,M7:T5,M8:T4,M9:T6,M10:T14,M11:T6,M12:T7,M13:T4,M14:T2,M15:T5,M16:T8,M17:T9,M18:T3,M19:T6,M20:T5,M21:T4,M22:T1,M23:T2,M24:T3,M25:T5,M26:T4,M27:T7,M28:T12,M29:T10,M30:T13,M31:T11,M32:T9,M33:T8,M34:T8,M35:T9,M36:T11,M37:T7,M38:T6,M39:T10,M40:T12,M41:T12,M42:T13,M43:T14,M44:T16,M45:T15,M46:T5,M47:T6,M48:T4,M49:T8,M50:T6,M51:T7,M52:T4,M53:T9,M54:T5,M55:T11,M56:T10,M57:T3,M58:T10,M59:T13,M60:T12,M61:T11,M62:T4,M63:T6,M64:T5,M65:T3,M66:T7,M67:T4,M68:T11,M69:T3,M70:T9,M71:T6,M72:T12,M73:T4,M74:T8,M75:T7,M76:T10,M77:T5,M78:T10,M79:T7,M80:T12,M81:T11,M82:T13,M83:T8,M84:T4,M85:T9,M86:T5,M87:T6,M88:T3,M89:T4,M90:T9,M91:T8,M92:T2,M93:T3,M94:T7,M95:T11,M96:T10,M97:T5,M98:T6,M99:T12,M100:T9,M101:T10,M102:T13,M103:T8,M104:T11,M105:T8,M106:T3,M107:T5,M108:T4,M109:T9,M110:T2,M111:T6,M112:T1,M113:T7,M114:T5,M115:T8,M116:T2,M117:T9,M118:T6,M119:T10,M120:T3,M121:T7,M122:T3,M123:T10,M124:T13,M125:T14,M126:T12,M127:T6,M128:T5,M129:T7,M130:T8,M131:T9,M132:T11,M133:T4,M134:T5,M135:T10,M136:T9,M137:T2,M138:T3,M139:T6,M140:T15,M141:T11,M142:T13,M143:T1,M144:T7,M145:T8,M146:T14,M147:T12,M148:T4,M149:T9,M150:T10,M151:T8,M152:T12,M153:T11,M154:T7",1:M22 M112 M143 | 2:M14 M23 M92 M110 M116 M137 | 3:M18 M24 M57 M65 M69 M88 M93 M106 M120 M122 M138 | 4:M8 M13 M21 M26 M48 M52 M62 M67 M73 M84 M89 M108 M133 M148 | 5:M7 M15 M20 M25 M46 M54 M64 M77 M86 M97 M107 M114 M128 M134 | 6:M9 M11 M19 M38 M47 M50 M63 M71 M87 M98 M111 M118 M127 M139 | 7:M1 M12 M27 M37 M51 M66 M75 M79 M94 M113 M121 M129 M144 M154 | 8:M4 M16 M33 M34 M49 M74 M83 M91 M103 M105 M115 M130 M145 M151 | 9:M6 M17 M32 M35 M53 M70 M85 M90 M100 M109 M117 M131 M136 M149 | 10:M3 M29 M39 M56 M58 M76 M78 M96 M101 M119 M123 M135 M150 | 11:M2 M31 M36 M55 M61 M68 M81 M95 M104 M132 M141 M153 | 12:M5 M28 M40 M41 M60 M72 M80 M99 M126 M147 M152 | 13:M30 M42 M59 M82 M102 M124 M142 | 14:M10 M43 M125 M146 | 15:M45 M140 | 16:M44 | 17: | 18: | 19: | 20: | 21:,PASSED,,
forum-13.forb0007,SAT,OPTIMAL,8.665947,0.015717,1.412222,5.723367,220.684,peak_process_tree_rss_mb,114088,292101,19,292120,RC2,0,0,1000,"0,0,0,0,0,0,0,0,0,0,0,0,0,0,0,0,0,0,0,0,0,0,0,0,0,0,0,0,0,0,0,0,0,0,0,0,0,0,0,0,0,0,0,0,0,0,0,0,0,0,0,0,0,0,0,0,0,0,0,0,0,0,0,0,0,0,0,0,0,0","M1:T1,M2:T4,M3:T6,M4:T8,M5:T9,M6:T3,M7:T7,M8:T2,M9:T5,M10:T14,M11:T7,M12:T8,M13:T2,M14:T6,M15:T1,M16:T5,M17:T3,M18:T4,M19:T2,M20:T6,M21:T1,M22:T5,M23:T3,M24:T4,M25:T4,M26:T3,M27:T7,M28:T10,M29:T9,M30:T11,M31:T5,M32:T6,M33:T8,M34:T8,M35:T10,M36:T13,M37:T9,M38:T7,M39:T12,M40:T11,M41:T13,M42:T12,M43:T14,M44:T16,M45:T15,M46:T8,M47:T6,M48:T9,M49:T6,M50:T10,M51:T9,M52:T5,M53:T13,M54:T8,M55:T11,M56:T12,M57:T7,M58:T10,M59:T13,M60:T12,M61:T11,M62:T5,M63:T7,M64:T3,M65:T5,M66:T6,M67:T4,M68:T9,M69:T3,M70:T8,M71:T10,M72:T11,M73:T4,M74:T7,M75:T6,M76:T5,M77:T12,M78:T10,M79:T4,M80:T11,M81:T12,M82:T13,M83:T8,M84:T7,M85:T9,M86:T3,M87:T5,M88:T6,M89:T4,M90:T5,M91:T7,M92:T3,M93:T2,M94:T6,M95:T11,M96:T10,M97:T8,M98:T9,M99:T12,M100:T8,M101:T9,M102:T11,M103:T10,M104:T13,M105:T7,M106:T6,M107:T9,M108:T3,M109:T5,M110:T11,M111:T10,M112:T8,M113:T4,M114:T5,M115:T12,M116:T6,M117:T4,M118:T11,M119:T10,M120:T9,M121:T7,M122:T4,M123:T9,M124:T15,M125:T14,M126:T10,M127:T5,M128:T7,M129:T13,M130:T6,M131:T11,M132:T12,M133:T8,M134:T3,M135:T6,M136:T8,M137:T1,M138:T2,M139:T7,M140:T13,M141:T14,M142:T9,M143:T10,M144:T4,M145:T5,M146:T12,M147:T11,M148:T15,M149:T12,M150:T7,M151:T8,M152:T11,M153:T10,M154:T9",1:M1 M15 M21 M137 | 2:M8 M13 M19 M93 M138 | 3:M6 M17 M23 M26 M64 M69 M86 M92 M108 M134 | 4:M2 M18 M24 M25 M67 M73 M79 M89 M113 M117 M122 M144 | 5:M9 M16 M22 M31 M52 M62 M65 M76 M87 M90 M109 M114 M127 M145 | 6:M3 M14 M20 M32 M47 M49 M66 M75 M88 M94 M106 M116 M130 M135 | 7:M7 M11 M27 M38 M57 M63 M74 M84 M91 M105 M121 M128 M139 M150 | 8:M4 M12 M33 M34 M46 M54 M70 M83 M97 M100 M112 M133 M136 M151 | 9:M5 M29 M37 M48 M51 M68 M85 M98 M101 M107 M120 M123 M142 M154 | 10:M28 M35 M50 M58 M71 M78 M96 M103 M111 M119 M126 M143 M153 | 11:M30 M40 M55 M61 M72 M80 M95 M102 M110 M118 M131 M147 M152 | 12:M39 M42 M56 M60 M77 M81 M99 M115 M132 M146 M149 | 13:M36 M41 M53 M59 M82 M104 M129 M140 | 14:M10 M43 M125 M141 | 15:M45 M124 M148 | 16:M44 | 17: | 18: | 19: | 20: | 21:,PASSED,,
forum-13crafb.fixed020-Forb,SAT,OPTIMAL,3.990424,0.038986,1.505399,0.610503,239.891,peak_process_tree_rss_mb,133629,358738,20,358758,RC2,17,17,1000,"3,8,4,14,0,0,6,3,5,12,0,7,14,8,13,17,2,8,13,10,8,10,7,2,13,15,0,1,3,6,6,8,8,0,0,13,10,6,14,15,8,14,6,12,0,0,0,0,0,0,11,0,11,0,0,3,11,4,10,15,4,0,4,7,14,17,0,0,0,0,0,0,0,0,0,9","M1:T3,M2:T13,M3:T12,M4:T2,M5:T1,M6:T9,M7:T10,M8:T16,M9:T10,M10:T2,M11:T6,M12:T5,M13:T7,M14:T8,M15:T13,M16:T14,M17:T3,M18:T19,M19:T14,M20:T16,M21:T20,M22:T4,M23:T15,M24:T11,M25:T8,M26:T2,M27:T12,M28:T3,M29:T9,M30:T5,M31:T6,M32:T9,M33:T9,M34:T3,M35:T1,M36:T9,M37:T4,M38:T21,M39:T11,M40:T17,M41:T20,M42:T15,M43:T18,M44:T14,M45:T13,M46:T20,M47:T15,M48:T9,M49:T1,M50:T2,M51:T14,M52:T3,M53:T21,M54:T17,M55:T8,M56:T13,M57:T5,M58:T6,M59:T3,M60:T13,M61:T19,M62:T1,M63:T5,M64:T13,M65:T20,M66:T16,M67:T6,M68:T4,M69:T14,M70:T3,M71:T12,M72:T9,M73:T21,M74:T3,M75:T14,M76:T16,M77:T13,M78:T1,M79:T4,M80:T2,M81:T5,M82:T5,M83:T7,M84:T2,M85:T15,M86:T16,M87:T20,M88:T3,M89:T19,M90:T5,M91:T8,M92:T2,M93:T1,M94:T19,M95:T22,M96:T18,M97:T13,M98:T17,M99:T20,M100:T16,M101:T15,M102:T21,M103:T14,M104:T8,M105:T22,M106:T5,M107:T15,M108:T18,M109:T21,M110:T1,M111:T5,M112:T4,M113:T11,M114:T10,M115:T11,M116:T9,M117:T1,M118:T4,M119:T5,M120:T2,M121:T6,M122:T7,M123:T8,M124:T3,M125:T7,M126:T6,M127:T8,M128:T2,M129:T2,M130:T4,M131:T3,M132:T8,M133:T10,M134:T5,M135:T15,M136:T9,M137:T11,M138:T20,M139:T12,M140:T13,M141:T14,M142:T22,M143:T7,M144:T1,M145:T17,M146:T11,M147:T20,M148:T14,M149:T6,M150:T13,M151:T14,M152:T10,M153:T1,M154:T6,M155:T9,M156:T5,M157:T2,M158:T3,M159:T1,M160:T11,M161:T8,M162:T14,M163:T4,M164:T12,M165:T4,M166:T5,M167:T10,M168:T8,M169:T9,M170:T1,M171:T11,M172:T2,M173:T3,M174:T7,M175:T6,M176:T1,M177:T5,M178:T21,M179:T13,M180:T9,M181:T4,M182:T2,M183:T10,M184:T6,M185:T22,M186:T12,M187:T7,M188:T15,M189:T1,M190:T2,M191:T12,M192:T17,M193:T10,M194:T4,M195:T21",1:M5 M35 M49 M62 M78 M93 M110 M117 M144 M153 M159 M170 M176 M189 | 2:M4 M10 M26 M50 M80 M84 M92 M120 M128 M129 M157 M172 M182 M190 | 3:M1 M17 M28 M34 M52 M59 M70 M74 M88 M124 M131 M158 M173 | 4:M22 M37 M68 M79 M112 M118 M130 M163 M165 M181 M194 | 5:M12 M30 M57 M63 M81 M82 M90 M106 M111 M119 M134 M156 M166 M177 | 6:M11 M31 M58 M67 M121 M126 M149 M154 M175 M184 | 7:M13 M83 M122 M125 M143 M174 M187 | 8:M14 M25 M55 M91 M104 M123 M127 M132 M161 M168 | 9:M6 M29 M32 M33 M36 M48 M72 M116 M136 M155 M169 M180 | 10:M7 M9 M114 M133 M152 M167 M183 M193 | 11:M24 M39 M113 M115 M137 M146 M160 M171 | 12:M3 M27 M71 M139 M164 M186 M191 | 13:M2 M15 M45 M56 M60 M64 M77 M97 M140 M150 M179 | 14:M16 M19 M44 M51 M69 M75 M103 M141 M148 M151 M162 | 15:M23 M42 M47 M85 M101 M107 M135 M188 | 16:M8 M20 M66 M76 M86 M100 | 17:M40 M54 M98 M145 M192 | 18:M43 M96 M108 | 19:M18 M61 M89 M94 | 20:M21 M41 M46 M65 M87 M99 M138 M147 | 21:M38 M53 M73 M102 M109 M178 M195 | 22:M95 M105 M142 M185,PASSED,,
forum-13crafb.fixed040-Forb,UNSAT,UNSAT,3.803073,0.030561,1.468189,0.319379,210.742,peak_process_tree_rss_mb,133629,358777,20,358797,RC2,,,1000,,,1: | 2: | 3: | 4: | 5: | 6: | 7: | 8: | 9: | 10: | 11: | 12: | 13: | 14: | 15: | 16: | 17: | 18: | 19: | 20: | 21: | 22:,NOT_RUN,,
forum-13crafb.forb0003,SAT,OPTIMAL,8.161817,0.024245,1.441131,4.855911,238.957,peak_process_tree_rss_mb,133629,358678,20,358698,RC2,2,2,1000,"2,2,1,2,0,0,2,2,2,1,0,2,1,2,1,2,1,2,2,2,2,2,2,0,2,2,0,2,2,0,2,0,2,0,0,2,2,1,2,2,2,1,1,2,2,0,2,0,0,0,2,0,2,2,0,0,0,2,2,2,2,0,0,2,2,1,0,0,0,0,0,0,0,0,0,2","M1:T12,M2:T14,M3:T10,M4:T9,M5:T8,M6:T11,M7:T10,M8:T16,M9:T19,M10:T15,M11:T14,M12:T9,M13:T11,M14:T6,M15:T13,M16:T15,M17:T12,M18:T16,M19:T16,M20:T17,M21:T13,M22:T9,M23:T15,M24:T10,M25:T11,M26:T7,M27:T5,M28:T12,M29:T7,M30:T3,M31:T9,M32:T8,M33:T9,M34:T19,M35:T16,M36:T6,M37:T16,M38:T8,M39:T2,M40:T10,M41:T18,M42:T17,M43:T14,M44:T15,M45:T15,M46:T18,M47:T14,M48:T7,M49:T12,M50:T11,M51:T17,M52:T4,M53:T16,M54:T13,M55:T10,M56:T13,M57:T9,M58:T8,M59:T6,M60:T9,M61:T13,M62:T9,M63:T11,M64:T15,M65:T14,M66:T18,M67:T16,M68:T21,M69:T19,M70:T16,M71:T3,M72:T8,M73:T5,M74:T9,M75:T2,M76:T14,M77:T13,M78:T7,M79:T12,M80:T10,M81:T11,M82:T12,M83:T7,M84:T10,M85:T15,M86:T14,M87:T13,M88:T8,M89:T8,M90:T9,M91:T5,M92:T13,M93:T10,M94:T20,M95:T19,M96:T14,M97:T16,M98:T15,M99:T17,M100:T21,M101:T22,M102:T18,M103:T13,M104:T8,M105:T6,M106:T7,M107:T10,M108:T14,M109:T7,M110:T13,M111:T12,M112:T6,M113:T17,M114:T6,M115:T4,M116:T16,M117:T11,M118:T8,M119:T9,M120:T10,M121:T12,M122:T7,M123:T5,M124:T13,M125:T15,M126:T13,M127:T14,M128:T16,M129:T8,M130:T4,M131:T3,M132:T5,M133:T6,M134:T13,M135:T14,M136:T22,M137:T10,M138:T17,M139:T7,M140:T19,M141:T20,M142:T12,M143:T15,M144:T11,M145:T21,M146:T10,M147:T5,M148:T6,M149:T11,M150:T9,M151:T8,M152:T10,M153:T14,M154:T11,M155:T9,M156:T18,M157:T12,M158:T16,M159:T20,M160:T15,M161:T17,M162:T14,M163:T19,M164:T7,M165:T5,M166:T4,M167:T9,M168:T3,M169:T8,M170:T12,M171:T6,M172:T1,M173:T11,M174:T10,M175:T2,M176:T12,M177:T5,M178:T17,M179:T6,M180:T14,M181:T18,M182:T7,M183:T20,M184:T4,M185:T16,M186:T15,M187:T11,M188:T8,M189:T19,M190:T12,M191:T15,M192:T17,M193:T18,M194:T20,M195:T13",1:M172 | 2:M39 M75 M175 | 3:M30 M71 M131 M168 | 4:M52 M115 M130 M166 M184 | 5:M27 M73 M91 M123 M132 M147 M165 M177 | 6:M14 M36 M59 M105 M112 M114 M133 M148 M171 M179 | 7:M26 M29 M48 M78 M83 M106 M109 M122 M139 M164 M182 | 8:M5 M32 M38 M58 M72 M88 M89 M104 M118 M129 M151 M169 M188 | 9:M4 M12 M22 M31 M33 M57 M60 M62 M74 M90 M119 M150 M155 M167 | 10:M3 M7 M24 M40 M55 M80 M84 M93 M107 M120 M137 M146 M152 M174 | 11:M6 M13 M25 M50 M63 M81 M117 M144 M149 M154 M173 M187 | 12:M1 M17 M28 M49 M79 M82 M111 M121 M142 M157 M170 M176 M190 | 13:M15 M21 M54 M56 M61 M77 M87 M92 M103 M110 M124 M126 M134 M195 | 14:M2 M11 M43 M47 M65 M76 M86 M96 M108 M127 M135 M153 M162 M180 | 15:M10 M16 M23 M44 M45 M64 M85 M98 M125 M143 M160 M186 M191 | 16:M8 M18 M19 M35 M37 M53 M67 M70 M97 M116 M128 M158 M185 | 17:M20 M42 M51 M99 M113 M138 M161 M178 M192 | 18:M41 M46 M66 M102 M156 M181 M193 | 19:M9 M34 M69 M95 M140 M163 M189 | 20:M94 M141 M159 M183 M194 | 21:M68 M100 M145 | 22:M101 M136,PASSED,,
forum-13crafb.forb0007,SAT,OPTIMAL,7.118597,0.026171,1.433642,3.903506,245.828,peak_process_tree_rss_mb,133629,358684,20,358704,RC2,2,2,1000,"2,1,2,2,0,0,2,2,2,2,0,2,1,2,2,2,2,2,2,2,1,2,2,1,2,2,0,2,2,2,1,2,2,0,0,0,2,2,2,2,2,1,1,0,2,0,2,0,0,0,2,0,2,1,0,1,1,2,1,2,2,0,1,2,2,2,0,0,0,0,0,0,0,0,0,1","M1:T6,M2:T14,M3:T11,M4:T10,M5:T8,M6:T12,M7:T8,M8:T13,M9:T18,M10:T14,M11:T15,M12:T12,M13:T11,M14:T6,M15:T15,M16:T14,M17:T9,M18:T13,M19:T15,M20:T17,M21:T16,M22:T9,M23:T13,M24:T11,M25:T10,M26:T7,M27:T6,M28:T10,M29:T5,M30:T6,M31:T8,M32:T11,M33:T11,M34:T13,M35:T16,M36:T15,M37:T7,M38:T14,M39:T5,M40:T11,M41:T16,M42:T12,M43:T4,M44:T3,M45:T15,M46:T17,M47:T14,M48:T5,M49:T12,M50:T10,M51:T18,M52:T2,M53:T16,M54:T13,M55:T7,M56:T13,M57:T8,M58:T7,M59:T6,M60:T8,M61:T13,M62:T9,M63:T12,M64:T17,M65:T14,M66:T15,M67:T21,M68:T18,M69:T20,M70:T13,M71:T4,M72:T5,M73:T8,M74:T12,M75:T3,M76:T15,M77:T14,M78:T7,M79:T11,M80:T10,M81:T2,M82:T12,M83:T9,M84:T11,M85:T13,M86:T15,M87:T14,M88:T11,M89:T9,M90:T8,M91:T7,M92:T13,M93:T10,M94:T20,M95:T19,M96:T13,M97:T17,M98:T16,M99:T18,M100:T21,M101:T22,M102:T15,M103:T14,M104:T10,M105:T9,M106:T14,M107:T6,M108:T8,M109:T5,M110:T9,M111:T10,M112:T4,M113:T2,M114:T14,M115:T6,M116:T13,M117:T8,M118:T9,M119:T11,M120:T12,M121:T10,M122:T4,M123:T3,M124:T7,M125:T9,M126:T7,M127:T8,M128:T5,M129:T12,M130:T9,M131:T4,M132:T8,M133:T6,M134:T10,M135:T14,M136:T20,M137:T11,M138:T17,M139:T5,M140:T7,M141:T16,M142:T22,M143:T19,M144:T3,M145:T15,M146:T6,M147:T3,M148:T5,M149:T4,M150:T13,M151:T12,M152:T11,M153:T8,M154:T10,M155:T11,M156:T16,M157:T12,M158:T15,M159:T17,M160:T14,M161:T18,M162:T7,M163:T13,M164:T5,M165:T4,M166:T3,M167:T12,M168:T6,M169:T8,M170:T9,M171:T7,M172:T1,M173:T10,M174:T11,M175:T2,M176:T15,M177:T7,M178:T18,M179:T4,M180:T12,M181:T16,M182:T3,M183:T19,M184:T17,M185:T6,M186:T14,M187:T9,M188:T5,M189:T7,M190:T6,M191:T10,M192:T12,M193:T4,M194:T8,M195:T5",1:M172 | 2:M52 M81 M113 M175 | 3:M44 M75 M123 M144 M147 M166 M182 | 4:M43 M71 M112 M122 M131 M149 M165 M179 M193 | 5:M29 M39 M48 M72 M109 M128 M139 M148 M164 M188 M195 | 6:M1 M14 M27 M30 M59 M107 M115 M133 M146 M168 M185 M190 | 7:M26 M37 M55 M58 M78 M91 M124 M126 M140 M162 M171 M177 M189 | 8:M5 M7 M31 M57 M60 M73 M90 M108 M117 M127 M132 M153 M169 M194 | 9:M17 M22 M62 M83 M89 M105 M110 M118 M125 M130 M170 M187 | 10:M4 M25 M28 M50 M80 M93 M104 M111 M121 M134 M154 M173 M191 | 11:M3 M13 M24 M32 M33 M40 M79 M84 M88 M119 M137 M152 M155 M174 | 12:M6 M12 M42 M49 M63 M74 M82 M120 M129 M151 M157 M167 M180 M192 | 13:M8 M18 M23 M34 M54 M56 M61 M70 M85 M92 M96 M116 M150 M163 | 14:M2 M10 M16 M38 M47 M65 M77 M87 M103 M106 M114 M135 M160 M186 | 15:M11 M15 M19 M36 M45 M66 M76 M86 M102 M145 M158 M176 | 16:M21 M35 M41 M53 M98 M141 M156 M181 | 17:M20 M46 M64 M97 M138 M159 M184 | 18:M9 M51 M68 M99 M161 M178 | 19:M95 M143 M183 | 20:M69 M94 M136 | 21:M67 M100 | 22:M101 M142,PASSED,,
forum-13crafc.fixed020-Forb,SAT,OPTIMAL,2.993986,0.022576,1.05424,0.531237,215.426,peak_process_tree_rss_mb,108460,277695,19,277714,RC2,12,12,1000,"3,12,12,5,4,5,10,4,0,12,6,9,7,9,7,9,0,11,5,0,0,0,2,10,5,11,3,3,9,2,12,5,12,12,10,12,6,11,9,4,4,4,0,11,11,12,5,8,3,6,0,4,1,8,0,8,7,0,0,7,0,3,10,9,9,6,0,0,0,7","M1:T12,M2:T9,M3:T3,M4:T8,M5:T10,M6:T5,M7:T7,M8:T2,M9:T1,M10:T14,M11:T5,M12:T8,M13:T1,M14:T14,M15:T9,M16:T3,M17:T10,M18:T6,M19:T4,M20:T11,M21:T6,M22:T13,M23:T1,M24:T5,M25:T7,M26:T12,M27:T6,M28:T7,M29:T2,M30:T12,M31:T13,M32:T3,M33:T8,M34:T4,M35:T5,M36:T9,M37:T11,M38:T13,M39:T10,M40:T7,M41:T12,M42:T4,M43:T14,M44:T15,M45:T19,M46:T13,M47:T12,M48:T7,M49:T15,M50:T9,M51:T18,M52:T16,M53:T12,M54:T21,M55:T11,M56:T10,M57:T19,M58:T6,M59:T7,M60:T4,M61:T11,M62:T1,M63:T15,M64:T11,M65:T20,M66:T5,M67:T14,M68:T11,M69:T1,M70:T13,M71:T4,M72:T2,M73:T3,M74:T6,M75:T12,M76:T5,M77:T9,M78:T4,M79:T10,M80:T7,M81:T9,M82:T13,M83:T3,M84:T8,M85:T6,M86:T5,M87:T11,M88:T2,M89:T19,M90:T20,M91:T3,M92:T10,M93:T16,M94:T18,M95:T15,M96:T14,M97:T6,M98:T9,M99:T6,M100:T12,M101:T10,M102:T1,M103:T13,M104:T5,M105:T10,M106:T11,M107:T13,M108:T3,M109:T6,M110:T8,M111:T12,M112:T5,M113:T2,M114:T11,M115:T13,M116:T12,M117:T9,M118:T4,M119:T10,M120:T1,M121:T3,M122:T12,M123:T2,M124:T16,M125:T4,M126:T20,M127:T17,M128:T19,M129:T3,M130:T1,M131:T21,M132:T7,M133:T18,M134:T9,M135:T8,M136:T12,M137:T3,M138:T14,M139:T15,M140:T21,M141:T1,M142:T16,M143:T5,M144:T4,M145:T17,M146:T2,M147:T19,M148:T13,M149:T8,M150:T1,M151:T10,M152:T6,M153:T3,M154:T13",1:M9 M13 M23 M62 M69 M102 M120 M130 M141 M150 | 2:M8 M29 M72 M88 M113 M123 M146 | 3:M3 M16 M32 M73 M83 M91 M108 M121 M129 M137 M153 | 4:M19 M34 M42 M60 M71 M78 M118 M125 M144 | 5:M6 M11 M24 M35 M66 M76 M86 M104 M112 M143 | 6:M18 M21 M27 M58 M74 M85 M97 M99 M109 M152 | 7:M7 M25 M28 M40 M48 M59 M80 M132 | 8:M4 M12 M33 M84 M110 M135 M149 | 9:M2 M15 M36 M50 M77 M81 M98 M117 M134 | 10:M5 M17 M39 M56 M79 M92 M101 M105 M119 M151 | 11:M20 M37 M55 M61 M64 M68 M87 M106 M114 | 12:M1 M26 M30 M41 M47 M53 M75 M100 M111 M116 M122 M136 | 13:M22 M31 M38 M46 M70 M82 M103 M107 M115 M148 M154 | 14:M10 M14 M43 M67 M96 M138 | 15:M44 M49 M63 M95 M139 | 16:M52 M93 M124 M142 | 17:M127 M145 | 18:M51 M94 M133 | 19:M45 M57 M89 M128 M147 | 20:M65 M90 M126 | 21:M54 M131 M140,PASSED,,
forum-13crafc.fixed040-Forb,SAT,OPTIMAL,3.077847,0.027052,1.149032,0.501117,211.277,peak_process_tree_rss_mb,108460,277726,19,277745,RC2,14,14,1000,"1,2,11,14,2,6,3,6,7,4,11,7,6,10,1,1,0,7,7,0,0,0,8,2,2,14,5,14,13,3,13,6,14,7,11,9,8,14,13,11,2,4,0,12,14,12,0,9,2,14,0,1,2,14,0,10,7,0,10,4,0,4,4,8,8,5,0,0,0,7","M1:T8,M2:T9,M3:T2,M4:T6,M5:T5,M6:T10,M7:T3,M8:T4,M9:T1,M10:T14,M11:T3,M12:T12,M13:T21,M14:T6,M15:T4,M16:T9,M17:T10,M18:T17,M19:T4,M20:T7,M21:T3,M22:T9,M23:T6,M24:T5,M25:T7,M26:T8,M27:T5,M28:T7,M29:T2,M30:T4,M31:T6,M32:T1,M33:T9,M34:T8,M35:T5,M36:T12,M37:T11,M38:T2,M39:T3,M40:T1,M41:T12,M42:T5,M43:T17,M44:T19,M45:T21,M46:T13,M47:T5,M48:T8,M49:T3,M50:T7,M51:T2,M52:T16,M53:T18,M54:T20,M55:T17,M56:T21,M57:T19,M58:T6,M59:T10,M60:T8,M61:T11,M62:T9,M63:T14,M64:T17,M65:T20,M66:T4,M67:T12,M68:T11,M69:T10,M70:T5,M71:T7,M72:T2,M73:T3,M74:T6,M75:T9,M76:T13,M77:T12,M78:T3,M79:T9,M80:T1,M81:T8,M82:T4,M83:T12,M84:T10,M85:T13,M86:T2,M87:T6,M88:T7,M89:T7,M90:T20,M91:T10,M92:T9,M93:T1,M94:T2,M95:T19,M96:T14,M97:T6,M98:T12,M99:T3,M100:T5,M101:T10,M102:T13,M103:T8,M104:T1,M105:T10,M106:T5,M107:T4,M108:T8,M109:T3,M110:T1,M111:T12,M112:T13,M113:T2,M114:T13,M115:T2,M116:T5,M117:T1,M118:T11,M119:T10,M120:T6,M121:T7,M122:T12,M123:T10,M124:T20,M125:T5,M126:T4,M127:T1,M128:T11,M129:T9,M130:T18,M131:T3,M132:T14,M133:T17,M134:T9,M135:T14,M136:T20,M137:T13,M138:T12,M139:T6,M140:T21,M141:T3,M142:T11,M143:T7,M144:T4,M145:T17,M146:T2,M147:T8,M148:T10,M149:T6,M150:T5,M151:T10,M152:T13,M153:T3,M154:T1",1:M9 M32 M40 M80 M93 M104 M110 M117 M127 M154 | 2:M3 M29 M38 M51 M72 M86 M94 M113 M115 M146 | 3:M7 M11 M21 M39 M49 M73 M78 M99 M109 M131 M141 M153 | 4:M8 M15 M19 M30 M66 M82 M107 M126 M144 | 5:M5 M24 M27 M35 M42 M47 M70 M100 M106 M116 M125 M150 | 6:M4 M14 M23 M31 M58 M74 M87 M97 M120 M139 M149 | 7:M20 M25 M28 M50 M71 M88 M89 M121 M143 | 8:M1 M26 M34 M48 M60 M81 M103 M108 M147 | 9:M2 M16 M22 M33 M62 M75 M79 M92 M129 M134 | 10:M6 M17 M59 M69 M84 M91 M101 M105 M119 M123 M148 M151 | 11:M37 M61 M68 M118 M128 M142 | 12:M12 M36 M41 M67 M77 M83 M98 M111 M122 M138 | 13:M46 M76 M85 M102 M112 M114 M137 M152 | 14:M10 M63 M96 M132 M135 | 15: | 16:M52 | 17:M18 M43 M55 M64 M133 M145 | 18:M53 M130 | 19:M44 M57 M95 | 20:M54 M65 M90 M124 M136 | 21:M13 M45 M56 M140,PASSED,,
forum-13crafc.forb0003,SAT,OPTIMAL,375.711169,0.025511,1.147233,373.169803,246.922,peak_process_tree_rss_mb,108460,277647,19,277666,RC2,1,1,1000,"1,1,0,1,1,1,1,1,1,1,1,1,0,1,1,1,0,0,0,0,0,0,0,1,1,1,1,1,1,0,1,1,1,1,1,0,1,1,0,1,0,1,0,1,1,1,1,0,1,1,0,1,1,1,0,1,1,0,1,1,0,0,1,1,1,1,0,0,0,1","M1:T5,M2:T12,M3:T7,M4:T11,M5:T9,M6:T4,M7:T13,M8:T6,M9:T10,M10:T14,M11:T7,M12:T1,M13:T4,M14:T5,M15:T3,M16:T9,M17:T6,M18:T2,M19:T4,M20:T7,M21:T3,M22:T5,M23:T1,M24:T2,M25:T2,M26:T3,M27:T10,M28:T11,M29:T8,M30:T13,M31:T6,M32:T12,M33:T7,M34:T11,M35:T9,M36:T12,M37:T8,M38:T6,M39:T13,M40:T7,M41:T11,M42:T13,M43:T14,M44:T17,M45:T15,M46:T5,M47:T3,M48:T4,M49:T3,M50:T9,M51:T8,M52:T5,M53:T6,M54:T4,M55:T11,M56:T10,M57:T2,M58:T11,M59:T10,M60:T13,M61:T12,M62:T4,M63:T11,M64:T10,M65:T13,M66:T12,M67:T8,M68:T6,M69:T9,M70:T12,M71:T3,M72:T8,M73:T10,M74:T11,M75:T4,M76:T2,M77:T5,M78:T10,M79:T2,M80:T12,M81:T11,M82:T13,M83:T9,M84:T5,M85:T8,M86:T7,M87:T6,M88:T3,M89:T8,M90:T14,M91:T13,M92:T6,M93:T5,M94:T9,M95:T10,M96:T4,M97:T7,M98:T12,M99:T12,M100:T9,M101:T10,M102:T13,M103:T7,M104:T8,M105:T9,M106:T8,M107:T2,M108:T1,M109:T4,M110:T6,M111:T5,M112:T7,M113:T3,M114:T4,M115:T3,M116:T11,M117:T6,M118:T8,M119:T10,M120:T2,M121:T5,M122:T3,M123:T6,M124:T15,M125:T14,M126:T11,M127:T12,M128:T8,M129:T7,M130:T4,M131:T5,M132:T13,M133:T9,M134:T6,M135:T13,M136:T10,M137:T7,M138:T4,M139:T5,M140:T16,M141:T2,M142:T11,M143:T1,M144:T9,M145:T3,M146:T15,M147:T12,M148:T14,M149:T8,M150:T7,M151:T10,M152:T13,M153:T9,M154:T12",1:M12 M23 M108 M143 | 2:M18 M24 M25 M57 M76 M79 M107 M120 M141 | 3:M15 M21 M26 M47 M49 M71 M88 M113 M115 M122 M145 | 4:M6 M13 M19 M48 M54 M62 M75 M96 M109 M114 M130 M138 | 5:M1 M14 M22 M46 M52 M77 M84 M93 M111 M121 M131 M139 | 6:M8 M17 M31 M38 M53 M68 M87 M92 M110 M117 M123 M134 | 7:M3 M11 M20 M33 M40 M86 M97 M103 M112 M129 M137 M150 | 8:M29 M37 M51 M67 M72 M85 M89 M104 M106 M118 M128 M149 | 9:M5 M16 M35 M50 M69 M83 M94 M100 M105 M133 M144 M153 | 10:M9 M27 M56 M59 M64 M73 M78 M95 M101 M119 M136 M151 | 11:M4 M28 M34 M41 M55 M58 M63 M74 M81 M116 M126 M142 | 12:M2 M32 M36 M61 M66 M70 M80 M98 M99 M127 M147 M154 | 13:M7 M30 M39 M42 M60 M65 M82 M91 M102 M132 M135 M152 | 14:M10 M43 M90 M125 M148 | 15:M45 M124 M146 | 16:M140 | 17:M44 | 18: | 19: | 20: | 21:,PASSED,,
forum-13crafc.forb0007,SAT,OPTIMAL,807.482479,0.025734,1.230097,804.762025,256.43,peak_process_tree_rss_mb,108460,277653,19,277672,RC2,1,1,1000,"1,0,1,1,1,1,1,1,1,1,1,0,1,1,1,1,0,1,1,0,0,0,1,1,1,1,1,1,0,1,1,1,1,1,1,0,0,1,1,1,1,0,0,1,0,0,1,1,1,1,0,1,1,1,0,1,1,0,1,1,0,1,1,1,1,1,0,0,0,1","M1:T1,M2:T8,M3:T6,M4:T3,M5:T10,M6:T2,M7:T5,M8:T7,M9:T4,M10:T14,M11:T13,M12:T9,M13:T14,M14:T10,M15:T17,M16:T15,M17:T16,M18:T11,M19:T3,M20:T6,M21:T5,M22:T2,M23:T4,M24:T8,M25:T7,M26:T11,M27:T9,M28:T2,M29:T4,M30:T8,M31:T3,M32:T6,M33:T5,M34:T10,M35:T6,M36:T13,M37:T8,M38:T12,M39:T11,M40:T7,M41:T12,M42:T13,M43:T14,M44:T15,M45:T16,M46:T11,M47:T8,M48:T13,M49:T4,M50:T3,M51:T2,M52:T5,M53:T6,M54:T1,M55:T8,M56:T9,M57:T10,M58:T8,M59:T11,M60:T9,M61:T12,M62:T12,M63:T7,M64:T3,M65:T2,M66:T4,M67:T5,M68:T1,M69:T4,M70:T3,M71:T10,M72:T9,M73:T6,M74:T5,M75:T11,M76:T7,M77:T2,M78:T9,M79:T7,M80:T11,M81:T13,M82:T12,M83:T6,M84:T2,M85:T10,M86:T3,M87:T4,M88:T5,M89:T4,M90:T11,M91:T5,M92:T13,M93:T7,M94:T10,M95:T9,M96:T8,M97:T12,M98:T3,M99:T11,M100:T7,M101:T10,M102:T13,M103:T12,M104:T8,M105:T4,M106:T10,M107:T7,M108:T9,M109:T6,M110:T12,M111:T11,M112:T5,M113:T3,M114:T7,M115:T5,M116:T1,M117:T9,M118:T3,M119:T4,M120:T2,M121:T10,M122:T11,M123:T9,M124:T12,M125:T13,M126:T8,M127:T2,M128:T4,M129:T5,M130:T1,M131:T10,M132:T3,M133:T6,M134:T2,M135:T13,M136:T3,M137:T5,M138:T9,M139:T12,M140:T16,M141:T4,M142:T11,M143:T14,M144:T1,M145:T8,M146:T15,M147:T6,M148:T7,M149:T12,M150:T6,M151:T7,M152:T10,M153:T8,M154:T9",1:M1 M54 M68 M116 M130 M144 | 2:M6 M22 M28 M51 M65 M77 M84 M120 M127 M134 | 3:M4 M19 M31 M50 M64 M70 M86 M98 M113 M118 M132 M136 | 4:M9 M23 M29 M49 M66 M69 M87 M89 M105 M119 M128 M141 | 5:M7 M21 M33 M52 M67 M74 M88 M91 M112 M115 M129 M137 | 6:M3 M20 M32 M35 M53 M73 M83 M109 M133 M147 M150 | 7:M8 M25 M40 M63 M76 M79 M93 M100 M107 M114 M148 M151 | 8:M2 M24 M30 M37 M47 M55 M58 M96 M104 M126 M145 M153 | 9:M12 M27 M56 M60 M72 M78 M95 M108 M117 M123 M138 M154 | 10:M5 M14 M34 M57 M71 M85 M94 M101 M106 M121 M131 M152 | 11:M18 M26 M39 M46 M59 M75 M80 M90 M99 M111 M122 M142 | 12:M38 M41 M61 M62 M82 M97 M103 M110 M124 M139 M149 | 13:M11 M36 M42 M48 M81 M92 M102 M125 M135 | 14:M10 M13 M43 M143 | 15:M16 M44 M146 | 16:M17 M45 M140 | 17:M15 | 18: | 19: | 20: | 21:,PASSED,,
forum-14.fixed020-Forb,SAT,OPTIMAL,7.482516,0.039001,2.843713,1.254675,347.371,peak_process_tree_rss_mb,233692,615189,20,615209,RC2,10,10,1000,"9,9,8,10,10,10,0,10,0,0,3,5,0,7,0,0,8,0,10,9,5,2,7,4,5,7,8,5,8,8,9,9,9,8,9,4,10,7,5,10,5,10,8,10,5,0,9,8,10,10,4,10,5,9,9,10,2,1,8,4,0,8,10,8,9,10,6,0,6,10,9,4,0,9,3,9,0,2","M1:T22,M2:T8,M3:T6,M4:T15,M5:T12,M6:T3,M7:T5,M8:T14,M9:T15,M10:T13,M11:T13,M12:T5,M13:T9,M14:T8,M15:T6,M16:T10,M17:T11,M18:T4,M19:T2,M20:T7,M21:T19,M22:T11,M23:T17,M24:T16,M25:T6,M26:T11,M27:T12,M28:T15,M29:T9,M30:T13,M31:T21,M32:T16,M33:T4,M34:T5,M35:T12,M36:T8,M37:T10,M38:T1,M39:T22,M40:T9,M41:T6,M42:T18,M43:T19,M44:T3,M45:T14,M46:T21,M47:T5,M48:T1,M49:T20,M50:T12,M51:T13,M52:T8,M53:T9,M54:T4,M55:T2,M56:T7,M57:T12,M58:T5,M59:T1,M60:T6,M61:T8,M62:T16,M63:T18,M64:T14,M65:T22,M66:T13,M67:T20,M68:T18,M69:T22,M70:T20,M71:T11,M72:T12,M73:T4,M74:T21,M75:T16,M76:T3,M77:T16,M78:T4,M79:T15,M80:T20,M81:T5,M82:T18,M83:T12,M84:T19,M85:T7,M86:T10,M87:T6,M88:T11,M89:T13,M90:T4,M91:T7,M92:T15,M93:T5,M94:T2,M95:T6,M96:T7,M97:T6,M98:T16,M99:T14,M100:T10,M101:T22,M102:T11,M103:T10,M104:T15,M105:T4,M106:T12,M107:T8,M108:T14,M109:T5,M110:T6,M111:T13,M112:T7,M113:T10,M114:T20,M115:T7,M116:T4,M117:T9,M118:T6,M119:T12,M120:T5,M121:T2,M122:T7,M123:T3,M124:T5,M125:T10,M126:T7,M127:T6,M128:T2,M129:T12,M130:T1,M131:T9,M132:T22,M133:T1,M134:T16,M135:T15,M136:T3,M137:T9,M138:T13,M139:T21,M140:T8,M141:T2,M142:T10,M143:T11,M144:T15,M145:T4,M146:T2,M147:T6,M148:T20,M149:T13,M150:T1,M151:T11,M152:T2,M153:T12,M154:T19,M155:T3,M156:T10,M157:T17,M158:T6,M159:T11,M160:T17,M161:T14,M162:T16,M163:T7,M164:T21,M165:T6,M166:T14,M167:T1,M168:T13,M169:T15,M170:T18,M171:T17,M172:T19,M173:T12,M174:T11,M175:T15,M176:T2,M177:T10,M178:T7,M179:T17,M180:T6,M181:T3,M182:T8,M183:T22,M184:T5,M185:T11,M186:T2,M187:T17,M188:T18,M189:T15,M190:T4,M191:T1,M192:T3,M193:T19,M194:T7,M195:T17,M196:T11,M197:T7,M198:T8,M199:T6,M200:T11,M201:T20,M202:T3,M203:T16,M204:T10,M205:T7,M206:T12,M207:T1,M208:T5,M209:T4,M210:T10,M211:T2,M212:T6,M213:T7,M214:T17,M215:T3,M216:T8,M217:T13,M218:T17,M219:T7,M220:T6,M221:T1,M222:T16,M223:T18,M224:T14,M225:T11,M226:T21,M227:T8,M228:T22,M229:T3,M230:T12,M231:T10,M232:T4,M233:T2,M234:T5,M235:T13,M236:T19,M237:T9,M238:T15,M239:T20,M240:T13,M241:T3,M242:T1,M243:T13,M244:T10,M245:T12,M246:T11,M247:T13,M248:T9,M249:T14,M250:T20,M251:T5,M252:T22,M253:T9,M254:T3,M255:T7,M256:T11,M257:T10,M258:T12,M259:T10,M260:T7,M261:T1,M262:T6,M263:T3,M264:T2,M265:T8,M266:T12,M267:T11,M268:T4,M269:T5,M270:T9,M271:T17,M272:T11,M273:T7,M274:T4,M275:T15,M276:T2,M277:T5,M278:T8,M279:T12,M280:T1,M281:T7,M282:T3,M283:T6,M284:T19,M285:T13,M286:T21,M287:T9,M288:T19,M289:T20,M290:T21,M291:T11,M292:T7,M293:T10,M294:T8,M295:T6,M296:T12,M297:T9,M298:T4,M299:T1,M300:T3,M301:T5,M302:T2",1:M38 M48 M59 M130 M133 M150 M167 M191 M207 M221 M242 M261 M280 M299 | 2:M19 M55 M94 M121 M128 M141 M146 M152 M176 M186 M211 M233 M264 M276 M302 | 3:M6 M44 M76 M123 M136 M155 M181 M192 M202 M215 M229 M241 M254 M263 M282 M300 | 4:M18 M33 M54 M73 M78 M90 M105 M116 M145 M190 M209 M232 M268 M274 M298 | 5:M7 M12 M34 M47 M58 M81 M93 M109 M120 M124 M184 M208 M234 M251 M269 M277 M301 | 6:M3 M15 M25 M41 M60 M87 M95 M97 M110 M118 M127 M147 M158 M165 M180 M199 M212 M220 M262 M283 M295 | 7:M20 M56 M85 M91 M96 M112 M115 M122 M126 M163 M178 M194 M197 M205 M213 M219 M255 M260 M273 M281 M292 | 8:M2 M14 M36 M52 M61 M107 M140 M182 M198 M216 M227 M265 M278 M294 | 9:M13 M29 M40 M53 M117 M131 M137 M237 M248 M253 M270 M287 M297 | 10:M16 M37 M86 M100 M103 M113 M125 M142 M156 M177 M204 M210 M231 M244 M257 M259 M293 | 11:M17 M22 M26 M71 M88 M102 M143 M151 M159 M174 M185 M196 M200 M225 M246 M256 M267 M272 M291 | 12:M5 M27 M35 M50 M57 M72 M83 M106 M119 M129 M153 M173 M206 M230 M245 M258 M266 M279 M296 | 13:M10 M11 M30 M51 M66 M89 M111 M138 M149 M168 M217 M235 M240 M243 M247 M285 | 14:M8 M45 M64 M99 M108 M161 M166 M224 M249 | 15:M4 M9 M28 M79 M92 M104 M135 M144 M169 M175 M189 M238 M275 | 16:M24 M32 M62 M75 M77 M98 M134 M162 M203 M222 | 17:M23 M157 M160 M171 M179 M187 M195 M214 M218 M271 | 18:M42 M63 M68 M82 M170 M188 M223 | 19:M21 M43 M84 M154 M172 M193 M236 M284 M288 | 20:M49 M67 M70 M80 M114 M148 M201 M239 M250 M289 | 21:M31 M46 M74 M139 M164 M226 M286 M290 | 22:M1 M39 M65 M69 M101 M132 M183 M228 M252,PASSED,,
forum-14.fixed040-Forb,SAT,OPTIMAL,7.353009,0.026976,2.828917,1.107665,353.535,peak_process_tree_rss_mb,233692,615249,20,615269,RC2,16,16,1000,"9,8,13,11,13,14,0,11,0,0,16,4,0,8,0,0,8,0,12,16,9,8,12,4,5,13,0,6,8,10,2,7,9,11,11,5,6,7,8,12,13,12,11,10,15,1,8,6,13,7,12,12,4,11,9,8,1,3,6,2,0,5,12,11,3,12,9,0,7,10,3,15,0,9,10,11,10,0","M1:T22,M2:T8,M3:T2,M4:T13,M5:T12,M6:T5,M7:T11,M8:T14,M9:T15,M10:T13,M11:T13,M12:T12,M13:T4,M14:T8,M15:T9,M16:T2,M17:T7,M18:T10,M19:T5,M20:T1,M21:T20,M22:T11,M23:T17,M24:T11,M25:T22,M26:T19,M27:T9,M28:T15,M29:T7,M30:T5,M31:T21,M32:T17,M33:T10,M34:T21,M35:T20,M36:T8,M37:T2,M38:T12,M39:T6,M40:T14,M41:T3,M42:T18,M43:T19,M44:T20,M45:T2,M46:T13,M47:T4,M48:T9,M49:T10,M50:T14,M51:T7,M52:T3,M53:T10,M54:T7,M55:T6,M56:T9,M57:T12,M58:T7,M59:T10,M60:T9,M61:T2,M62:T14,M63:T12,M64:T2,M65:T18,M66:T1,M67:T20,M68:T21,M69:T22,M70:T2,M71:T16,M72:T12,M73:T4,M74:T6,M75:T18,M76:T19,M77:T2,M78:T9,M79:T15,M80:T22,M81:T5,M82:T18,M83:T4,M84:T6,M85:T7,M86:T12,M87:T14,M88:T5,M89:T4,M90:T2,M91:T18,M92:T10,M93:T3,M94:T7,M95:T4,M96:T6,M97:T6,M98:T4,M99:T20,M100:T10,M101:T2,M102:T1,M103:T10,M104:T3,M105:T2,M106:T16,M107:T8,M108:T11,M109:T18,M110:T6,M111:T4,M112:T8,M113:T12,M114:T10,M115:T21,M116:T5,M117:T6,M118:T2,M119:T12,M120:T9,M121:T10,M122:T1,M123:T3,M124:T10,M125:T7,M126:T3,M127:T6,M128:T11,M129:T12,M130:T5,M131:T2,M132:T7,M133:T6,M134:T4,M135:T3,M136:T11,M137:T21,M138:T13,M139:T5,M140:T8,M141:T9,M142:T4,M143:T20,M144:T19,M145:T4,M146:T13,M147:T14,M148:T17,M149:T15,M150:T1,M151:T22,M152:T7,M153:T12,M154:T3,M155:T2,M156:T11,M157:T9,M158:T3,M159:T4,M160:T8,M161:T16,M162:T6,M163:T10,M164:T4,M165:T5,M166:T22,M167:T19,M168:T13,M169:T16,M170:T18,M171:T14,M172:T20,M173:T12,M174:T11,M175:T3,M176:T2,M177:T10,M178:T13,M179:T18,M180:T19,M181:T20,M182:T8,M183:T21,M184:T5,M185:T4,M186:T2,M187:T17,M188:T18,M189:T22,M190:T15,M191:T16,M192:T5,M193:T3,M194:T9,M195:T5,M196:T11,M197:T3,M198:T8,M199:T5,M200:T22,M201:T19,M202:T3,M203:T6,M204:T10,M205:T7,M206:T12,M207:T11,M208:T3,M209:T20,M210:T6,M211:T5,M212:T4,M213:T14,M214:T17,M215:T12,M216:T22,M217:T13,M218:T9,M219:T22,M220:T15,M221:T1,M222:T19,M223:T7,M224:T11,M225:T6,M226:T5,M227:T8,M228:T20,M229:T4,M230:T14,M231:T10,M232:T3,M233:T2,M234:T21,M235:T12,M236:T16,M237:T13,M238:T17,M239:T18,M240:T3,M241:T3,M242:T1,M243:T13,M244:T4,M245:T11,M246:T3,M247:T2,M248:T9,M249:T12,M250:T8,M251:T6,M252:T1,M253:T9,M254:T10,M255:T2,M256:T22,M257:T13,M258:T6,M259:T12,M260:T7,M261:T1,M262:T4,M263:T3,M264:T11,M265:T8,M266:T2,M267:T10,M268:T5,M269:T6,M270:T9,M271:T14,M272:T1,M273:T9,M274:T4,M275:T10,M276:T8,M277:T5,M278:T2,M279:T12,M280:T4,M281:T7,M282:T10,M283:T11,M284:T18,M285:T7,M286:T21,M287:T11,M288:T11,M289:T3,M290:T15,M291:T11,M292:T5,M293:T12,M294:T2,M295:T6,M296:T1,M297:T10,M298:T3,M299:T9,M300:T4,M301:T8,M302:T7",1:M20 M66 M102 M122 M150 M221 M242 M252 M261 M272 M296 | 2:M3 M16 M37 M45 M61 M64 M70 M77 M90 M101 M105 M118 M131 M155 M176 M186 M233 M247 M255 M266 M278 M294 | 3:M41 M52 M93 M104 M123 M126 M135 M154 M158 M175 M193 M197 M202 M208 M232 M240 M241 M246 M263 M289 M298 | 4:M13 M47 M73 M83 M89 M95 M98 M111 M134 M142 M145 M159 M164 M185 M212 M229 M244 M262 M274 M280 M300 | 5:M6 M19 M30 M81 M88 M116 M130 M139 M165 M184 M192 M195 M199 M211 M226 M268 M277 M292 | 6:M39 M55 M74 M84 M96 M97 M110 M117 M127 M133 M162 M203 M210 M225 M251 M258 M269 M295 | 7:M17 M29 M51 M54 M58 M85 M94 M125 M132 M152 M205 M223 M260 M281 M285 M302 | 8:M2 M14 M36 M107 M112 M140 M160 M182 M198 M227 M250 M265 M276 M301 | 9:M15 M27 M48 M56 M60 M78 M120 M141 M157 M194 M218 M248 M253 M270 M273 M299 | 10:M18 M33 M49 M53 M59 M92 M100 M103 M114 M121 M124 M163 M177 M204 M231 M254 M267 M275 M282 M297 | 11:M7 M22 M24 M108 M128 M136 M156 M174 M196 M207 M224 M245 M264 M283 M287 M288 M291 | 12:M5 M12 M38 M57 M63 M72 M86 M113 M119 M129 M153 M173 M206 M215 M235 M249 M259 M279 M293 | 13:M4 M10 M11 M46 M138 M146 M168 M178 M217 M237 M243 M257 | 14:M8 M40 M50 M62 M87 M147 M171 M213 M230 M271 | 15:M9 M28 M79 M149 M190 M220 M290 | 16:M71 M106 M161 M169 M191 M236 | 17:M23 M32 M148 M187 M214 M238 | 18:M42 M65 M75 M82 M91 M109 M170 M179 M188 M239 M284 | 19:M26 M43 M76 M144 M167 M180 M201 M222 | 20:M21 M35 M44 M67 M99 M143 M172 M181 M209 M228 | 21:M31 M34 M68 M115 M137 M183 M234 M286 | 22:M1 M25 M69 M80 M151 M166 M189 M200 M216 M219 M256,PASSED,,
forum-14.forb0003,SAT,OPTIMAL,24.209622,0.023,2.909298,17.970215,368.262,peak_process_tree_rss_mb,233692,615018,20,615038,RC2,0,0,1000,"0,0,0,0,0,0,0,0,0,0,0,0,0,0,0,0,0,0,0,0,0,0,0,0,0,0,0,0,0,0,0,0,0,0,0,0,0,0,0,0,0,0,0,0,0,0,0,0,0,0,0,0,0,0,0,0,0,0,0,0,0,0,0,0,0,0,0,0,0,0,0,0,0,0,0,0,0,0","M1:T17,M2:T6,M3:T8,M4:T13,M5:T10,M6:T16,M7:T17,M8:T16,M9:T14,M10:T15,M11:T14,M12:T10,M13:T8,M14:T6,M15:T11,M16:T5,M17:T4,M18:T12,M19:T9,M20:T7,M21:T9,M22:T10,M23:T12,M24:T8,M25:T5,M26:T9,M27:T1,M28:T9,M29:T11,M30:T13,M31:T14,M32:T15,M33:T20,M34:T14,M35:T13,M36:T18,M37:T6,M38:T4,M39:T10,M40:T12,M41:T8,M42:T17,M43:T11,M44:T13,M45:T11,M46:T16,M47:T6,M48:T17,M49:T15,M50:T7,M51:T10,M52:T10,M53:T11,M54:T8,M55:T5,M56:T12,M57:T9,M58:T10,M59:T11,M60:T13,M61:T16,M62:T15,M63:T18,M64:T17,M65:T15,M66:T19,M67:T16,M68:T19,M69:T15,M70:T17,M71:T14,M72:T21,M73:T16,M74:T20,M75:T18,M76:T11,M77:T14,M78:T19,M79:T4,M80:T9,M81:T5,M82:T15,M83:T12,M84:T20,M85:T13,M86:T10,M87:T8,M88:T14,M89:T6,M90:T7,M91:T16,M92:T13,M93:T15,M94:T8,M95:T10,M96:T7,M97:T19,M98:T18,M99:T17,M100:T14,M101:T20,M102:T12,M103:T13,M104:T14,M105:T8,M106:T11,M107:T10,M108:T15,M109:T9,M110:T12,M111:T13,M112:T14,M113:T15,M114:T18,M115:T6,M116:T10,M117:T5,M118:T6,M119:T12,M120:T9,M121:T7,M122:T3,M123:T2,M124:T12,M125:T3,M126:T7,M127:T9,M128:T6,M129:T8,M130:T4,M131:T10,M132:T19,M133:T13,M134:T16,M135:T18,M136:T12,M137:T10,M138:T14,M139:T8,M140:T17,M141:T11,M142:T7,M143:T6,M144:T7,M145:T5,M146:T9,M147:T10,M148:T4,M149:T3,M150:T9,M151:T10,M152:T7,M153:T11,M154:T9,M155:T16,M156:T13,M157:T6,M158:T12,M159:T7,M160:T11,M161:T8,M162:T15,M163:T11,M164:T14,M165:T21,M166:T16,M167:T17,M168:T6,M169:T7,M170:T18,M171:T12,M172:T13,M173:T9,M174:T19,M175:T4,M176:T8,M177:T10,M178:T13,M179:T9,M180:T5,M181:T11,M182:T2,M183:T14,M184:T6,M185:T7,M186:T12,M187:T18,M188:T13,M189:T11,M190:T10,M191:T16,M192:T15,M193:T14,M194:T17,M195:T11,M196:T9,M197:T12,M198:T7,M199:T11,M200:T18,M201:T12,M202:T14,M203:T17,M204:T13,M205:T16,M206:T15,M207:T14,M208:T12,M209:T13,M210:T15,M211:T5,M212:T7,M213:T6,M214:T10,M215:T8,M216:T11,M217:T9,M218:T21,M219:T20,M220:T7,M221:T4,M222:T6,M223:T17,M224:T12,M225:T10,M226:T13,M227:T22,M228:T18,M229:T14,M230:T19,M231:T5,M232:T8,M233:T1,M234:T15,M235:T9,M236:T11,M237:T3,M238:T16,M239:T2,M240:T5,M241:T16,M242:T15,M243:T17,M244:T17,M245:T16,M246:T11,M247:T13,M248:T18,M249:T12,M250:T15,M251:T14,M252:T19,M253:T11,M254:T13,M255:T8,M256:T9,M257:T12,M258:T10,M259:T9,M260:T8,M261:T10,M262:T12,M263:T4,M264:T2,M265:T11,M266:T7,M267:T1,M268:T6,M269:T5,M270:T3,M271:T14,M272:T16,M273:T12,M274:T15,M275:T13,M276:T5,M277:T3,M278:T9,M279:T2,M280:T1,M281:T7,M282:T8,M283:T4,M284:T15,M285:T14,M286:T17,M287:T16,M288:T13,M289:T15,M290:T14,M291:T9,M292:T10,M293:T7,M294:T11,M295:T1,M296:T6,M297:T2,M298:T12,M299:T4,M300:T3,M301:T5,M302:T8",1:M27 M233 M267 M280 M295 | 2:M123 M182 M239 M264 M279 M297 | 3:M122 M125 M149 M237 M270 M277 M300 | 4:M17 M38 M79 M130 M148 M175 M221 M263 M283 M299 | 5:M16 M25 M55 M81 M117 M145 M180 M211 M231 M240 M269 M276 M301 | 6:M2 M14 M37 M47 M89 M115 M118 M128 M143 M157 M168 M184 M213 M222 M268 M296 | 7:M20 M50 M90 M96 M121 M126 M142 M144 M152 M159 M169 M185 M198 M212 M220 M266 M281 M293 | 8:M3 M13 M24 M41 M54 M87 M94 M105 M129 M139 M161 M176 M215 M232 M255 M260 M282 M302 | 9:M19 M21 M26 M28 M57 M80 M109 M120 M127 M146 M150 M154 M173 M179 M196 M217 M235 M256 M259 M278 M291 | 10:M5 M12 M22 M39 M51 M52 M58 M86 M95 M107 M116 M131 M137 M147 M151 M177 M190 M214 M225 M258 M261 M292 | 11:M15 M29 M43 M45 M53 M59 M76 M106 M141 M153 M160 M163 M181 M189 M195 M199 M216 M236 M246 M253 M265 M294 | 12:M18 M23 M40 M56 M83 M102 M110 M119 M124 M136 M158 M171 M186 M197 M201 M208 M224 M249 M257 M262 M273 M298 | 13:M4 M30 M35 M44 M60 M85 M92 M103 M111 M133 M156 M172 M178 M188 M204 M209 M226 M247 M254 M275 M288 | 14:M9 M11 M31 M34 M71 M77 M88 M100 M104 M112 M138 M164 M183 M193 M202 M207 M229 M251 M271 M285 M290 | 15:M10 M32 M49 M62 M65 M69 M82 M93 M108 M113 M162 M192 M206 M210 M234 M242 M250 M274 M284 M289 | 16:M6 M8 M46 M61 M67 M73 M91 M134 M155 M166 M191 M205 M238 M241 M245 M272 M287 | 17:M1 M7 M42 M48 M64 M70 M99 M140 M167 M194 M203 M223 M243 M244 M286 | 18:M36 M63 M75 M98 M114 M135 M170 M187 M200 M228 M248 | 19:M66 M68 M78 M97 M132 M174 M230 M252 | 20:M33 M74 M84 M101 M219 | 21:M72 M165 M218 | 22:M227,PASSED,,
forum-14.forb0007,UNSAT,UNSAT,6.888528,0.047403,2.785741,0.715435,339.879,peak_process_tree_rss_mb,233692,615025,20,615045,RC2,,,1000,,,1: | 2: | 3: | 4: | 5: | 6: | 7: | 8: | 9: | 10: | 11: | 12: | 13: | 14: | 15: | 16: | 17: | 18: | 19: | 20: | 21: | 22:,NOT_RUN,,
forumt-14.fixed020-Forb,SAT,OPTIMAL,2.307856,0.034982,0.768097,0.444369,252.199,peak_process_tree_rss_mb,73532,188457,7,188464,RC2,2,2,1000,"0,0,2,1,2,0,0,2,0,0,2,0,2,0,0,0,2,2,0,0,0,2,0,0,0,0,2,2,0,2,2,2,0,0,2,2,0,0,2,0,0,0,0,0,2,0,2,2,0,1,1,0,2,0,2,2,2,1,2,2","M1:T5,M2:T7,M3:T10,M4:T3,M5:T9,M6:T8,M7:T1,M8:T6,M9:T5,M10:T6,M11:T2,M12:T1,M13:T3,M14:T4,M15:T7,M16:T10,M17:T5,M18:T9,M19:T8,M20:T10,M21:T9,M22:T6,M23:T7,M24:T2,M25:T8,M26:T1,M27:T6,M28:T9,M29:T10,M30:T1,M31:T8,M32:T4,M33:T7,M34:T1,M35:T10,M36:T4,M37:T2,M38:T7,M39:T5,M40:T9,M41:T10,M42:T3,M43:T7,M44:T6,M45:T8,M46:T2,M47:T5,M48:T3,M49:T10,M50:T9,M51:T8,M52:T5,M53:T1,M54:T6,M55:T1,M56:T10,M57:T7,M58:T2,M59:T4,M60:T8,M61:T5,M62:T4,M63:T10,M64:T3,M65:T8,M66:T9,M67:T1,M68:T2,M69:T6,M70:T7,M71:T4,M72:T1,M73:T5,M74:T2,M75:T9,M76:T8,M77:T3,M78:T6,M79:T1,M80:T4,M81:T5,M82:T2,M83:T9,M84:T10,M85:T7,M86:T8,M87:T5,M88:T4,M89:T8,M90:T1,M91:T6,M92:T3,M93:T5,M94:T6,M95:T2,M96:T9,M97:T7,M98:T8,M99:T1,M100:T2,M101:T9,M102:T10,M103:T8,M104:T4,M105:T5,M106:T1,M107:T3,M108:T4,M109:T6,M110:T10,M111:T2,M112:T9,M113:T8,M114:T6,M115:T2,M116:T7,M117:T9,M118:T1,M119:T3,M120:T10,M121:T4,M122:T3,M123:T10,M124:T4,M125:T4,M126:T9,M127:T5,M128:T8,M129:T6,M130:T1,M131:T5,M132:T3,M133:T6,M134:T8,M135:T4,M136:T3,M137:T9,M138:T2,M139:T5,M140:T7,M141:T10,M142:T7,M143:T2,M144:T8,M145:T3,M146:T4,M147:T6,M148:T7,M149:T4,M150:T5,M151:T1,M152:T9,M153:T5,M154:T2,M155:T6,M156:T4,M157:T10,M158:T8,M159:T7,M160:T3,M161:T6,M162:T5,M163:T2,M164:T3,M165:T4,M166:T8,M167:T9,M168:T10,M169:T7,M170:T10,M171:T9,M172:T3,M173:T5,M174:T4,M175:T2,M176:T5,M177:T7,M178:T6,M179:T1,M180:T1,M181:T3,M182:T7,M183:T1,M184:T4,M185:T3,M186:T2,M187:T4,M188:T5,M189:T8,M190:T3,M191:T6,M192:T9,M193:T5,M194:T6,M195:T2,M196:T8,M197:T9,M198:T3,M199:T7,M200:T5,M201:T8,M202:T1,M203:T2,M204:T3,M205:T6,M206:T5,M207:T10,M208:T4,M209:T7,M210:T9,M211:T5,M212:T7,M213:T9,M214:T1,M215:T10,M216:T6,M217:T10,M218:T7,M219:T4,M220:T3,M221:T9,M222:T2,M223:T7,M224:T8,M225:T4,M226:T1,M227:T6,M228:T10,M229:T9,M230:T8,M231:T4,M232:T6,M233:T2,M234:T9,M235:T5,M236:T3,M237:T8",1:M7 M12 M26 M30 M34 M53 M55 M67 M72 M79 M90 M99 M106 M118 M130 M151 M179 M180 M183 M202 M214 M226 | 2:M11 M24 M37 M46 M58 M68 M74 M82 M95 M100 M111 M115 M138 M143 M154 M163 M175 M186 M195 M203 M222 M233 | 3:M4 M13 M42 M48 M64 M77 M92 M107 M119 M122 M132 M136 M145 M160 M164 M172 M181 M185 M190 M198 M204 M220 M236 | 4:M14 M32 M36 M59 M62 M71 M80 M88 M104 M108 M121 M124 M125 M135 M146 M149 M156 M165 M174 M184 M187 M208 M219 M225 M231 | 5:M1 M9 M17 M39 M47 M52 M61 M73 M81 M87 M93 M105 M127 M131 M139 M150 M153 M162 M173 M176 M188 M193 M200 M206 M211 M235 | 6:M8 M10 M22 M27 M44 M54 M69 M78 M91 M94 M109 M114 M129 M133 M147 M155 M161 M178 M191 M194 M205 M216 M227 M232 | 7:M2 M15 M23 M33 M38 M43 M57 M70 M85 M97 M116 M140 M142 M148 M159 M169 M177 M182 M199 M209 M212 M218 M223 | 8:M6 M19 M25 M31 M45 M51 M60 M65 M76 M86 M89 M98 M103 M113 M128 M134 M144 M158 M166 M189 M196 M201 M224 M230 M237 | 9:M5 M18 M21 M28 M40 M50 M66 M75 M83 M96 M101 M112 M117 M126 M137 M152 M167 M171 M192 M197 M210 M213 M221 M229 M234 | 10:M3 M16 M20 M29 M35 M41 M49 M56 M63 M84 M102 M110 M120 M123 M141 M157 M168 M170 M207 M215 M217 M228,PASSED,,
forumt-14.fixed040-Forb,UNSAT,UNSAT,2.266673,0.018194,0.893366,0.260705,166.453,peak_process_tree_rss_mb,73532,188504,7,188511,RC2,,,1000,,,1: | 2: | 3: | 4: | 5: | 6: | 7: | 8: | 9: | 10:,NOT_RUN,,
forumt-14.forb0003,SAT,OPTIMAL,2.425602,0.016001,0.89516,0.522865,170.059,peak_process_tree_rss_mb,73532,188397,7,188404,RC2,0,0,1000,"0,0,0,0,0,0,0,0,0,0,0,0,0,0,0,0,0,0,0,0,0,0,0,0,0,0,0,0,0,0,0,0,0,0,0,0,0,0,0,0,0,0,0,0,0,0,0,0,0,0,0,0,0,0,0,0,0,0,0,0","M1:T1,M2:T2,M3:T3,M4:T5,M5:T8,M6:T10,M7:T9,M8:T4,M9:T10,M10:T6,M11:T6,M12:T5,M13:T2,M14:T8,M15:T7,M16:T9,M17:T4,M18:T10,M19:T4,M20:T4,M21:T9,M22:T8,M23:T5,M24:T1,M25:T2,M26:T4,M27:T5,M28:T7,M29:T7,M30:T5,M31:T8,M32:T5,M33:T6,M34:T7,M35:T5,M36:T7,M37:T6,M38:T3,M39:T7,M40:T4,M41:T1,M42:T3,M43:T8,M44:T5,M45:T7,M46:T2,M47:T6,M48:T4,M49:T10,M50:T9,M51:T3,M52:T2,M53:T5,M54:T1,M55:T10,M56:T6,M57:T4,M58:T5,M59:T3,M60:T8,M61:T9,M62:T3,M63:T9,M64:T4,M65:T5,M66:T7,M67:T2,M68:T1,M69:T10,M70:T8,M71:T5,M72:T6,M73:T1,M74:T7,M75:T10,M76:T9,M77:T9,M78:T10,M79:T3,M80:T5,M81:T6,M82:T1,M83:T4,M84:T7,M85:T8,M86:T2,M87:T1,M88:T3,M89:T5,M90:T4,M91:T6,M92:T2,M93:T9,M94:T10,M95:T4,M96:T8,M97:T5,M98:T6,M99:T9,M100:T2,M101:T1,M102:T7,M103:T4,M104:T5,M105:T8,M106:T7,M107:T8,M108:T9,M109:T3,M110:T7,M111:T6,M112:T9,M113:T10,M114:T10,M115:T7,M116:T3,M117:T1,M118:T2,M119:T4,M120:T8,M121:T6,M122:T9,M123:T6,M124:T8,M125:T2,M126:T1,M127:T7,M128:T6,M129:T3,M130:T4,M131:T10,M132:T6,M133:T4,M134:T1,M135:T7,M136:T2,M137:T10,M138:T6,M139:T9,M140:T5,M141:T8,M142:T3,M143:T6,M144:T2,M145:T9,M146:T5,M147:T6,M148:T2,M149:T10,M150:T5,M151:T9,M152:T3,M153:T10,M154:T1,M155:T2,M156:T7,M157:T8,M158:T4,M159:T5,M160:T6,M161:T8,M162:T6,M163:T10,M164:T4,M165:T7,M166:T2,M167:T1,M168:T3,M169:T9,M170:T2,M171:T5,M172:T8,M173:T4,M174:T3,M175:T8,M176:T2,M177:T1,M178:T5,M179:T4,M180:T8,M181:T7,M182:T4,M183:T7,M184:T9,M185:T1,M186:T3,M187:T8,M188:T9,M189:T5,M190:T7,M191:T10,M192:T6,M193:T4,M194:T1,M195:T8,M196:T3,M197:T10,M198:T9,M199:T6,M200:T7,M201:T10,M202:T8,M203:T5,M204:T10,M205:T3,M206:T6,M207:T2,M208:T4,M209:T9,M210:T7,M211:T8,M212:T7,M213:T6,M214:T3,M215:T9,M216:T3,M217:T3,M218:T9,M219:T7,M220:T2,M221:T4,M222:T7,M223:T8,M224:T3,M225:T1,M226:T5,M227:T6,M228:T9,M229:T8,M230:T7,M231:T6,M232:T3,M233:T9,M234:T4,M235:T5,M236:T6,M237:T8",1:M1 M24 M41 M54 M68 M73 M82 M87 M101 M117 M126 M134 M154 M167 M177 M185 M194 M225 | 2:M2 M13 M25 M46 M52 M67 M86 M92 M100 M118 M125 M136 M144 M148 M155 M166 M170 M176 M207 M220 | 3:M3 M38 M42 M51 M59 M62 M79 M88 M109 M116 M129 M142 M152 M168 M174 M186 M196 M205 M214 M216 M217 M224 M232 | 4:M8 M17 M19 M20 M26 M40 M48 M57 M64 M83 M90 M95 M103 M119 M130 M133 M158 M164 M173 M179 M182 M193 M208 M221 M234 | 5:M4 M12 M23 M27 M30 M32 M35 M44 M53 M58 M65 M71 M80 M89 M97 M104 M140 M146 M150 M159 M171 M178 M189 M203 M226 M235 | 6:M10 M11 M33 M37 M47 M56 M72 M81 M91 M98 M111 M121 M123 M128 M132 M138 M143 M147 M160 M162 M192 M199 M206 M213 M227 M231 M236 | 7:M15 M28 M29 M34 M36 M39 M45 M66 M74 M84 M102 M106 M110 M115 M127 M135 M156 M165 M181 M183 M190 M200 M210 M212 M219 M222 M230 | 8:M5 M14 M22 M31 M43 M60 M70 M85 M96 M105 M107 M120 M124 M141 M157 M161 M172 M175 M180 M187 M195 M202 M211 M223 M229 M237 | 9:M7 M16 M21 M50 M61 M63 M76 M77 M93 M99 M108 M112 M122 M139 M145 M151 M169 M184 M188 M198 M209 M215 M218 M228 M233 | 10:M6 M9 M18 M49 M55 M69 M75 M78 M94 M113 M114 M131 M137 M149 M153 M163 M191 M197 M201 M204,PASSED,,
forumt-14.forb0007,UNSAT,UNSAT,2.070577,0.025981,0.808909,0.216853,162.227,peak_process_tree_rss_mb,73532,188400,7,188407,RC2,,,1000,,,1: | 2: | 3: | 4: | 5: | 6: | 7: | 8: | 9: | 10:,NOT_RUN,,
forumt-14crafc.fixed020-Forb,SAT,OPTIMAL,2.215341,0.051,0.816419,0.416457,165.926,peak_process_tree_rss_mb,69792,180817,7,180824,RC2,2,2,1000,"0,0,1,1,2,0,0,1,1,0,1,0,2,0,0,0,2,2,0,0,0,2,0,0,0,0,1,0,0,2,1,0,0,1,2,1,0,0,2,0,0,0,0,0,2,0,2,2,0,2,1,0,1,0,2,2,2,1,2,2","M1:T10,M2:T9,M3:T8,M4:T5,M5:T7,M6:T2,M7:T1,M8:T3,M9:T5,M10:T6,M11:T4,M12:T1,M13:T3,M14:T6,M15:T8,M16:T10,M17:T7,M18:T9,M19:T6,M20:T4,M21:T10,M22:T3,M23:T7,M24:T10,M25:T2,M26:T5,M27:T6,M28:T8,M29:T9,M30:T1,M31:T8,M32:T7,M33:T4,M34:T2,M35:T7,M36:T8,M37:T2,M38:T4,M39:T5,M40:T4,M41:T10,M42:T3,M43:T4,M44:T6,M45:T9,M46:T2,M47:T8,M48:T3,M49:T10,M50:T9,M51:T2,M52:T1,M53:T4,M54:T8,M55:T9,M56:T10,M57:T1,M58:T2,M59:T4,M60:T3,M61:T5,M62:T3,M63:T5,M64:T1,M65:T4,M66:T7,M67:T9,M68:T2,M69:T6,M70:T10,M71:T10,M72:T1,M73:T5,M74:T6,M75:T2,M76:T9,M77:T3,M78:T4,M79:T9,M80:T6,M81:T5,M82:T2,M83:T10,M84:T1,M85:T7,M86:T8,M87:T5,M88:T3,M89:T4,M90:T1,M91:T6,M92:T7,M93:T5,M94:T7,M95:T6,M96:T4,M97:T10,M98:T8,M99:T6,M100:T5,M101:T8,M102:T7,M103:T9,M104:T10,M105:T1,M106:T9,M107:T8,M108:T5,M109:T9,M110:T7,M111:T8,M112:T10,M113:T2,M114:T2,M115:T5,M116:T7,M117:T10,M118:T1,M119:T3,M120:T9,M121:T6,M122:T10,M123:T9,M124:T3,M125:T4,M126:T8,M127:T9,M128:T2,M129:T6,M130:T3,M131:T1,M132:T7,M133:T2,M134:T8,M135:T4,M136:T6,M137:T7,M138:T5,M139:T1,M140:T10,M141:T3,M142:T7,M143:T6,M144:T8,M145:T4,M146:T1,M147:T9,M148:T6,M149:T8,M150:T7,M151:T10,M152:T9,M153:T2,M154:T1,M155:T7,M156:T6,M157:T3,M158:T8,M159:T4,M160:T5,M161:T6,M162:T5,M163:T10,M164:T3,M165:T2,M166:T8,M167:T9,M168:T7,M169:T4,M170:T8,M171:T1,M172:T3,M173:T5,M174:T6,M175:T7,M176:T5,M177:T8,M178:T10,M179:T3,M180:T1,M181:T3,M182:T7,M183:T9,M184:T4,M185:T3,M186:T2,M187:T6,M188:T8,M189:T4,M190:T3,M191:T2,M192:T9,M193:T4,M194:T8,M195:T4,M196:T2,M197:T9,M198:T6,M199:T7,M200:T5,M201:T2,M202:T5,M203:T2,M204:T4,M205:T9,M206:T6,M207:T10,M208:T3,M209:T1,M210:T7,M211:T5,M212:T7,M213:T4,M214:T9,M215:T1,M216:T8,M217:T1,M218:T7,M219:T10,M220:T5,M221:T7,M222:T2,M223:T8,M224:T6,M225:T4,M226:T1,M227:T9,M228:T10,M229:T5,M230:T9,M231:T6,M232:T2,M233:T3,M234:T2,M235:T5,M236:T3,M237:T4",1:M7 M12 M30 M52 M57 M64 M72 M84 M90 M105 M118 M131 M139 M146 M154 M171 M180 M209 M215 M217 M226 | 2:M6 M25 M34 M37 M46 M51 M58 M68 M75 M82 M113 M114 M128 M133 M153 M165 M186 M191 M196 M201 M203 M222 M232 M234 | 3:M8 M13 M22 M42 M48 M60 M62 M77 M88 M119 M124 M130 M141 M157 M164 M172 M179 M181 M185 M190 M208 M233 M236 | 4:M11 M20 M33 M38 M40 M43 M53 M59 M65 M78 M89 M96 M125 M135 M145 M159 M169 M184 M189 M193 M195 M204 M213 M225 M237 | 5:M4 M9 M26 M39 M61 M63 M73 M81 M87 M93 M100 M108 M115 M138 M160 M162 M173 M176 M200 M202 M211 M220 M229 M235 | 6:M10 M14 M19 M27 M44 M69 M74 M80 M91 M95 M99 M121 M129 M136 M143 M148 M156 M161 M174 M187 M198 M206 M224 M231 | 7:M5 M17 M23 M32 M35 M66 M85 M92 M94 M102 M110 M116 M132 M137 M142 M150 M155 M168 M175 M182 M199 M210 M212 M218 M221 | 8:M3 M15 M28 M31 M36 M47 M54 M86 M98 M101 M107 M111 M126 M134 M144 M149 M158 M166 M170 M177 M188 M194 M216 M223 | 9:M2 M18 M29 M45 M50 M55 M67 M76 M79 M103 M106 M109 M120 M123 M127 M147 M152 M167 M183 M192 M197 M205 M214 M227 M230 | 10:M1 M16 M21 M24 M41 M49 M56 M70 M71 M83 M97 M104 M112 M117 M122 M140 M151 M163 M178 M207 M219 M228,PASSED,,
forumt-14crafc.fixed040-Forb,UNSAT,UNSAT,2.04819,0.022998,0.801167,0.223274,159.336,peak_process_tree_rss_mb,69792,180864,7,180871,RC2,,,1000,,,1: | 2: | 3: | 4: | 5: | 6: | 7: | 8: | 9: | 10:,NOT_RUN,,
forumt-14crafc.forb0003,SAT,OPTIMAL,2.091211,0.025995,0.761545,0.358225,166.484,peak_process_tree_rss_mb,69792,180757,7,180764,RC2,0,0,1000,"0,0,0,0,0,0,0,0,0,0,0,0,0,0,0,0,0,0,0,0,0,0,0,0,0,0,0,0,0,0,0,0,0,0,0,0,0,0,0,0,0,0,0,0,0,0,0,0,0,0,0,0,0,0,0,0,0,0,0,0","M1:T9,M2:T5,M3:T3,M4:T8,M5:T4,M6:T2,M7:T7,M8:T6,M9:T9,M10:T3,M11:T4,M12:T8,M13:T7,M14:T3,M15:T9,M16:T2,M17:T5,M18:T6,M19:T2,M20:T8,M21:T9,M22:T7,M23:T2,M24:T4,M25:T5,M26:T3,M27:T9,M28:T8,M29:T8,M30:T2,M31:T4,M32:T7,M33:T3,M34:T9,M35:T5,M36:T3,M37:T2,M38:T1,M39:T9,M40:T8,M41:T3,M42:T2,M43:T9,M44:T5,M45:T1,M46:T4,M47:T7,M48:T7,M49:T2,M50:T1,M51:T5,M52:T4,M53:T9,M54:T4,M55:T2,M56:T1,M57:T8,M58:T7,M59:T3,M60:T10,M61:T6,M62:T6,M63:T10,M64:T1,M65:T5,M66:T9,M67:T2,M68:T8,M69:T4,M70:T3,M71:T6,M72:T5,M73:T4,M74:T10,M75:T2,M76:T8,M77:T4,M78:T7,M79:T9,M80:T5,M81:T2,M82:T10,M83:T8,M84:T1,M85:T3,M86:T6,M87:T3,M88:T6,M89:T5,M90:T8,M91:T4,M92:T7,M93:T6,M94:T5,M95:T3,M96:T8,M97:T7,M98:T4,M99:T5,M100:T8,M101:T4,M102:T1,M103:T6,M104:T7,M105:T10,M106:T9,M107:T8,M108:T10,M109:T6,M110:T4,M111:T3,M112:T5,M113:T10,M114:T9,M115:T8,M116:T3,M117:T4,M118:T2,M119:T7,M120:T10,M121:T1,M122:T7,M123:T6,M124:T8,M125:T9,M126:T7,M127:T10,M128:T6,M129:T5,M130:T4,M131:T3,M132:T9,M133:T10,M134:T4,M135:T1,M136:T5,M137:T6,M138:T8,M139:T7,M140:T3,M141:T2,M142:T5,M143:T10,M144:T1,M145:T6,M146:T7,M147:T7,M148:T1,M149:T6,M150:T9,M151:T3,M152:T6,M153:T2,M154:T4,M155:T1,M156:T10,M157:T7,M158:T9,M159:T5,M160:T8,M161:T7,M162:T3,M163:T5,M164:T4,M165:T9,M166:T2,M167:T6,M168:T10,M169:T1,M170:T6,M171:T2,M172:T10,M173:T1,M174:T10,M175:T7,M176:T8,M177:T5,M178:T4,M179:T9,M180:T1,M181:T3,M182:T10,M183:T9,M184:T8,M185:T6,M186:T5,M187:T5,M188:T6,M189:T1,M190:T2,M191:T4,M192:T3,M193:T10,M194:T6,M195:T8,M196:T10,M197:T1,M198:T3,M199:T2,M200:T4,M201:T9,M202:T10,M203:T8,M204:T1,M205:T6,M206:T3,M207:T5,M208:T7,M209:T2,M210:T9,M211:T8,M212:T10,M213:T6,M214:T3,M215:T5,M216:T7,M217:T3,M218:T1,M219:T7,M220:T6,M221:T1,M222:T2,M223:T8,M224:T5,M225:T7,M226:T9,M227:T4,M228:T3,M229:T7,M230:T4,M231:T6,M232:T8,M233:T10,M234:T2,M235:T1,M236:T5,M237:T4",1:M38 M45 M50 M56 M64 M84 M102 M121 M135 M144 M148 M155 M169 M173 M180 M189 M197 M204 M218 M221 M235 | 2:M6 M16 M19 M23 M30 M37 M42 M49 M55 M67 M75 M81 M118 M141 M153 M166 M171 M190 M199 M209 M222 M234 | 3:M3 M10 M14 M26 M33 M36 M41 M59 M70 M85 M87 M95 M111 M116 M131 M140 M151 M162 M181 M192 M198 M206 M214 M217 M228 | 4:M5 M11 M24 M31 M46 M52 M54 M69 M73 M77 M91 M98 M101 M110 M117 M130 M134 M154 M164 M178 M191 M200 M227 M230 M237 | 5:M2 M17 M25 M35 M44 M51 M65 M72 M80 M89 M94 M99 M112 M129 M136 M142 M159 M163 M177 M186 M187 M207 M215 M224 M236 | 6:M8 M18 M61 M62 M71 M86 M88 M93 M103 M109 M123 M128 M137 M145 M149 M152 M167 M170 M185 M188 M194 M205 M213 M220 M231 | 7:M7 M13 M22 M32 M47 M48 M58 M78 M92 M97 M104 M119 M122 M126 M139 M146 M147 M157 M161 M175 M208 M216 M219 M225 M229 | 8:M4 M12 M20 M28 M29 M40 M57 M68 M76 M83 M90 M96 M100 M107 M115 M124 M138 M160 M176 M184 M195 M203 M211 M223 M232 | 9:M1 M9 M15 M21 M27 M34 M39 M43 M53 M66 M79 M106 M114 M125 M132 M150 M158 M165 M179 M183 M201 M210 M226 | 10:M60 M63 M74 M82 M105 M108 M113 M120 M127 M133 M143 M156 M168 M172 M174 M182 M193 M196 M202 M212 M233,PASSED,,
forumt-14crafc.forb0007,UNSAT,UNSAT,1.97188,0.023002,0.77844,0.212015,162.117,peak_process_tree_rss_mb,69792,180760,7,180767,RC2,,,1000,,,1: | 2: | 3: | 4: | 5: | 6: | 7: | 8: | 9: | 10:,NOT_RUN,,
forumt-14crafd.fixed020-Forb,SAT,OPTIMAL,2.06759,0.024992,0.768214,0.308208,164.543,peak_process_tree_rss_mb,69278,179842,8,179850,RC2,4,4,1000,"0,0,1,0,4,0,1,1,2,0,2,0,0,2,0,0,2,2,0,0,0,3,0,0,0,0,0,0,0,3,0,2,0,2,0,1,0,0,4,0,0,0,0,0,4,0,4,4,0,4,2,0,4,0,1,4,2,0,1,2","M1:T4,M2:T1,M3:T7,M4:T9,M5:T3,M6:T10,M7:T2,M8:T6,M9:T2,M10:T5,M11:T8,M12:T9,M13:T8,M14:T3,M15:T7,M16:T6,M17:T1,M18:T10,M19:T9,M20:T4,M21:T5,M22:T7,M23:T10,M24:T5,M25:T4,M26:T10,M27:T3,M28:T7,M29:T2,M30:T4,M31:T1,M32:T10,M33:T2,M34:T4,M35:T1,M36:T9,M37:T1,M38:T3,M39:T7,M40:T6,M41:T4,M42:T9,M43:T6,M44:T3,M45:T5,M46:T2,M47:T1,M48:T5,M49:T7,M50:T2,M51:T8,M52:T4,M53:T10,M54:T9,M55:T6,M56:T10,M57:T5,M58:T2,M59:T8,M60:T3,M61:T7,M62:T1,M63:T6,M64:T2,M65:T3,M66:T7,M67:T9,M68:T1,M69:T4,M70:T5,M71:T10,M72:T8,M73:T4,M74:T6,M75:T9,M76:T3,M77:T10,M78:T1,M79:T6,M80:T2,M81:T3,M82:T7,M83:T5,M84:T8,M85:T10,M86:T9,M87:T4,M88:T10,M89:T7,M90:T6,M91:T3,M92:T5,M93:T8,M94:T4,M95:T9,M96:T8,M97:T7,M98:T6,M99:T1,M100:T2,M101:T5,M102:T4,M103:T3,M104:T10,M105:T6,M106:T8,M107:T8,M108:T5,M109:T2,M110:T3,M111:T1,M112:T5,M113:T6,M114:T8,M115:T2,M116:T9,M117:T1,M118:T10,M119:T7,M120:T3,M121:T6,M122:T5,M123:T10,M124:T9,M125:T4,M126:T5,M127:T6,M128:T7,M129:T8,M130:T2,M131:T8,M132:T5,M133:T9,M134:T5,M135:T9,M136:T10,M137:T4,M138:T2,M139:T8,M140:T6,M141:T7,M142:T3,M143:T9,M144:T4,M145:T2,M146:T1,M147:T7,M148:T8,M149:T10,M150:T3,M151:T2,M152:T3,M153:T8,M154:T4,M155:T7,M156:T6,M157:T9,M158:T1,M159:T5,M160:T10,M161:T6,M162:T5,M163:T2,M164:T10,M165:T3,M166:T8,M167:T7,M168:T3,M169:T4,M170:T1,M171:T8,M172:T6,M173:T2,M174:T2,M175:T5,M176:T8,M177:T9,M178:T3,M179:T4,M180:T7,M181:T6,M182:T10,M183:T3,M184:T1,M185:T2,M186:T10,M187:T5,M188:T3,M189:T2,M190:T10,M191:T6,M192:T1,M193:T1,M194:T9,M195:T1,M196:T5,M197:T2,M198:T4,M199:T6,M200:T7,M201:T7,M202:T5,M203:T4,M204:T9,M205:T8,M206:T7,M207:T1,M208:T3,M209:T10,M210:T6,M211:T9,M212:T5,M213:T6,M214:T10,M215:T9,M216:T7,M217:T3,M218:T9,M219:T2,M220:T5,M221:T10,M222:T1,M223:T8,M224:T6,M225:T4,M226:T9,M227:T7,M228:T2,M229:T4,M230:T6,M231:T1,M232:T8,M233:T3,M234:T1,M235:T4,M236:T8",1:M2 M17 M31 M35 M37 M47 M62 M68 M78 M99 M111 M117 M146 M158 M170 M184 M192 M193 M195 M207 M222 M231 M234 | 2:M7 M9 M29 M33 M46 M50 M58 M64 M80 M100 M109 M115 M130 M138 M145 M151 M163 M173 M174 M185 M189 M197 M219 M228 | 3:M5 M14 M27 M38 M44 M60 M65 M76 M81 M91 M103 M110 M120 M142 M150 M152 M165 M168 M178 M183 M188 M208 M217 M233 | 4:M1 M20 M25 M30 M34 M41 M52 M69 M73 M87 M94 M102 M125 M137 M144 M154 M169 M179 M198 M203 M225 M229 M235 | 5:M10 M21 M24 M45 M48 M57 M70 M83 M92 M101 M108 M112 M122 M126 M132 M134 M159 M162 M175 M187 M196 M202 M212 M220 | 6:M8 M16 M40 M43 M55 M63 M74 M79 M90 M98 M105 M113 M121 M127 M140 M156 M161 M172 M181 M191 M199 M210 M213 M224 M230 | 7:M3 M15 M22 M28 M39 M49 M61 M66 M82 M89 M97 M119 M128 M141 M147 M155 M167 M180 M200 M201 M206 M216 M227 | 8:M11 M13 M51 M59 M72 M84 M93 M96 M106 M107 M114 M129 M131 M139 M148 M153 M166 M171 M176 M205 M223 M232 M236 | 9:M4 M12 M19 M36 M42 M54 M67 M75 M86 M95 M116 M124 M133 M135 M143 M157 M177 M194 M204 M211 M215 M218 M226 | 10:M6 M18 M23 M26 M32 M53 M56 M71 M77 M85 M88 M104 M118 M123 M136 M149 M160 M164 M182 M186 M190 M209 M214 M221,PASSED,,
forumt-14crafd.fixed040-Forb,UNSAT,UNSAT,1.936605,0.020996,0.729201,0.1984,163.992,peak_process_tree_rss_mb,69278,179889,8,179897,RC2,,,1000,,,1: | 2: | 3: | 4: | 5: | 6: | 7: | 8: | 9: | 10:,NOT_RUN,,
forumt-14crafd.forb0003,UNSAT,UNSAT,1.942763,0.025982,0.719158,0.217214,159.992,peak_process_tree_rss_mb,69278,179782,8,179790,RC2,,,1000,,,1: | 2: | 3: | 4: | 5: | 6: | 7: | 8: | 9: | 10:,NOT_RUN,,
forumt-14crafd.forb0007,UNSAT,UNSAT,1.934608,0.025915,0.76471,0.20716,159.363,peak_process_tree_rss_mb,69278,179785,8,179793,RC2,,,1000,,,1: | 2: | 3: | 4: | 5: | 6: | 7: | 8: | 9: | 10:,NOT_RUN,,
forumt-14crafe.fixed020-Forb,SAT,OPTIMAL,2.061741,0.031248,0.760248,0.341784,164.43,peak_process_tree_rss_mb,67388,175922,8,175930,RC2,4,4,1000,"0,0,0,0,4,0,3,2,1,0,4,0,1,0,0,0,2,2,0,0,0,3,0,0,0,0,2,0,0,4,0,4,0,4,0,2,0,0,4,0,0,0,0,0,4,0,2,0,0,4,3,0,1,0,1,0,2,0,0,2","M1:T4,M2:T9,M3:T7,M4:T10,M5:T1,M6:T8,M7:T2,M8:T3,M9:T2,M10:T4,M11:T1,M12:T7,M13:T8,M14:T9,M15:T4,M16:T6,M17:T7,M18:T10,M19:T2,M20:T1,M21:T5,M22:T8,M23:T10,M24:T10,M25:T4,M26:T5,M27:T9,M28:T7,M29:T1,M30:T4,M31:T5,M32:T6,M33:T8,M34:T10,M35:T1,M36:T8,M37:T2,M38:T4,M39:T7,M40:T9,M41:T4,M42:T5,M43:T6,M44:T3,M45:T10,M46:T2,M47:T1,M48:T3,M49:T6,M50:T2,M51:T10,M52:T4,M53:T8,M54:T7,M55:T1,M56:T6,M57:T9,M58:T2,M59:T5,M60:T1,M61:T8,M62:T10,M63:T4,M64:T2,M65:T1,M66:T6,M67:T3,M68:T9,M69:T8,M70:T5,M71:T10,M72:T7,M73:T4,M74:T6,M75:T5,M76:T3,M77:T1,M78:T7,M79:T8,M80:T3,M81:T6,M82:T2,M83:T5,M84:T1,M85:T10,M86:T9,M87:T4,M88:T7,M89:T1,M90:T5,M91:T10,M92:T2,M93:T9,M94:T4,M95:T8,M96:T1,M97:T2,M98:T9,M99:T7,M100:T5,M101:T2,M102:T4,M103:T8,M104:T3,M105:T6,M106:T9,M107:T8,M108:T6,M109:T7,M110:T9,M111:T1,M112:T8,M113:T6,M114:T2,M115:T3,M116:T10,M117:T9,M118:T5,M119:T1,M120:T3,M121:T6,M122:T5,M123:T6,M124:T3,M125:T5,M126:T2,M127:T1,M128:T7,M129:T8,M130:T10,M131:T8,M132:T4,M133:T10,M134:T3,M135:T2,M136:T10,M137:T1,M138:T8,M139:T6,M140:T7,M141:T9,M142:T5,M143:T9,M144:T2,M145:T5,M146:T4,M147:T7,M148:T8,M149:T1,M150:T3,M151:T2,M152:T3,M153:T8,M154:T1,M155:T7,M156:T6,M157:T9,M158:T5,M159:T4,M160:T10,M161:T6,M162:T9,M163:T8,M164:T1,M165:T5,M166:T10,M167:T3,M168:T3,M169:T7,M170:T6,M171:T8,M172:T9,M173:T2,M174:T5,M175:T4,M176:T8,M177:T7,M178:T2,M179:T9,M180:T3,M181:T1,M182:T7,M183:T10,M184:T3,M185:T2,M186:T6,M187:T7,M188:T4,M189:T2,M190:T10,M191:T3,M192:T1,M193:T8,M194:T10,M195:T9,M196:T5,M197:T3,M198:T7,M199:T6,M200:T4,M201:T4,M202:T6,M203:T4,M204:T2,M205:T9,M206:T7,M207:T1,M208:T3,M209:T10,M210:T5,M211:T9,M212:T5,M213:T6,M214:T7,M215:T5,M216:T3,M217:T5,M218:T7,M219:T2,M220:T4,M221:T10,M222:T1,M223:T8,M224:T6,M225:T9,M226:T6,M227:T3,M228:T8,M229:T4,M230:T5,M231:T7,M232:T2,M233:T10,M234:T3,M235:T9,M236:T4",1:M5 M11 M20 M29 M35 M47 M55 M60 M65 M77 M84 M89 M96 M111 M119 M127 M137 M149 M154 M164 M181 M192 M207 M222 | 2:M7 M9 M19 M37 M46 M50 M58 M64 M82 M92 M97 M101 M114 M126 M135 M144 M151 M173 M178 M185 M189 M204 M219 M232 | 3:M8 M44 M48 M67 M76 M80 M104 M115 M120 M124 M134 M150 M152 M167 M168 M180 M184 M191 M197 M208 M216 M227 M234 | 4:M1 M10 M15 M25 M30 M38 M41 M52 M63 M73 M87 M94 M102 M132 M146 M159 M175 M188 M200 M201 M203 M220 M229 M236 | 5:M21 M26 M31 M42 M59 M70 M75 M83 M90 M100 M118 M122 M125 M142 M145 M158 M165 M174 M196 M210 M212 M215 M217 M230 | 6:M16 M32 M43 M49 M56 M66 M74 M81 M105 M108 M113 M121 M123 M139 M156 M161 M170 M186 M199 M202 M213 M224 M226 | 7:M3 M12 M17 M28 M39 M54 M72 M78 M88 M99 M109 M128 M140 M147 M155 M169 M177 M182 M187 M198 M206 M214 M218 M231 | 8:M6 M13 M22 M33 M36 M53 M61 M69 M79 M95 M103 M107 M112 M129 M131 M138 M148 M153 M163 M171 M176 M193 M223 M228 | 9:M2 M14 M27 M40 M57 M68 M86 M93 M98 M106 M110 M117 M141 M143 M157 M162 M172 M179 M195 M205 M211 M225 M235 | 10:M4 M18 M23 M24 M34 M45 M51 M62 M71 M85 M91 M116 M130 M133 M136 M160 M166 M183 M190 M194 M209 M221 M233,PASSED,,
forumt-14crafe.fixed040-Forb,UNSAT,UNSAT,1.871776,0.018208,0.740517,0.198248,157.473,peak_process_tree_rss_mb,67388,175969,8,175977,RC2,,,1000,,,1: | 2: | 3: | 4: | 5: | 6: | 7: | 8: | 9: | 10:,NOT_RUN,,
forumt-14crafe.forb0003,UNSAT,UNSAT,1.971443,0.02502,0.774165,0.190243,159.801,peak_process_tree_rss_mb,67388,175862,8,175870,RC2,,,1000,,,1: | 2: | 3: | 4: | 5: | 6: | 7: | 8: | 9: | 10:,NOT_RUN,,
forumt-14crafe.forb0007,UNSAT,UNSAT,1.907624,0.017976,0.724095,0.19049,158.32,peak_process_tree_rss_mb,67388,175865,8,175873,RC2,,,1000,,,1: | 2: | 3: | 4: | 5: | 6: | 7: | 8: | 9: | 10:,NOT_RUN,,
tic-12.fixed020-Forb,SAT,OPTIMAL,0.701576,0.055995,0.248189,0.092999,144.656,peak_process_tree_rss_mb,22135,54299,6,54305,RC2,4,4,1000,"0,2,0,0,0,0,2,2,0,0,0,2,2,0,0,2,0,0,2,2,2,1,1,1,0,0,0,0,4,0,0,0,0,1,0,0,0,0,1,0,0,0","M1:T6,M2:T4,M3:T7,M4:T8,M5:T5,M6:T8,M7:T3,M8:T5,M9:T2,M10:T7,M11:T1,M12:T2,M13:T5,M14:T4,M15:T7,M16:T1,M17:T3,M18:T6,M19:T4,M20:T3,M21:T5,M22:T2,M23:T2,M24:T5,M25:T6,M26:T3,M27:T1,M28:T2,M29:T4,M30:T7,M31:T8,M32:T5,M33:T3,M34:T4,M35:T6,M36:T2,M37:T1,M38:T7,M39:T6,M40:T8,M41:T1,M42:T2,M43:T5,M44:T4,M45:T3,M46:T7,M47:T1,M48:T8,M49:T4,M50:T2,M51:T1,M52:T5,M53:T3,M54:T8,M55:T6,M56:T4,M57:T7,M58:T7,M59:T8,M60:T7,M61:T5,M62:T8,M63:T6,M64:T4,M65:T3,M66:T3,M67:T7,M68:T1,M69:T2,M70:T8,M71:T1,M72:T8,M73:T6,M74:T2,M75:T5,M76:T3,M77:T6,M78:T8,M79:T7,M80:T2,M81:T8,M82:T5,M83:T1,M84:T3,M85:T6,M86:T4,M87:T6,M88:T7,M89:T4,M90:T5,M91:T1,M92:T3,M93:T6,M94:T1,M95:T5,M96:T8,M97:T7,M98:T4,M99:T2,M100:T5,M101:T4,M102:T3,M103:T1,M104:T6,M105:T7,M106:T1,M107:T6,M108:T3,M109:T4,M110:T7,M111:T2,M112:T8,M113:T6,M114:T7,M115:T5,M116:T2,M117:T1,M118:T4,M119:T2,M120:T8,M121:T7,M122:T3,M123:T5,M124:T1,M125:T6",1:M11 M16 M27 M37 M41 M47 M51 M68 M71 M83 M91 M94 M103 M106 M117 M124 | 2:M9 M12 M22 M23 M28 M36 M42 M50 M69 M74 M80 M99 M111 M116 M119 | 3:M7 M17 M20 M26 M33 M45 M53 M65 M66 M76 M84 M92 M102 M108 M122 | 4:M2 M14 M19 M29 M34 M44 M49 M56 M64 M86 M89 M98 M101 M109 M118 | 5:M5 M8 M13 M21 M24 M32 M43 M52 M61 M75 M82 M90 M95 M100 M115 M123 | 6:M1 M18 M25 M35 M39 M55 M63 M73 M77 M85 M87 M93 M104 M107 M113 M125 | 7:M3 M10 M15 M30 M38 M46 M57 M58 M60 M67 M79 M88 M97 M105 M110 M114 M121 | 8:M4 M6 M31 M40 M48 M54 M59 M62 M70 M72 M78 M81 M96 M112 M120,PASSED,,
tic-12.fixed040-Forb,UNSAT,UNSAT,0.535009,0.017013,0.185983,0.063002,143.02,peak_process_tree_rss_mb,22135,54324,6,54330,RC2,,,1000,,,1: | 2: | 3: | 4: | 5: | 6: | 7: | 8:,NOT_RUN,,
tic-12.forb0003,UNSAT,UNSAT,0.583252,0.033007,0.207994,0.051002,142.652,peak_process_tree_rss_mb,22135,54275,6,54281,RC2,,,1000,,,1: | 2: | 3: | 4: | 5: | 6: | 7: | 8:,NOT_RUN,,
tic-12.forb0007,UNSAT,UNSAT,0.557173,0.021011,0.192697,0.051985,142.457,peak_process_tree_rss_mb,22135,54276,6,54282,RC2,,,1000,,,1: | 2: | 3: | 4: | 5: | 6: | 7: | 8:,NOT_RUN,,
tic-12crafc.fixed020-Forb,SAT,OPTIMAL,0.640022,0.018008,0.233507,0.099403,143.957,peak_process_tree_rss_mb,20391,55915,6,55921,RC2,4,4,1000,"0,1,0,0,0,0,3,2,0,0,0,2,1,0,0,3,1,0,2,1,2,0,2,1,0,0,0,0,4,0,1,3,0,2,0,0,0,0,1,0,0,0","M1:T6,M2:T4,M3:T5,M4:T7,M5:T1,M6:T8,M7:T1,M8:T5,M9:T2,M10:T7,M11:T8,M12:T2,M13:T4,M14:T6,M15:T8,M16:T7,M17:T3,M18:T1,M19:T2,M20:T5,M21:T6,M22:T7,M23:T3,M24:T5,M25:T5,M26:T3,M27:T8,M28:T2,M29:T4,M30:T7,M31:T6,M32:T1,M33:T3,M34:T8,M35:T6,M36:T7,M37:T5,M38:T4,M39:T6,M40:T5,M41:T1,M42:T4,M43:T2,M44:T8,M45:T3,M46:T4,M47:T3,M48:T8,M49:T6,M50:T1,M51:T7,M52:T5,M53:T2,M54:T1,M55:T3,M56:T4,M57:T6,M58:T2,M59:T1,M60:T7,M61:T5,M62:T8,M63:T6,M64:T4,M65:T1,M66:T8,M67:T7,M68:T2,M69:T3,M70:T6,M71:T2,M72:T3,M73:T1,M74:T7,M75:T5,M76:T8,M77:T6,M78:T4,M79:T6,M80:T4,M81:T1,M82:T5,M83:T8,M84:T3,M85:T2,M86:T7,M87:T3,M88:T4,M89:T7,M90:T5,M91:T8,M92:T3,M93:T8,M94:T1,M95:T5,M96:T6,M97:T7,M98:T4,M99:T2,M100:T4,M101:T2,M102:T5,M103:T1,M104:T8,M105:T3,M106:T6,M107:T3,M108:T1,M109:T4,M110:T7,M111:T2,M112:T2,M113:T4,M114:T3,M115:T1,M116:T6,M117:T5,M118:T4,M119:T5,M120:T1,M121:T7,M122:T8,M123:T2,M124:T3,M125:T6",1:M5 M7 M18 M32 M41 M50 M54 M59 M65 M73 M81 M94 M103 M108 M115 M120 | 2:M9 M12 M19 M28 M43 M53 M58 M68 M71 M85 M99 M101 M111 M112 M123 | 3:M17 M23 M26 M33 M45 M47 M55 M69 M72 M84 M87 M92 M105 M107 M114 M124 | 4:M2 M13 M29 M38 M42 M46 M56 M64 M78 M80 M88 M98 M100 M109 M113 M118 | 5:M3 M8 M20 M24 M25 M37 M40 M52 M61 M75 M82 M90 M95 M102 M117 M119 | 6:M1 M14 M21 M31 M35 M39 M49 M57 M63 M70 M77 M79 M96 M106 M116 M125 | 7:M4 M10 M16 M22 M30 M36 M51 M60 M67 M74 M86 M89 M97 M110 M121 | 8:M6 M11 M15 M27 M34 M44 M48 M62 M66 M76 M83 M91 M93 M104 M122,PASSED,,
tic-12crafc.fixed040-Forb,UNSAT,UNSAT,0.597035,0.01177,0.228634,0.053661,135.84,peak_process_tree_rss_mb,20391,55940,6,55946,RC2,,,1000,,,1: | 2: | 3: | 4: | 5: | 6: | 7: | 8:,NOT_RUN,,
tic-12crafc.forb0003,UNSAT,UNSAT,0.643842,0.019994,0.215343,0.057162,139.867,peak_process_tree_rss_mb,20391,55891,6,55897,RC2,,,1000,,,1: | 2: | 3: | 4: | 5: | 6: | 7: | 8:,NOT_RUN,,
tic-12crafc.forb0007,UNSAT,UNSAT,0.542083,0.013,0.193079,0.060874,140.828,peak_process_tree_rss_mb,20391,55892,6,55898,RC2,,,1000,,,1: | 2: | 3: | 4: | 5: | 6: | 7: | 8:,NOT_RUN,,
tic-13.fixed020-Forb,SAT,OPTIMAL,1.337058,0.025362,0.472502,0.200134,153.691,peak_process_tree_rss_mb,47360,123090,6,123096,RC2,3,3,1000,"0,0,3,2,2,1,3,2,2,2,0,2,0,0,3,1,1,0,0,1,2,0,0,3,2,0,1,0,2,2,2,0,1,1,0,1,1,1,0,0,0,2,0,0,1,0,0","M1:T4,M2:T6,M3:T3,M4:T10,M5:T7,M6:T2,M7:T8,M8:T9,M9:T1,M10:T5,M11:T8,M12:T7,M13:T3,M14:T6,M15:T10,M16:T7,M17:T10,M18:T2,M19:T9,M20:T4,M21:T3,M22:T1,M23:T8,M24:T3,M25:T5,M26:T2,M27:T9,M28:T10,M29:T6,M30:T10,M31:T8,M32:T7,M33:T5,M34:T4,M35:T9,M36:T2,M37:T6,M38:T9,M39:T2,M40:T4,M41:T5,M42:T6,M43:T10,M44:T2,M45:T1,M46:T4,M47:T7,M48:T8,M49:T5,M50:T10,M51:T5,M52:T7,M53:T8,M54:T4,M55:T10,M56:T7,M57:T2,M58:T5,M59:T6,M60:T3,M61:T8,M62:T2,M63:T1,M64:T5,M65:T4,M66:T6,M67:T8,M68:T4,M69:T5,M70:T2,M71:T2,M72:T9,M73:T4,M74:T8,M75:T5,M76:T6,M77:T7,M78:T10,M79:T1,M80:T1,M81:T7,M82:T8,M83:T3,M84:T6,M85:T9,M86:T4,M87:T7,M88:T5,M89:T1,M90:T5,M91:T9,M92:T1,M93:T4,M94:T2,M95:T7,M96:T3,M97:T3,M98:T7,M99:T1,M100:T8,M101:T5,M102:T4,M103:T4,M104:T5,M105:T6,M106:T7,M107:T9,M108:T2,M109:T10,M110:T3,M111:T8,M112:T4,M113:T9,M114:T7,M115:T6,M116:T2,M117:T6,M118:T3,M119:T8,M120:T6,M121:T3,M122:T1,M123:T8,M124:T3,M125:T10,M126:T2,M127:T4,M128:T5,M129:T7,M130:T9,M131:T8,M132:T5,M133:T9,M134:T1,M135:T3,M136:T10,M137:T4,M138:T4,M139:T9,M140:T10,M141:T2,M142:T10,M143:T4,M144:T2,M145:T7,M146:T6,M147:T5,M148:T2,M149:T4,M150:T7,M151:T2,M152:T5,M153:T9,M154:T10,M155:T1,M156:T2,M157:T6,M158:T6,M159:T10,M160:T5,M161:T2,M162:T7,M163:T9,M164:T3,M165:T1,M166:T8,M167:T7,M168:T1,M169:T8,M170:T6,M171:T3,M172:T4,M173:T8,M174:T2,M175:T9,M176:T3,M177:T1,M178:T5,M179:T8,M180:T10",1:M9 M22 M45 M63 M79 M80 M89 M92 M99 M122 M134 M155 M165 M168 M177 | 2:M6 M18 M26 M36 M39 M44 M57 M62 M70 M71 M94 M108 M116 M126 M141 M144 M148 M151 M156 M161 M174 | 3:M3 M13 M21 M24 M60 M83 M96 M97 M110 M118 M121 M124 M135 M164 M171 M176 | 4:M1 M20 M34 M40 M46 M54 M65 M68 M73 M86 M93 M102 M103 M112 M127 M137 M138 M143 M149 M172 | 5:M10 M25 M33 M41 M49 M51 M58 M64 M69 M75 M88 M90 M101 M104 M128 M132 M147 M152 M160 M178 | 6:M2 M14 M29 M37 M42 M59 M66 M76 M84 M105 M115 M117 M120 M146 M157 M158 M170 | 7:M5 M12 M16 M32 M47 M52 M56 M77 M81 M87 M95 M98 M106 M114 M129 M145 M150 M162 M167 | 8:M7 M11 M23 M31 M48 M53 M61 M67 M74 M82 M100 M111 M119 M123 M131 M166 M169 M173 M179 | 9:M8 M19 M27 M35 M38 M72 M85 M91 M107 M113 M130 M133 M139 M153 M163 M175 | 10:M4 M15 M17 M28 M30 M43 M50 M55 M78 M109 M125 M136 M140 M142 M154 M159 M180,PASSED,,
tic-13.fixed040-Forb,SAT,OPTIMAL,1.311432,0.027842,0.486776,0.182942,157.371,peak_process_tree_rss_mb,47360,123126,6,123132,RC2,4,4,1000,"0,0,3,2,2,2,4,2,4,3,0,4,0,0,3,1,1,0,1,4,3,1,0,4,2,1,2,0,3,2,3,0,1,1,0,2,4,1,0,0,0,2,0,0,2,2,0","M1:T5,M2:T8,M3:T3,M4:T10,M5:T6,M6:T1,M7:T2,M8:T9,M9:T4,M10:T7,M11:T8,M12:T6,M13:T3,M14:T5,M15:T10,M16:T3,M17:T2,M18:T10,M19:T1,M20:T4,M21:T5,M22:T7,M23:T4,M24:T2,M25:T5,M26:T9,M27:T10,M28:T3,M29:T6,M30:T6,M31:T2,M32:T7,M33:T3,M34:T4,M35:T9,M36:T1,M37:T10,M38:T10,M39:T2,M40:T9,M41:T5,M42:T3,M43:T7,M44:T1,M45:T6,M46:T4,M47:T2,M48:T8,M49:T10,M50:T3,M51:T10,M52:T7,M53:T2,M54:T6,M55:T3,M56:T7,M57:T1,M58:T10,M59:T6,M60:T8,M61:T4,M62:T2,M63:T1,M64:T9,M65:T7,M66:T5,M67:T8,M68:T10,M69:T6,M70:T2,M71:T3,M72:T10,M73:T6,M74:T4,M75:T1,M76:T7,M77:T8,M78:T9,M79:T5,M80:T4,M81:T7,M82:T6,M83:T1,M84:T8,M85:T9,M86:T10,M87:T7,M88:T6,M89:T2,M90:T1,M91:T9,M92:T6,M93:T5,M94:T10,M95:T7,M96:T3,M97:T10,M98:T9,M99:T8,M100:T1,M101:T5,M102:T7,M103:T4,M104:T5,M105:T6,M106:T8,M107:T3,M108:T9,M109:T7,M110:T2,M111:T8,M112:T4,M113:T9,M114:T3,M115:T6,M116:T7,M117:T6,M118:T1,M119:T7,M120:T6,M121:T1,M122:T8,M123:T2,M124:T5,M125:T1,M126:T3,M127:T4,M128:T6,M129:T7,M130:T10,M131:T9,M132:T8,M133:T4,M134:T10,M135:T6,M136:T1,M137:T2,M138:T1,M139:T4,M140:T3,M141:T10,M142:T4,M143:T2,M144:T3,M145:T8,M146:T5,M147:T1,M148:T2,M149:T4,M150:T6,M151:T2,M152:T10,M153:T4,M154:T10,M155:T1,M156:T5,M157:T3,M158:T3,M159:T5,M160:T8,M161:T2,M162:T3,M163:T7,M164:T9,M165:T6,M166:T10,M167:T4,M168:T5,M169:T1,M170:T2,M171:T3,M172:T7,M173:T8,M174:T7,M175:T5,M176:T3,M177:T4,M178:T7,M179:T2,M180:T9",1:M6 M19 M36 M44 M57 M63 M75 M83 M90 M100 M118 M121 M125 M136 M138 M147 M155 M169 | 2:M7 M17 M24 M31 M39 M47 M53 M62 M70 M89 M110 M123 M137 M143 M148 M151 M161 M170 M179 | 3:M3 M13 M16 M28 M33 M42 M50 M55 M71 M96 M107 M114 M126 M140 M144 M157 M158 M162 M171 M176 | 4:M9 M20 M23 M34 M46 M61 M74 M80 M103 M112 M127 M133 M139 M142 M149 M153 M167 M177 | 5:M1 M14 M21 M25 M41 M66 M79 M93 M101 M104 M124 M146 M156 M159 M168 M175 | 6:M5 M12 M29 M30 M45 M54 M59 M69 M73 M82 M88 M92 M105 M115 M117 M120 M128 M135 M150 M165 | 7:M10 M22 M32 M43 M52 M56 M65 M76 M81 M87 M95 M102 M109 M116 M119 M129 M163 M172 M174 M178 | 8:M2 M11 M48 M60 M67 M77 M84 M99 M106 M111 M122 M132 M145 M160 M173 | 9:M8 M26 M35 M40 M64 M78 M85 M91 M98 M108 M113 M131 M164 M180 | 10:M4 M15 M18 M27 M37 M38 M49 M51 M58 M68 M72 M86 M94 M97 M130 M134 M141 M152 M154 M166,PASSED,,
tic-13.forb0003,UNSAT,UNSAT,1.323822,0.019176,0.525444,0.137574,148.312,peak_process_tree_rss_mb,47360,123055,6,123061,RC2,,,1000,,,1: | 2: | 3: | 4: | 5: | 6: | 7: | 8: | 9: | 10:,NOT_RUN,,
tic-13.forb0007,UNSAT,UNSAT,1.259803,0.024346,0.469715,0.140005,149.309,peak_process_tree_rss_mb,47360,123057,6,123063,RC2,,,1000,,,1: | 2: | 3: | 4: | 5: | 6: | 7: | 8: | 9: | 10:,NOT_RUN,,
tic-13crafb.fixed020-Forb,SAT,OPTIMAL,1.330279,0.027914,0.449152,0.215859,156.758,peak_process_tree_rss_mb,46610,122601,8,122609,RC2,1,1,1000,"0,1,0,0,1,0,1,0,1,0,1,0,0,1,0,1,0,1,1,0,1,0,0,0,1,0,0,0,0,0,1,0,1,1,1,0,1,1,0,0,0,0,1,0,1,1","M1:T5,M2:T3,M3:T8,M4:T2,M5:T7,M6:T10,M7:T9,M8:T4,M9:T6,M10:T2,M11:T8,M12:T10,M13:T9,M14:T7,M15:T4,M16:T7,M17:T6,M18:T9,M19:T10,M20:T3,M21:T7,M22:T8,M23:T6,M24:T1,M25:T6,M26:T4,M27:T2,M28:T5,M29:T8,M30:T3,M31:T1,M32:T6,M33:T8,M34:T9,M35:T3,M36:T7,M37:T4,M38:T10,M39:T5,M40:T10,M41:T9,M42:T3,M43:T2,M44:T5,M45:T6,M46:T1,M47:T7,M48:T8,M49:T4,M50:T2,M51:T1,M52:T8,M53:T9,M54:T10,M55:T5,M56:T6,M57:T8,M58:T1,M59:T3,M60:T7,M61:T10,M62:T6,M63:T4,M64:T3,M65:T4,M66:T6,M67:T8,M68:T10,M69:T9,M70:T2,M71:T1,M72:T4,M73:T2,M74:T8,M75:T6,M76:T10,M77:T9,M78:T1,M79:T7,M80:T3,M81:T5,M82:T8,M83:T9,M84:T2,M85:T4,M86:T1,M87:T7,M88:T4,M89:T5,M90:T6,M91:T10,M92:T2,M93:T5,M94:T6,M95:T8,M96:T7,M97:T8,M98:T5,M99:T4,M100:T2,M101:T1,M102:T5,M103:T4,M104:T6,M105:T3,M106:T10,M107:T9,M108:T7,M109:T8,M110:T2,M111:T9,M112:T8,M113:T6,M114:T3,M115:T7,M116:T5,M117:T4,M118:T10,M119:T6,M120:T9,M121:T1,M122:T8,M123:T7,M124:T4,M125:T3,M126:T5,M127:T2,M128:T6,M129:T5,M130:T10,M131:T9,M132:T1,M133:T3,M134:T5,M135:T9,M136:T5,M137:T4,M138:T7,M139:T8,M140:T2,M141:T3,M142:T6,M143:T5,M144:T8,M145:T5,M146:T10,M147:T7,M148:T6,M149:T4,M150:T9,M151:T2,M152:T7,M153:T1,M154:T1,M155:T3,M156:T9,M157:T1,M158:T5,M159:T2,M160:T1,M161:T4,M162:T3,M163:T7,M164:T4,M165:T7,M166:T1,M167:T5,M168:T3,M169:T6,M170:T2,M171:T8,M172:T10,M173:T9,M174:T5,M175:T8,M176:T7,M177:T2,M178:T4,M179:T3,M180:T3,M181:T2,M182:T6,M183:T4,M184:T7",1:M24 M31 M46 M51 M58 M71 M78 M86 M101 M121 M132 M153 M154 M157 M160 M166 | 2:M4 M10 M27 M43 M50 M70 M73 M84 M92 M100 M110 M127 M140 M151 M159 M170 M177 M181 | 3:M2 M20 M30 M35 M42 M59 M64 M80 M105 M114 M125 M133 M141 M155 M162 M168 M179 M180 | 4:M8 M15 M26 M37 M49 M63 M65 M72 M85 M88 M99 M103 M117 M124 M137 M149 M161 M164 M178 M183 | 5:M1 M28 M39 M44 M55 M81 M89 M93 M98 M102 M116 M126 M129 M134 M136 M143 M145 M158 M167 M174 | 6:M9 M17 M23 M25 M32 M45 M56 M62 M66 M75 M90 M94 M104 M113 M119 M128 M142 M148 M169 M182 | 7:M5 M14 M16 M21 M36 M47 M60 M79 M87 M96 M108 M115 M123 M138 M147 M152 M163 M165 M176 M184 | 8:M3 M11 M22 M29 M33 M48 M52 M57 M67 M74 M82 M95 M97 M109 M112 M122 M139 M144 M171 M175 | 9:M7 M13 M18 M34 M41 M53 M69 M77 M83 M107 M111 M120 M131 M135 M150 M156 M173 | 10:M6 M12 M19 M38 M40 M54 M61 M68 M76 M91 M106 M118 M130 M146 M172,PASSED,,
tic-13crafb.fixed040-Forb,SAT,OPTIMAL,1.33039,0.016998,0.498141,0.205649,156.336,peak_process_tree_rss_mb,46610,122638,8,122646,RC2,4,4,1000,"0,2,0,4,4,0,1,0,3,0,3,0,0,1,0,2,0,4,1,0,2,0,0,3,1,0,0,0,1,0,2,0,2,1,4,0,1,2,0,0,0,0,4,0,2,4","M1:T7,M2:T8,M3:T2,M4:T10,M5:T3,M6:T5,M7:T3,M8:T4,M9:T7,M10:T2,M11:T8,M12:T10,M13:T6,M14:T7,M15:T1,M16:T2,M17:T8,M18:T6,M19:T5,M20:T8,M21:T7,M22:T3,M23:T9,M24:T8,M25:T3,M26:T4,M27:T7,M28:T2,M29:T10,M30:T9,M31:T1,M32:T3,M33:T4,M34:T10,M35:T6,M36:T7,M37:T5,M38:T9,M39:T8,M40:T10,M41:T3,M42:T9,M43:T2,M44:T5,M45:T7,M46:T10,M47:T6,M48:T1,M49:T4,M50:T5,M51:T1,M52:T3,M53:T8,M54:T9,M55:T2,M56:T6,M57:T6,M58:T1,M59:T7,M60:T3,M61:T10,M62:T8,M63:T4,M64:T3,M65:T1,M66:T8,M67:T2,M68:T4,M69:T3,M70:T6,M71:T2,M72:T1,M73:T2,M74:T9,M75:T4,M76:T8,M77:T5,M78:T6,M79:T7,M80:T3,M81:T10,M82:T2,M83:T9,M84:T8,M85:T5,M86:T1,M87:T9,M88:T4,M89:T5,M90:T6,M91:T8,M92:T2,M93:T5,M94:T9,M95:T1,M96:T1,M97:T9,M98:T2,M99:T4,M100:T5,M101:T7,M102:T5,M103:T5,M104:T6,M105:T3,M106:T8,M107:T4,M108:T7,M109:T10,M110:T2,M111:T10,M112:T9,M113:T5,M114:T6,M115:T7,M116:T5,M117:T1,M118:T10,M119:T4,M120:T1,M121:T8,M122:T5,M123:T10,M124:T9,M125:T3,M126:T2,M127:T6,M128:T6,M129:T10,M130:T8,M131:T9,M132:T3,M133:T4,M134:T5,M135:T9,M136:T5,M137:T4,M138:T10,M139:T7,M140:T2,M141:T6,M142:T1,M143:T1,M144:T4,M145:T9,M146:T3,M147:T7,M148:T10,M149:T1,M150:T2,M151:T4,M152:T3,M153:T10,M154:T1,M155:T9,M156:T3,M157:T6,M158:T10,M159:T2,M160:T1,M161:T5,M162:T4,M163:T9,M164:T4,M165:T9,M166:T6,M167:T1,M168:T3,M169:T10,M170:T2,M171:T8,M172:T5,M173:T7,M174:T2,M175:T8,M176:T7,M177:T6,M178:T1,M179:T3,M180:T10,M181:T2,M182:T6,M183:T4,M184:T3",1:M15 M31 M48 M51 M58 M65 M72 M86 M95 M96 M117 M120 M142 M143 M149 M154 M160 M167 M178 | 2:M3 M10 M16 M28 M43 M55 M67 M71 M73 M82 M92 M98 M110 M126 M140 M150 M159 M170 M174 M181 | 3:M5 M7 M22 M25 M32 M41 M52 M60 M64 M69 M80 M105 M125 M132 M146 M152 M156 M168 M179 M184 | 4:M8 M26 M33 M49 M63 M68 M75 M88 M99 M107 M119 M133 M137 M144 M151 M162 M164 M183 | 5:M6 M19 M37 M44 M50 M77 M85 M89 M93 M100 M102 M103 M113 M116 M122 M134 M136 M161 M172 | 6:M13 M18 M35 M47 M56 M57 M70 M78 M90 M104 M114 M127 M128 M141 M157 M166 M177 M182 | 7:M1 M9 M14 M21 M27 M36 M45 M59 M79 M101 M108 M115 M139 M147 M173 M176 | 8:M2 M11 M17 M20 M24 M39 M53 M62 M66 M76 M84 M91 M106 M121 M130 M171 M175 | 9:M23 M30 M38 M42 M54 M74 M83 M87 M94 M97 M112 M124 M131 M135 M145 M155 M163 M165 | 10:M4 M12 M29 M34 M40 M46 M61 M81 M109 M111 M118 M123 M129 M138 M148 M153 M158 M169 M180,PASSED,,
tic-13crafb.forb0003,SAT,OPTIMAL,1.363298,0.01798,0.466669,0.230394,157.582,peak_process_tree_rss_mb,46610,122566,8,122574,RC2,0,0,1000,"0,0,0,0,0,0,0,0,0,0,0,0,0,0,0,0,0,0,0,0,0,0,0,0,0,0,0,0,0,0,0,0,0,0,0,0,0,0,0,0,0,0,0,0,0,0","M1:T9,M2:T3,M3:T4,M4:T8,M5:T2,M6:T1,M7:T6,M8:T7,M9:T9,M10:T4,M11:T7,M12:T6,M13:T5,M14:T4,M15:T8,M16:T6,M17:T7,M18:T3,M19:T1,M20:T5,M21:T8,M22:T7,M23:T9,M24:T5,M25:T6,M26:T7,M27:T9,M28:T4,M29:T8,M30:T2,M31:T3,M32:T10,M33:T6,M34:T9,M35:T7,M36:T2,M37:T1,M38:T8,M39:T5,M40:T5,M41:T7,M42:T9,M43:T10,M44:T5,M45:T3,M46:T4,M47:T8,M48:T6,M49:T2,M50:T7,M51:T4,M52:T8,M53:T10,M54:T1,M55:T5,M56:T6,M57:T9,M58:T4,M59:T3,M60:T8,M61:T2,M62:T6,M63:T10,M64:T8,M65:T6,M66:T3,M67:T4,M68:T5,M69:T9,M70:T2,M71:T7,M72:T6,M73:T9,M74:T4,M75:T3,M76:T1,M77:T5,M78:T7,M79:T10,M80:T2,M81:T8,M82:T10,M83:T7,M84:T8,M85:T9,M86:T6,M87:T8,M88:T2,M89:T7,M90:T5,M91:T1,M92:T4,M93:T10,M94:T7,M95:T4,M96:T8,M97:T10,M98:T4,M99:T2,M100:T3,M101:T5,M102:T9,M103:T1,M104:T10,M105:T3,M106:T8,M107:T2,M108:T9,M109:T7,M110:T1,M111:T2,M112:T5,M113:T3,M114:T9,M115:T4,M116:T5,M117:T6,M118:T8,M119:T10,M120:T5,M121:T6,M122:T2,M123:T4,M124:T7,M125:T3,M126:T8,M127:T9,M128:T10,M129:T6,M130:T1,M131:T7,M132:T5,M133:T3,M134:T9,M135:T7,M136:T4,M137:T2,M138:T9,M139:T10,M140:T6,M141:T8,M142:T3,M143:T10,M144:T6,M145:T5,M146:T8,M147:T4,M148:T9,M149:T10,M150:T6,M151:T2,M152:T5,M153:T3,M154:T3,M155:T9,M156:T7,M157:T1,M158:T8,M159:T10,M160:T5,M161:T7,M162:T6,M163:T9,M164:T5,M165:T8,M166:T10,M167:T7,M168:T6,M169:T9,M170:T3,M171:T2,M172:T1,M173:T4,M174:T8,M175:T7,M176:T4,M177:T6,M178:T5,M179:T3,M180:T2,M181:T4,M182:T5,M183:T6,M184:T3",1:M6 M19 M37 M54 M76 M91 M103 M110 M130 M157 M172 | 2:M5 M30 M36 M49 M61 M70 M80 M88 M99 M107 M111 M122 M137 M151 M171 M180 | 3:M2 M18 M31 M45 M59 M66 M75 M100 M105 M113 M125 M133 M142 M153 M154 M170 M179 M184 | 4:M3 M10 M14 M28 M46 M51 M58 M67 M74 M92 M95 M98 M115 M123 M136 M147 M173 M176 M181 | 5:M13 M20 M24 M39 M40 M44 M55 M68 M77 M90 M101 M112 M116 M120 M132 M145 M152 M160 M164 M178 M182 | 6:M7 M12 M16 M25 M33 M48 M56 M62 M65 M72 M86 M117 M121 M129 M140 M144 M150 M162 M168 M177 M183 | 7:M8 M11 M17 M22 M26 M35 M41 M50 M71 M78 M83 M89 M94 M109 M124 M131 M135 M156 M161 M167 M175 | 8:M4 M15 M21 M29 M38 M47 M52 M60 M64 M81 M84 M87 M96 M106 M118 M126 M141 M146 M158 M165 M174 | 9:M1 M9 M23 M27 M34 M42 M57 M69 M73 M85 M102 M108 M114 M127 M134 M138 M148 M155 M163 M169 | 10:M32 M43 M53 M63 M79 M82 M93 M97 M104 M119 M128 M139 M143 M149 M159 M166,PASSED,,
tic-13crafb.forb0007,UNSAT,UNSAT,1.283287,0.017407,0.495635,0.136548,155.07,peak_process_tree_rss_mb,46610,122568,8,122576,RC2,,,1000,,,1: | 2: | 3: | 4: | 5: | 6: | 7: | 8: | 9: | 10:,NOT_RUN,,
tic-13crafc.fixed020-Forb,SAT,OPTIMAL,1.329012,0.025162,0.502244,0.213922,157.266,peak_process_tree_rss_mb,44520,117290,6,117296,RC2,3,3,1000,"0,0,3,1,0,1,3,0,2,3,0,3,0,0,2,1,1,0,0,2,3,0,0,2,2,1,2,0,1,2,3,0,1,1,0,1,3,0,0,0,0,3,0,0,1,2,0","M1:T1,M2:T5,M3:T9,M4:T10,M5:T3,M6:T8,M7:T2,M8:T4,M9:T6,M10:T7,M11:T8,M12:T9,M13:T3,M14:T5,M15:T10,M16:T4,M17:T5,M18:T7,M19:T9,M20:T10,M21:T3,M22:T2,M23:T10,M24:T9,M25:T5,M26:T7,M27:T4,M28:T8,M29:T6,M30:T6,M31:T3,M32:T7,M33:T2,M34:T4,M35:T9,M36:T1,M37:T5,M38:T8,M39:T2,M40:T1,M41:T5,M42:T7,M43:T2,M44:T3,M45:T6,M46:T5,M47:T4,M48:T8,M49:T9,M50:T6,M51:T5,M52:T7,M53:T3,M54:T9,M55:T7,M56:T6,M57:T2,M58:T9,M59:T4,M60:T4,M61:T10,M62:T2,M63:T1,M64:T5,M65:T3,M66:T6,M67:T8,M68:T10,M69:T7,M70:T6,M71:T2,M72:T5,M73:T3,M74:T8,M75:T4,M76:T6,M77:T7,M78:T1,M79:T10,M80:T4,M81:T7,M82:T3,M83:T1,M84:T9,M85:T8,M86:T10,M87:T7,M88:T5,M89:T2,M90:T2,M91:T9,M92:T6,M93:T4,M94:T1,M95:T7,M96:T3,M97:T8,M98:T1,M99:T4,M100:T3,M101:T5,M102:T10,M103:T9,M104:T5,M105:T7,M106:T10,M107:T6,M108:T4,M109:T7,M110:T6,M111:T8,M112:T4,M113:T9,M114:T10,M115:T2,M116:T2,M117:T6,M118:T7,M119:T1,M120:T6,M121:T5,M122:T3,M123:T6,M124:T3,M125:T1,M126:T2,M127:T4,M128:T7,M129:T9,M130:T8,M131:T10,M132:T4,M133:T6,M134:T3,M135:T8,M136:T1,M137:T9,M138:T4,M139:T8,M140:T5,M141:T1,M142:T8,M143:T5,M144:T1,M145:T10,M146:T6,M147:T3,M148:T2,M149:T4,M150:T1,M151:T2,M152:T10,M153:T9,M154:T10,M155:T1,M156:T8,M157:T2,M158:T3,M159:T4,M160:T7,M161:T2,M162:T1,M163:T7,M164:T3,M165:T1,M166:T6,M167:T5,M168:T9,M169:T8,M170:T6,M171:T5,M172:T8,M173:T4,M174:T5,M175:T9,M176:T3,M177:T2,M178:T7,M179:T3,M180:T8",1:M1 M36 M40 M63 M78 M83 M94 M98 M119 M125 M136 M141 M144 M150 M155 M162 M165 | 2:M7 M22 M33 M39 M43 M57 M62 M71 M89 M90 M115 M116 M126 M148 M151 M157 M161 M177 | 3:M5 M13 M21 M31 M44 M53 M65 M73 M82 M96 M100 M122 M124 M134 M147 M158 M164 M176 M179 | 4:M8 M16 M27 M34 M47 M59 M60 M75 M80 M93 M99 M108 M112 M127 M132 M138 M149 M159 M173 | 5:M2 M14 M17 M25 M37 M41 M46 M51 M64 M72 M88 M101 M104 M121 M140 M143 M167 M171 M174 | 6:M9 M29 M30 M45 M50 M56 M66 M70 M76 M92 M107 M110 M117 M120 M123 M133 M146 M166 M170 | 7:M10 M18 M26 M32 M42 M52 M55 M69 M77 M81 M87 M95 M105 M109 M118 M128 M160 M163 M178 | 8:M6 M11 M28 M38 M48 M67 M74 M85 M97 M111 M130 M135 M139 M142 M156 M169 M172 M180 | 9:M3 M12 M19 M24 M35 M49 M54 M58 M84 M91 M103 M113 M129 M137 M153 M168 M175 | 10:M4 M15 M20 M23 M61 M68 M79 M86 M102 M106 M114 M131 M145 M152 M154,PASSED,,
tic-13crafc.fixed040-Forb,SAT,OPTIMAL,1.249863,0.018242,0.444904,0.188635,156.004,peak_process_tree_rss_mb,44520,117326,6,117332,RC2,4,4,1000,"0,0,3,2,2,2,4,2,3,2,0,4,0,0,2,1,1,0,1,3,1,1,0,3,2,1,1,0,3,2,4,0,2,1,0,1,4,1,0,0,0,3,0,0,2,1,0","M1:T9,M2:T3,M3:T5,M4:T10,M5:T6,M6:T1,M7:T2,M8:T8,M9:T4,M10:T7,M11:T8,M12:T6,M13:T3,M14:T5,M15:T10,M16:T4,M17:T1,M18:T9,M19:T10,M20:T2,M21:T5,M22:T7,M23:T4,M24:T2,M25:T5,M26:T9,M27:T10,M28:T3,M29:T6,M30:T6,M31:T2,M32:T7,M33:T5,M34:T4,M35:T9,M36:T1,M37:T10,M38:T10,M39:T2,M40:T8,M41:T5,M42:T7,M43:T9,M44:T2,M45:T6,M46:T4,M47:T10,M48:T8,M49:T1,M50:T6,M51:T5,M52:T7,M53:T3,M54:T10,M55:T8,M56:T7,M57:T1,M58:T3,M59:T6,M60:T5,M61:T4,M62:T2,M63:T1,M64:T9,M65:T3,M66:T7,M67:T8,M68:T9,M69:T1,M70:T4,M71:T3,M72:T10,M73:T6,M74:T4,M75:T1,M76:T8,M77:T5,M78:T9,M79:T7,M80:T3,M81:T7,M82:T8,M83:T1,M84:T4,M85:T9,M86:T10,M87:T7,M88:T3,M89:T2,M90:T2,M91:T9,M92:T6,M93:T5,M94:T10,M95:T7,M96:T3,M97:T10,M98:T9,M99:T8,M100:T1,M101:T5,M102:T3,M103:T4,M104:T5,M105:T6,M106:T7,M107:T3,M108:T8,M109:T1,M110:T3,M111:T8,M112:T4,M113:T9,M114:T10,M115:T6,M116:T7,M117:T6,M118:T1,M119:T7,M120:T6,M121:T5,M122:T10,M123:T1,M124:T7,M125:T5,M126:T2,M127:T4,M128:T6,M129:T10,M130:T9,M131:T8,M132:T2,M133:T4,M134:T10,M135:T6,M136:T1,M137:T9,M138:T2,M139:T4,M140:T3,M141:T9,M142:T4,M143:T3,M144:T1,M145:T5,M146:T9,M147:T3,M148:T2,M149:T4,M150:T6,M151:T2,M152:T10,M153:T4,M154:T10,M155:T1,M156:T5,M157:T6,M158:T5,M159:T10,M160:T1,M161:T2,M162:T9,M163:T8,M164:T9,M165:T6,M166:T7,M167:T4,M168:T5,M169:T3,M170:T2,M171:T1,M172:T7,M173:T8,M174:T7,M175:T5,M176:T3,M177:T4,M178:T8,M179:T2,M180:T8",1:M6 M17 M36 M49 M57 M63 M69 M75 M83 M100 M109 M118 M123 M136 M144 M155 M160 M171 | 2:M7 M20 M24 M31 M39 M44 M62 M89 M90 M126 M132 M138 M148 M151 M161 M170 M179 | 3:M2 M13 M28 M53 M58 M65 M71 M80 M88 M96 M102 M107 M110 M140 M143 M147 M169 M176 | 4:M9 M16 M23 M34 M46 M61 M70 M74 M84 M103 M112 M127 M133 M139 M142 M149 M153 M167 M177 | 5:M3 M14 M21 M25 M33 M41 M51 M60 M77 M93 M101 M104 M121 M125 M145 M156 M158 M168 M175 | 6:M5 M12 M29 M30 M45 M50 M59 M73 M92 M105 M115 M117 M120 M128 M135 M150 M157 M165 | 7:M10 M22 M32 M42 M52 M56 M66 M79 M81 M87 M95 M106 M116 M119 M124 M166 M172 M174 | 8:M8 M11 M40 M48 M55 M67 M76 M82 M99 M108 M111 M131 M163 M173 M178 M180 | 9:M1 M18 M26 M35 M43 M64 M68 M78 M85 M91 M98 M113 M130 M137 M141 M146 M162 M164 | 10:M4 M15 M19 M27 M37 M38 M47 M54 M72 M86 M94 M97 M114 M122 M129 M134 M152 M154 M159,PASSED,,
tic-13crafc.forb0003,UNSAT,UNSAT,1.250576,0.022986,0.474804,0.124954,150.855,peak_process_tree_rss_mb,44520,117255,6,117261,RC2,,,1000,,,1: | 2: | 3: | 4: | 5: | 6: | 7: | 8: | 9: | 10:,NOT_RUN,,
tic-13crafc.forb0007,UNSAT,UNSAT,1.210424,0.015149,0.47256,0.1536,154.387,peak_process_tree_rss_mb,44520,117257,6,117263,RC2,,,1000,,,1: | 2: | 3: | 4: | 5: | 6: | 7: | 8: | 9: | 10:,NOT_RUN,,
tic-14crafa.fixed020-Forb,SAT,OPTIMAL,2.179819,0.023529,0.755469,0.349165,166.379,peak_process_tree_rss_mb,73532,188443,7,188450,RC2,2,2,1000,"0,0,2,0,2,0,0,2,0,0,2,0,2,0,0,0,2,2,0,0,0,0,0,0,0,0,2,2,0,2,0,0,0,1,2,1,0,0,1,0,0,0,0,0,2,0,2,2,1,2,1,0,0,0,2,1,1,1,2,0","M1:T3,M2:T9,M3:T8,M4:T7,M5:T10,M6:T5,M7:T1,M8:T2,M9:T10,M10:T4,M11:T7,M12:T8,M13:T5,M14:T3,M15:T4,M16:T10,M17:T2,M18:T9,M19:T1,M20:T10,M21:T3,M22:T9,M23:T7,M24:T9,M25:T10,M26:T3,M27:T7,M28:T4,M29:T8,M30:T1,M31:T4,M32:T1,M33:T8,M34:T10,M35:T3,M36:T4,M37:T2,M38:T6,M39:T5,M40:T4,M41:T10,M42:T7,M43:T4,M44:T6,M45:T9,M46:T2,M47:T8,M48:T3,M49:T7,M50:T9,M51:T2,M52:T8,M53:T1,M54:T1,M55:T10,M56:T9,M57:T4,M58:T2,M59:T7,M60:T3,M61:T5,M62:T1,M63:T3,M64:T5,M65:T10,M66:T4,M67:T9,M68:T2,M69:T7,M70:T6,M71:T7,M72:T10,M73:T5,M74:T9,M75:T6,M76:T2,M77:T3,M78:T6,M79:T7,M80:T1,M81:T5,M82:T9,M83:T10,M84:T2,M85:T4,M86:T8,M87:T2,M88:T8,M89:T6,M90:T1,M91:T4,M92:T5,M93:T8,M94:T9,M95:T2,M96:T7,M97:T5,M98:T4,M99:T9,M100:T4,M101:T5,M102:T6,M103:T1,M104:T10,M105:T3,M106:T1,M107:T4,M108:T3,M109:T6,M110:T4,M111:T8,M112:T7,M113:T2,M114:T2,M115:T8,M116:T7,M117:T9,M118:T5,M119:T3,M120:T6,M121:T4,M122:T2,M123:T5,M124:T1,M125:T2,M126:T4,M127:T6,M128:T5,M129:T9,M130:T8,M131:T6,M132:T4,M133:T2,M134:T9,M135:T4,M136:T8,M137:T5,M138:T6,M139:T1,M140:T10,M141:T3,M142:T7,M143:T6,M144:T8,M145:T9,M146:T4,M147:T8,M148:T6,M149:T7,M150:T5,M151:T2,M152:T7,M153:T4,M154:T9,M155:T1,M156:T10,M157:T3,M158:T8,M159:T6,M160:T5,M161:T6,M162:T7,M163:T1,M164:T3,M165:T4,M166:T5,M167:T2,M168:T9,M169:T10,M170:T5,M171:T8,M172:T3,M173:T6,M174:T4,M175:T10,M176:T6,M177:T3,M178:T7,M179:T1,M180:T1,M181:T2,M182:T6,M183:T1,M184:T4,M185:T8,M186:T2,M187:T7,M188:T1,M189:T4,M190:T3,M191:T5,M192:T8,M193:T8,M194:T5,M195:T7,M196:T6,M197:T9,M198:T10,M199:T2,M200:T3,M201:T2,M202:T1,M203:T7,M204:T5,M205:T2,M206:T10,M207:T8,M208:T3,M209:T4,M210:T6,M211:T5,M212:T1,M213:T6,M214:T9,M215:T3,M216:T2,M217:T5,M218:T7,M219:T1,M220:T8,M221:T6,M222:T2,M223:T5,M224:T1,M225:T9,M226:T4,M227:T3,M228:T10,M229:T9,M230:T5,M231:T6,M232:T1,M233:T3,M234:T2,M235:T5,M236:T6,M237:T3",1:M7 M19 M30 M32 M53 M54 M62 M80 M90 M103 M106 M124 M139 M155 M163 M179 M180 M183 M188 M202 M212 M219 M224 M232 | 2:M8 M17 M37 M46 M51 M58 M68 M76 M84 M87 M95 M113 M114 M122 M125 M133 M151 M167 M181 M186 M199 M201 M205 M216 M222 M234 | 3:M1 M14 M21 M26 M35 M48 M60 M63 M77 M105 M108 M119 M141 M157 M164 M172 M177 M190 M200 M208 M215 M227 M233 M237 | 4:M10 M15 M28 M31 M36 M40 M43 M57 M66 M85 M91 M98 M100 M107 M110 M121 M126 M132 M135 M146 M153 M165 M174 M184 M189 M209 M226 | 5:M6 M13 M39 M61 M64 M73 M81 M92 M97 M101 M118 M123 M128 M137 M150 M160 M166 M170 M191 M194 M204 M211 M217 M223 M230 M235 | 6:M38 M44 M70 M75 M78 M89 M102 M109 M120 M127 M131 M138 M143 M148 M159 M161 M173 M176 M182 M196 M210 M213 M221 M231 M236 | 7:M4 M11 M23 M27 M42 M49 M59 M69 M71 M79 M96 M112 M116 M142 M149 M152 M162 M178 M187 M195 M203 M218 | 8:M3 M12 M29 M33 M47 M52 M86 M88 M93 M111 M115 M130 M136 M144 M147 M158 M171 M185 M192 M193 M207 M220 | 9:M2 M18 M22 M24 M45 M50 M56 M67 M74 M82 M94 M99 M117 M129 M134 M145 M154 M168 M197 M214 M225 M229 | 10:M5 M9 M16 M20 M25 M34 M41 M55 M65 M72 M83 M104 M140 M156 M169 M175 M198 M206 M228,PASSED,,
tic-14crafa.fixed040-Forb,UNSAT,UNSAT,2.02032,0.021984,0.809764,0.218325,161.867,peak_process_tree_rss_mb,73532,188490,7,188497,RC2,,,1000,,,1: | 2: | 3: | 4: | 5: | 6: | 7: | 8: | 9: | 10:,NOT_RUN,,
tic-14crafa.forb0003,SAT,OPTIMAL,2.284106,0.004404,0.777571,0.462063,168.0,peak_process_tree_rss_mb,73532,188397,7,188404,RC2,0,0,1000,"0,0,0,0,0,0,0,0,0,0,0,0,0,0,0,0,0,0,0,0,0,0,0,0,0,0,0,0,0,0,0,0,0,0,0,0,0,0,0,0,0,0,0,0,0,0,0,0,0,0,0,0,0,0,0,0,0,0,0,0","M1:T1,M2:T2,M3:T3,M4:T5,M5:T8,M6:T10,M7:T9,M8:T4,M9:T10,M10:T6,M11:T6,M12:T5,M13:T2,M14:T8,M15:T7,M16:T9,M17:T4,M18:T10,M19:T4,M20:T4,M21:T9,M22:T8,M23:T5,M24:T1,M25:T2,M26:T4,M27:T5,M28:T7,M29:T7,M30:T5,M31:T8,M32:T5,M33:T6,M34:T7,M35:T5,M36:T7,M37:T6,M38:T3,M39:T7,M40:T4,M41:T1,M42:T3,M43:T8,M44:T5,M45:T7,M46:T2,M47:T6,M48:T4,M49:T10,M50:T9,M51:T3,M52:T2,M53:T5,M54:T1,M55:T10,M56:T6,M57:T4,M58:T5,M59:T3,M60:T8,M61:T9,M62:T3,M63:T9,M64:T4,M65:T5,M66:T7,M67:T2,M68:T1,M69:T10,M70:T8,M71:T5,M72:T6,M73:T1,M74:T7,M75:T10,M76:T9,M77:T9,M78:T10,M79:T3,M80:T5,M81:T6,M82:T1,M83:T4,M84:T7,M85:T8,M86:T2,M87:T1,M88:T3,M89:T5,M90:T4,M91:T6,M92:T2,M93:T9,M94:T10,M95:T4,M96:T8,M97:T5,M98:T6,M99:T9,M100:T2,M101:T1,M102:T7,M103:T4,M104:T5,M105:T8,M106:T7,M107:T8,M108:T9,M109:T3,M110:T7,M111:T6,M112:T9,M113:T10,M114:T10,M115:T7,M116:T3,M117:T1,M118:T2,M119:T4,M120:T8,M121:T6,M122:T9,M123:T6,M124:T8,M125:T2,M126:T1,M127:T7,M128:T6,M129:T3,M130:T4,M131:T10,M132:T6,M133:T4,M134:T1,M135:T7,M136:T2,M137:T10,M138:T6,M139:T9,M140:T5,M141:T8,M142:T3,M143:T6,M144:T2,M145:T9,M146:T5,M147:T6,M148:T2,M149:T10,M150:T5,M151:T9,M152:T3,M153:T10,M154:T1,M155:T2,M156:T7,M157:T8,M158:T4,M159:T5,M160:T6,M161:T8,M162:T6,M163:T10,M164:T4,M165:T7,M166:T2,M167:T1,M168:T3,M169:T9,M170:T2,M171:T5,M172:T8,M173:T4,M174:T3,M175:T8,M176:T2,M177:T1,M178:T5,M179:T4,M180:T8,M181:T7,M182:T4,M183:T7,M184:T9,M185:T1,M186:T3,M187:T8,M188:T9,M189:T5,M190:T7,M191:T10,M192:T6,M193:T4,M194:T1,M195:T8,M196:T3,M197:T10,M198:T9,M199:T6,M200:T7,M201:T10,M202:T8,M203:T5,M204:T10,M205:T3,M206:T6,M207:T2,M208:T4,M209:T9,M210:T7,M211:T8,M212:T7,M213:T6,M214:T3,M215:T9,M216:T3,M217:T3,M218:T9,M219:T7,M220:T2,M221:T4,M222:T7,M223:T8,M224:T3,M225:T1,M226:T5,M227:T6,M228:T9,M229:T8,M230:T7,M231:T6,M232:T3,M233:T9,M234:T4,M235:T5,M236:T6,M237:T8",1:M1 M24 M41 M54 M68 M73 M82 M87 M101 M117 M126 M134 M154 M167 M177 M185 M194 M225 | 2:M2 M13 M25 M46 M52 M67 M86 M92 M100 M118 M125 M136 M144 M148 M155 M166 M170 M176 M207 M220 | 3:M3 M38 M42 M51 M59 M62 M79 M88 M109 M116 M129 M142 M152 M168 M174 M186 M196 M205 M214 M216 M217 M224 M232 | 4:M8 M17 M19 M20 M26 M40 M48 M57 M64 M83 M90 M95 M103 M119 M130 M133 M158 M164 M173 M179 M182 M193 M208 M221 M234 | 5:M4 M12 M23 M27 M30 M32 M35 M44 M53 M58 M65 M71 M80 M89 M97 M104 M140 M146 M150 M159 M171 M178 M189 M203 M226 M235 | 6:M10 M11 M33 M37 M47 M56 M72 M81 M91 M98 M111 M121 M123 M128 M132 M138 M143 M147 M160 M162 M192 M199 M206 M213 M227 M231 M236 | 7:M15 M28 M29 M34 M36 M39 M45 M66 M74 M84 M102 M106 M110 M115 M127 M135 M156 M165 M181 M183 M190 M200 M210 M212 M219 M222 M230 | 8:M5 M14 M22 M31 M43 M60 M70 M85 M96 M105 M107 M120 M124 M141 M157 M161 M172 M175 M180 M187 M195 M202 M211 M223 M229 M237 | 9:M7 M16 M21 M50 M61 M63 M76 M77 M93 M99 M108 M112 M122 M139 M145 M151 M169 M184 M188 M198 M209 M215 M218 M228 M233 | 10:M6 M9 M18 M49 M55 M69 M75 M78 M94 M113 M114 M131 M137 M149 M153 M163 M191 M197 M201 M204,PASSED,,
tic-14crafa.forb0007,UNSAT,UNSAT,2.066012,0.004994,0.819616,0.203,161.051,peak_process_tree_rss_mb,73532,188400,7,188407,RC2,,,1000,,,1: | 2: | 3: | 4: | 5: | 6: | 7: | 8: | 9: | 10:,NOT_RUN,,
tic-14crafc.fixed020-Forb,SAT,OPTIMAL,2.237109,0.014962,0.85364,0.370642,167.578,peak_process_tree_rss_mb,69792,180803,7,180810,RC2,2,2,1000,"0,0,1,1,2,0,0,2,1,0,2,0,2,0,0,0,1,2,0,0,0,0,0,0,0,0,0,2,0,2,1,2,0,1,2,2,0,0,2,0,0,0,0,0,2,0,2,2,0,2,0,0,2,0,2,1,2,1,2,2","M1:T3,M2:T5,M3:T7,M4:T6,M5:T8,M6:T2,M7:T1,M8:T10,M9:T7,M10:T2,M11:T3,M12:T6,M13:T8,M14:T5,M15:T2,M16:T10,M17:T9,M18:T1,M19:T4,M20:T10,M21:T5,M22:T3,M23:T7,M24:T9,M25:T8,M26:T5,M27:T7,M28:T6,M29:T6,M30:T1,M31:T4,M32:T7,M33:T3,M34:T9,M35:T3,M36:T6,M37:T2,M38:T4,M39:T5,M40:T3,M41:T10,M42:T7,M43:T8,M44:T6,M45:T4,M46:T2,M47:T5,M48:T3,M49:T6,M50:T9,M51:T4,M52:T8,M53:T1,M54:T6,M55:T10,M56:T4,M57:T9,M58:T2,M59:T7,M60:T3,M61:T5,M62:T8,M63:T7,M64:T10,M65:T6,M66:T4,M67:T3,M68:T2,M69:T9,M70:T1,M71:T4,M72:T2,M73:T5,M74:T9,M75:T1,M76:T6,M77:T3,M78:T4,M79:T6,M80:T1,M81:T2,M82:T9,M83:T5,M84:T7,M85:T10,M86:T8,M87:T6,M88:T3,M89:T4,M90:T1,M91:T5,M92:T2,M93:T10,M94:T8,M95:T2,M96:T6,M97:T5,M98:T3,M99:T6,M100:T4,M101:T8,M102:T9,M103:T1,M104:T10,M105:T5,M106:T1,M107:T6,M108:T3,M109:T6,M110:T3,M111:T4,M112:T8,M113:T7,M114:T2,M115:T9,M116:T7,M117:T5,M118:T4,M119:T3,M120:T10,M121:T1,M122:T7,M123:T8,M124:T1,M125:T2,M126:T5,M127:T3,M128:T10,M129:T8,M130:T9,M131:T6,M132:T7,M133:T2,M134:T5,M135:T4,M136:T8,M137:T9,M138:T7,M139:T1,M140:T10,M141:T3,M142:T7,M143:T9,M144:T8,M145:T10,M146:T4,M147:T5,M148:T2,M149:T7,M150:T1,M151:T1,M152:T6,M153:T4,M154:T9,M155:T10,M156:T2,M157:T5,M158:T8,M159:T7,M160:T3,M161:T4,M162:T8,M163:T1,M164:T3,M165:T9,M166:T5,M167:T2,M168:T7,M169:T10,M170:T3,M171:T2,M172:T4,M173:T10,M174:T4,M175:T9,M176:T1,M177:T3,M178:T8,M179:T6,M180:T1,M181:T5,M182:T7,M183:T9,M184:T4,M185:T3,M186:T2,M187:T9,M188:T8,M189:T7,M190:T6,M191:T2,M192:T5,M193:T5,M194:T5,M195:T8,M196:T7,M197:T9,M198:T1,M199:T2,M200:T10,M201:T8,M202:T8,M203:T7,M204:T4,M205:T2,M206:T10,M207:T3,M208:T9,M209:T6,M210:T1,M211:T2,M212:T1,M213:T6,M214:T4,M215:T7,M216:T6,M217:T8,M218:T7,M219:T10,M220:T9,M221:T6,M222:T4,M223:T5,M224:T1,M225:T8,M226:T7,M227:T2,M228:T10,M229:T6,M230:T8,M231:T2,M232:T1,M233:T5,M234:T5,M235:T8,M236:T9,M237:T3",1:M7 M18 M30 M53 M70 M75 M80 M90 M103 M106 M121 M124 M139 M150 M151 M163 M176 M180 M198 M210 M212 M224 M232 | 2:M6 M10 M15 M37 M46 M58 M68 M72 M81 M92 M95 M114 M125 M133 M148 M156 M167 M171 M186 M191 M199 M205 M211 M227 M231 | 3:M1 M11 M22 M33 M35 M40 M48 M60 M67 M77 M88 M98 M108 M110 M119 M127 M141 M160 M164 M170 M177 M185 M207 M237 | 4:M19 M31 M38 M45 M51 M56 M66 M71 M78 M89 M100 M111 M118 M135 M146 M153 M161 M172 M174 M184 M204 M214 M222 | 5:M2 M14 M21 M26 M39 M47 M61 M73 M83 M91 M97 M105 M117 M126 M134 M147 M157 M166 M181 M192 M193 M194 M223 M233 M234 | 6:M4 M12 M28 M29 M36 M44 M49 M54 M65 M76 M79 M87 M96 M99 M107 M109 M131 M152 M179 M190 M209 M213 M216 M221 M229 | 7:M3 M9 M23 M27 M32 M42 M59 M63 M84 M113 M116 M122 M132 M138 M142 M149 M159 M168 M182 M189 M196 M203 M215 M218 M226 | 8:M5 M13 M25 M43 M52 M62 M86 M94 M101 M112 M123 M129 M136 M144 M158 M162 M178 M188 M195 M201 M202 M217 M225 M230 M235 | 9:M17 M24 M34 M50 M57 M69 M74 M82 M102 M115 M130 M137 M143 M154 M165 M175 M183 M187 M197 M208 M220 M236 | 10:M8 M16 M20 M41 M55 M64 M85 M93 M104 M120 M128 M140 M145 M155 M169 M173 M200 M206 M219 M228,PASSED,,
tic-14crafc.fixed040-Forb,UNSAT,UNSAT,1.941814,0.017983,0.789997,0.191994,162.004,peak_process_tree_rss_mb,69792,180850,7,180857,RC2,,,1000,,,1: | 2: | 3: | 4: | 5: | 6: | 7: | 8: | 9: | 10:,NOT_RUN,,
tic-14crafc.forb0003,SAT,OPTIMAL,1.941936,0.004991,0.694721,0.335998,168.43,peak_process_tree_rss_mb,69792,180757,7,180764,RC2,0,0,1000,"0,0,0,0,0,0,0,0,0,0,0,0,0,0,0,0,0,0,0,0,0,0,0,0,0,0,0,0,0,0,0,0,0,0,0,0,0,0,0,0,0,0,0,0,0,0,0,0,0,0,0,0,0,0,0,0,0,0,0,0","M1:T9,M2:T5,M3:T3,M4:T8,M5:T4,M6:T2,M7:T7,M8:T6,M9:T9,M10:T3,M11:T4,M12:T8,M13:T7,M14:T3,M15:T9,M16:T2,M17:T5,M18:T6,M19:T2,M20:T8,M21:T9,M22:T7,M23:T2,M24:T4,M25:T5,M26:T3,M27:T9,M28:T8,M29:T8,M30:T2,M31:T4,M32:T7,M33:T3,M34:T9,M35:T5,M36:T3,M37:T2,M38:T1,M39:T9,M40:T8,M41:T3,M42:T2,M43:T9,M44:T5,M45:T1,M46:T4,M47:T7,M48:T7,M49:T2,M50:T1,M51:T5,M52:T4,M53:T9,M54:T4,M55:T2,M56:T1,M57:T8,M58:T7,M59:T3,M60:T10,M61:T6,M62:T6,M63:T10,M64:T1,M65:T5,M66:T9,M67:T2,M68:T8,M69:T4,M70:T3,M71:T6,M72:T5,M73:T4,M74:T10,M75:T2,M76:T8,M77:T4,M78:T7,M79:T9,M80:T5,M81:T2,M82:T10,M83:T8,M84:T1,M85:T3,M86:T6,M87:T3,M88:T6,M89:T5,M90:T8,M91:T4,M92:T7,M93:T6,M94:T5,M95:T3,M96:T8,M97:T7,M98:T4,M99:T5,M100:T8,M101:T4,M102:T1,M103:T6,M104:T7,M105:T10,M106:T9,M107:T8,M108:T10,M109:T6,M110:T4,M111:T3,M112:T5,M113:T10,M114:T9,M115:T8,M116:T3,M117:T4,M118:T2,M119:T7,M120:T10,M121:T1,M122:T7,M123:T6,M124:T8,M125:T9,M126:T7,M127:T10,M128:T6,M129:T5,M130:T4,M131:T3,M132:T9,M133:T10,M134:T4,M135:T1,M136:T5,M137:T6,M138:T8,M139:T7,M140:T3,M141:T2,M142:T5,M143:T10,M144:T1,M145:T6,M146:T7,M147:T7,M148:T1,M149:T6,M150:T9,M151:T3,M152:T6,M153:T2,M154:T4,M155:T1,M156:T10,M157:T7,M158:T9,M159:T5,M160:T8,M161:T7,M162:T3,M163:T5,M164:T4,M165:T9,M166:T2,M167:T6,M168:T10,M169:T1,M170:T6,M171:T2,M172:T10,M173:T1,M174:T10,M175:T7,M176:T8,M177:T5,M178:T4,M179:T9,M180:T1,M181:T3,M182:T10,M183:T9,M184:T8,M185:T6,M186:T5,M187:T5,M188:T6,M189:T1,M190:T2,M191:T4,M192:T3,M193:T10,M194:T6,M195:T8,M196:T10,M197:T1,M198:T3,M199:T2,M200:T4,M201:T9,M202:T10,M203:T8,M204:T1,M205:T6,M206:T3,M207:T5,M208:T7,M209:T2,M210:T9,M211:T8,M212:T10,M213:T6,M214:T3,M215:T5,M216:T7,M217:T3,M218:T1,M219:T7,M220:T6,M221:T1,M222:T2,M223:T8,M224:T5,M225:T7,M226:T9,M227:T4,M228:T3,M229:T7,M230:T4,M231:T6,M232:T8,M233:T10,M234:T2,M235:T1,M236:T5,M237:T4",1:M38 M45 M50 M56 M64 M84 M102 M121 M135 M144 M148 M155 M169 M173 M180 M189 M197 M204 M218 M221 M235 | 2:M6 M16 M19 M23 M30 M37 M42 M49 M55 M67 M75 M81 M118 M141 M153 M166 M171 M190 M199 M209 M222 M234 | 3:M3 M10 M14 M26 M33 M36 M41 M59 M70 M85 M87 M95 M111 M116 M131 M140 M151 M162 M181 M192 M198 M206 M214 M217 M228 | 4:M5 M11 M24 M31 M46 M52 M54 M69 M73 M77 M91 M98 M101 M110 M117 M130 M134 M154 M164 M178 M191 M200 M227 M230 M237 | 5:M2 M17 M25 M35 M44 M51 M65 M72 M80 M89 M94 M99 M112 M129 M136 M142 M159 M163 M177 M186 M187 M207 M215 M224 M236 | 6:M8 M18 M61 M62 M71 M86 M88 M93 M103 M109 M123 M128 M137 M145 M149 M152 M167 M170 M185 M188 M194 M205 M213 M220 M231 | 7:M7 M13 M22 M32 M47 M48 M58 M78 M92 M97 M104 M119 M122 M126 M139 M146 M147 M157 M161 M175 M208 M216 M219 M225 M229 | 8:M4 M12 M20 M28 M29 M40 M57 M68 M76 M83 M90 M96 M100 M107 M115 M124 M138 M160 M176 M184 M195 M203 M211 M223 M232 | 9:M1 M9 M15 M21 M27 M34 M39 M43 M53 M66 M79 M106 M114 M125 M132 M150 M158 M165 M179 M183 M201 M210 M226 | 10:M60 M63 M74 M82 M105 M108 M113 M120 M127 M133 M143 M156 M168 M172 M174 M182 M193 M196 M202 M212 M233,PASSED,,
tic-14crafc.forb0007,UNSAT,UNSAT,1.945513,0.002998,0.817172,0.195002,162.816,peak_process_tree_rss_mb,69792,180760,7,180767,RC2,,,1000,,,1: | 2: | 3: | 4: | 5: | 6: | 7: | 8: | 9: | 10:,NOT_RUN,,
tic-14crafd.fixed020-Forb,SAT,OPTIMAL,2.073603,0.039013,0.70274,0.322571,167.137,peak_process_tree_rss_mb,69278,179828,8,179836,RC2,3,3,1000,"0,0,1,0,3,0,3,2,2,0,2,0,1,1,0,0,2,2,0,0,0,2,0,0,0,0,1,0,0,1,0,1,0,3,0,1,0,0,1,0,0,0,0,0,2,0,1,1,0,3,3,0,2,0,3,3,2,0,1,1","M1:T4,M2:T1,M3:T7,M4:T5,M5:T8,M6:T10,M7:T2,M8:T6,M9:T8,M10:T2,M11:T1,M12:T6,M13:T4,M14:T9,M15:T6,M16:T1,M17:T8,M18:T10,M19:T2,M20:T3,M21:T5,M22:T10,M23:T6,M24:T3,M25:T5,M26:T7,M27:T9,M28:T7,M29:T8,M30:T5,M31:T2,M32:T10,M33:T8,M34:T2,M35:T7,M36:T3,M37:T1,M38:T2,M39:T7,M40:T7,M41:T6,M42:T4,M43:T7,M44:T3,M45:T9,M46:T10,M47:T1,M48:T3,M49:T6,M50:T2,M51:T5,M52:T4,M53:T10,M54:T9,M55:T8,M56:T10,M57:T9,M58:T2,M59:T4,M60:T3,M61:T6,M62:T5,M63:T3,M64:T2,M65:T8,M66:T10,M67:T7,M68:T9,M69:T6,M70:T5,M71:T4,M72:T1,M73:T4,M74:T10,M75:T8,M76:T3,M77:T1,M78:T6,M79:T8,M80:T7,M81:T1,M82:T5,M83:T9,M84:T2,M85:T10,M86:T3,M87:T4,M88:T2,M89:T3,M90:T7,M91:T10,M92:T6,M93:T9,M94:T4,M95:T8,M96:T9,M97:T4,M98:T7,M99:T10,M100:T2,M101:T3,M102:T4,M103:T8,M104:T9,M105:T6,M106:T5,M107:T8,M108:T6,M109:T7,M110:T9,M111:T4,M112:T6,M113:T3,M114:T2,M115:T5,M116:T10,M117:T8,M118:T1,M119:T9,M120:T7,M121:T4,M122:T5,M123:T6,M124:T10,M125:T8,M126:T4,M127:T2,M128:T7,M129:T3,M130:T9,M131:T4,M132:T1,M133:T5,M134:T9,M135:T4,M136:T10,M137:T6,M138:T2,M139:T3,M140:T1,M141:T5,M142:T7,M143:T9,M144:T1,M145:T2,M146:T8,M147:T7,M148:T4,M149:T5,M150:T3,M151:T2,M152:T3,M153:T5,M154:T4,M155:T7,M156:T6,M157:T9,M158:T1,M159:T8,M160:T10,M161:T6,M162:T7,M163:T1,M164:T5,M165:T3,M166:T2,M167:T10,M168:T6,M169:T9,M170:T10,M171:T8,M172:T4,M173:T2,M174:T2,M175:T10,M176:T8,M177:T3,M178:T7,M179:T9,M180:T1,M181:T1,M182:T5,M183:T5,M184:T4,M185:T2,M186:T1,M187:T9,M188:T7,M189:T2,M190:T10,M191:T3,M192:T5,M193:T6,M194:T6,M195:T1,M196:T5,M197:T9,M198:T4,M199:T3,M200:T8,M201:T5,M202:T5,M203:T8,M204:T9,M205:T4,M206:T7,M207:T3,M208:T1,M209:T10,M210:T6,M211:T9,M212:T7,M213:T8,M214:T6,M215:T8,M216:T10,M217:T3,M218:T4,M219:T2,M220:T7,M221:T5,M222:T9,M223:T8,M224:T6,M225:T1,M226:T1,M227:T6,M228:T3,M229:T10,M230:T8,M231:T7,M232:T2,M233:T7,M234:T6,M235:T9,M236:T2",1:M2 M11 M16 M37 M47 M72 M77 M81 M118 M132 M140 M144 M158 M163 M180 M181 M186 M195 M208 M225 M226 | 2:M7 M10 M19 M31 M34 M38 M50 M58 M64 M84 M88 M100 M114 M127 M138 M145 M151 M166 M173 M174 M185 M189 M219 M232 M236 | 3:M20 M24 M36 M44 M48 M60 M63 M76 M86 M89 M101 M113 M129 M139 M150 M152 M165 M177 M191 M199 M207 M217 M228 | 4:M1 M13 M42 M52 M59 M71 M73 M87 M94 M97 M102 M111 M121 M126 M131 M135 M148 M154 M172 M184 M198 M205 M218 | 5:M4 M21 M25 M30 M51 M62 M70 M82 M106 M115 M122 M133 M141 M149 M153 M164 M182 M183 M192 M196 M201 M202 M221 | 6:M8 M12 M15 M23 M41 M49 M61 M69 M78 M92 M105 M108 M112 M123 M137 M156 M161 M168 M193 M194 M210 M214 M224 M227 M234 | 7:M3 M26 M28 M35 M39 M40 M43 M67 M80 M90 M98 M109 M120 M128 M142 M147 M155 M162 M178 M188 M206 M212 M220 M231 M233 | 8:M5 M9 M17 M29 M33 M55 M65 M75 M79 M95 M103 M107 M117 M125 M146 M159 M171 M176 M200 M203 M213 M215 M223 M230 | 9:M14 M27 M45 M54 M57 M68 M83 M93 M96 M104 M110 M119 M130 M134 M143 M157 M169 M179 M187 M197 M204 M211 M222 M235 | 10:M6 M18 M22 M32 M46 M53 M56 M66 M74 M85 M91 M99 M116 M124 M136 M160 M167 M170 M175 M190 M209 M216 M229,PASSED,,
tic-14crafd.fixed040-Forb,UNSAT,UNSAT,2.178205,0.018018,0.894635,0.233457,158.738,peak_process_tree_rss_mb,69278,179875,8,179883,RC2,,,1000,,,1: | 2: | 3: | 4: | 5: | 6: | 7: | 8: | 9: | 10:,NOT_RUN,,
tic-14crafd.forb0003,UNSAT,UNSAT,2.044047,0.019,0.849834,0.206024,160.645,peak_process_tree_rss_mb,69278,179782,8,179790,RC2,,,1000,,,1: | 2: | 3: | 4: | 5: | 6: | 7: | 8: | 9: | 10:,NOT_RUN,,
tic-14crafd.forb0007,UNSAT,UNSAT,1.894969,0.01622,0.749858,0.196003,161.75,peak_process_tree_rss_mb,69278,179785,8,179793,RC2,,,1000,,,1: | 2: | 3: | 4: | 5: | 6: | 7: | 8: | 9: | 10:,NOT_RUN,,
ticf-13crafa.fixed020-Forb,SAT,OPTIMAL,3.473422,0.019998,1.336105,0.564103,212.449,peak_process_tree_rss_mb,114088,292121,19,292140,RC2,12,12,1000,"4,9,12,4,4,12,11,6,8,6,12,7,8,12,7,8,0,11,3,0,0,0,0,12,5,12,4,7,8,1,11,12,11,12,8,3,2,10,10,10,4,4,0,12,10,12,8,0,2,10,0,7,2,9,0,7,4,0,0,9,0,3,9,12,9,6,0,0,0,5","M1:T13,M2:T7,M3:T12,M4:T8,M5:T6,M6:T4,M7:T5,M8:T2,M9:T1,M10:T20,M11:T21,M12:T5,M13:T2,M14:T3,M15:T6,M16:T7,M17:T10,M18:T8,M19:T4,M20:T2,M21:T12,M22:T13,M23:T1,M24:T5,M25:T7,M26:T8,M27:T10,M28:T7,M29:T2,M30:T13,M31:T3,M32:T4,M33:T12,M34:T4,M35:T5,M36:T3,M37:T11,M38:T1,M39:T8,M40:T2,M41:T12,M42:T7,M43:T19,M44:T18,M45:T21,M46:T13,M47:T12,M48:T8,M49:T17,M50:T1,M51:T3,M52:T16,M53:T9,M54:T5,M55:T8,M56:T7,M57:T19,M58:T6,M59:T12,M60:T5,M61:T11,M62:T12,M63:T4,M64:T16,M65:T20,M66:T12,M67:T8,M68:T4,M69:T7,M70:T12,M71:T11,M72:T2,M73:T3,M74:T6,M75:T9,M76:T1,M77:T10,M78:T8,M79:T2,M80:T5,M81:T13,M82:T7,M83:T11,M84:T1,M85:T12,M86:T9,M87:T6,M88:T4,M89:T5,M90:T20,M91:T8,M92:T16,M93:T21,M94:T19,M95:T17,M96:T14,M97:T6,M98:T15,M99:T5,M100:T2,M101:T10,M102:T1,M103:T4,M104:T7,M105:T10,M106:T11,M107:T1,M108:T7,M109:T2,M110:T4,M111:T12,M112:T9,M113:T5,M114:T2,M115:T3,M116:T8,M117:T5,M118:T9,M119:T10,M120:T1,M121:T6,M122:T15,M123:T1,M124:T17,M125:T8,M126:T20,M127:T6,M128:T19,M129:T18,M130:T16,M131:T14,M132:T7,M133:T21,M134:T1,M135:T5,M136:T6,M137:T12,M138:T10,M139:T9,M140:T21,M141:T7,M142:T16,M143:T15,M144:T4,M145:T17,M146:T2,M147:T18,M148:T11,M149:T5,M150:T11,M151:T10,M152:T4,M153:T3,M154:T1",1:M9 M23 M38 M50 M76 M84 M102 M107 M120 M123 M134 M154 | 2:M8 M13 M20 M29 M40 M72 M79 M100 M109 M114 M146 | 3:M14 M31 M36 M51 M73 M115 M153 | 4:M6 M19 M32 M34 M63 M68 M88 M103 M110 M144 M152 | 5:M7 M12 M24 M35 M54 M60 M80 M89 M99 M113 M117 M135 M149 | 6:M5 M15 M58 M74 M87 M97 M121 M127 M136 | 7:M2 M16 M25 M28 M42 M56 M69 M82 M104 M108 M132 M141 | 8:M4 M18 M26 M39 M48 M55 M67 M78 M91 M116 M125 | 9:M53 M75 M86 M112 M118 M139 | 10:M17 M27 M77 M101 M105 M119 M138 M151 | 11:M37 M61 M71 M83 M106 M148 M150 | 12:M3 M21 M33 M41 M47 M59 M62 M66 M70 M85 M111 M137 | 13:M1 M22 M30 M46 M81 | 14:M96 M131 | 15:M98 M122 M143 | 16:M52 M64 M92 M130 M142 | 17:M49 M95 M124 M145 | 18:M44 M129 M147 | 19:M43 M57 M94 M128 | 20:M10 M65 M90 M126 | 21:M11 M45 M93 M133 M140,PASSED,,
ticf-13crafa.fixed040-Forb,SAT,OPTIMAL,3.355262,0.027982,1.247991,0.510872,220.559,peak_process_tree_rss_mb,114088,292152,19,292171,RC2,14,14,1000,"1,3,13,5,2,4,3,2,7,3,11,7,0,11,2,0,0,5,0,0,0,0,7,12,1,14,6,4,9,0,10,11,8,8,7,9,1,5,8,10,3,4,0,14,2,13,1,0,2,14,0,6,2,9,0,9,7,0,10,13,0,4,2,8,7,6,0,0,0,4","M1:T5,M2:T9,M3:T2,M4:T6,M5:T7,M6:T10,M7:T8,M8:T4,M9:T1,M10:T14,M11:T7,M12:T3,M13:T21,M14:T4,M15:T20,M16:T9,M17:T10,M18:T17,M19:T4,M20:T2,M21:T3,M22:T8,M23:T9,M24:T6,M25:T7,M26:T3,M27:T3,M28:T7,M29:T2,M30:T5,M31:T8,M32:T6,M33:T9,M34:T8,M35:T5,M36:T13,M37:T11,M38:T2,M39:T6,M40:T1,M41:T12,M42:T2,M43:T15,M44:T15,M45:T14,M46:T13,M47:T10,M48:T9,M49:T3,M50:T5,M51:T8,M52:T16,M53:T2,M54:T20,M55:T10,M56:T6,M57:T19,M58:T6,M59:T10,M60:T12,M61:T11,M62:T9,M63:T4,M64:T2,M65:T20,M66:T3,M67:T5,M68:T5,M69:T7,M70:T9,M71:T4,M72:T2,M73:T3,M74:T6,M75:T11,M76:T13,M77:T8,M78:T9,M79:T4,M80:T1,M81:T2,M82:T13,M83:T11,M84:T10,M85:T3,M86:T6,M87:T7,M88:T5,M89:T3,M90:T20,M91:T7,M92:T9,M93:T4,M94:T21,M95:T8,M96:T14,M97:T6,M98:T10,M99:T3,M100:T4,M101:T10,M102:T13,M103:T7,M104:T1,M105:T10,M106:T3,M107:T2,M108:T9,M109:T4,M110:T6,M111:T12,M112:T13,M113:T1,M114:T5,M115:T3,M116:T2,M117:T1,M118:T11,M119:T10,M120:T9,M121:T7,M122:T8,M123:T10,M124:T20,M125:T4,M126:T5,M127:T6,M128:T11,M129:T3,M130:T12,M131:T21,M132:T14,M133:T17,M134:T9,M135:T14,M136:T1,M137:T13,M138:T8,M139:T6,M140:T21,M141:T5,M142:T12,M143:T7,M144:T4,M145:T17,M146:T2,M147:T11,M148:T20,M149:T6,M150:T5,M151:T10,M152:T1,M153:T4,M154:T2",1:M9 M40 M80 M104 M113 M117 M136 M152 | 2:M3 M20 M29 M38 M42 M53 M64 M72 M81 M107 M116 M146 M154 | 3:M12 M21 M26 M27 M49 M66 M73 M85 M89 M99 M106 M115 M129 | 4:M8 M14 M19 M63 M71 M79 M93 M100 M109 M125 M144 M153 | 5:M1 M30 M35 M50 M67 M68 M88 M114 M126 M141 M150 | 6:M4 M24 M32 M39 M56 M58 M74 M86 M97 M110 M127 M139 M149 | 7:M5 M11 M25 M28 M69 M87 M91 M103 M121 M143 | 8:M7 M22 M31 M34 M51 M77 M95 M122 M138 | 9:M2 M16 M23 M33 M48 M62 M70 M78 M92 M108 M120 M134 | 10:M6 M17 M47 M55 M59 M84 M98 M101 M105 M119 M123 M151 | 11:M37 M61 M75 M83 M118 M128 M147 | 12:M41 M60 M111 M130 M142 | 13:M36 M46 M76 M82 M102 M112 M137 | 14:M10 M45 M96 M132 M135 | 15:M43 M44 | 16:M52 | 17:M18 M133 M145 | 18: | 19:M57 | 20:M15 M54 M65 M90 M124 M148 | 21:M13 M94 M131 M140,PASSED,,
ticf-13crafa.forb0003,SAT,OPTIMAL,6.06824,0.032008,1.26972,3.247547,219.609,peak_process_tree_rss_mb,114088,292095,19,292114,RC2,0,0,1000,"0,0,0,0,0,0,0,0,0,0,0,0,0,0,0,0,0,0,0,0,0,0,0,0,0,0,0,0,0,0,0,0,0,0,0,0,0,0,0,0,0,0,0,0,0,0,0,0,0,0,0,0,0,0,0,0,0,0,0,0,0,0,0,0,0,0,0,0,0,0","M1:T7,M2:T11,M3:T10,M4:T8,M5:T12,M6:T9,M7:T5,M8:T4,M9:T6,M10:T14,M11:T6,M12:T7,M13:T4,M14:T2,M15:T5,M16:T8,M17:T9,M18:T3,M19:T6,M20:T5,M21:T4,M22:T1,M23:T2,M24:T3,M25:T5,M26:T4,M27:T7,M28:T12,M29:T10,M30:T13,M31:T11,M32:T9,M33:T8,M34:T8,M35:T9,M36:T11,M37:T7,M38:T6,M39:T10,M40:T12,M41:T12,M42:T13,M43:T14,M44:T16,M45:T15,M46:T5,M47:T6,M48:T4,M49:T8,M50:T6,M51:T7,M52:T4,M53:T9,M54:T5,M55:T11,M56:T10,M57:T3,M58:T10,M59:T13,M60:T12,M61:T11,M62:T4,M63:T6,M64:T5,M65:T3,M66:T7,M67:T4,M68:T11,M69:T3,M70:T9,M71:T6,M72:T12,M73:T4,M74:T8,M75:T7,M76:T10,M77:T5,M78:T10,M79:T7,M80:T12,M81:T11,M82:T13,M83:T8,M84:T4,M85:T9,M86:T5,M87:T6,M88:T3,M89:T4,M90:T9,M91:T8,M92:T2,M93:T3,M94:T7,M95:T11,M96:T10,M97:T5,M98:T6,M99:T12,M100:T9,M101:T10,M102:T13,M103:T8,M104:T11,M105:T8,M106:T3,M107:T5,M108:T4,M109:T9,M110:T2,M111:T6,M112:T1,M113:T7,M114:T5,M115:T8,M116:T2,M117:T9,M118:T6,M119:T10,M120:T3,M121:T7,M122:T3,M123:T10,M124:T13,M125:T14,M126:T12,M127:T6,M128:T5,M129:T7,M130:T8,M131:T9,M132:T11,M133:T4,M134:T5,M135:T10,M136:T9,M137:T2,M138:T3,M139:T6,M140:T15,M141:T11,M142:T13,M143:T1,M144:T7,M145:T8,M146:T14,M147:T12,M148:T4,M149:T9,M150:T10,M151:T8,M152:T12,M153:T11,M154:T7",1:M22 M112 M143 | 2:M14 M23 M92 M110 M116 M137 | 3:M18 M24 M57 M65 M69 M88 M93 M106 M120 M122 M138 | 4:M8 M13 M21 M26 M48 M52 M62 M67 M73 M84 M89 M108 M133 M148 | 5:M7 M15 M20 M25 M46 M54 M64 M77 M86 M97 M107 M114 M128 M134 | 6:M9 M11 M19 M38 M47 M50 M63 M71 M87 M98 M111 M118 M127 M139 | 7:M1 M12 M27 M37 M51 M66 M75 M79 M94 M113 M121 M129 M144 M154 | 8:M4 M16 M33 M34 M49 M74 M83 M91 M103 M105 M115 M130 M145 M151 | 9:M6 M17 M32 M35 M53 M70 M85 M90 M100 M109 M117 M131 M136 M149 | 10:M3 M29 M39 M56 M58 M76 M78 M96 M101 M119 M123 M135 M150 | 11:M2 M31 M36 M55 M61 M68 M81 M95 M104 M132 M141 M153 | 12:M5 M28 M40 M41 M60 M72 M80 M99 M126 M147 M152 | 13:M30 M42 M59 M82 M102 M124 M142 | 14:M10 M43 M125 M146 | 15:M45 M140 | 16:M44 | 17: | 18: | 19: | 20: | 21:,PASSED,,
ticf-13crafa.forb0007,SAT,OPTIMAL,8.748379,0.020993,1.204701,6.01864,219.242,peak_process_tree_rss_mb,114088,292101,19,292120,RC2,0,0,1000,"0,0,0,0,0,0,0,0,0,0,0,0,0,0,0,0,0,0,0,0,0,0,0,0,0,0,0,0,0,0,0,0,0,0,0,0,0,0,0,0,0,0,0,0,0,0,0,0,0,0,0,0,0,0,0,0,0,0,0,0,0,0,0,0,0,0,0,0,0,0","M1:T1,M2:T4,M3:T6,M4:T8,M5:T9,M6:T3,M7:T7,M8:T2,M9:T5,M10:T14,M11:T7,M12:T8,M13:T2,M14:T6,M15:T1,M16:T5,M17:T3,M18:T4,M19:T2,M20:T6,M21:T1,M22:T5,M23:T3,M24:T4,M25:T4,M26:T3,M27:T7,M28:T10,M29:T9,M30:T11,M31:T5,M32:T6,M33:T8,M34:T8,M35:T10,M36:T13,M37:T9,M38:T7,M39:T12,M40:T11,M41:T13,M42:T12,M43:T14,M44:T16,M45:T15,M46:T8,M47:T6,M48:T9,M49:T6,M50:T10,M51:T9,M52:T5,M53:T13,M54:T8,M55:T11,M56:T12,M57:T7,M58:T10,M59:T13,M60:T12,M61:T11,M62:T5,M63:T7,M64:T3,M65:T5,M66:T6,M67:T4,M68:T9,M69:T3,M70:T8,M71:T10,M72:T11,M73:T4,M74:T7,M75:T6,M76:T5,M77:T12,M78:T10,M79:T4,M80:T11,M81:T12,M82:T13,M83:T8,M84:T7,M85:T9,M86:T3,M87:T5,M88:T6,M89:T4,M90:T5,M91:T7,M92:T3,M93:T2,M94:T6,M95:T11,M96:T10,M97:T8,M98:T9,M99:T12,M100:T8,M101:T9,M102:T11,M103:T10,M104:T13,M105:T7,M106:T6,M107:T9,M108:T3,M109:T5,M110:T11,M111:T10,M112:T8,M113:T4,M114:T5,M115:T12,M116:T6,M117:T4,M118:T11,M119:T10,M120:T9,M121:T7,M122:T4,M123:T9,M124:T15,M125:T14,M126:T10,M127:T5,M128:T7,M129:T13,M130:T6,M131:T11,M132:T12,M133:T8,M134:T3,M135:T6,M136:T8,M137:T1,M138:T2,M139:T7,M140:T13,M141:T14,M142:T9,M143:T10,M144:T4,M145:T5,M146:T12,M147:T11,M148:T15,M149:T12,M150:T7,M151:T8,M152:T11,M153:T10,M154:T9",1:M1 M15 M21 M137 | 2:M8 M13 M19 M93 M138 | 3:M6 M17 M23 M26 M64 M69 M86 M92 M108 M134 | 4:M2 M18 M24 M25 M67 M73 M79 M89 M113 M117 M122 M144 | 5:M9 M16 M22 M31 M52 M62 M65 M76 M87 M90 M109 M114 M127 M145 | 6:M3 M14 M20 M32 M47 M49 M66 M75 M88 M94 M106 M116 M130 M135 | 7:M7 M11 M27 M38 M57 M63 M74 M84 M91 M105 M121 M128 M139 M150 | 8:M4 M12 M33 M34 M46 M54 M70 M83 M97 M100 M112 M133 M136 M151 | 9:M5 M29 M37 M48 M51 M68 M85 M98 M101 M107 M120 M123 M142 M154 | 10:M28 M35 M50 M58 M71 M78 M96 M103 M111 M119 M126 M143 M153 | 11:M30 M40 M55 M61 M72 M80 M95 M102 M110 M118 M131 M147 M152 | 12:M39 M42 M56 M60 M77 M81 M99 M115 M132 M146 M149 | 13:M36 M41 M53 M59 M82 M104 M129 M140 | 14:M10 M43 M125 M141 | 15:M45 M124 M148 | 16:M44 | 17: | 18: | 19: | 20: | 21:,PASSED,,
ticf-13crafb.fixed020-Forb,SAT,OPTIMAL,4.095175,0.021995,1.498147,0.597828,243.348,peak_process_tree_rss_mb,133629,358712,20,358732,RC2,17,17,1000,"5,9,6,4,0,0,0,3,4,6,0,3,0,3,5,10,4,6,12,13,12,12,10,7,13,11,0,3,3,6,14,15,10,0,0,12,9,6,6,9,17,12,11,8,0,0,9,0,0,0,15,0,11,10,0,7,14,3,13,8,3,0,3,7,14,17,0,0,0,0,0,0,0,0,0,15","M1:T10,M2:T9,M3:T11,M4:T12,M5:T10,M6:T9,M7:T7,M8:T9,M9:T15,M10:T8,M11:T6,M12:T5,M13:T12,M14:T9,M15:T16,M16:T14,M17:T6,M18:T13,M19:T18,M20:T16,M21:T13,M22:T3,M23:T15,M24:T5,M25:T8,M26:T2,M27:T21,M28:T2,M29:T9,M30:T3,M31:T1,M32:T9,M33:T9,M34:T5,M35:T1,M36:T9,M37:T4,M38:T8,M39:T1,M40:T18,M41:T17,M42:T5,M43:T13,M44:T14,M45:T18,M46:T17,M47:T16,M48:T8,M49:T1,M50:T6,M51:T14,M52:T7,M53:T15,M54:T13,M55:T3,M56:T21,M57:T12,M58:T7,M59:T11,M60:T21,M61:T17,M62:T1,M63:T7,M64:T22,M65:T20,M66:T19,M67:T10,M68:T11,M69:T16,M70:T21,M71:T5,M72:T3,M73:T2,M74:T10,M75:T17,M76:T21,M77:T16,M78:T1,M79:T4,M80:T11,M81:T7,M82:T9,M83:T11,M84:T2,M85:T15,M86:T14,M87:T13,M88:T2,M89:T11,M90:T1,M91:T2,M92:T11,M93:T1,M94:T14,M95:T13,M96:T19,M97:T18,M98:T17,M99:T21,M100:T16,M101:T15,M102:T20,M103:T22,M104:T7,M105:T22,M106:T3,M107:T2,M108:T5,M109:T6,M110:T1,M111:T7,M112:T2,M113:T11,M114:T10,M115:T14,M116:T7,M117:T1,M118:T3,M119:T12,M120:T2,M121:T11,M122:T5,M123:T6,M124:T21,M125:T13,M126:T11,M127:T8,M128:T3,M129:T6,M130:T3,M131:T4,M132:T2,M133:T8,M134:T5,M135:T13,M136:T15,M137:T11,M138:T20,M139:T21,M140:T9,M141:T14,M142:T16,M143:T7,M144:T1,M145:T17,M146:T11,M147:T18,M148:T4,M149:T9,M150:T8,M151:T12,M152:T2,M153:T1,M154:T5,M155:T9,M156:T15,M157:T16,M158:T7,M159:T6,M160:T12,M161:T14,M162:T11,M163:T4,M164:T6,M165:T9,M166:T5,M167:T10,M168:T1,M169:T11,M170:T3,M171:T8,M172:T2,M173:T7,M174:T4,M175:T12,M176:T1,M177:T7,M178:T2,M179:T18,M180:T9,M181:T4,M182:T3,M183:T12,M184:T6,M185:T8,M186:T13,M187:T22,M188:T15,M189:T22,M190:T2,M191:T12,M192:T18,M193:T10,M194:T3,M195:T21",1:M31 M35 M39 M49 M62 M78 M90 M93 M110 M117 M144 M153 M168 M176 | 2:M26 M28 M73 M84 M88 M91 M107 M112 M120 M132 M152 M172 M178 M190 | 3:M22 M30 M55 M72 M106 M118 M128 M130 M170 M182 M194 | 4:M37 M79 M131 M148 M163 M174 M181 | 5:M12 M24 M34 M42 M71 M108 M122 M134 M154 M166 | 6:M11 M17 M50 M109 M123 M129 M159 M164 M184 | 7:M7 M52 M58 M63 M81 M104 M111 M116 M143 M158 M173 M177 | 8:M10 M25 M38 M48 M127 M133 M150 M171 M185 | 9:M2 M6 M8 M14 M29 M32 M33 M36 M82 M140 M149 M155 M165 M180 | 10:M1 M5 M67 M74 M114 M167 M193 | 11:M3 M59 M68 M80 M83 M89 M92 M113 M121 M126 M137 M146 M162 M169 | 12:M4 M13 M57 M119 M151 M160 M175 M183 M191 | 13:M18 M21 M43 M54 M87 M95 M125 M135 M186 | 14:M16 M44 M51 M86 M94 M115 M141 M161 | 15:M9 M23 M53 M85 M101 M136 M156 M188 | 16:M15 M20 M47 M69 M77 M100 M142 M157 | 17:M41 M46 M61 M75 M98 M145 | 18:M19 M40 M45 M97 M147 M179 M192 | 19:M66 M96 | 20:M65 M102 M138 | 21:M27 M56 M60 M70 M76 M99 M124 M139 M195 | 22:M64 M103 M105 M187 M189,PASSED,,
ticf-13crafb.fixed040-Forb,UNSAT,UNSAT,3.906651,0.035278,1.649821,0.350143,216.586,peak_process_tree_rss_mb,133629,358751,20,358771,RC2,,,1000,,,1: | 2: | 3: | 4: | 5: | 6: | 7: | 8: | 9: | 10: | 11: | 12: | 13: | 14: | 15: | 16: | 17: | 18: | 19: | 20: | 21: | 22:,NOT_RUN,,
ticf-13crafb.forb0003,SAT,OPTIMAL,8.355093,0.034985,1.545731,4.947233,243.012,peak_process_tree_rss_mb,133629,358678,20,358698,RC2,2,2,1000,"2,2,1,2,0,0,2,2,2,1,0,2,1,2,1,2,1,2,2,2,2,2,2,0,2,2,0,2,2,0,2,0,2,0,0,2,2,1,2,2,2,1,1,2,2,0,2,0,0,0,2,0,2,2,0,0,0,2,2,2,2,0,0,2,2,1,0,0,0,0,0,0,0,0,0,2","M1:T12,M2:T14,M3:T10,M4:T9,M5:T8,M6:T11,M7:T10,M8:T16,M9:T19,M10:T15,M11:T14,M12:T9,M13:T11,M14:T6,M15:T13,M16:T15,M17:T12,M18:T16,M19:T16,M20:T17,M21:T13,M22:T9,M23:T15,M24:T10,M25:T11,M26:T7,M27:T5,M28:T12,M29:T7,M30:T3,M31:T9,M32:T8,M33:T9,M34:T19,M35:T16,M36:T6,M37:T16,M38:T8,M39:T2,M40:T10,M41:T18,M42:T17,M43:T14,M44:T15,M45:T15,M46:T18,M47:T14,M48:T7,M49:T12,M50:T11,M51:T17,M52:T4,M53:T16,M54:T13,M55:T10,M56:T13,M57:T9,M58:T8,M59:T6,M60:T9,M61:T13,M62:T9,M63:T11,M64:T15,M65:T14,M66:T18,M67:T16,M68:T21,M69:T19,M70:T16,M71:T3,M72:T8,M73:T5,M74:T9,M75:T2,M76:T14,M77:T13,M78:T7,M79:T12,M80:T10,M81:T11,M82:T12,M83:T7,M84:T10,M85:T15,M86:T14,M87:T13,M88:T8,M89:T8,M90:T9,M91:T5,M92:T13,M93:T10,M94:T20,M95:T19,M96:T14,M97:T16,M98:T15,M99:T17,M100:T21,M101:T22,M102:T18,M103:T13,M104:T8,M105:T6,M106:T7,M107:T10,M108:T14,M109:T7,M110:T13,M111:T12,M112:T6,M113:T17,M114:T6,M115:T4,M116:T16,M117:T11,M118:T8,M119:T9,M120:T10,M121:T12,M122:T7,M123:T5,M124:T13,M125:T15,M126:T13,M127:T14,M128:T16,M129:T8,M130:T4,M131:T3,M132:T5,M133:T6,M134:T13,M135:T14,M136:T22,M137:T10,M138:T17,M139:T7,M140:T19,M141:T20,M142:T12,M143:T15,M144:T11,M145:T21,M146:T10,M147:T5,M148:T6,M149:T11,M150:T9,M151:T8,M152:T10,M153:T14,M154:T11,M155:T9,M156:T18,M157:T12,M158:T16,M159:T20,M160:T15,M161:T17,M162:T14,M163:T19,M164:T7,M165:T5,M166:T4,M167:T9,M168:T3,M169:T8,M170:T12,M171:T6,M172:T1,M173:T11,M174:T10,M175:T2,M176:T12,M177:T5,M178:T17,M179:T6,M180:T14,M181:T18,M182:T7,M183:T20,M184:T4,M185:T16,M186:T15,M187:T11,M188:T8,M189:T19,M190:T12,M191:T15,M192:T17,M193:T18,M194:T20,M195:T13",1:M172 | 2:M39 M75 M175 | 3:M30 M71 M131 M168 | 4:M52 M115 M130 M166 M184 | 5:M27 M73 M91 M123 M132 M147 M165 M177 | 6:M14 M36 M59 M105 M112 M114 M133 M148 M171 M179 | 7:M26 M29 M48 M78 M83 M106 M109 M122 M139 M164 M182 | 8:M5 M32 M38 M58 M72 M88 M89 M104 M118 M129 M151 M169 M188 | 9:M4 M12 M22 M31 M33 M57 M60 M62 M74 M90 M119 M150 M155 M167 | 10:M3 M7 M24 M40 M55 M80 M84 M93 M107 M120 M137 M146 M152 M174 | 11:M6 M13 M25 M50 M63 M81 M117 M144 M149 M154 M173 M187 | 12:M1 M17 M28 M49 M79 M82 M111 M121 M142 M157 M170 M176 M190 | 13:M15 M21 M54 M56 M61 M77 M87 M92 M103 M110 M124 M126 M134 M195 | 14:M2 M11 M43 M47 M65 M76 M86 M96 M108 M127 M135 M153 M162 M180 | 15:M10 M16 M23 M44 M45 M64 M85 M98 M125 M143 M160 M186 M191 | 16:M8 M18 M19 M35 M37 M53 M67 M70 M97 M116 M128 M158 M185 | 17:M20 M42 M51 M99 M113 M138 M161 M178 M192 | 18:M41 M46 M66 M102 M156 M181 M193 | 19:M9 M34 M69 M95 M140 M163 M189 | 20:M94 M141 M159 M183 M194 | 21:M68 M100 M145 | 22:M101 M136,PASSED,,
ticf-13crafb.forb0007,SAT,OPTIMAL,7.322784,0.022997,1.511932,3.953667,247.312,peak_process_tree_rss_mb,133629,358684,20,358704,RC2,2,2,1000,"2,1,2,2,0,0,2,2,2,2,0,2,1,2,2,2,2,2,2,2,1,2,2,1,2,2,0,2,2,2,1,2,2,0,0,0,2,2,2,2,2,1,1,0,2,0,2,0,0,0,2,0,2,1,0,1,1,2,1,2,2,0,1,2,2,2,0,0,0,0,0,0,0,0,0,1","M1:T6,M2:T14,M3:T11,M4:T10,M5:T8,M6:T12,M7:T8,M8:T13,M9:T18,M10:T14,M11:T15,M12:T12,M13:T11,M14:T6,M15:T15,M16:T14,M17:T9,M18:T13,M19:T15,M20:T17,M21:T16,M22:T9,M23:T13,M24:T11,M25:T10,M26:T7,M27:T6,M28:T10,M29:T5,M30:T6,M31:T8,M32:T11,M33:T11,M34:T13,M35:T16,M36:T15,M37:T7,M38:T14,M39:T5,M40:T11,M41:T16,M42:T12,M43:T4,M44:T3,M45:T15,M46:T17,M47:T14,M48:T5,M49:T12,M50:T10,M51:T18,M52:T2,M53:T16,M54:T13,M55:T7,M56:T13,M57:T8,M58:T7,M59:T6,M60:T8,M61:T13,M62:T9,M63:T12,M64:T17,M65:T14,M66:T15,M67:T21,M68:T18,M69:T20,M70:T13,M71:T4,M72:T5,M73:T8,M74:T12,M75:T3,M76:T15,M77:T14,M78:T7,M79:T11,M80:T10,M81:T2,M82:T12,M83:T9,M84:T11,M85:T13,M86:T15,M87:T14,M88:T11,M89:T9,M90:T8,M91:T7,M92:T13,M93:T10,M94:T20,M95:T19,M96:T13,M97:T17,M98:T16,M99:T18,M100:T21,M101:T22,M102:T15,M103:T14,M104:T10,M105:T9,M106:T14,M107:T6,M108:T8,M109:T5,M110:T9,M111:T10,M112:T4,M113:T2,M114:T14,M115:T6,M116:T13,M117:T8,M118:T9,M119:T11,M120:T12,M121:T10,M122:T4,M123:T3,M124:T7,M125:T9,M126:T7,M127:T8,M128:T5,M129:T12,M130:T9,M131:T4,M132:T8,M133:T6,M134:T10,M135:T14,M136:T20,M137:T11,M138:T17,M139:T5,M140:T7,M141:T16,M142:T22,M143:T19,M144:T3,M145:T15,M146:T6,M147:T3,M148:T5,M149:T4,M150:T13,M151:T12,M152:T11,M153:T8,M154:T10,M155:T11,M156:T16,M157:T12,M158:T15,M159:T17,M160:T14,M161:T18,M162:T7,M163:T13,M164:T5,M165:T4,M166:T3,M167:T12,M168:T6,M169:T8,M170:T9,M171:T7,M172:T1,M173:T10,M174:T11,M175:T2,M176:T15,M177:T7,M178:T18,M179:T4,M180:T12,M181:T16,M182:T3,M183:T19,M184:T17,M185:T6,M186:T14,M187:T9,M188:T5,M189:T7,M190:T6,M191:T10,M192:T12,M193:T4,M194:T8,M195:T5",1:M172 | 2:M52 M81 M113 M175 | 3:M44 M75 M123 M144 M147 M166 M182 | 4:M43 M71 M112 M122 M131 M149 M165 M179 M193 | 5:M29 M39 M48 M72 M109 M128 M139 M148 M164 M188 M195 | 6:M1 M14 M27 M30 M59 M107 M115 M133 M146 M168 M185 M190 | 7:M26 M37 M55 M58 M78 M91 M124 M126 M140 M162 M171 M177 M189 | 8:M5 M7 M31 M57 M60 M73 M90 M108 M117 M127 M132 M153 M169 M194 | 9:M17 M22 M62 M83 M89 M105 M110 M118 M125 M130 M170 M187 | 10:M4 M25 M28 M50 M80 M93 M104 M111 M121 M134 M154 M173 M191 | 11:M3 M13 M24 M32 M33 M40 M79 M84 M88 M119 M137 M152 M155 M174 | 12:M6 M12 M42 M49 M63 M74 M82 M120 M129 M151 M157 M167 M180 M192 | 13:M8 M18 M23 M34 M54 M56 M61 M70 M85 M92 M96 M116 M150 M163 | 14:M2 M10 M16 M38 M47 M65 M77 M87 M103 M106 M114 M135 M160 M186 | 15:M11 M15 M19 M36 M45 M66 M76 M86 M102 M145 M158 M176 | 16:M21 M35 M41 M53 M98 M141 M156 M181 | 17:M20 M46 M64 M97 M138 M159 M184 | 18:M9 M51 M68 M99 M161 M178 | 19:M95 M143 M183 | 20:M69 M94 M136 | 21:M67 M100 | 22:M101 M142,PASSED,,
ticf-13crafc.fixed020-Forb,SAT,OPTIMAL,3.165429,0.029982,1.207928,0.518212,217.68,peak_process_tree_rss_mb,108460,277673,19,277692,RC2,12,12,1000,"4,7,12,3,3,7,6,9,0,5,2,7,8,3,6,11,0,9,6,0,0,0,6,2,1,11,3,5,6,11,12,9,6,8,12,12,7,9,12,10,2,5,0,2,11,12,12,9,0,11,0,5,2,10,0,11,6,0,10,11,0,4,7,4,6,6,0,0,0,7","M1:T10,M2:T5,M3:T11,M4:T7,M5:T6,M6:T8,M7:T13,M8:T9,M9:T1,M10:T14,M11:T7,M12:T1,M13:T2,M14:T3,M15:T9,M16:T5,M17:T10,M18:T8,M19:T4,M20:T2,M21:T9,M22:T3,M23:T13,M24:T8,M25:T7,M26:T6,M27:T4,M28:T7,M29:T2,M30:T8,M31:T6,M32:T1,M33:T5,M34:T9,M35:T5,M36:T7,M37:T11,M38:T12,M39:T13,M40:T4,M41:T12,M42:T1,M43:T16,M44:T16,M45:T14,M46:T13,M47:T12,M48:T5,M49:T3,M50:T14,M51:T10,M52:T16,M53:T5,M54:T18,M55:T1,M56:T15,M57:T19,M58:T6,M59:T7,M60:T9,M61:T11,M62:T5,M63:T15,M64:T16,M65:T20,M66:T17,M67:T14,M68:T9,M69:T8,M70:T11,M71:T4,M72:T2,M73:T3,M74:T6,M75:T7,M76:T5,M77:T10,M78:T10,M79:T11,M80:T13,M81:T8,M82:T12,M83:T1,M84:T5,M85:T3,M86:T4,M87:T7,M88:T9,M89:T2,M90:T20,M91:T7,M92:T1,M93:T21,M94:T13,M95:T19,M96:T14,M97:T6,M98:T18,M99:T6,M100:T3,M101:T10,M102:T13,M103:T2,M104:T7,M105:T10,M106:T3,M107:T11,M108:T1,M109:T9,M110:T2,M111:T12,M112:T13,M113:T4,M114:T2,M115:T9,M116:T12,M117:T4,M118:T3,M119:T10,M120:T13,M121:T1,M122:T6,M123:T11,M124:T15,M125:T21,M126:T13,M127:T17,M128:T19,M129:T4,M130:T16,M131:T14,M132:T9,M133:T8,M134:T12,M135:T10,M136:T14,M137:T7,M138:T3,M139:T8,M140:T21,M141:T13,M142:T11,M143:T6,M144:T4,M145:T17,M146:T2,M147:T1,M148:T9,M149:T2,M150:T13,M151:T10,M152:T4,M153:T1,M154:T3",1:M9 M12 M32 M42 M55 M83 M92 M108 M121 M147 M153 | 2:M13 M20 M29 M72 M89 M103 M110 M114 M146 M149 | 3:M14 M22 M49 M73 M85 M100 M106 M118 M138 M154 | 4:M19 M27 M40 M71 M86 M113 M117 M129 M144 M152 | 5:M2 M16 M33 M35 M48 M53 M62 M76 M84 | 6:M5 M26 M31 M58 M74 M97 M99 M122 M143 | 7:M4 M11 M25 M28 M36 M59 M75 M87 M91 M104 M137 | 8:M6 M18 M24 M30 M69 M81 M133 M139 | 9:M8 M15 M21 M34 M60 M68 M88 M109 M115 M132 M148 | 10:M1 M17 M51 M77 M78 M101 M105 M119 M135 M151 | 11:M3 M37 M61 M70 M79 M107 M123 M142 | 12:M38 M41 M47 M82 M111 M116 M134 | 13:M7 M23 M39 M46 M80 M94 M102 M112 M120 M126 M141 M150 | 14:M10 M45 M50 M67 M96 M131 M136 | 15:M56 M63 M124 | 16:M43 M44 M52 M64 M130 | 17:M66 M127 M145 | 18:M54 M98 | 19:M57 M95 M128 | 20:M65 M90 | 21:M93 M125 M140,PASSED,,
ticf-13crafc.fixed040-Forb,SAT,OPTIMAL,3.107196,0.034982,1.184961,0.46537,214.055,peak_process_tree_rss_mb,108460,277704,19,277723,RC2,14,14,1000,"2,4,10,14,7,6,1,14,7,5,11,8,10,10,4,8,0,5,13,0,0,0,8,12,5,14,4,9,9,4,7,6,12,10,11,9,6,7,11,12,4,4,0,14,13,14,7,2,3,14,0,11,2,1,0,11,7,0,10,8,0,3,7,8,4,6,0,0,0,7","M1:T8,M2:T9,M3:T2,M4:T11,M5:T7,M6:T6,M7:T3,M8:T4,M9:T1,M10:T15,M11:T3,M12:T19,M13:T21,M14:T20,M15:T4,M16:T9,M17:T10,M18:T17,M19:T4,M20:T11,M21:T3,M22:T2,M23:T10,M24:T6,M25:T7,M26:T4,M27:T10,M28:T7,M29:T2,M30:T13,M31:T4,M32:T6,M33:T11,M34:T8,M35:T5,M36:T4,M37:T11,M38:T3,M39:T2,M40:T1,M41:T12,M42:T6,M43:T15,M44:T17,M45:T16,M46:T13,M47:T9,M48:T11,M49:T3,M50:T21,M51:T2,M52:T16,M53:T4,M54:T20,M55:T6,M56:T1,M57:T19,M58:T6,M59:T10,M60:T13,M61:T11,M62:T9,M63:T21,M64:T9,M65:T20,M66:T3,M67:T4,M68:T1,M69:T7,M70:T4,M71:T10,M72:T2,M73:T3,M74:T6,M75:T11,M76:T13,M77:T8,M78:T11,M79:T5,M80:T1,M81:T6,M82:T2,M83:T13,M84:T10,M85:T3,M86:T7,M87:T8,M88:T9,M89:T2,M90:T20,M91:T7,M92:T9,M93:T12,M94:T19,M95:T1,M96:T14,M97:T6,M98:T21,M99:T3,M100:T12,M101:T10,M102:T13,M103:T9,M104:T1,M105:T10,M106:T2,M107:T7,M108:T8,M109:T1,M110:T3,M111:T12,M112:T4,M113:T5,M114:T5,M115:T3,M116:T2,M117:T1,M118:T11,M119:T10,M120:T7,M121:T9,M122:T12,M123:T10,M124:T20,M125:T15,M126:T6,M127:T19,M128:T11,M129:T21,M130:T7,M131:T18,M132:T14,M133:T17,M134:T9,M135:T6,M136:T19,M137:T13,M138:T11,M139:T3,M140:T21,M141:T8,M142:T1,M143:T7,M144:T4,M145:T17,M146:T2,M147:T5,M148:T18,M149:T6,M150:T1,M151:T10,M152:T7,M153:T13,M154:T8",1:M9 M40 M56 M68 M80 M95 M104 M109 M117 M142 M150 | 2:M3 M22 M29 M39 M51 M72 M82 M89 M106 M116 M146 | 3:M7 M11 M21 M38 M49 M66 M73 M85 M99 M110 M115 M139 | 4:M8 M15 M19 M26 M31 M36 M53 M67 M70 M112 M144 | 5:M35 M79 M113 M114 M147 | 6:M6 M24 M32 M42 M55 M58 M74 M81 M97 M126 M135 M149 | 7:M5 M25 M28 M69 M86 M91 M107 M120 M130 M143 M152 | 8:M1 M34 M77 M87 M108 M141 M154 | 9:M2 M16 M47 M62 M64 M88 M92 M103 M121 M134 | 10:M17 M23 M27 M59 M71 M84 M101 M105 M119 M123 M151 | 11:M4 M20 M33 M37 M48 M61 M75 M78 M118 M128 M138 | 12:M41 M93 M100 M111 M122 | 13:M30 M46 M60 M76 M83 M102 M137 M153 | 14:M96 M132 | 15:M10 M43 M125 | 16:M45 M52 | 17:M18 M44 M133 M145 | 18:M131 M148 | 19:M12 M57 M94 M127 M136 | 20:M14 M54 M65 M90 M124 | 21:M13 M50 M63 M98 M129 M140,PASSED,,
ticf-13crafc.forb0003,SAT,OPTIMAL,378.309978,0.016006,1.166545,375.632485,249.102,peak_process_tree_rss_mb,108460,277647,19,277666,RC2,1,1,1000,"1,1,0,1,1,1,1,1,1,1,1,1,0,1,1,1,0,0,0,0,0,0,0,1,1,1,1,1,1,0,1,1,1,1,1,0,1,1,0,1,0,1,0,1,1,1,1,0,1,1,0,1,1,1,0,1,1,0,1,1,0,0,1,1,1,1,0,0,0,1","M1:T5,M2:T12,M3:T7,M4:T11,M5:T9,M6:T4,M7:T13,M8:T6,M9:T10,M10:T14,M11:T7,M12:T1,M13:T4,M14:T5,M15:T3,M16:T9,M17:T6,M18:T2,M19:T4,M20:T7,M21:T3,M22:T5,M23:T1,M24:T2,M25:T2,M26:T3,M27:T10,M28:T11,M29:T8,M30:T13,M31:T6,M32:T12,M33:T7,M34:T11,M35:T9,M36:T12,M37:T8,M38:T6,M39:T13,M40:T7,M41:T11,M42:T13,M43:T14,M44:T17,M45:T15,M46:T5,M47:T3,M48:T4,M49:T3,M50:T9,M51:T8,M52:T5,M53:T6,M54:T4,M55:T11,M56:T10,M57:T2,M58:T11,M59:T10,M60:T13,M61:T12,M62:T4,M63:T11,M64:T10,M65:T13,M66:T12,M67:T8,M68:T6,M69:T9,M70:T12,M71:T3,M72:T8,M73:T10,M74:T11,M75:T4,M76:T2,M77:T5,M78:T10,M79:T2,M80:T12,M81:T11,M82:T13,M83:T9,M84:T5,M85:T8,M86:T7,M87:T6,M88:T3,M89:T8,M90:T14,M91:T13,M92:T6,M93:T5,M94:T9,M95:T10,M96:T4,M97:T7,M98:T12,M99:T12,M100:T9,M101:T10,M102:T13,M103:T7,M104:T8,M105:T9,M106:T8,M107:T2,M108:T1,M109:T4,M110:T6,M111:T5,M112:T7,M113:T3,M114:T4,M115:T3,M116:T11,M117:T6,M118:T8,M119:T10,M120:T2,M121:T5,M122:T3,M123:T6,M124:T15,M125:T14,M126:T11,M127:T12,M128:T8,M129:T7,M130:T4,M131:T5,M132:T13,M133:T9,M134:T6,M135:T13,M136:T10,M137:T7,M138:T4,M139:T5,M140:T16,M141:T2,M142:T11,M143:T1,M144:T9,M145:T3,M146:T15,M147:T12,M148:T14,M149:T8,M150:T7,M151:T10,M152:T13,M153:T9,M154:T12",1:M12 M23 M108 M143 | 2:M18 M24 M25 M57 M76 M79 M107 M120 M141 | 3:M15 M21 M26 M47 M49 M71 M88 M113 M115 M122 M145 | 4:M6 M13 M19 M48 M54 M62 M75 M96 M109 M114 M130 M138 | 5:M1 M14 M22 M46 M52 M77 M84 M93 M111 M121 M131 M139 | 6:M8 M17 M31 M38 M53 M68 M87 M92 M110 M117 M123 M134 | 7:M3 M11 M20 M33 M40 M86 M97 M103 M112 M129 M137 M150 | 8:M29 M37 M51 M67 M72 M85 M89 M104 M106 M118 M128 M149 | 9:M5 M16 M35 M50 M69 M83 M94 M100 M105 M133 M144 M153 | 10:M9 M27 M56 M59 M64 M73 M78 M95 M101 M119 M136 M151 | 11:M4 M28 M34 M41 M55 M58 M63 M74 M81 M116 M126 M142 | 12:M2 M32 M36 M61 M66 M70 M80 M98 M99 M127 M147 M154 | 13:M7 M30 M39 M42 M60 M65 M82 M91 M102 M132 M135 M152 | 14:M10 M43 M90 M125 M148 | 15:M45 M124 M146 | 16:M140 | 17:M44 | 18: | 19: | 20: | 21:,PASSED,,
ticf-13crafc.forb0007,SAT,OPTIMAL,814.295486,0.017143,1.126456,811.75776,274.645,peak_process_tree_rss_mb,108460,277653,19,277672,RC2,1,1,1000,"1,0,1,1,1,1,1,1,1,1,1,0,1,1,1,1,0,1,1,0,0,0,1,1,1,1,1,1,0,1,1,1,1,1,1,0,0,1,1,1,1,0,0,1,0,0,1,1,1,1,0,1,1,1,0,1,1,0,1,1,0,1,1,1,1,1,0,0,0,1","M1:T1,M2:T8,M3:T6,M4:T3,M5:T10,M6:T2,M7:T5,M8:T7,M9:T4,M10:T14,M11:T13,M12:T9,M13:T14,M14:T10,M15:T17,M16:T15,M17:T16,M18:T11,M19:T3,M20:T6,M21:T5,M22:T2,M23:T4,M24:T8,M25:T7,M26:T11,M27:T9,M28:T2,M29:T4,M30:T8,M31:T3,M32:T6,M33:T5,M34:T10,M35:T6,M36:T13,M37:T8,M38:T12,M39:T11,M40:T7,M41:T12,M42:T13,M43:T14,M44:T15,M45:T16,M46:T11,M47:T8,M48:T13,M49:T4,M50:T3,M51:T2,M52:T5,M53:T6,M54:T1,M55:T8,M56:T9,M57:T10,M58:T8,M59:T11,M60:T9,M61:T12,M62:T12,M63:T7,M64:T3,M65:T2,M66:T4,M67:T5,M68:T1,M69:T4,M70:T3,M71:T10,M72:T9,M73:T6,M74:T5,M75:T11,M76:T7,M77:T2,M78:T9,M79:T7,M80:T11,M81:T13,M82:T12,M83:T6,M84:T2,M85:T10,M86:T3,M87:T4,M88:T5,M89:T4,M90:T11,M91:T5,M92:T13,M93:T7,M94:T10,M95:T9,M96:T8,M97:T12,M98:T3,M99:T11,M100:T7,M101:T10,M102:T13,M103:T12,M104:T8,M105:T4,M106:T10,M107:T7,M108:T9,M109:T6,M110:T12,M111:T11,M112:T5,M113:T3,M114:T7,M115:T5,M116:T1,M117:T9,M118:T3,M119:T4,M120:T2,M121:T10,M122:T11,M123:T9,M124:T12,M125:T13,M126:T8,M127:T2,M128:T4,M129:T5,M130:T1,M131:T10,M132:T3,M133:T6,M134:T2,M135:T13,M136:T3,M137:T5,M138:T9,M139:T12,M140:T16,M141:T4,M142:T11,M143:T14,M144:T1,M145:T8,M146:T15,M147:T6,M148:T7,M149:T12,M150:T6,M151:T7,M152:T10,M153:T8,M154:T9",1:M1 M54 M68 M116 M130 M144 | 2:M6 M22 M28 M51 M65 M77 M84 M120 M127 M134 | 3:M4 M19 M31 M50 M64 M70 M86 M98 M113 M118 M132 M136 | 4:M9 M23 M29 M49 M66 M69 M87 M89 M105 M119 M128 M141 | 5:M7 M21 M33 M52 M67 M74 M88 M91 M112 M115 M129 M137 | 6:M3 M20 M32 M35 M53 M73 M83 M109 M133 M147 M150 | 7:M8 M25 M40 M63 M76 M79 M93 M100 M107 M114 M148 M151 | 8:M2 M24 M30 M37 M47 M55 M58 M96 M104 M126 M145 M153 | 9:M12 M27 M56 M60 M72 M78 M95 M108 M117 M123 M138 M154 | 10:M5 M14 M34 M57 M71 M85 M94 M101 M106 M121 M131 M152 | 11:M18 M26 M39 M46 M59 M75 M80 M90 M99 M111 M122 M142 | 12:M38 M41 M61 M62 M82 M97 M103 M110 M124 M139 M149 | 13:M11 M36 M42 M48 M81 M92 M102 M125 M135 | 14:M10 M13 M43 M143 | 15:M16 M44 M146 | 16:M17 M45 M140 | 17:M15 | 18: | 19: | 20: | 21:,PASSED,,
ticf-14crafa.fixed020-Forb,SAT,OPTIMAL,6.845012,0.030456,2.64644,1.097219,346.941,peak_process_tree_rss_mb,233692,615073,20,615093,RC2,15,15,1000,"9,11,6,12,14,10,0,10,0,0,2,8,0,15,0,0,7,0,13,0,14,13,10,4,6,14,15,9,11,15,7,7,11,10,11,5,14,8,7,4,5,12,10,11,3,5,10,7,14,12,3,14,2,11,9,14,2,7,6,4,11,9,13,12,15,14,11,0,7,10,10,12,0,14,11,4,13,6","M1:T22,M2:T8,M3:T1,M4:T19,M5:T12,M6:T20,M7:T5,M8:T18,M9:T17,M10:T19,M11:T22,M12:T11,M13:T7,M14:T12,M15:T6,M16:T10,M17:T2,M18:T9,M19:T5,M20:T3,M21:T19,M22:T13,M23:T17,M24:T4,M25:T22,M26:T7,M27:T3,M28:T15,M29:T17,M30:T22,M31:T21,M32:T6,M33:T22,M34:T12,M35:T7,M36:T8,M37:T20,M38:T9,M39:T21,M40:T5,M41:T2,M42:T18,M43:T19,M44:T6,M45:T22,M46:T13,M47:T7,M48:T10,M49:T11,M50:T2,M51:T20,M52:T10,M53:T4,M54:T3,M55:T7,M56:T6,M57:T12,M58:T4,M59:T22,M60:T4,M61:T12,M62:T7,M63:T10,M64:T5,M65:T4,M66:T17,M67:T20,M68:T6,M69:T22,M70:T5,M71:T11,M72:T2,M73:T4,M74:T10,M75:T7,M76:T22,M77:T5,M78:T6,M79:T15,M80:T11,M81:T1,M82:T21,M83:T2,M84:T7,M85:T9,M86:T3,M87:T4,M88:T12,M89:T19,M90:T14,M91:T6,M92:T5,M93:T2,M94:T11,M95:T4,M96:T8,M97:T9,M98:T4,M99:T5,M100:T10,M101:T21,M102:T16,M103:T18,M104:T19,M105:T22,M106:T9,M107:T4,M108:T7,M109:T17,M110:T6,M111:T18,M112:T22,M113:T5,M114:T2,M115:T5,M116:T5,M117:T4,M118:T9,M119:T12,M120:T11,M121:T10,M122:T1,M123:T6,M124:T6,M125:T2,M126:T12,M127:T10,M128:T7,M129:T9,M130:T5,M131:T11,M132:T15,M133:T20,M134:T12,M135:T6,M136:T4,M137:T9,M138:T14,M139:T5,M140:T10,M141:T7,M142:T2,M143:T20,M144:T22,M145:T4,M146:T5,M147:T6,M148:T19,M149:T2,M150:T10,M151:T20,M152:T2,M153:T7,M154:T6,M155:T11,M156:T21,M157:T4,M158:T6,M159:T2,M160:T1,M161:T13,M162:T9,M163:T13,M164:T8,M165:T20,M166:T16,M167:T22,M168:T1,M169:T4,M170:T18,M171:T15,M172:T17,M173:T14,M174:T5,M175:T13,M176:T20,M177:T21,M178:T4,M179:T1,M180:T9,M181:T22,M182:T8,M183:T17,M184:T11,M185:T6,M186:T9,M187:T13,M188:T18,M189:T1,M190:T7,M191:T14,M192:T22,M193:T6,M194:T20,M195:T20,M196:T22,M197:T8,M198:T18,M199:T8,M200:T1,M201:T18,M202:T3,M203:T16,M204:T7,M205:T20,M206:T22,M207:T14,M208:T7,M209:T16,M210:T18,M211:T1,M212:T20,M213:T22,M214:T17,M215:T12,M216:T8,M217:T13,M218:T10,M219:T19,M220:T14,M221:T1,M222:T20,M223:T2,M224:T12,M225:T9,M226:T16,M227:T8,M228:T13,M229:T22,M230:T18,M231:T15,M232:T5,M233:T11,M234:T7,M235:T6,M236:T4,M237:T3,M238:T17,M239:T21,M240:T15,M241:T3,M242:T1,M243:T13,M244:T11,M245:T4,M246:T6,M247:T8,M248:T9,M249:T20,M250:T22,M251:T18,M252:T10,M253:T9,M254:T18,M255:T11,M256:T1,M257:T3,M258:T15,M259:T5,M260:T12,M261:T1,M262:T11,M263:T6,M264:T7,M265:T8,M266:T2,M267:T9,M268:T4,M269:T3,M270:T10,M271:T3,M272:T14,M273:T20,M274:T8,M275:T2,M276:T8,M277:T5,M278:T1,M279:T4,M280:T3,M281:T6,M282:T2,M283:T7,M284:T5,M285:T3,M286:T8,M287:T1,M288:T18,M289:T3,M290:T8,M291:T11,M292:T10,M293:T12,M294:T4,M295:T7,M296:T2,M297:T5,M298:T1,M299:T9,M300:T6,M301:T3,M302:T8",1:M3 M81 M122 M160 M168 M179 M189 M200 M211 M221 M242 M256 M261 M278 M287 M298 | 2:M17 M41 M50 M72 M83 M93 M114 M125 M142 M149 M152 M159 M223 M266 M275 M282 M296 | 3:M20 M27 M54 M86 M202 M237 M241 M257 M269 M271 M280 M285 M289 M301 | 4:M24 M53 M58 M60 M65 M73 M87 M95 M98 M107 M117 M136 M145 M157 M169 M178 M236 M245 M268 M279 M294 | 5:M7 M19 M40 M64 M70 M77 M92 M99 M113 M115 M116 M130 M139 M146 M174 M232 M259 M277 M284 M297 | 6:M15 M32 M44 M56 M68 M78 M91 M110 M123 M124 M135 M147 M154 M158 M185 M193 M235 M246 M263 M281 M300 | 7:M13 M26 M35 M47 M55 M62 M75 M84 M108 M128 M141 M153 M190 M204 M208 M234 M264 M283 M295 | 8:M2 M36 M96 M164 M182 M197 M199 M216 M227 M247 M265 M274 M276 M286 M290 M302 | 9:M18 M38 M85 M97 M106 M118 M129 M137 M162 M180 M186 M225 M248 M253 M267 M299 | 10:M16 M48 M52 M63 M74 M100 M121 M127 M140 M150 M218 M252 M270 M292 | 11:M12 M49 M71 M80 M94 M120 M131 M155 M184 M233 M244 M255 M262 M291 | 12:M5 M14 M34 M57 M61 M88 M119 M126 M134 M215 M224 M260 M293 | 13:M22 M46 M161 M163 M175 M187 M217 M228 M243 | 14:M90 M138 M173 M191 M207 M220 M272 | 15:M28 M79 M132 M171 M231 M240 M258 | 16:M102 M166 M203 M209 M226 | 17:M9 M23 M29 M66 M109 M172 M183 M214 M238 | 18:M8 M42 M103 M111 M170 M188 M198 M201 M210 M230 M251 M254 M288 | 19:M4 M10 M21 M43 M89 M104 M148 M219 | 20:M6 M37 M51 M67 M133 M143 M151 M165 M176 M194 M195 M205 M212 M222 M249 M273 | 21:M31 M39 M82 M101 M156 M177 M239 | 22:M1 M11 M25 M30 M33 M45 M59 M69 M76 M105 M112 M144 M167 M181 M192 M196 M206 M213 M229 M250,PASSED,,
ticf-14crafa.fixed040-Forb,SAT,OPTIMAL,6.674971,0.026234,2.603223,1.002151,359.59,peak_process_tree_rss_mb,233692,615133,20,615153,RC2,16,16,1000,"9,10,8,11,14,13,0,8,2,0,16,8,0,7,0,0,8,0,13,13,3,11,12,4,6,10,15,6,11,10,14,8,11,13,11,5,8,8,6,1,10,13,13,12,12,6,9,8,14,12,0,14,5,11,9,13,2,7,10,4,8,9,6,9,9,6,8,0,3,8,6,13,0,9,1,9,5,1","M1:T22,M2:T8,M3:T3,M4:T14,M5:T12,M6:T5,M7:T2,M8:T13,M9:T17,M10:T14,M11:T13,M12:T10,M13:T11,M14:T12,M15:T9,M16:T6,M17:T1,M18:T7,M19:T2,M20:T3,M21:T22,M22:T13,M23:T17,M24:T8,M25:T22,M26:T19,M27:T10,M28:T15,M29:T17,M30:T5,M31:T21,M32:T17,M33:T10,M34:T21,M35:T7,M36:T8,M37:T16,M38:T22,M39:T12,M40:T14,M41:T3,M42:T18,M43:T19,M44:T4,M45:T21,M46:T13,M47:T22,M48:T9,M49:T10,M50:T2,M51:T11,M52:T7,M53:T6,M54:T3,M55:T9,M56:T10,M57:T12,M58:T5,M59:T19,M60:T2,M61:T5,M62:T7,M63:T12,M64:T6,M65:T22,M66:T5,M67:T20,M68:T5,M69:T22,M70:T3,M71:T16,M72:T12,M73:T4,M74:T2,M75:T18,M76:T19,M77:T22,M78:T10,M79:T15,M80:T2,M81:T1,M82:T18,M83:T9,M84:T7,M85:T13,M86:T3,M87:T4,M88:T6,M89:T4,M90:T14,M91:T7,M92:T21,M93:T8,M94:T13,M95:T2,M96:T5,M97:T3,M98:T2,M99:T22,M100:T10,M101:T9,M102:T1,M103:T22,M104:T14,M105:T2,M106:T7,M107:T4,M108:T5,M109:T18,M110:T6,M111:T4,M112:T1,M113:T12,M114:T22,M115:T21,M116:T4,M117:T11,M118:T2,M119:T12,M120:T9,M121:T5,M122:T10,M123:T3,M124:T10,M125:T9,M126:T8,M127:T2,M128:T11,M129:T6,M130:T7,M131:T3,M132:T15,M133:T5,M134:T11,M135:T4,M136:T1,M137:T3,M138:T13,M139:T6,M140:T8,M141:T7,M142:T21,M143:T3,M144:T19,M145:T4,M146:T2,M147:T6,M148:T17,M149:T22,M150:T5,M151:T2,M152:T3,M153:T4,M154:T14,M155:T11,M156:T22,M157:T21,M158:T3,M159:T4,M160:T5,M161:T20,M162:T4,M163:T10,M164:T7,M165:T21,M166:T2,M167:T5,M168:T6,M169:T1,M170:T18,M171:T19,M172:T22,M173:T14,M174:T11,M175:T4,M176:T20,M177:T15,M178:T13,M179:T1,M180:T9,M181:T21,M182:T8,M183:T16,M184:T11,M185:T17,M186:T9,M187:T13,M188:T18,M189:T5,M190:T15,M191:T6,M192:T16,M193:T4,M194:T7,M195:T2,M196:T16,M197:T8,M198:T3,M199:T15,M200:T4,M201:T5,M202:T3,M203:T7,M204:T2,M205:T6,M206:T12,M207:T7,M208:T19,M209:T3,M210:T12,M211:T15,M212:T4,M213:T14,M214:T17,M215:T5,M216:T21,M217:T13,M218:T6,M219:T15,M220:T21,M221:T1,M222:T22,M223:T9,M224:T13,M225:T3,M226:T2,M227:T8,M228:T14,M229:T7,M230:T19,M231:T10,M232:T4,M233:T11,M234:T18,M235:T12,M236:T16,M237:T20,M238:T17,M239:T5,M240:T5,M241:T3,M242:T12,M243:T13,M244:T1,M245:T4,M246:T5,M247:T2,M248:T9,M249:T7,M250:T12,M251:T15,M252:T3,M253:T9,M254:T3,M255:T21,M256:T12,M257:T15,M258:T6,M259:T5,M260:T6,M261:T1,M262:T9,M263:T7,M264:T11,M265:T8,M266:T2,M267:T3,M268:T4,M269:T10,M270:T12,M271:T14,M272:T6,M273:T19,M274:T8,M275:T10,M276:T7,M277:T5,M278:T4,M279:T8,M280:T6,M281:T2,M282:T10,M283:T1,M284:T18,M285:T6,M286:T8,M287:T15,M288:T12,M289:T19,M290:T15,M291:T11,M292:T10,M293:T12,M294:T5,M295:T6,M296:T2,M297:T3,M298:T1,M299:T9,M300:T4,M301:T8,M302:T7",1:M17 M81 M102 M112 M136 M169 M179 M221 M244 M261 M283 M298 | 2:M7 M19 M50 M60 M74 M80 M95 M98 M105 M118 M127 M146 M151 M166 M195 M204 M226 M247 M266 M281 M296 | 3:M3 M20 M41 M54 M70 M86 M97 M123 M131 M137 M143 M152 M158 M198 M202 M209 M225 M241 M252 M254 M267 M297 | 4:M44 M73 M87 M89 M107 M111 M116 M135 M145 M153 M159 M162 M175 M193 M200 M212 M232 M245 M268 M278 M300 | 5:M6 M30 M58 M61 M66 M68 M96 M108 M121 M133 M150 M160 M167 M189 M201 M215 M239 M240 M246 M259 M277 M294 | 6:M16 M53 M64 M88 M110 M129 M139 M147 M168 M191 M205 M218 M258 M260 M272 M280 M285 M295 | 7:M18 M35 M52 M62 M84 M91 M106 M130 M141 M164 M194 M203 M207 M229 M249 M263 M276 M302 | 8:M2 M24 M36 M93 M126 M140 M182 M197 M227 M265 M274 M279 M286 M301 | 9:M15 M48 M55 M83 M101 M120 M125 M180 M186 M223 M248 M253 M262 M299 | 10:M12 M27 M33 M49 M56 M78 M100 M122 M124 M163 M231 M269 M275 M282 M292 | 11:M13 M51 M117 M128 M134 M155 M174 M184 M233 M264 M291 | 12:M5 M14 M39 M57 M63 M72 M113 M119 M206 M210 M235 M242 M250 M256 M270 M288 M293 | 13:M8 M11 M22 M46 M85 M94 M138 M178 M187 M217 M224 M243 | 14:M4 M10 M40 M90 M104 M154 M173 M213 M228 M271 | 15:M28 M79 M132 M177 M190 M199 M211 M219 M251 M257 M287 M290 | 16:M37 M71 M183 M192 M196 M236 | 17:M9 M23 M29 M32 M148 M185 M214 M238 | 18:M42 M75 M82 M109 M170 M188 M234 M284 | 19:M26 M43 M59 M76 M144 M171 M208 M230 M273 M289 | 20:M67 M161 M176 M237 | 21:M31 M34 M45 M92 M115 M142 M157 M165 M181 M216 M220 M255 | 22:M1 M21 M25 M38 M47 M65 M69 M77 M99 M103 M114 M149 M156 M172 M222,PASSED,,
ticf-14crafa.forb0003,SAT,OPTIMAL,20.576548,0.018642,2.558251,14.946394,369.816,peak_process_tree_rss_mb,233692,615018,20,615038,RC2,0,0,1000,"0,0,0,0,0,0,0,0,0,0,0,0,0,0,0,0,0,0,0,0,0,0,0,0,0,0,0,0,0,0,0,0,0,0,0,0,0,0,0,0,0,0,0,0,0,0,0,0,0,0,0,0,0,0,0,0,0,0,0,0,0,0,0,0,0,0,0,0,0,0,0,0,0,0,0,0,0,0","M1:T17,M2:T6,M3:T8,M4:T13,M5:T10,M6:T16,M7:T17,M8:T16,M9:T14,M10:T15,M11:T14,M12:T10,M13:T8,M14:T6,M15:T11,M16:T5,M17:T4,M18:T12,M19:T9,M20:T7,M21:T9,M22:T10,M23:T12,M24:T8,M25:T5,M26:T9,M27:T1,M28:T9,M29:T11,M30:T13,M31:T14,M32:T15,M33:T20,M34:T14,M35:T13,M36:T18,M37:T6,M38:T4,M39:T10,M40:T12,M41:T8,M42:T17,M43:T11,M44:T13,M45:T11,M46:T16,M47:T6,M48:T17,M49:T15,M50:T7,M51:T10,M52:T10,M53:T11,M54:T8,M55:T5,M56:T12,M57:T9,M58:T10,M59:T11,M60:T13,M61:T16,M62:T15,M63:T18,M64:T17,M65:T15,M66:T19,M67:T16,M68:T19,M69:T15,M70:T17,M71:T14,M72:T21,M73:T16,M74:T20,M75:T18,M76:T11,M77:T14,M78:T19,M79:T4,M80:T9,M81:T5,M82:T15,M83:T12,M84:T20,M85:T13,M86:T10,M87:T8,M88:T14,M89:T6,M90:T7,M91:T16,M92:T13,M93:T15,M94:T8,M95:T10,M96:T7,M97:T19,M98:T18,M99:T17,M100:T14,M101:T20,M102:T12,M103:T13,M104:T14,M105:T8,M106:T11,M107:T10,M108:T15,M109:T9,M110:T12,M111:T13,M112:T14,M113:T15,M114:T18,M115:T6,M116:T10,M117:T5,M118:T6,M119:T12,M120:T9,M121:T7,M122:T3,M123:T2,M124:T12,M125:T3,M126:T7,M127:T9,M128:T6,M129:T8,M130:T4,M131:T10,M132:T19,M133:T13,M134:T16,M135:T18,M136:T12,M137:T10,M138:T14,M139:T8,M140:T17,M141:T11,M142:T7,M143:T6,M144:T7,M145:T5,M146:T9,M147:T10,M148:T4,M149:T3,M150:T9,M151:T10,M152:T7,M153:T11,M154:T9,M155:T16,M156:T13,M157:T6,M158:T12,M159:T7,M160:T11,M161:T8,M162:T15,M163:T11,M164:T14,M165:T21,M166:T16,M167:T17,M168:T6,M169:T7,M170:T18,M171:T12,M172:T13,M173:T9,M174:T19,M175:T4,M176:T8,M177:T10,M178:T13,M179:T9,M180:T5,M181:T11,M182:T2,M183:T14,M184:T6,M185:T7,M186:T12,M187:T18,M188:T13,M189:T11,M190:T10,M191:T16,M192:T15,M193:T14,M194:T17,M195:T11,M196:T9,M197:T12,M198:T7,M199:T11,M200:T18,M201:T12,M202:T14,M203:T17,M204:T13,M205:T16,M206:T15,M207:T14,M208:T12,M209:T13,M210:T15,M211:T5,M212:T7,M213:T6,M214:T10,M215:T8,M216:T11,M217:T9,M218:T21,M219:T20,M220:T7,M221:T4,M222:T6,M223:T17,M224:T12,M225:T10,M226:T13,M227:T22,M228:T18,M229:T14,M230:T19,M231:T5,M232:T8,M233:T1,M234:T15,M235:T9,M236:T11,M237:T3,M238:T16,M239:T2,M240:T5,M241:T16,M242:T15,M243:T17,M244:T17,M245:T16,M246:T11,M247:T13,M248:T18,M249:T12,M250:T15,M251:T14,M252:T19,M253:T11,M254:T13,M255:T8,M256:T9,M257:T12,M258:T10,M259:T9,M260:T8,M261:T10,M262:T12,M263:T4,M264:T2,M265:T11,M266:T7,M267:T1,M268:T6,M269:T5,M270:T3,M271:T14,M272:T16,M273:T12,M274:T15,M275:T13,M276:T5,M277:T3,M278:T9,M279:T2,M280:T1,M281:T7,M282:T8,M283:T4,M284:T15,M285:T14,M286:T17,M287:T16,M288:T13,M289:T15,M290:T14,M291:T9,M292:T10,M293:T7,M294:T11,M295:T1,M296:T6,M297:T2,M298:T12,M299:T4,M300:T3,M301:T5,M302:T8",1:M27 M233 M267 M280 M295 | 2:M123 M182 M239 M264 M279 M297 | 3:M122 M125 M149 M237 M270 M277 M300 | 4:M17 M38 M79 M130 M148 M175 M221 M263 M283 M299 | 5:M16 M25 M55 M81 M117 M145 M180 M211 M231 M240 M269 M276 M301 | 6:M2 M14 M37 M47 M89 M115 M118 M128 M143 M157 M168 M184 M213 M222 M268 M296 | 7:M20 M50 M90 M96 M121 M126 M142 M144 M152 M159 M169 M185 M198 M212 M220 M266 M281 M293 | 8:M3 M13 M24 M41 M54 M87 M94 M105 M129 M139 M161 M176 M215 M232 M255 M260 M282 M302 | 9:M19 M21 M26 M28 M57 M80 M109 M120 M127 M146 M150 M154 M173 M179 M196 M217 M235 M256 M259 M278 M291 | 10:M5 M12 M22 M39 M51 M52 M58 M86 M95 M107 M116 M131 M137 M147 M151 M177 M190 M214 M225 M258 M261 M292 | 11:M15 M29 M43 M45 M53 M59 M76 M106 M141 M153 M160 M163 M181 M189 M195 M199 M216 M236 M246 M253 M265 M294 | 12:M18 M23 M40 M56 M83 M102 M110 M119 M124 M136 M158 M171 M186 M197 M201 M208 M224 M249 M257 M262 M273 M298 | 13:M4 M30 M35 M44 M60 M85 M92 M103 M111 M133 M156 M172 M178 M188 M204 M209 M226 M247 M254 M275 M288 | 14:M9 M11 M31 M34 M71 M77 M88 M100 M104 M112 M138 M164 M183 M193 M202 M207 M229 M251 M271 M285 M290 | 15:M10 M32 M49 M62 M65 M69 M82 M93 M108 M113 M162 M192 M206 M210 M234 M242 M250 M274 M284 M289 | 16:M6 M8 M46 M61 M67 M73 M91 M134 M155 M166 M191 M205 M238 M241 M245 M272 M287 | 17:M1 M7 M42 M48 M64 M70 M99 M140 M167 M194 M203 M223 M243 M244 M286 | 18:M36 M63 M75 M98 M114 M135 M170 M187 M200 M228 M248 | 19:M66 M68 M78 M97 M132 M174 M230 M252 | 20:M33 M74 M84 M101 M219 | 21:M72 M165 M218 | 22:M227,PASSED,,
ticf-14crafa.forb0007,UNSAT,UNSAT,6.585379,0.025001,2.746343,0.671737,313.301,peak_process_tree_rss_mb,233692,615025,20,615045,RC2,,,1000,,,1: | 2: | 3: | 4: | 5: | 6: | 7: | 8: | 9: | 10: | 11: | 12: | 13: | 14: | 15: | 16: | 17: | 18: | 19: | 20: | 21: | 22:,NOT_RUN,,
