instance,sat_result,status,runtime_s,n_vars,n_hard_clauses,n_soft_clauses,n_optimization_clauses,n_total_clauses,peak_memory_mb,memory_metric,solver,precedence_mode,staircase,encoding_variant,total_breaks,fairness_gap,participant_breaks,busy_participants_per_slot,assignment,schedule_by_slot,validation_errors,enabled_constraints,error_type,error_message,message_type,n_clauses,n_soft,total_clauses
forum-13.fixed020-Forb,SAT,OPTIMAL,1.079041,83762,192981,19,0,193000,170.539,peak_process_tree_rss_mb,maxsat,staircase,yes,imp12+,377,12,"4,11,12,0,7,5,3,9,8,11,11,8,6,12,5,12,0,5,5,0,0,0,1,9,4,12,3,8,7,0,7,12,11,11,12,12,3,10,10,3,2,4,0,11,2,12,1,0,2,11,0,10,2,10,0,8,6,0,6,1,0,2,1,4,2,5,0,0,0,6","12,20,8,20,18,24,22,24,18,28,24,18,14,8,10,4,8,6,6,6,10","12,13,9,11,10,6,5,8,1,15,3,15,17,7,21,8,10,4,4,11,2,7,9,1,7,10,4,7,2,6,5,12,8,6,5,7,11,2,9,4,12,11,21,20,19,13,8,10,8,18,9,16,15,17,14,10,19,6,8,10,11,2,21,6,20,8,11,8,10,12,13,2,3,6,4,5,11,9,2,12,6,8,7,4,1,10,13,11,18,20,17,7,15,21,19,14,6,4,13,5,10,9,2,11,10,8,7,2,6,4,12,11,5,8,9,13,5,1,10,11,6,3,9,5,6,14,2,10,13,1,4,7,12,7,14,6,18,12,16,21,10,15,9,4,17,2,8,3,5,1,10,7,11,12",1:M9 M24 M85 M118 M130 M150 | 2:M21 M29 M38 M62 M72 M79 M103 M108 M127 M146 | 3:M11 M73 M122 M148 | 4:M18 M19 M27 M40 M75 M84 M98 M110 M131 M144 | 5:M7 M31 M35 M76 M100 M113 M117 M124 M149 | 6:M6 M30 M34 M58 M64 M74 M81 M97 M109 M121 M125 M136 | 7:M14 M22 M25 M28 M36 M83 M92 M107 M132 M134 M152 | 8:M8 M16 M33 M47 M49 M59 M66 M68 M82 M106 M114 M147 | 9:M3 M23 M39 M51 M78 M102 M115 M123 M143 | 10:M5 M17 M26 M48 M56 M60 M69 M86 M101 M105 M119 M128 M141 M151 | 11:M4 M20 M37 M42 M61 M67 M77 M88 M104 M112 M120 M153 | 12:M1 M32 M41 M70 M80 M111 M133 M138 M154 | 13:M2 M46 M71 M87 M99 M116 M129 | 14:M55 M96 M126 M135 | 15:M10 M12 M53 M93 M142 | 16:M52 M139 | 17:M13 M54 M91 M145 | 18:M50 M89 M137 | 19:M45 M57 M95 | 20:M44 M65 M90 | 21:M15 M43 M63 M94 M140,,"domain reduction: sessions, fixed meetings, forbidden slots | precedence graph: transitive closure, cycle detection, arc-consistent bounds | (20),(22)-(27) exactly once over reduced domains | (19) participant atMost-one per slot | (46),(47) clustered table capacity with full channeling | (28) staircase/support precedence over reduced domains | usedSlot channeling + exact per-idle-slot break cost | (43) exactly |Mp| reduced usedSlot variables | (44) atMost 2|L| busy participants per slot | (45) exact even number of busy participants | exact unary total-break-slot counts and gap objective | (40) optional hard fairness cap: gap <= 1000",,,result,192981,19,193000
forum-13.fixed040-Forb,SAT,OPTIMAL,0.937985,71466,164250,19,0,164269,157.168,peak_process_tree_rss_mb,maxsat,staircase,yes,imp12+,408,14,"4,9,10,4,9,12,6,5,7,11,9,12,10,10,3,9,0,9,12,0,0,0,9,6,2,9,6,1,13,11,0,5,10,7,8,9,5,7,7,10,2,4,0,8,11,12,1,2,3,14,0,1,2,12,0,5,7,0,10,6,0,4,7,8,5,6,0,0,0,2","18,14,8,16,12,14,12,22,22,26,18,22,28,10,8,8,14,10,8,12,6","10,9,2,13,11,5,12,4,1,19,19,5,21,18,20,9,10,17,4,8,3,10,11,9,7,12,6,7,2,9,1,4,8,8,5,2,11,10,13,1,12,13,14,17,15,13,12,10,3,13,17,16,15,20,14,21,19,6,10,8,11,9,18,17,20,8,16,5,8,7,1,2,3,6,10,13,12,4,11,1,6,9,8,10,12,13,7,2,16,20,12,9,13,17,15,14,6,18,8,9,10,13,5,1,10,4,13,7,11,8,12,9,1,2,3,12,1,11,10,13,4,16,10,20,4,18,13,11,9,15,12,14,17,9,14,6,13,20,5,21,18,8,7,4,17,2,19,1,6,8,10,13,11,12",1:M9 M31 M40 M71 M80 M104 M113 M117 M148 | 2:M3 M29 M36 M72 M88 M114 M146 | 3:M21 M49 M73 M115 | 4:M8 M19 M32 M78 M106 M121 M125 M144 | 5:M6 M12 M35 M68 M103 M139 | 6:M27 M58 M74 M81 M97 M136 M149 | 7:M25 M28 M70 M87 M108 M143 | 8:M20 M33 M34 M60 M66 M69 M83 M99 M110 M142 M150 | 9:M2 M16 M24 M30 M62 M82 M92 M100 M112 M129 M134 | 10:M1 M17 M22 M38 M48 M59 M75 M84 M101 M105 M119 M123 M151 | 11:M5 M23 M37 M61 M79 M109 M118 M128 M153 | 12:M7 M26 M41 M47 M77 M85 M91 M111 M116 M131 M154 | 13:M4 M39 M42 M46 M50 M76 M86 M93 M102 M107 M120 M127 M137 M152 | 14:M43 M55 M96 M132 M135 | 15:M45 M53 M95 M130 | 16:M52 M67 M89 M122 | 17:M18 M44 M51 M64 M94 M133 M145 | 18:M14 M63 M98 M126 M141 | 19:M10 M11 M57 M147 | 20:M15 M54 M65 M90 M124 M138 | 21:M13 M56 M140,,"domain reduction: sessions, fixed meetings, forbidden slots | precedence graph: transitive closure, cycle detection, arc-consistent bounds | (20),(22)-(27) exactly once over reduced domains | (19) participant atMost-one per slot | (46),(47) clustered table capacity with full channeling | (28) staircase/support precedence over reduced domains | usedSlot channeling + exact per-idle-slot break cost | (43) exactly |Mp| reduced usedSlot variables | (44) atMost 2|L| busy participants per slot | (45) exact even number of busy participants | exact unary total-break-slot counts and gap objective | (40) optional hard fairness cap: gap <= 1000",,,result,164250,19,164269
forum-13.forb0003,SAT,OPTIMAL,3.329492,87032,207594,19,0,207613,178.004,peak_process_tree_rss_mb,maxsat,staircase,yes,imp12+,0,0,"0,0,0,0,0,0,0,0,0,0,0,0,0,0,0,0,0,0,0,0,0,0,0,0,0,0,0,0,0,0,0,0,0,0,0,0,0,0,0,0,0,0,0,0,0,0,0,0,0,0,0,0,0,0,0,0,0,0,0,0,0,0,0,0,0,0,0,0,0,0","6,10,20,26,26,28,28,28,28,26,26,24,18,8,4,2,0,0,0,0,0","4,7,8,11,10,6,9,12,5,14,2,7,3,5,4,6,1,8,3,7,2,5,6,4,4,6,10,6,12,11,7,8,9,9,10,13,12,8,11,7,12,13,14,16,15,4,5,3,9,11,8,3,4,5,10,7,6,10,12,11,9,3,8,4,5,6,7,5,13,6,8,12,4,7,9,11,10,9,5,12,11,13,7,4,8,6,3,10,5,11,9,2,3,7,10,6,4,8,13,8,10,11,12,9,7,1,6,9,8,2,5,3,4,7,5,6,10,11,9,13,12,4,10,12,14,6,3,7,9,5,13,11,8,6,8,9,14,7,5,15,3,13,1,2,11,12,10,4,12,8,10,13,11,9",1:M17 M106 M143 | 2:M11 M21 M92 M110 M144 | 3:M13 M19 M48 M52 M62 M87 M93 M112 M127 M141 | 4:M1 M15 M24 M25 M46 M53 M64 M73 M84 M97 M113 M122 M148 | 5:M9 M14 M22 M47 M54 M65 M68 M79 M89 M111 M115 M130 M139 | 6:M6 M16 M23 M26 M28 M57 M66 M70 M86 M96 M107 M116 M126 M134 | 7:M2 M12 M20 M31 M40 M56 M67 M74 M83 M94 M105 M114 M128 M138 | 8:M3 M18 M32 M38 M51 M63 M71 M85 M98 M100 M109 M133 M135 M150 | 9:M7 M33 M34 M49 M61 M75 M78 M91 M104 M108 M119 M129 M136 M154 | 10:M5 M27 M35 M55 M58 M77 M88 M95 M101 M117 M123 M147 M151 | 11:M4 M30 M39 M50 M60 M76 M81 M90 M102 M118 M132 M145 M153 | 12:M8 M29 M37 M41 M59 M72 M80 M103 M121 M124 M146 M149 | 13:M36 M42 M69 M82 M99 M120 M131 M142 M152 | 14:M10 M43 M125 M137 | 15:M45 M140 | 16:M44 | 17: | 18: | 19: | 20: | 21:,,"domain reduction: sessions, fixed meetings, forbidden slots | precedence graph: transitive closure, cycle detection, arc-consistent bounds | (20),(22)-(27) exactly once over reduced domains | (19) participant atMost-one per slot | (46),(47) clustered table capacity with full channeling | (28) staircase/support precedence over reduced domains | usedSlot channeling + exact per-idle-slot break cost | (43) exactly |Mp| reduced usedSlot variables | (44) atMost 2|L| busy participants per slot | (45) exact even number of busy participants | exact unary total-break-slot counts and gap objective | (40) optional hard fairness cap: gap <= 1000",,,result,207594,19,207613
forum-13.forb0007,SAT,OPTIMAL,4.560927,86892,207064,19,0,207083,176.488,peak_process_tree_rss_mb,maxsat,staircase,yes,imp12+,0,0,"0,0,0,0,0,0,0,0,0,0,0,0,0,0,0,0,0,0,0,0,0,0,0,0,0,0,0,0,0,0,0,0,0,0,0,0,0,0,0,0,0,0,0,0,0,0,0,0,0,0,0,0,0,0,0,0,0,0,0,0,0,0,0,0,0,0,0,0,0,0","4,8,18,18,26,28,28,26,28,28,28,26,22,10,6,4,0,0,0,0,0","6,5,7,10,13,9,12,11,8,14,12,13,10,9,16,11,15,14,4,7,3,5,2,6,3,5,4,6,8,10,5,9,7,6,9,12,11,7,10,8,12,13,14,16,15,11,6,7,7,13,6,5,12,8,11,9,10,10,13,12,11,13,6,4,5,7,3,4,10,5,12,11,6,8,3,9,7,9,6,12,11,13,5,7,8,4,10,3,7,3,9,8,4,6,11,10,5,2,12,9,10,13,11,8,5,10,11,13,8,9,6,7,12,8,9,4,2,5,6,3,1,9,4,13,14,10,5,3,6,11,12,8,7,5,2,3,12,4,9,15,11,10,8,6,1,14,7,13,11,8,10,12,9,7",1:M121 M145 | 2:M23 M98 M117 M135 | 3:M21 M25 M67 M75 M88 M90 M120 M128 M136 | 4:M19 M27 M64 M68 M86 M93 M116 M123 M138 | 5:M2 M22 M26 M31 M52 M65 M70 M83 M97 M105 M118 M127 M134 | 6:M1 M24 M28 M34 M47 M51 M63 M73 M79 M94 M111 M119 M129 M144 | 7:M3 M20 M33 M38 M48 M49 M66 M77 M84 M89 M112 M133 M147 M154 | 8:M9 M29 M40 M54 M74 M85 M92 M104 M109 M114 M132 M143 M150 | 9:M6 M14 M32 M35 M56 M76 M78 M91 M100 M110 M115 M122 M139 M153 | 10:M4 M13 M30 M39 M57 M58 M69 M87 M96 M101 M106 M126 M142 M151 | 11:M8 M16 M37 M46 M55 M61 M72 M81 M95 M103 M107 M130 M141 M149 | 12:M7 M11 M36 M41 M53 M60 M71 M80 M99 M113 M131 M137 M152 | 13:M5 M12 M42 M50 M59 M62 M82 M102 M108 M124 M148 | 14:M10 M18 M43 M125 M146 | 15:M17 M45 M140 | 16:M15 M44 | 17: | 18: | 19: | 20: | 21:,,"domain reduction: sessions, fixed meetings, forbidden slots | precedence graph: transitive closure, cycle detection, arc-consistent bounds | (20),(22)-(27) exactly once over reduced domains | (19) participant atMost-one per slot | (46),(47) clustered table capacity with full channeling | (28) staircase/support precedence over reduced domains | usedSlot channeling + exact per-idle-slot break cost | (43) exactly |Mp| reduced usedSlot variables | (44) atMost 2|L| busy participants per slot | (45) exact even number of busy participants | exact unary total-break-slot counts and gap objective | (40) optional hard fairness cap: gap <= 1000",,,result,207064,19,207083
forum-13crafb.fixed020-Forb,SAT,OPTIMAL,1.254475,85160,211390,20,0,211410,175.188,peak_process_tree_rss_mb,maxsat,staircase,yes,imp12+,494,17,"10,5,8,7,0,0,12,3,4,9,0,8,14,11,13,14,13,6,11,9,13,11,13,1,8,15,0,16,3,3,11,12,9,0,0,12,6,1,13,12,15,8,11,15,4,0,0,0,0,0,15,0,9,4,0,5,11,3,8,17,5,0,2,7,14,17,0,0,0,0,0,0,0,0,0,8","22,18,18,24,22,18,22,14,22,22,18,20,20,20,18,18,14,6,14,16,14,10","10,3,2,7,6,7,11,12,14,15,6,5,6,1,17,13,2,19,16,13,17,5,20,4,8,10,4,14,9,8,1,9,9,18,1,9,4,19,17,11,13,10,1,18,16,17,15,7,11,9,14,5,21,13,10,21,20,20,16,6,13,7,3,14,20,16,21,5,4,19,10,9,14,1,7,15,13,12,4,5,11,5,3,2,16,15,22,10,19,3,2,4,5,18,20,15,19,17,14,16,22,21,13,21,22,20,14,13,17,1,5,12,11,10,15,14,1,6,11,12,7,3,4,8,12,16,8,9,9,3,6,12,8,5,13,2,11,20,10,16,14,4,7,1,15,4,14,2,7,3,12,19,1,15,9,11,2,16,6,12,3,10,4,9,12,5,10,6,7,8,3,2,11,1,4,1,20,7,19,8,4,21,17,6,9,13,22,15,22,21,12,2,10,7,5",1:M14 M31 M35 M43 M74 M110 M117 M144 M153 M174 M176 | 2:M3 M17 M84 M91 M136 M148 M157 M172 M192 | 3:M2 M63 M83 M90 M122 M130 M150 M161 M171 | 4:M24 M27 M37 M69 M79 M92 M123 M142 M146 M163 M175 M181 | 5:M12 M22 M52 M68 M80 M82 M93 M111 M134 M166 M195 | 6:M5 M11 M13 M60 M118 M131 M159 M168 M184 | 7:M4 M6 M48 M62 M75 M121 M143 M149 M169 M178 M194 | 8:M25 M30 M124 M127 M133 M170 M180 | 9:M29 M32 M33 M36 M50 M72 M128 M129 M155 M164 M185 | 10:M1 M26 M42 M55 M71 M88 M114 M139 M162 M167 M193 | 11:M7 M40 M49 M81 M113 M119 M137 M156 M173 | 12:M8 M78 M112 M120 M125 M132 M151 M160 M165 M191 | 13:M16 M20 M41 M54 M61 M77 M103 M108 M135 M186 | 14:M9 M28 M51 M64 M73 M99 M107 M116 M141 M147 | 15:M10 M47 M76 M86 M96 M115 M145 M154 M188 | 16:M19 M45 M59 M66 M85 M100 M126 M140 M158 | 17:M15 M21 M39 M46 M98 M109 M183 | 18:M34 M44 M94 | 19:M18 M38 M70 M89 M97 M152 M179 | 20:M23 M57 M58 M65 M95 M106 M138 M177 | 21:M53 M56 M67 M102 M104 M182 M190 | 22:M87 M101 M105 M187 M189,,"domain reduction: sessions, fixed meetings, forbidden slots | precedence graph: transitive closure, cycle detection, arc-consistent bounds | (20),(22)-(27) exactly once over reduced domains | (19) participant atMost-one per slot | (46),(47) clustered table capacity with full channeling | (28) staircase/support precedence over reduced domains | usedSlot channeling + exact per-idle-slot break cost | (43) exactly |Mp| reduced usedSlot variables | (44) atMost 2|L| busy participants per slot | (45) exact even number of busy participants | exact unary total-break-slot counts and gap objective | (40) optional hard fairness cap: gap <= 1000",,,result,211390,20,211410
forum-13crafb.fixed040-Forb,UNSAT,UNSAT,0.931521,82663,198088,20,0,198108,152.414,peak_process_tree_rss_mb,maxsat,staircase,yes,imp12+,,,,,,,,"domain reduction: sessions, fixed meetings, forbidden slots | precedence graph: transitive closure, cycle detection, arc-consistent bounds | (20),(22)-(27) exactly once over reduced domains | (19) participant atMost-one per slot | (46),(47) clustered table capacity with full channeling | (28) staircase/support precedence over reduced domains | usedSlot channeling + exact per-idle-slot break cost | (43) exactly |Mp| reduced usedSlot variables | (44) atMost 2|L| busy participants per slot | (45) exact even number of busy participants | exact unary total-break-slot counts and gap objective | (40) optional hard fairness cap: gap <= 1000",,,result,198088,20,198108
forum-13crafb.forb0003,SAT,OPTIMAL,3.361396,103339,255628,20,0,255648,200.137,peak_process_tree_rss_mb,maxsat,staircase,yes,imp12+,95,2,"2,2,2,2,0,0,2,2,2,2,0,2,1,2,2,2,2,2,2,2,1,2,2,0,2,2,0,1,2,2,2,2,2,0,0,2,2,1,2,2,2,2,1,2,0,0,2,0,0,0,2,0,2,1,0,2,0,2,2,2,2,0,1,2,2,2,0,0,0,0,0,0,0,0,0,2","4,8,10,14,18,22,24,28,28,28,28,28,28,28,28,22,16,10,6,6,4,2","5,14,11,9,8,9,6,12,18,14,13,10,12,6,13,14,9,15,16,15,13,9,18,7,12,8,7,12,3,4,12,11,11,8,6,7,3,15,8,5,16,14,11,19,18,17,15,5,10,6,20,12,16,13,9,13,11,7,6,5,13,9,12,15,14,17,16,21,10,17,7,5,4,8,2,15,16,6,10,11,9,12,10,11,14,16,13,9,4,8,7,12,9,20,13,14,19,17,18,21,22,16,15,11,16,17,9,12,13,16,10,8,15,15,14,13,6,8,12,10,7,5,4,11,13,15,14,10,12,7,3,2,1,14,13,19,9,8,6,20,5,17,4,10,15,7,10,11,8,10,8,9,14,8,13,9,14,17,6,11,12,15,16,6,7,3,9,4,11,5,8,1,10,12,2,10,5,7,6,14,16,2,18,3,17,15,11,4,10,8,7,15,14,11,13",1:M133 M172 | 2:M75 M132 M175 M182 | 3:M29 M37 M131 M166 M184 | 4:M30 M73 M89 M123 M143 M168 M188 | 5:M1 M40 M48 M60 M72 M122 M141 M170 M177 | 6:M7 M14 M35 M50 M59 M78 M117 M139 M159 M164 M179 | 7:M24 M27 M36 M58 M71 M91 M121 M130 M146 M165 M178 M191 | 8:M5 M26 M34 M39 M74 M90 M112 M118 M138 M149 M151 M154 M171 M190 | 9:M4 M6 M17 M22 M55 M62 M81 M88 M93 M107 M137 M152 M156 M167 | 10:M12 M49 M69 M79 M83 M111 M120 M128 M144 M147 M150 M173 M176 M189 | 11:M3 M32 M33 M43 M57 M80 M84 M104 M124 M148 M160 M169 M187 M194 | 12:M8 M13 M25 M28 M31 M52 M63 M82 M92 M108 M119 M129 M161 M174 | 13:M11 M15 M21 M54 M56 M61 M87 M95 M109 M116 M125 M135 M155 M195 | 14:M2 M10 M16 M42 M65 M85 M96 M115 M127 M134 M153 M157 M180 M193 | 15:M18 M20 M38 M47 M64 M76 M103 M113 M114 M126 M145 M162 M186 M192 | 16:M19 M41 M53 M67 M77 M86 M102 M105 M110 M163 M181 | 17:M46 M66 M70 M98 M106 M142 M158 M185 | 18:M9 M23 M45 M99 M183 | 19:M44 M97 M136 | 20:M51 M94 M140 | 21:M68 M100 | 22:M101,,"domain reduction: sessions, fixed meetings, forbidden slots | precedence graph: transitive closure, cycle detection, arc-consistent bounds | (20),(22)-(27) exactly once over reduced domains | (19) participant atMost-one per slot | (46),(47) clustered table capacity with full channeling | (28) staircase/support precedence over reduced domains | usedSlot channeling + exact per-idle-slot break cost | (43) exactly |Mp| reduced usedSlot variables | (44) atMost 2|L| busy participants per slot | (45) exact even number of busy participants | exact unary total-break-slot counts and gap objective | (40) optional hard fairness cap: gap <= 1000",,,result,255628,20,255648
forum-13crafb.forb0007,SAT,OPTIMAL,5.261052,103208,254849,20,0,254869,201.805,peak_process_tree_rss_mb,maxsat,staircase,yes,imp12+,97,2,"2,2,2,2,0,0,2,2,2,2,0,0,0,2,2,2,2,2,2,2,2,2,2,2,2,2,0,1,2,2,2,2,2,0,0,2,2,2,2,2,2,1,1,2,2,0,1,0,0,0,2,0,2,2,0,2,0,2,2,2,2,0,1,2,2,2,0,0,0,0,0,0,0,0,0,2","8,8,12,12,16,20,26,28,26,28,28,26,28,28,26,24,20,10,8,4,2,2","6,16,11,10,12,8,9,13,15,16,12,11,12,7,15,13,10,14,15,14,13,11,17,9,12,7,17,14,6,7,10,11,11,16,14,8,4,9,6,18,16,17,5,14,16,14,13,5,10,8,19,3,15,18,6,13,12,6,7,9,15,8,10,14,13,16,20,17,18,15,7,4,2,6,5,12,16,10,11,9,3,10,11,9,14,13,15,9,11,8,7,8,10,20,16,19,15,17,14,22,21,18,13,11,17,15,14,13,16,9,8,7,17,10,14,5,12,8,11,9,7,4,3,15,12,8,11,13,7,5,4,12,1,11,13,15,3,16,14,19,6,10,2,17,8,7,13,8,10,16,10,12,11,17,8,12,18,9,19,14,13,16,15,6,4,5,11,3,8,7,10,2,9,12,1,9,7,15,1,14,8,4,12,17,6,13,10,5,7,5,3,9,2,1,6",1:M133 M175 M179 M194 | 2:M73 M143 M172 M193 | 3:M52 M81 M123 M137 M168 M191 | 4:M37 M72 M122 M131 M165 M182 | 5:M43 M48 M75 M116 M130 M166 M188 M190 | 6:M1 M29 M39 M55 M58 M74 M141 M164 M185 M195 | 7:M14 M26 M30 M59 M71 M91 M112 M121 M129 M146 M170 M177 M189 | 8:M6 M36 M50 M62 M90 M92 M111 M118 M126 M145 M148 M155 M169 M181 | 9:M7 M24 M38 M60 M80 M84 M88 M110 M120 M158 M173 M176 M192 | 10:M4 M17 M31 M49 M63 M78 M82 M93 M114 M142 M149 M151 M171 M187 | 11:M3 M12 M22 M32 M33 M79 M83 M89 M104 M119 M127 M134 M153 M167 | 12:M5 M11 M13 M25 M57 M76 M117 M125 M132 M152 M156 M174 M183 | 13:M8 M16 M21 M47 M56 M65 M86 M103 M108 M128 M135 M147 M161 M186 | 14:M18 M20 M28 M35 M44 M46 M64 M85 M99 M107 M115 M139 M160 M180 | 15:M9 M15 M19 M53 M61 M70 M87 M97 M106 M124 M136 M163 M178 | 16:M2 M10 M34 M41 M45 M66 M77 M95 M109 M138 M150 M162 | 17:M23 M27 M42 M68 M98 M105 M113 M144 M154 M184 | 18:M40 M54 M69 M102 M157 | 19:M51 M96 M140 M159 | 20:M67 M94 | 21:M101 | 22:M100,,"domain reduction: sessions, fixed meetings, forbidden slots | precedence graph: transitive closure, cycle detection, arc-consistent bounds | (20),(22)-(27) exactly once over reduced domains | (19) participant atMost-one per slot | (46),(47) clustered table capacity with full channeling | (28) staircase/support precedence over reduced domains | usedSlot channeling + exact per-idle-slot break cost | (43) exactly |Mp| reduced usedSlot variables | (44) atMost 2|L| busy participants per slot | (45) exact even number of busy participants | exact unary total-break-slot counts and gap objective | (40) optional hard fairness cap: gap <= 1000",,,result,254849,20,254869
forum-13crafc.fixed020-Forb,SAT,OPTIMAL,1.064665,83896,193301,19,0,193320,169.188,peak_process_tree_rss_mb,maxsat,staircase,yes,imp12+,380,12,"3,12,12,3,6,9,5,4,12,6,11,11,4,12,2,3,0,6,9,0,0,0,0,11,6,11,4,9,11,7,5,5,11,9,10,1,3,6,11,9,4,4,0,11,4,12,3,6,2,4,0,7,2,10,0,7,3,0,4,3,0,1,11,4,9,6,0,0,0,4","22,18,6,20,22,24,22,18,16,24,22,14,20,10,10,8,8,4,6,10,4","2,12,4,10,11,3,9,8,1,15,15,9,19,14,1,13,10,12,4,8,5,7,6,1,7,10,4,7,2,5,11,13,1,10,5,6,11,7,1,2,12,13,14,14,20,13,12,9,10,17,2,16,6,5,9,13,19,6,7,13,11,1,18,5,20,7,17,5,1,11,7,2,3,6,12,9,8,1,2,5,6,7,9,3,8,10,13,11,16,20,12,5,9,15,11,14,6,4,6,2,10,7,8,4,10,8,13,11,6,4,12,5,7,4,1,8,11,6,10,2,5,9,8,20,21,17,10,16,15,1,4,19,13,1,7,11,15,8,18,21,16,10,20,4,17,2,6,14,4,5,10,11,13,6",1:M9 M15 M24 M33 M39 M62 M69 M78 M115 M130 M134 | 2:M1 M29 M40 M51 M72 M79 M100 M120 M146 | 3:M6 M73 M84 | 4:M3 M19 M27 M98 M104 M110 M114 M131 M144 M149 | 5:M21 M30 M35 M54 M64 M68 M80 M92 M112 M121 M150 | 6:M23 M36 M53 M58 M74 M81 M97 M99 M109 M118 M147 M154 | 7:M22 M25 M28 M38 M59 M66 M71 M82 M102 M113 M135 | 8:M8 M20 M77 M85 M103 M106 M116 M123 M138 | 9:M7 M12 M48 M55 M76 M83 M93 M122 | 10:M4 M17 M26 M34 M49 M86 M101 M105 M119 M127 M142 M151 | 11:M5 M31 M37 M61 M70 M88 M95 M108 M117 M136 M152 | 12:M2 M18 M41 M47 M75 M91 M111 | 13:M16 M32 M42 M46 M56 M60 M87 M107 M133 M153 | 14:M14 M43 M44 M96 M148 | 15:M10 M11 M94 M129 M137 | 16:M52 M89 M128 M141 | 17:M50 M67 M126 M145 | 18:M63 M139 | 19:M13 M57 M132 | 20:M45 M65 M90 M124 M143 | 21:M125 M140,,"domain reduction: sessions, fixed meetings, forbidden slots | precedence graph: transitive closure, cycle detection, arc-consistent bounds | (20),(22)-(27) exactly once over reduced domains | (19) participant atMost-one per slot | (46),(47) clustered table capacity with full channeling | (28) staircase/support precedence over reduced domains | usedSlot channeling + exact per-idle-slot break cost | (43) exactly |Mp| reduced usedSlot variables | (44) atMost 2|L| busy participants per slot | (45) exact even number of busy participants | exact unary total-break-slot counts and gap objective | (40) optional hard fairness cap: gap <= 1000",,,result,193301,19,193320
forum-13crafc.fixed040-Forb,SAT,OPTIMAL,1.03078,71624,164618,19,0,164637,156.059,peak_process_tree_rss_mb,maxsat,staircase,yes,imp12+,374,14,"4,5,10,5,9,9,4,5,7,5,5,14,0,10,0,11,0,8,4,0,0,0,5,13,4,5,4,5,10,2,14,6,13,5,9,9,3,7,11,10,2,4,0,8,11,12,1,11,3,14,0,2,1,3,0,5,7,0,10,1,0,4,7,8,0,6,0,0,0,4","20,14,10,16,16,20,18,18,22,24,20,20,22,10,8,8,8,8,8,10,8","5,9,2,13,7,6,12,4,1,15,19,14,21,11,13,9,10,17,4,7,3,6,8,5,7,12,11,7,2,1,8,5,6,8,5,9,11,7,6,1,12,4,14,18,21,13,4,10,3,14,11,16,15,20,13,21,19,6,10,9,11,9,18,17,20,8,16,1,7,5,12,2,3,6,10,13,8,11,9,1,7,5,8,10,12,4,6,2,12,20,8,9,15,16,13,14,6,10,12,9,10,13,11,1,10,2,13,11,1,3,12,9,4,13,12,4,1,11,10,3,2,19,10,20,16,18,15,11,12,9,13,14,17,9,6,8,13,10,20,21,5,1,7,4,17,2,19,18,6,1,10,5,8,7",1:M9 M30 M40 M68 M80 M104 M109 M117 M142 M150 | 2:M3 M29 M72 M88 M106 M121 M146 | 3:M21 M49 M73 M110 M120 | 4:M8 M19 M42 M47 M86 M113 M116 M144 | 5:M1 M24 M32 M35 M70 M82 M141 M152 | 6:M6 M22 M33 M39 M58 M74 M87 M97 M135 M149 | 7:M5 M20 M25 M28 M38 M69 M81 M143 M154 | 8:M23 M31 M34 M66 M77 M83 M91 M136 M153 | 9:M2 M16 M36 M60 M62 M79 M92 M100 M112 M130 M134 | 10:M17 M48 M59 M75 M84 M98 M101 M105 M119 M123 M138 M151 | 11:M14 M27 M37 M51 M61 M78 M103 M108 M118 M128 | 12:M7 M26 M41 M71 M85 M89 M99 M111 M115 M129 | 13:M4 M15 M46 M55 M76 M95 M102 M107 M114 M131 M137 | 14:M12 M43 M50 M96 M132 | 15:M10 M53 M93 M127 | 16:M52 M67 M94 M125 | 17:M18 M64 M133 M145 | 18:M44 M63 M126 M148 | 19:M11 M57 M122 M147 | 20:M54 M65 M90 M124 M139 | 21:M13 M45 M56 M140,,"domain reduction: sessions, fixed meetings, forbidden slots | precedence graph: transitive closure, cycle detection, arc-consistent bounds | (20),(22)-(27) exactly once over reduced domains | (19) participant atMost-one per slot | (46),(47) clustered table capacity with full channeling | (28) staircase/support precedence over reduced domains | usedSlot channeling + exact per-idle-slot break cost | (43) exactly |Mp| reduced usedSlot variables | (44) atMost 2|L| busy participants per slot | (45) exact even number of busy participants | exact unary total-break-slot counts and gap objective | (40) optional hard fairness cap: gap <= 1000",,,result,164618,19,164637
forum-13crafc.forb0003,SAT,OPTIMAL,16.370576,87162,207906,19,0,207925,187.797,peak_process_tree_rss_mb,maxsat,staircase,yes,imp12+,44,1,"1,0,1,0,1,1,1,0,1,1,1,0,1,1,1,0,0,1,1,0,0,0,0,1,1,0,1,1,1,1,1,1,1,0,1,0,0,1,1,1,1,0,0,1,1,1,1,0,1,0,0,1,1,0,0,1,1,0,1,1,0,1,1,1,1,1,0,0,0,1","10,12,18,24,24,24,24,24,24,24,22,24,24,12,6,8,4,0,0,0,0","3,8,4,11,12,6,5,7,10,14,12,14,15,9,17,16,13,11,1,5,2,3,7,4,11,6,4,3,9,10,8,6,7,6,12,9,8,7,10,13,13,12,14,17,16,10,9,4,10,7,11,8,14,6,13,12,5,9,13,12,11,13,1,3,6,5,2,6,5,7,11,3,9,4,2,1,10,11,5,10,12,13,2,7,8,3,6,4,4,9,6,13,3,8,11,12,5,7,13,7,8,12,10,9,7,11,13,10,12,8,6,5,4,5,10,4,1,8,9,2,3,16,13,15,14,9,4,10,11,5,8,12,6,2,7,5,8,12,9,16,15,4,6,1,3,14,11,13,8,7,9,10,5,4",1:M19 M63 M76 M117 M144 | 2:M21 M67 M75 M83 M120 M134 | 3:M1 M22 M28 M64 M72 M86 M93 M121 M145 | 4:M3 M24 M27 M48 M74 M88 M89 M113 M116 M127 M142 M154 | 5:M7 M20 M57 M66 M69 M79 M97 M112 M114 M130 M136 M153 | 6:M6 M26 M32 M34 M54 M65 M68 M87 M91 M111 M133 M143 | 7:M8 M23 M33 M38 M50 M70 M84 M98 M100 M105 M135 M150 | 8:M2 M31 M37 M52 M85 M94 M101 M110 M118 M131 M137 M149 | 9:M14 M29 M36 M47 M58 M73 M90 M104 M119 M126 M139 M151 | 10:M9 M30 M39 M46 M49 M77 M80 M103 M108 M115 M128 M152 | 11:M4 M18 M25 M51 M61 M71 M78 M95 M106 M129 M147 | 12:M5 M11 M35 M42 M56 M60 M81 M96 M102 M109 M132 M138 | 13:M17 M40 M41 M55 M59 M62 M82 M92 M99 M107 M123 M148 | 14:M10 M12 M43 M53 M125 M146 | 15:M13 M124 M141 | 16:M16 M45 M122 M140 | 17:M15 M44 | 18: | 19: | 20: | 21:,,"domain reduction: sessions, fixed meetings, forbidden slots | precedence graph: transitive closure, cycle detection, arc-consistent bounds | (20),(22)-(27) exactly once over reduced domains | (19) participant atMost-one per slot | (46),(47) clustered table capacity with full channeling | (28) staircase/support precedence over reduced domains | usedSlot channeling + exact per-idle-slot break cost | (43) exactly |Mp| reduced usedSlot variables | (44) atMost 2|L| busy participants per slot | (45) exact even number of busy participants | exact unary total-break-slot counts and gap objective | (40) optional hard fairness cap: gap <= 1000",,,result,207906,19,207925
forum-13crafc.forb0007,SAT,OPTIMAL,117.926109,87024,207380,19,0,207399,285.453,peak_process_tree_rss_mb,maxsat,staircase,yes,imp12+,44,1,"1,0,1,0,1,1,1,1,1,1,0,1,1,1,0,0,0,1,1,0,0,0,0,1,1,1,1,1,1,1,0,1,1,0,1,0,0,1,1,1,1,0,0,1,1,1,1,1,1,0,0,1,1,1,0,1,1,0,1,0,0,1,1,1,0,1,0,0,0,1","8,18,20,22,20,24,24,24,24,24,22,24,22,10,8,6,4,2,2,0,0","2,5,1,4,9,3,10,7,6,14,1,5,7,8,4,6,2,3,3,4,1,2,5,6,6,9,3,4,7,10,5,6,8,8,6,12,7,10,11,13,12,13,14,16,15,2,8,4,4,5,3,10,9,2,11,8,6,9,13,12,10,5,12,17,13,15,14,3,5,7,6,12,11,13,9,4,10,8,2,11,10,13,9,3,7,12,6,4,4,7,5,6,2,10,9,11,3,12,13,12,8,7,9,11,5,3,8,4,11,7,2,10,9,11,12,8,10,9,13,7,6,9,13,18,17,11,19,14,12,8,10,16,15,1,6,2,4,9,12,15,8,13,3,16,11,5,14,7,13,7,8,12,11,10",1:M3 M11 M21 M134 | 2:M1 M17 M22 M46 M54 M79 M93 M111 M136 | 3:M6 M18 M19 M27 M51 M68 M84 M97 M106 M143 | 4:M4 M15 M20 M28 M48 M49 M76 M88 M89 M108 M137 | 5:M2 M12 M23 M31 M50 M62 M69 M91 M105 M146 | 6:M9 M16 M24 M25 M32 M35 M57 M71 M87 M92 M121 M135 | 7:M8 M13 M29 M37 M70 M85 M90 M102 M110 M120 M148 M150 | 8:M14 M33 M34 M47 M56 M78 M101 M107 M116 M130 M141 M151 | 9:M5 M26 M53 M58 M75 M83 M95 M103 M113 M118 M122 M138 | 10:M7 M30 M38 M52 M61 M77 M81 M94 M112 M117 M131 M154 | 11:M39 M55 M73 M80 M96 M104 M109 M114 M126 M145 M153 | 12:M36 M41 M60 M63 M72 M86 M98 M100 M115 M129 M139 M152 | 13:M40 M42 M59 M65 M74 M82 M99 M119 M123 M142 M149 | 14:M10 M43 M67 M128 M147 | 15:M45 M66 M133 M140 | 16:M44 M132 M144 | 17:M64 M125 | 18:M124 | 19:M127 | 20: | 21:,,"domain reduction: sessions, fixed meetings, forbidden slots | precedence graph: transitive closure, cycle detection, arc-consistent bounds | (20),(22)-(27) exactly once over reduced domains | (19) participant atMost-one per slot | (46),(47) clustered table capacity with full channeling | (28) staircase/support precedence over reduced domains | usedSlot channeling + exact per-idle-slot break cost | (43) exactly |Mp| reduced usedSlot variables | (44) atMost 2|L| busy participants per slot | (45) exact even number of busy participants | exact unary total-break-slot counts and gap objective | (40) optional hard fairness cap: gap <= 1000",,,result,207380,19,207399
forum-14.fixed020-Forb,SAT,OPTIMAL,2.149141,136725,330847,20,0,330867,225.785,peak_process_tree_rss_mb,maxsat,staircase,yes,imp12+,460,10,"7,5,8,4,9,10,0,8,0,0,0,6,0,3,0,0,8,0,10,10,10,8,10,2,4,10,9,7,10,3,9,6,10,9,9,4,10,5,10,4,10,6,10,9,8,0,8,4,6,10,3,4,4,4,7,7,2,3,7,4,0,7,9,7,5,10,3,0,4,10,7,10,0,8,4,6,10,7","18,24,30,28,34,36,42,38,40,32,34,38,30,28,24,24,20,20,16,20,14,14","22,8,18,20,12,7,3,14,15,13,13,5,4,11,3,6,10,7,12,1,7,11,17,21,7,13,12,15,7,3,21,3,15,11,14,8,10,7,12,22,9,18,19,7,14,16,15,9,4,11,13,10,2,11,9,8,12,9,2,21,14,11,15,15,16,13,20,10,22,18,20,12,4,15,5,18,12,19,15,20,14,3,13,22,6,10,16,19,4,8,7,11,5,15,5,11,6,19,9,10,8,4,5,9,13,16,8,11,21,6,13,19,7,5,3,5,4,7,12,3,2,6,9,2,8,7,6,9,12,5,10,9,16,19,14,17,10,13,5,8,2,9,13,6,4,20,5,2,3,1,14,13,12,16,20,15,6,8,4,14,16,13,6,1,14,3,20,22,21,18,17,16,12,11,9,2,10,4,7,16,14,8,18,5,6,9,17,18,11,7,1,3,8,10,7,14,12,8,20,8,19,3,17,6,7,18,16,12,9,6,4,14,11,17,10,15,13,6,5,19,1,9,7,13,18,21,8,17,16,12,10,4,2,11,22,3,15,14,20,3,12,1,13,6,17,5,7,9,8,2,10,11,9,7,22,8,20,17,2,7,9,5,1,11,8,12,3,6,10,4,6,9,5,4,16,10,5,2,12,1,7,9,8,17,12,21,14,11,18,6,11,8,4,9,7,5,6,12,2,1,10,3",1:M20 M150 M164 M191 M221 M242 M263 M280 M300 | 2:M53 M59 M121 M124 M141 M148 M176 M233 M250 M259 M278 M299 | 3:M7 M15 M30 M32 M82 M115 M120 M149 M166 M192 M202 M236 M240 M267 M302 | 4:M13 M49 M73 M89 M102 M117 M145 M159 M178 M211 M232 M270 M274 M293 | 5:M12 M75 M93 M95 M103 M114 M116 M130 M139 M147 M184 M219 M246 M262 M273 M277 M296 | 6:M16 M85 M97 M110 M122 M127 M144 M157 M163 M185 M204 M210 M218 M244 M268 M271 M290 M297 | 7:M6 M18 M21 M25 M29 M38 M44 M91 M113 M118 M126 M179 M190 M195 M205 M223 M247 M254 M260 M281 M295 | 8:M2 M36 M56 M90 M101 M107 M125 M140 M158 M182 M193 M198 M200 M227 M249 M256 M265 M283 M292 | 9:M41 M48 M55 M58 M99 M104 M123 M128 M132 M142 M175 M186 M209 M222 M248 M253 M261 M272 M282 M294 | 10:M17 M37 M52 M68 M86 M100 M131 M137 M177 M194 M215 M231 M251 M269 M276 M301 | 11:M14 M22 M34 M50 M54 M62 M92 M96 M108 M174 M189 M213 M234 M252 M264 M288 M291 | 12:M5 M19 M27 M39 M57 M72 M77 M119 M129 M153 M173 M197 M208 M230 M241 M266 M279 M285 M298 | 13:M10 M11 M26 M51 M66 M83 M105 M111 M138 M143 M152 M162 M217 M224 M243 | 14:M8 M35 M45 M61 M81 M135 M151 M160 M165 M181 M196 M212 M238 M287 | 15:M9 M28 M33 M47 M63 M64 M74 M79 M94 M156 M216 M237 | 16:M46 M65 M87 M106 M133 M154 M161 M172 M180 M207 M229 M275 | 17:M23 M136 M171 M187 M203 M214 M228 M245 M258 M284 | 18:M3 M42 M70 M76 M170 M183 M188 M206 M225 M289 | 19:M43 M78 M88 M98 M112 M134 M201 M220 | 20:M4 M67 M71 M80 M146 M155 M167 M199 M239 M257 | 21:M24 M31 M60 M109 M169 M226 M286 | 22:M1 M40 M69 M84 M168 M235 M255,,"domain reduction: sessions, fixed meetings, forbidden slots | precedence graph: transitive closure, cycle detection, arc-consistent bounds | (20),(22)-(27) exactly once over reduced domains | (19) participant atMost-one per slot | (46),(47) clustered table capacity with full channeling | (28) staircase/support precedence over reduced domains | usedSlot channeling + exact per-idle-slot break cost | (43) exactly |Mp| reduced usedSlot variables | (44) atMost 2|L| busy participants per slot | (45) exact even number of busy participants | exact unary total-break-slot counts and gap objective | (40) optional hard fairness cap: gap <= 1000",,,result,330847,20,330867
forum-14.fixed040-Forb,SAT,OPTIMAL,1.741423,127277,295357,20,0,295377,212.977,peak_process_tree_rss_mb,maxsat,staircase,yes,imp12+,497,16,"9,11,5,11,12,13,0,1,0,0,16,4,0,8,0,0,8,0,9,4,12,6,10,4,5,10,16,6,7,11,13,7,10,11,10,4,7,8,2,11,6,9,11,5,6,1,8,1,8,7,12,13,13,4,8,9,2,0,4,1,0,7,5,5,2,2,11,0,0,10,2,13,0,6,3,5,10,7","26,20,32,32,34,34,36,32,28,38,34,32,28,24,28,24,24,24,20,18,22,14","22,8,17,20,12,21,14,14,15,13,13,12,4,3,10,11,5,1,7,6,12,11,17,16,6,19,17,15,3,5,21,17,2,21,11,8,5,16,13,14,6,18,19,14,2,20,7,11,21,19,9,7,10,8,6,11,12,7,21,3,19,16,12,15,4,1,20,5,22,6,16,12,4,3,18,19,16,9,15,22,8,18,6,17,7,2,13,5,21,15,18,1,20,7,5,10,6,4,20,10,16,1,10,16,9,7,8,11,18,6,4,13,12,14,21,7,6,2,12,1,10,4,3,10,7,9,6,11,12,5,8,22,20,18,16,19,10,13,17,8,15,15,4,19,4,13,14,17,16,1,16,5,12,4,9,11,20,3,4,8,17,13,10,5,19,6,22,20,15,18,21,8,12,11,19,2,10,13,18,1,3,8,15,5,6,8,17,18,11,14,7,5,10,9,9,7,3,8,5,11,6,3,4,10,7,12,16,3,2,22,4,1,14,17,18,15,13,7,17,4,1,9,6,3,22,5,8,20,18,14,10,19,2,11,12,16,13,15,21,10,3,1,13,5,15,8,10,9,14,13,7,11,9,7,3,15,21,6,3,7,2,6,5,12,8,11,1,9,10,4,14,11,9,4,10,1,5,2,12,9,7,10,11,18,17,21,13,14,3,15,11,5,3,2,6,10,12,8,9,4,1,7",1:M18 M66 M92 M102 M120 M150 M180 M212 M221 M242 M267 M276 M301 | 2:M33 M45 M86 M118 M176 M209 M233 M261 M278 M294 | 3:M14 M29 M60 M74 M123 M158 M181 M197 M202 M208 M224 M241 M255 M259 M289 M293 | 4:M13 M65 M73 M98 M111 M122 M143 M145 M154 M159 M203 M211 M220 M270 M274 M300 | 5:M17 M30 M37 M68 M88 M95 M130 M152 M164 M184 M192 M199 M226 M244 M263 M277 M292 | 6:M20 M25 M41 M55 M70 M83 M97 M110 M117 M127 M166 M185 M201 M223 M258 M262 M295 | 7:M19 M47 M52 M58 M85 M94 M106 M116 M125 M191 M196 M205 M218 M251 M254 M260 M281 M302 | 8:M2 M36 M54 M81 M107 M131 M140 M160 M172 M182 M186 M198 M227 M246 M265 M298 | 9:M51 M78 M105 M126 M155 M194 M195 M222 M248 M253 M268 M273 M280 M299 | 10:M15 M53 M96 M100 M103 M121 M124 M137 M163 M177 M193 M204 M231 M240 M247 M269 M275 M282 M296 | 11:M16 M22 M35 M48 M56 M108 M128 M156 M174 M189 M200 M234 M252 M266 M272 M283 M291 | 12:M5 M12 M21 M57 M63 M72 M113 M119 M129 M153 M173 M206 M235 M264 M279 M297 | 13:M10 M11 M39 M87 M112 M138 M146 M162 M178 M217 M237 M243 M250 M287 | 14:M7 M8 M40 M44 M114 M147 M190 M213 M230 M249 M271 M288 | 15:M9 M28 M64 M79 M90 M141 M142 M169 M183 M216 M238 M245 M256 M290 | 16:M24 M38 M62 M71 M77 M101 M104 M135 M149 M151 M207 M236 | 17:M3 M23 M27 M32 M84 M139 M148 M161 M187 M214 M219 M285 | 18:M42 M75 M82 M91 M109 M134 M170 M179 M188 M215 M229 M284 | 19:M26 M43 M50 M61 M76 M136 M144 M165 M175 M232 | 20:M4 M46 M67 M93 M99 M133 M157 M168 M228 | 21:M6 M31 M34 M49 M59 M89 M115 M171 M239 M257 M286 | 22:M1 M69 M80 M132 M167 M210 M225,,"domain reduction: sessions, fixed meetings, forbidden slots | precedence graph: transitive closure, cycle detection, arc-consistent bounds | (20),(22)-(27) exactly once over reduced domains | (19) participant atMost-one per slot | (46),(47) clustered table capacity with full channeling | (28) staircase/support precedence over reduced domains | usedSlot channeling + exact per-idle-slot break cost | (43) exactly |Mp| reduced usedSlot variables | (44) atMost 2|L| busy participants per slot | (45) exact even number of busy participants | exact unary total-break-slot counts and gap objective | (40) optional hard fairness cap: gap <= 1000",,,result,295357,20,295377
forum-14.forb0003,SAT,OPTIMAL,26.611188,154546,393367,20,0,393387,257.996,peak_process_tree_rss_mb,maxsat,staircase,yes,imp12+,0,0,"0,0,0,0,0,0,0,0,0,0,0,0,0,0,0,0,0,0,0,0,0,0,0,0,0,0,0,0,0,0,0,0,0,0,0,0,0,0,0,0,0,0,0,0,0,0,0,0,0,0,0,0,0,0,0,0,0,0,0,0,0,0,0,0,0,0,0,0,0,0,0,0,0,0,0,0,0,0","10,14,18,22,28,30,34,38,42,44,44,44,42,40,38,34,26,22,14,10,6,4","12,10,14,13,19,11,13,15,14,16,13,4,11,10,9,6,3,8,5,12,11,14,13,10,13,12,11,13,12,16,14,12,15,13,6,16,9,7,8,18,11,14,17,13,15,20,6,12,18,14,7,12,8,3,10,11,9,12,11,15,18,13,16,14,15,10,12,17,14,19,13,22,15,18,16,15,8,17,9,19,5,7,12,13,21,14,6,17,6,5,18,13,16,7,10,7,16,19,20,15,17,16,17,15,11,9,10,14,18,14,15,9,13,11,5,10,8,4,12,9,11,2,5,7,5,2,11,3,6,9,10,12,13,17,8,10,16,14,7,9,15,8,4,5,8,7,3,6,2,4,18,13,10,14,17,16,11,9,4,8,6,20,9,18,16,14,15,8,21,19,11,10,13,12,7,3,17,10,9,4,1,12,15,13,8,9,12,11,5,4,6,8,7,10,17,13,14,16,11,10,12,6,5,7,8,9,11,8,1,2,5,10,6,3,4,7,9,22,11,5,14,18,17,6,19,7,20,16,12,9,2,8,1,21,13,10,3,15,4,9,14,15,16,12,7,14,8,15,13,9,10,11,14,11,12,10,13,15,8,6,7,11,3,4,1,5,10,9,12,2,19,20,16,17,18,9,6,10,5,7,11,12,8,16,17,18,15,15,16,14,10,11,2,12,1,9,6,5,4,8,3,7",1:M181 M209 M233 M265 M295 | 2:M122 M126 M149 M210 M231 M270 M293 | 3:M17 M54 M128 M147 M176 M214 M237 M263 M301 | 4:M12 M118 M143 M150 M159 M180 M190 M215 M239 M264 M299 | 5:M19 M81 M90 M115 M123 M125 M144 M189 M203 M211 M220 M266 M279 M298 | 6:M16 M35 M47 M87 M89 M129 M148 M161 M191 M202 M213 M224 M260 M277 M297 | 7:M38 M51 M82 M94 M96 M124 M139 M146 M175 M193 M204 M216 M226 M245 M261 M280 M302 | 8:M18 M39 M53 M77 M117 M135 M142 M145 M160 M168 M185 M192 M205 M208 M232 M247 M259 M283 M300 | 9:M15 M37 M57 M79 M106 M112 M120 M130 M140 M158 M163 M179 M186 M206 M217 M230 M240 M250 M268 M276 M296 | 10:M2 M14 M24 M55 M66 M95 M107 M116 M131 M136 M153 M172 M178 M194 M200 M212 M236 M251 M256 M267 M278 M291 | 11:M6 M13 M21 M27 M41 M56 M59 M105 M114 M121 M127 M157 M171 M188 M199 M207 M219 M252 M254 M262 M281 M292 | 12:M1 M20 M26 M29 M32 M48 M52 M58 M67 M83 M119 M132 M174 M182 M187 M201 M229 M244 M255 M269 M282 M294 | 13:M4 M7 M11 M23 M25 M28 M34 M44 M62 M71 M84 M92 M113 M133 M152 M173 M184 M196 M235 M249 M257 | 14:M3 M9 M22 M31 M42 M50 M64 M69 M86 M108 M110 M138 M154 M166 M197 M221 M241 M246 M253 M290 | 15:M8 M33 M45 M60 M65 M73 M76 M100 M104 M111 M141 M167 M183 M238 M242 M248 M258 M287 M288 | 16:M10 M30 M36 M63 M75 M93 M97 M102 M137 M156 M165 M198 M228 M243 M273 M284 M289 | 17:M43 M68 M78 M88 M101 M103 M134 M155 M177 M195 M223 M274 M285 | 18:M40 M49 M61 M74 M91 M109 M151 M164 M222 M275 M286 | 19:M5 M70 M80 M98 M170 M225 M271 | 20:M46 M99 M162 M227 M272 | 21:M85 M169 M234 | 22:M72 M218,,"domain reduction: sessions, fixed meetings, forbidden slots | precedence graph: transitive closure, cycle detection, arc-consistent bounds | (20),(22)-(27) exactly once over reduced domains | (19) participant atMost-one per slot | (46),(47) clustered table capacity with full channeling | (28) staircase/support precedence over reduced domains | usedSlot channeling + exact per-idle-slot break cost | (43) exactly |Mp| reduced usedSlot variables | (44) atMost 2|L| busy participants per slot | (45) exact even number of busy participants | exact unary total-break-slot counts and gap objective | (40) optional hard fairness cap: gap <= 1000",,,result,393367,20,393387
forum-14.forb0007,UNSAT,UNSAT,2.052372,154172,391024,20,0,391044,210.289,peak_process_tree_rss_mb,maxsat,staircase,yes,imp12+,,,,,,,,"domain reduction: sessions, fixed meetings, forbidden slots | precedence graph: transitive closure, cycle detection, arc-consistent bounds | (20),(22)-(27) exactly once over reduced domains | (19) participant atMost-one per slot | (46),(47) clustered table capacity with full channeling | (28) staircase/support precedence over reduced domains | usedSlot channeling + exact per-idle-slot break cost | (43) exactly |Mp| reduced usedSlot variables | (44) atMost 2|L| busy participants per slot | (45) exact even number of busy participants | exact unary total-break-slot counts and gap objective | (40) optional hard fairness cap: gap <= 1000",,,result,391024,20,391044
forumt-14.fixed020-Forb,SAT,OPTIMAL,0.364933,25741,67982,7,0,67989,111.574,peak_process_tree_rss_mb,maxsat,staircase,yes,imp12+,54,2,"0,0,2,1,2,0,0,2,1,0,2,0,2,0,0,0,2,2,0,0,0,1,0,0,0,0,2,2,0,0,2,2,0,2,2,1,0,0,1,0,0,0,0,0,2,0,2,2,1,2,1,0,2,0,2,2,2,1,2,2","46,46,46,50,50,46,48,48,48,46","9,8,6,7,5,10,1,3,5,2,6,5,1,2,9,10,7,3,7,10,5,9,7,2,9,1,10,6,10,1,8,7,9,10,3,8,2,4,5,9,10,3,2,6,4,5,9,3,4,9,7,8,6,10,9,1,3,2,4,6,5,7,3,1,8,10,5,2,4,6,7,8,5,1,4,9,3,7,5,1,2,9,4,6,10,8,6,4,8,1,3,7,5,4,3,8,2,6,1,5,8,4,7,6,2,10,9,8,2,1,3,8,10,10,2,7,9,1,3,5,6,7,3,5,4,8,6,9,3,10,1,4,6,1,4,8,7,2,3,10,9,7,2,8,1,3,6,8,3,4,2,9,6,1,10,5,3,8,7,4,9,7,8,3,2,1,6,4,10,6,1,2,5,7,4,5,8,3,2,1,5,7,10,4,5,2,7,4,3,2,5,9,8,1,6,8,9,4,7,5,6,5,2,8,9,6,10,4,3,7,5,7,9,1,10,10,1,7,4,8,3,5,2,9,4,1,6,10,9,4,8,6,2,5,10,9,4",1:M7 M13 M26 M30 M56 M64 M74 M80 M90 M99 M110 M118 M131 M134 M145 M154 M166 M171 M180 M194 M214 M217 M226 | 2:M10 M14 M24 M37 M43 M58 M68 M81 M97 M105 M109 M115 M138 M143 M151 M165 M172 M179 M186 M190 M203 M223 M233 | 3:M8 M18 M35 M42 M48 M57 M63 M77 M91 M95 M111 M119 M123 M129 M139 M146 M149 M157 M164 M178 M189 M209 M221 | 4:M38 M45 M49 M59 M69 M75 M83 M88 M94 M102 M125 M132 M135 M150 M160 M168 M175 M184 M188 M198 M208 M219 M225 M230 M237 | 5:M5 M9 M12 M21 M39 M46 M61 M67 M73 M79 M93 M100 M120 M124 M156 M173 M176 M181 M185 M191 M200 M202 M211 M222 M234 | 6:M3 M11 M28 M44 M53 M60 M70 M84 M87 M98 M104 M121 M127 M133 M147 M153 M167 M170 M195 M201 M206 M227 M232 | 7:M4 M17 M19 M23 M32 M51 M62 M71 M78 M92 M103 M116 M122 M137 M142 M159 M162 M174 M182 M187 M199 M210 M212 M218 | 8:M2 M31 M36 M52 M65 M72 M86 M89 M96 M101 M108 M112 M126 M136 M144 M148 M158 M163 M177 M193 M196 M204 M220 M231 | 9:M1 M15 M22 M25 M33 M40 M47 M50 M55 M76 M82 M107 M117 M128 M141 M152 M161 M192 M197 M205 M213 M224 M229 M236 | 10:M6 M16 M20 M27 M29 M34 M41 M54 M66 M85 M106 M113 M114 M130 M140 M155 M169 M183 M207 M215 M216 M228 M235,,"domain reduction: sessions, fixed meetings, forbidden slots | precedence graph: transitive closure, cycle detection, arc-consistent bounds | (20),(22)-(27) exactly once over reduced domains | (19) participant atMost-one per slot | (46),(47) clustered table capacity with full channeling | (28) staircase/support precedence over reduced domains | usedSlot channeling + exact per-idle-slot break cost | (43) exactly |Mp| reduced usedSlot variables | (44) atMost 2|L| busy participants per slot | (45) exact even number of busy participants | exact unary total-break-slot counts and gap objective | (40) optional hard fairness cap: gap <= 1000",,,result,67982,7,67989
forumt-14.fixed040-Forb,UNSAT,UNSAT,0.27783,23417,57915,7,0,57922,100.207,peak_process_tree_rss_mb,maxsat,staircase,yes,imp12+,,,,,,,,"domain reduction: sessions, fixed meetings, forbidden slots | precedence graph: transitive closure, cycle detection, arc-consistent bounds | (20),(22)-(27) exactly once over reduced domains | (19) participant atMost-one per slot | (46),(47) clustered table capacity with full channeling | (28) staircase/support precedence over reduced domains | usedSlot channeling + exact per-idle-slot break cost | (43) exactly |Mp| reduced usedSlot variables | (44) atMost 2|L| busy participants per slot | (45) exact even number of busy participants | exact unary total-break-slot counts and gap objective | (40) optional hard fairness cap: gap <= 1000",,,result,57915,7,57922
forumt-14.forb0003,SAT,OPTIMAL,0.53433,28204,80900,7,0,80907,116.645,peak_process_tree_rss_mb,maxsat,staircase,yes,imp12+,0,0,"0,0,0,0,0,0,0,0,0,0,0,0,0,0,0,0,0,0,0,0,0,0,0,0,0,0,0,0,0,0,0,0,0,0,0,0,0,0,0,0,0,0,0,0,0,0,0,0,0,0,0,0,0,0,0,0,0,0,0,0","38,42,48,52,54,54,54,50,46,36","1,5,8,2,6,10,4,7,1,6,4,6,10,3,7,5,2,9,8,7,2,5,9,9,8,4,2,1,5,2,4,6,5,3,4,7,8,9,5,1,3,1,9,6,10,7,2,2,8,7,9,6,5,3,8,6,9,7,5,1,4,6,4,10,3,1,9,8,5,7,5,1,3,10,7,4,9,3,6,4,7,10,2,5,1,8,6,7,5,8,9,4,5,8,4,3,7,6,2,3,4,10,6,7,8,5,6,4,7,3,4,8,10,9,8,10,5,1,2,6,4,5,2,3,3,5,6,7,1,4,10,7,1,7,9,2,5,4,10,3,8,9,3,10,1,7,8,6,3,2,8,9,1,7,6,10,2,4,3,5,4,1,2,8,10,5,9,7,3,7,6,1,5,4,7,2,9,3,6,8,6,4,9,7,6,8,6,7,9,5,4,8,4,3,9,8,4,2,5,10,9,4,6,3,8,2,1,9,5,10,6,1,8,3,2,2,7,3,10,3,9,7,5,6,8,4,2,10,1,6,3,5,7,8,6,9,5",1:M1 M9 M28 M40 M42 M60 M66 M72 M85 M118 M129 M133 M145 M153 M162 M172 M207 M212 M229 | 2:M4 M17 M21 M27 M30 M47 M48 M83 M99 M119 M123 M136 M150 M157 M163 M176 M198 M206 M215 M216 M227 | 3:M14 M34 M41 M54 M65 M73 M78 M96 M100 M110 M124 M125 M140 M143 M149 M159 M169 M178 M194 M204 M214 M218 M220 M231 | 4:M7 M11 M26 M31 M35 M61 M63 M76 M80 M92 M95 M101 M108 M111 M121 M130 M138 M158 M161 M174 M182 M191 M193 M197 M202 M226 | 5:M2 M16 M22 M29 M33 M39 M53 M59 M69 M71 M84 M89 M93 M106 M117 M122 M126 M137 M160 M166 M173 M190 M199 M209 M223 M232 M237 | 6:M5 M10 M12 M32 M44 M52 M56 M62 M79 M87 M98 M103 M107 M120 M127 M148 M155 M171 M179 M181 M185 M187 M203 M211 M224 M230 M235 | 7:M8 M15 M20 M36 M46 M50 M58 M70 M75 M81 M88 M97 M104 M109 M128 M132 M134 M146 M154 M168 M170 M175 M184 M188 M217 M222 M233 | 8:M3 M19 M25 M37 M49 M55 M68 M86 M90 M94 M105 M112 M115 M141 M147 M151 M164 M180 M186 M192 M196 M205 M213 M225 M234 | 9:M18 M23 M24 M38 M43 M51 M57 M67 M77 M91 M114 M135 M142 M152 M167 M177 M183 M189 M195 M201 M208 M221 M236 | 10:M6 M13 M45 M64 M74 M82 M102 M113 M116 M131 M139 M144 M156 M165 M200 M210 M219 M228,,"domain reduction: sessions, fixed meetings, forbidden slots | precedence graph: transitive closure, cycle detection, arc-consistent bounds | (20),(22)-(27) exactly once over reduced domains | (19) participant atMost-one per slot | (46),(47) clustered table capacity with full channeling | (28) staircase/support precedence over reduced domains | usedSlot channeling + exact per-idle-slot break cost | (43) exactly |Mp| reduced usedSlot variables | (44) atMost 2|L| busy participants per slot | (45) exact even number of busy participants | exact unary total-break-slot counts and gap objective | (40) optional hard fairness cap: gap <= 1000",,,result,80900,7,80907
forumt-14.forb0007,UNSAT,UNSAT,0.383483,28092,80321,7,0,80328,109.836,peak_process_tree_rss_mb,maxsat,staircase,yes,imp12+,,,,,,,,"domain reduction: sessions, fixed meetings, forbidden slots | precedence graph: transitive closure, cycle detection, arc-consistent bounds | (20),(22)-(27) exactly once over reduced domains | (19) participant atMost-one per slot | (46),(47) clustered table capacity with full channeling | (28) staircase/support precedence over reduced domains | usedSlot channeling + exact per-idle-slot break cost | (43) exactly |Mp| reduced usedSlot variables | (44) atMost 2|L| busy participants per slot | (45) exact even number of busy participants | exact unary total-break-slot counts and gap objective | (40) optional hard fairness cap: gap <= 1000",,,result,80321,7,80328
forumt-14crafc.fixed020-Forb,SAT,OPTIMAL,0.41675,26003,68546,7,0,68553,113.863,peak_process_tree_rss_mb,maxsat,staircase,yes,imp12+,48,2,"0,0,2,1,2,0,0,2,0,0,2,0,2,0,0,0,2,2,0,0,0,2,0,0,0,0,0,2,0,2,0,2,0,0,2,2,0,0,2,0,0,0,0,0,2,0,2,1,0,2,0,0,2,0,2,2,2,1,1,2","46,48,48,50,48,48,48,48,50,40","5,10,6,2,7,3,1,8,5,6,9,1,8,6,2,10,7,3,6,4,6,10,7,10,9,3,1,4,9,1,8,6,7,9,7,4,2,3,5,9,10,3,2,6,4,5,8,3,10,9,1,8,4,8,9,1,3,2,4,10,5,3,9,1,6,4,7,2,5,10,9,1,5,10,7,8,3,9,10,6,5,4,1,2,7,8,5,6,4,1,3,2,8,6,2,9,7,10,2,4,1,6,9,10,5,4,8,7,8,5,2,7,6,8,4,7,10,1,3,2,9,8,2,9,4,6,5,9,3,10,5,6,3,1,4,7,9,5,8,6,2,7,9,8,10,3,4,3,8,6,7,9,1,5,4,6,10,8,2,3,9,5,10,3,7,6,2,4,8,6,2,1,5,4,7,5,1,8,6,1,4,7,3,4,1,2,10,5,3,7,6,9,3,2,1,4,9,8,7,5,1,2,7,5,4,9,10,3,8,6,9,7,1,4,6,2,1,7,9,8,3,5,9,2,4,1,7,10,5,3,8,2,4,2,3,5,8",1:M7 M12 M27 M30 M51 M56 M64 M72 M83 M90 M101 M118 M134 M153 M172 M177 M180 M185 M195 M201 M213 M217 M226 | 2:M4 M15 M37 M43 M58 M68 M84 M92 M95 M99 M111 M120 M123 M141 M159 M167 M171 M186 M194 M202 M216 M224 M232 M234 | 3:M6 M18 M26 M38 M42 M48 M57 M62 M77 M91 M119 M129 M133 M146 M148 M160 M164 M183 M189 M193 M208 M221 M230 M235 | 4:M20 M28 M36 M45 M53 M59 M66 M82 M89 M100 M106 M115 M125 M135 M147 M155 M168 M174 M181 M184 M196 M205 M214 M225 M233 | 5:M1 M9 M39 M46 M61 M69 M73 M81 M87 M105 M110 M127 M131 M138 M154 M162 M173 M176 M188 M200 M204 M222 M229 M236 | 6:M3 M10 M14 M19 M21 M32 M44 M65 M80 M88 M94 M102 M113 M126 M132 M140 M150 M156 M166 M170 M179 M191 M210 M215 | 7:M5 M17 M23 M33 M35 M67 M75 M85 M97 M108 M112 M116 M136 M142 M151 M165 M175 M182 M190 M199 M203 M212 M218 M227 | 8:M8 M13 M31 M47 M52 M54 M76 M86 M93 M107 M109 M114 M122 M139 M144 M149 M158 M169 M178 M198 M209 M220 M231 M237 | 9:M11 M25 M29 M34 M40 M50 M55 M63 M71 M78 M96 M103 M121 M124 M128 M137 M143 M152 M161 M192 M197 M206 M211 M219 M223 | 10:M2 M16 M22 M24 M41 M49 M60 M70 M74 M79 M98 M104 M117 M130 M145 M157 M163 M187 M207 M228,,"domain reduction: sessions, fixed meetings, forbidden slots | precedence graph: transitive closure, cycle detection, arc-consistent bounds | (20),(22)-(27) exactly once over reduced domains | (19) participant atMost-one per slot | (46),(47) clustered table capacity with full channeling | (28) staircase/support precedence over reduced domains | usedSlot channeling + exact per-idle-slot break cost | (43) exactly |Mp| reduced usedSlot variables | (44) atMost 2|L| busy participants per slot | (45) exact even number of busy participants | exact unary total-break-slot counts and gap objective | (40) optional hard fairness cap: gap <= 1000",,,result,68546,7,68553
forumt-14crafc.fixed040-Forb,UNSAT,UNSAT,0.278571,24816,60209,7,0,60216,99.645,peak_process_tree_rss_mb,maxsat,staircase,yes,imp12+,,,,,,,,"domain reduction: sessions, fixed meetings, forbidden slots | precedence graph: transitive closure, cycle detection, arc-consistent bounds | (20),(22)-(27) exactly once over reduced domains | (19) participant atMost-one per slot | (46),(47) clustered table capacity with full channeling | (28) staircase/support precedence over reduced domains | usedSlot channeling + exact per-idle-slot break cost | (43) exactly |Mp| reduced usedSlot variables | (44) atMost 2|L| busy participants per slot | (45) exact even number of busy participants | exact unary total-break-slot counts and gap objective | (40) optional hard fairness cap: gap <= 1000",,,result,60209,7,60216
forumt-14crafc.forb0003,SAT,OPTIMAL,0.482998,28424,81380,7,0,81387,118.84,peak_process_tree_rss_mb,maxsat,staircase,yes,imp12+,0,0,"0,0,0,0,0,0,0,0,0,0,0,0,0,0,0,0,0,0,0,0,0,0,0,0,0,0,0,0,0,0,0,0,0,0,0,0,0,0,0,0,0,0,0,0,0,0,0,0,0,0,0,0,0,0,0,0,0,0,0,0","42,46,50,50,50,50,50,50,46,40","10,9,2,4,7,8,6,1,7,7,8,2,4,9,5,6,3,10,4,2,8,9,7,6,8,3,9,10,4,10,10,1,6,8,2,1,6,5,2,1,3,7,8,9,5,1,4,10,3,9,4,1,6,2,9,6,10,4,3,7,5,10,6,7,9,5,8,2,3,1,1,3,5,4,7,9,8,1,2,5,9,6,4,10,7,3,1,4,5,6,2,3,5,6,4,1,7,2,5,9,2,4,3,8,10,3,4,2,5,7,9,8,3,1,5,3,7,8,6,2,10,8,6,7,8,3,9,6,5,7,3,10,4,9,3,1,10,5,7,8,6,8,5,9,7,10,9,3,10,8,3,4,7,5,10,8,9,1,2,6,9,5,10,3,1,8,4,7,6,6,5,4,7,1,6,9,2,4,5,10,8,7,3,9,2,6,5,4,1,6,2,3,10,2,8,7,6,4,1,9,8,7,2,5,6,1,3,10,4,8,4,7,2,5,6,8,3,9,8,5,3,9,8,7,1,6,4,2,5,4,7,1,2,2,5,3,4",1:M8 M32 M36 M40 M46 M52 M70 M71 M78 M87 M96 M114 M136 M158 M165 M174 M189 M199 M206 M225 M232 | 2:M3 M12 M20 M35 M39 M54 M68 M79 M91 M98 M101 M108 M120 M159 M177 M185 M191 M194 M203 M213 M228 M233 M234 | 3:M17 M26 M41 M49 M59 M69 M72 M86 M92 M103 M106 M113 M116 M126 M131 M135 M148 M151 M164 M183 M192 M207 M217 M221 M236 | 4:M4 M13 M19 M29 M47 M51 M58 M74 M83 M88 M95 M102 M107 M133 M152 M167 M172 M178 M188 M198 M209 M211 M227 M230 M237 | 5:M15 M38 M45 M61 M66 M73 M80 M89 M93 M99 M109 M115 M129 M138 M143 M154 M162 M171 M179 M187 M204 M214 M220 M229 M235 | 6:M7 M16 M24 M33 M37 M53 M56 M63 M82 M90 M94 M119 M123 M128 M141 M160 M169 M170 M175 M186 M190 M197 M205 M215 M226 | 7:M5 M9 M10 M23 M42 M60 M64 M75 M85 M97 M110 M117 M124 M130 M139 M145 M153 M168 M173 M182 M196 M202 M212 M224 M231 | 8:M6 M11 M21 M25 M34 M43 M67 M77 M104 M112 M118 M122 M125 M140 M142 M150 M156 M166 M181 M195 M201 M210 M216 M219 M223 | 9:M2 M14 M22 M27 M44 M50 M55 M65 M76 M81 M100 M111 M127 M134 M144 M147 M157 M161 M176 M184 M200 M218 M222 | 10:M1 M18 M28 M30 M31 M48 M57 M62 M84 M105 M121 M132 M137 M146 M149 M155 M163 M180 M193 M208,,"domain reduction: sessions, fixed meetings, forbidden slots | precedence graph: transitive closure, cycle detection, arc-consistent bounds | (20),(22)-(27) exactly once over reduced domains | (19) participant atMost-one per slot | (46),(47) clustered table capacity with full channeling | (28) staircase/support precedence over reduced domains | usedSlot channeling + exact per-idle-slot break cost | (43) exactly |Mp| reduced usedSlot variables | (44) atMost 2|L| busy participants per slot | (45) exact even number of busy participants | exact unary total-break-slot counts and gap objective | (40) optional hard fairness cap: gap <= 1000",,,result,81380,7,81387
forumt-14crafc.forb0007,UNSAT,UNSAT,0.410949,28318,80813,7,0,80820,110.988,peak_process_tree_rss_mb,maxsat,staircase,yes,imp12+,,,,,,,,"domain reduction: sessions, fixed meetings, forbidden slots | precedence graph: transitive closure, cycle detection, arc-consistent bounds | (20),(22)-(27) exactly once over reduced domains | (19) participant atMost-one per slot | (46),(47) clustered table capacity with full channeling | (28) staircase/support precedence over reduced domains | usedSlot channeling + exact per-idle-slot break cost | (43) exactly |Mp| reduced usedSlot variables | (44) atMost 2|L| busy participants per slot | (45) exact even number of busy participants | exact unary total-break-slot counts and gap objective | (40) optional hard fairness cap: gap <= 1000",,,result,80813,7,80820
forumt-14crafd.fixed020-Forb,SAT,OPTIMAL,0.353288,25679,68141,8,0,68149,106.703,peak_process_tree_rss_mb,maxsat,staircase,yes,imp12+,60,4,"0,0,0,0,4,0,1,4,2,0,2,0,0,2,0,0,2,2,0,0,0,4,0,0,0,0,2,0,0,3,0,1,0,1,0,2,0,0,2,0,0,0,0,0,4,0,1,0,0,4,3,0,4,0,1,4,2,0,1,2","48,50,44,48,48,44,48,46,50,46","9,1,7,10,6,4,2,8,8,5,1,8,1,4,9,2,8,10,7,3,5,5,10,8,1,3,2,7,2,1,4,5,4,4,1,3,1,2,7,6,10,4,2,3,5,6,1,5,7,1,9,4,10,6,2,8,6,2,3,10,5,9,9,2,1,10,7,6,8,5,3,4,4,10,8,3,1,1,2,6,3,7,5,9,10,8,4,9,1,7,10,6,3,4,2,7,10,6,9,2,5,4,2,8,6,9,8,1,7,3,6,5,8,4,6,10,9,3,7,7,9,5,5,10,8,4,2,7,9,1,3,5,4,9,10,4,6,5,3,1,7,8,9,4,3,2,7,5,8,3,2,3,10,4,7,6,9,5,1,8,6,3,2,7,1,5,9,4,6,7,8,9,2,9,10,8,4,7,2,1,5,6,9,10,2,5,9,1,2,10,6,5,3,1,3,5,8,2,6,10,7,2,4,10,9,7,1,3,8,6,9,7,8,4,9,3,1,4,2,5,9,7,8,6,10,7,5,6,1,8,10,3,10,4,9,2",1:M2 M11 M13 M25 M30 M35 M37 M47 M50 M65 M77 M78 M89 M108 M130 M140 M159 M165 M180 M188 M194 M207 M217 M229 | 2:M7 M16 M27 M29 M38 M43 M55 M58 M64 M79 M95 M100 M103 M127 M146 M151 M163 M173 M179 M185 M189 M198 M202 M219 M236 | 3:M20 M26 M36 M44 M59 M71 M76 M81 M93 M110 M118 M131 M139 M145 M150 M152 M162 M193 M195 M208 M216 M232 | 4:M6 M14 M31 M33 M34 M42 M52 M72 M73 M87 M94 M102 M114 M126 M133 M136 M144 M154 M168 M177 M203 M214 M218 M234 | 5:M10 M21 M22 M32 M45 M48 M61 M70 M83 M101 M112 M122 M123 M132 M138 M148 M158 M166 M181 M186 M192 M196 M220 M227 | 6:M5 M40 M46 M54 M57 M68 M80 M92 M98 M105 M111 M115 M137 M156 M161 M169 M182 M191 M199 M210 M224 M228 | 7:M3 M19 M28 M39 M49 M67 M82 M90 M96 M109 M119 M120 M128 M141 M147 M155 M164 M170 M178 M201 M206 M212 M222 M226 | 8:M8 M9 M12 M17 M24 M56 M69 M75 M86 M104 M107 M113 M125 M142 M149 M160 M171 M176 M197 M209 M213 M223 M230 | 9:M1 M15 M51 M62 M63 M84 M88 M99 M106 M117 M121 M129 M134 M143 M157 M167 M172 M174 M183 M187 M205 M211 M215 M221 M235 | 10:M4 M18 M23 M41 M53 M60 M66 M74 M85 M91 M97 M116 M124 M135 M153 M175 M184 M190 M200 M204 M225 M231 M233,,"domain reduction: sessions, fixed meetings, forbidden slots | precedence graph: transitive closure, cycle detection, arc-consistent bounds | (20),(22)-(27) exactly once over reduced domains | (19) participant atMost-one per slot | (46),(47) clustered table capacity with full channeling | (28) staircase/support precedence over reduced domains | usedSlot channeling + exact per-idle-slot break cost | (43) exactly |Mp| reduced usedSlot variables | (44) atMost 2|L| busy participants per slot | (45) exact even number of busy participants | exact unary total-break-slot counts and gap objective | (40) optional hard fairness cap: gap <= 1000",,,result,68141,8,68149
forumt-14crafd.fixed040-Forb,UNSAT,UNSAT,0.291065,24815,60210,8,0,60218,103.121,peak_process_tree_rss_mb,maxsat,staircase,yes,imp12+,,,,,,,,"domain reduction: sessions, fixed meetings, forbidden slots | precedence graph: transitive closure, cycle detection, arc-consistent bounds | (20),(22)-(27) exactly once over reduced domains | (19) participant atMost-one per slot | (46),(47) clustered table capacity with full channeling | (28) staircase/support precedence over reduced domains | usedSlot channeling + exact per-idle-slot break cost | (43) exactly |Mp| reduced usedSlot variables | (44) atMost 2|L| busy participants per slot | (45) exact even number of busy participants | exact unary total-break-slot counts and gap objective | (40) optional hard fairness cap: gap <= 1000",,,result,60210,8,60218
forumt-14crafd.forb0003,UNSAT,UNSAT,0.390991,28229,80856,8,0,80864,109.297,peak_process_tree_rss_mb,maxsat,staircase,yes,imp12+,,,,,,,,"domain reduction: sessions, fixed meetings, forbidden slots | precedence graph: transitive closure, cycle detection, arc-consistent bounds | (20),(22)-(27) exactly once over reduced domains | (19) participant atMost-one per slot | (46),(47) clustered table capacity with full channeling | (28) staircase/support precedence over reduced domains | usedSlot channeling + exact per-idle-slot break cost | (43) exactly |Mp| reduced usedSlot variables | (44) atMost 2|L| busy participants per slot | (45) exact even number of busy participants | exact unary total-break-slot counts and gap objective | (40) optional hard fairness cap: gap <= 1000",,,result,80856,8,80864
forumt-14crafd.forb0007,UNSAT,UNSAT,0.332848,27968,80072,8,0,80080,109.617,peak_process_tree_rss_mb,maxsat,staircase,yes,imp12+,,,,,,,,"domain reduction: sessions, fixed meetings, forbidden slots | precedence graph: transitive closure, cycle detection, arc-consistent bounds | (20),(22)-(27) exactly once over reduced domains | (19) participant atMost-one per slot | (46),(47) clustered table capacity with full channeling | (28) staircase/support precedence over reduced domains | usedSlot channeling + exact per-idle-slot break cost | (43) exactly |Mp| reduced usedSlot variables | (44) atMost 2|L| busy participants per slot | (45) exact even number of busy participants | exact unary total-break-slot counts and gap objective | (40) optional hard fairness cap: gap <= 1000",,,result,80072,8,80080
forumt-14crafe.fixed020-Forb,SAT,OPTIMAL,0.381285,25778,68359,8,0,68367,111.277,peak_process_tree_rss_mb,maxsat,staircase,yes,imp12+,65,4,"0,0,1,0,4,0,4,1,1,0,2,0,4,0,0,0,2,2,0,0,0,3,0,0,0,0,1,0,0,3,0,2,0,3,0,1,0,0,3,0,0,0,0,0,3,0,4,4,0,4,0,0,3,0,4,1,2,0,1,2","44,48,46,48,48,48,46,48,48,48","9,10,7,5,3,8,2,1,10,8,4,8,6,3,9,4,2,10,8,7,5,9,10,2,3,7,5,7,2,4,1,5,4,7,1,2,4,9,7,7,6,2,9,3,4,5,1,7,6,2,8,4,9,5,3,10,9,2,5,7,8,1,4,2,8,10,6,9,7,5,3,1,4,6,5,1,3,3,7,1,5,9,6,2,10,8,4,7,6,2,10,5,8,4,3,5,6,8,9,2,5,4,2,10,6,3,8,4,1,7,6,10,8,4,2,9,1,3,6,10,6,5,4,10,2,9,6,7,3,8,3,8,4,8,6,7,9,2,4,3,10,1,9,2,8,5,7,6,3,3,2,3,4,8,7,6,9,5,10,1,6,7,10,1,5,8,3,9,1,10,8,4,2,10,2,8,1,4,5,9,10,3,4,10,2,3,6,5,2,10,1,7,9,9,10,5,1,7,6,3,6,6,4,9,8,7,1,3,10,5,9,6,5,1,5,3,9,10,2,7,5,4,8,6,1,8,1,7,9,6,10,2,1,9,4,8",1:M8 M31 M35 M47 M62 M72 M76 M80 M109 M117 M142 M160 M164 M169 M177 M191 M197 M207 M214 M225 M227 M233 | 2:M7 M17 M24 M29 M36 M42 M50 M58 M64 M84 M90 M100 M103 M115 M125 M138 M144 M151 M173 M175 M185 M189 M219 M232 | 3:M5 M14 M25 M44 M55 M71 M77 M78 M95 M106 M118 M129 M131 M140 M149 M150 M152 M167 M182 M186 M200 M208 M216 | 4:M11 M16 M30 M33 M37 M45 M52 M63 M73 M87 M94 M102 M108 M114 M123 M133 M139 M153 M172 M178 M183 M203 M222 M235 | 5:M4 M21 M27 M32 M46 M54 M59 M70 M75 M81 M92 M96 M101 M122 M146 M158 M165 M179 M188 M196 M210 M213 M215 M221 | 6:M13 M41 M49 M67 M74 M83 M89 M97 M105 M111 M119 M121 M127 M135 M148 M156 M161 M187 M199 M201 M202 M212 M224 M230 | 7:M3 M20 M26 M28 M34 M39 M40 M48 M60 M69 M79 M88 M110 M128 M136 M147 M155 M162 M192 M198 M206 M220 M228 | 8:M6 M10 M12 M19 M51 M61 M65 M86 M93 M98 M107 M113 M130 M132 M134 M145 M154 M166 M171 M176 M205 M223 M226 M236 | 9:M1 M15 M22 M38 M43 M53 M57 M68 M82 M99 M116 M126 M137 M143 M157 M168 M180 M193 M194 M204 M211 M217 M229 M234 | 10:M2 M9 M18 M23 M56 M66 M85 M91 M104 M112 M120 M124 M141 M159 M163 M170 M174 M181 M184 M190 M195 M209 M218 M231,,"domain reduction: sessions, fixed meetings, forbidden slots | precedence graph: transitive closure, cycle detection, arc-consistent bounds | (20),(22)-(27) exactly once over reduced domains | (19) participant atMost-one per slot | (46),(47) clustered table capacity with full channeling | (28) staircase/support precedence over reduced domains | usedSlot channeling + exact per-idle-slot break cost | (43) exactly |Mp| reduced usedSlot variables | (44) atMost 2|L| busy participants per slot | (45) exact even number of busy participants | exact unary total-break-slot counts and gap objective | (40) optional hard fairness cap: gap <= 1000",,,result,68359,8,68367
forumt-14crafe.fixed040-Forb,UNSAT,UNSAT,0.338829,24921,60442,8,0,60450,103.168,peak_process_tree_rss_mb,maxsat,staircase,yes,imp12+,,,,,,,,"domain reduction: sessions, fixed meetings, forbidden slots | precedence graph: transitive closure, cycle detection, arc-consistent bounds | (20),(22)-(27) exactly once over reduced domains | (19) participant atMost-one per slot | (46),(47) clustered table capacity with full channeling | (28) staircase/support precedence over reduced domains | usedSlot channeling + exact per-idle-slot break cost | (43) exactly |Mp| reduced usedSlot variables | (44) atMost 2|L| busy participants per slot | (45) exact even number of busy participants | exact unary total-break-slot counts and gap objective | (40) optional hard fairness cap: gap <= 1000",,,result,60442,8,60450
forumt-14crafe.forb0003,UNSAT,UNSAT,0.365244,28310,81038,8,0,81046,107.73,peak_process_tree_rss_mb,maxsat,staircase,yes,imp12+,,,,,,,,"domain reduction: sessions, fixed meetings, forbidden slots | precedence graph: transitive closure, cycle detection, arc-consistent bounds | (20),(22)-(27) exactly once over reduced domains | (19) participant atMost-one per slot | (46),(47) clustered table capacity with full channeling | (28) staircase/support precedence over reduced domains | usedSlot channeling + exact per-idle-slot break cost | (43) exactly |Mp| reduced usedSlot variables | (44) atMost 2|L| busy participants per slot | (45) exact even number of busy participants | exact unary total-break-slot counts and gap objective | (40) optional hard fairness cap: gap <= 1000",,,result,81038,8,81046
forumt-14crafe.forb0007,UNSAT,UNSAT,0.415306,28052,80260,8,0,80268,112.504,peak_process_tree_rss_mb,maxsat,staircase,yes,imp12+,,,,,,,,"domain reduction: sessions, fixed meetings, forbidden slots | precedence graph: transitive closure, cycle detection, arc-consistent bounds | (20),(22)-(27) exactly once over reduced domains | (19) participant atMost-one per slot | (46),(47) clustered table capacity with full channeling | (28) staircase/support precedence over reduced domains | usedSlot channeling + exact per-idle-slot break cost | (43) exactly |Mp| reduced usedSlot variables | (44) atMost 2|L| busy participants per slot | (45) exact even number of busy participants | exact unary total-break-slot counts and gap objective | (40) optional hard fairness cap: gap <= 1000",,,result,80260,8,80268
tic-12.fixed020-Forb,SAT,OPTIMAL,0.126621,5066,18945,6,0,18951,91.113,peak_process_tree_rss_mb,maxsat,staircase,yes,imp12+,26,4,"0,2,0,0,0,0,2,1,0,0,0,2,0,0,0,3,1,0,0,2,2,1,4,0,0,0,0,0,4,0,1,0,0,0,0,0,0,0,1,0,0,0","28,32,28,30,34,32,32,34","6,4,7,5,8,8,6,5,7,4,8,2,7,8,4,1,3,6,5,3,8,2,2,1,5,1,6,3,4,7,8,2,3,8,6,2,1,5,6,5,1,2,4,8,3,6,1,8,7,4,1,5,3,2,7,4,8,5,1,2,5,7,6,4,8,3,7,8,2,1,4,3,6,2,7,5,6,5,2,1,4,5,8,3,7,6,2,6,7,5,3,6,4,3,5,8,7,1,2,1,3,5,4,6,7,6,4,8,5,7,2,3,1,8,4,2,7,8,4,2,7,3,5,1,6",1:M16 M24 M26 M37 M41 M47 M51 M59 M70 M80 M98 M100 M113 M124 | 2:M12 M22 M23 M32 M36 M42 M54 M60 M69 M74 M79 M87 M99 M111 M116 M120 | 3:M17 M20 M28 M33 M45 M53 M66 M72 M84 M91 M94 M101 M112 M122 | 4:M2 M10 M15 M29 M43 M50 M56 M64 M71 M81 M93 M103 M107 M115 M119 | 5:M4 M8 M19 M25 M38 M40 M52 M58 M61 M76 M78 M82 M90 M95 M102 M109 M123 | 6:M1 M7 M18 M27 M35 M39 M46 M63 M73 M77 M86 M88 M92 M104 M106 M125 | 7:M3 M9 M13 M30 M49 M55 M62 M67 M75 M85 M89 M97 M105 M110 M117 M121 | 8:M5 M6 M11 M14 M21 M31 M34 M44 M48 M57 M65 M68 M83 M96 M108 M114 M118,,"domain reduction: sessions, fixed meetings, forbidden slots | precedence graph: transitive closure, cycle detection, arc-consistent bounds | (20),(22)-(27) exactly once over reduced domains | (19) participant atMost-one per slot | (46),(47) clustered table capacity with full channeling | (28) staircase/support precedence over reduced domains | usedSlot channeling + exact per-idle-slot break cost | (43) exactly |Mp| reduced usedSlot variables | (44) atMost 2|L| busy participants per slot | (45) exact even number of busy participants | exact unary total-break-slot counts and gap objective | (40) optional hard fairness cap: gap <= 1000",,,result,18945,6,18951
tic-12.fixed040-Forb,UNSAT,UNSAT,0.099963,4587,15668,6,0,15674,88.031,peak_process_tree_rss_mb,maxsat,staircase,yes,imp12+,,,,,,,,"domain reduction: sessions, fixed meetings, forbidden slots | precedence graph: transitive closure, cycle detection, arc-consistent bounds | (20),(22)-(27) exactly once over reduced domains | (19) participant atMost-one per slot | (46),(47) clustered table capacity with full channeling | (28) staircase/support precedence over reduced domains | usedSlot channeling + exact per-idle-slot break cost | (43) exactly |Mp| reduced usedSlot variables | (44) atMost 2|L| busy participants per slot | (45) exact even number of busy participants | exact unary total-break-slot counts and gap objective | (40) optional hard fairness cap: gap <= 1000",,,result,15668,6,15674
tic-12.forb0003,UNSAT,UNSAT,0.127222,5425,22184,6,0,22190,90.977,peak_process_tree_rss_mb,maxsat,staircase,yes,imp12+,,,,,,,,"domain reduction: sessions, fixed meetings, forbidden slots | precedence graph: transitive closure, cycle detection, arc-consistent bounds | (20),(22)-(27) exactly once over reduced domains | (19) participant atMost-one per slot | (46),(47) clustered table capacity with full channeling | (28) staircase/support precedence over reduced domains | usedSlot channeling + exact per-idle-slot break cost | (43) exactly |Mp| reduced usedSlot variables | (44) atMost 2|L| busy participants per slot | (45) exact even number of busy participants | exact unary total-break-slot counts and gap objective | (40) optional hard fairness cap: gap <= 1000",,,result,22184,6,22190
tic-12.forb0007,UNSAT,UNSAT,0.103142,5390,21981,6,0,21987,88.105,peak_process_tree_rss_mb,maxsat,staircase,yes,imp12+,,,,,,,,"domain reduction: sessions, fixed meetings, forbidden slots | precedence graph: transitive closure, cycle detection, arc-consistent bounds | (20),(22)-(27) exactly once over reduced domains | (19) participant atMost-one per slot | (46),(47) clustered table capacity with full channeling | (28) staircase/support precedence over reduced domains | usedSlot channeling + exact per-idle-slot break cost | (43) exactly |Mp| reduced usedSlot variables | (44) atMost 2|L| busy participants per slot | (45) exact even number of busy participants | exact unary total-break-slot counts and gap objective | (40) optional hard fairness cap: gap <= 1000",,,result,21981,6,21987
tic-12crafc.fixed020-Forb,SAT,OPTIMAL,0.20682,14237,33023,6,0,33029,100.137,peak_process_tree_rss_mb,maxsat,staircase,yes,imp12+,34,4,"0,2,0,0,0,0,3,1,0,0,0,1,0,0,0,0,1,0,4,4,0,1,4,1,0,0,0,0,4,0,3,1,0,2,0,0,0,0,2,0,0,0","32,28,30,32,32,32,32,32","6,4,5,1,3,8,1,4,3,6,7,2,7,5,4,8,3,1,3,2,5,6,4,5,3,5,1,2,4,7,8,6,2,8,6,7,1,4,2,6,1,4,5,8,3,6,7,8,3,4,6,5,3,7,8,4,1,1,4,1,5,4,6,8,7,8,7,3,6,2,2,5,8,6,7,4,6,5,7,4,2,5,1,3,8,6,2,7,1,5,8,1,8,6,5,4,7,3,2,4,7,5,1,2,3,1,8,3,6,7,2,8,5,2,3,1,7,2,4,8,7,1,5,3,6",1:M4 M7 M18 M27 M37 M41 M57 M58 M60 M83 M89 M92 M103 M106 M116 M122 | 2:M12 M20 M28 M33 M39 M70 M71 M81 M87 M99 M104 M111 M114 M118 | 3:M5 M9 M17 M19 M25 M45 M49 M53 M68 M84 M98 M105 M108 M115 M124 | 4:M2 M8 M15 M23 M29 M38 M42 M50 M56 M59 M62 M76 M80 M96 M100 M119 | 5:M3 M14 M21 M24 M26 M43 M52 M61 M72 M78 M82 M90 M95 M102 M113 M123 | 6:M1 M10 M22 M32 M35 M40 M46 M51 M63 M69 M74 M77 M86 M94 M109 M125 | 7:M11 M13 M30 M36 M47 M54 M65 M67 M75 M79 M88 M97 M101 M110 M117 M121 | 8:M6 M16 M31 M34 M44 M48 M55 M64 M66 M73 M85 M91 M93 M107 M112 M120,,"domain reduction: sessions, fixed meetings, forbidden slots | precedence graph: transitive closure, cycle detection, arc-consistent bounds | (20),(22)-(27) exactly once over reduced domains | (19) participant atMost-one per slot | (46),(47) clustered table capacity with full channeling | (28) staircase/support precedence over reduced domains | usedSlot channeling + exact per-idle-slot break cost | (43) exactly |Mp| reduced usedSlot variables | (44) atMost 2|L| busy participants per slot | (45) exact even number of busy participants | exact unary total-break-slot counts and gap objective | (40) optional hard fairness cap: gap <= 1000",,,result,33023,6,33029
tic-12crafc.fixed040-Forb,UNSAT,UNSAT,0.133527,13818,29866,6,0,29872,92.887,peak_process_tree_rss_mb,maxsat,staircase,yes,imp12+,,,,,,,,"domain reduction: sessions, fixed meetings, forbidden slots | precedence graph: transitive closure, cycle detection, arc-consistent bounds | (20),(22)-(27) exactly once over reduced domains | (19) participant atMost-one per slot | (46),(47) clustered table capacity with full channeling | (28) staircase/support precedence over reduced domains | usedSlot channeling + exact per-idle-slot break cost | (43) exactly |Mp| reduced usedSlot variables | (44) atMost 2|L| busy participants per slot | (45) exact even number of busy participants | exact unary total-break-slot counts and gap objective | (40) optional hard fairness cap: gap <= 1000",,,result,29866,6,29872
tic-12crafc.forb0003,UNSAT,UNSAT,0.165463,14566,36202,6,0,36208,95.855,peak_process_tree_rss_mb,maxsat,staircase,yes,imp12+,,,,,,,,"domain reduction: sessions, fixed meetings, forbidden slots | precedence graph: transitive closure, cycle detection, arc-consistent bounds | (20),(22)-(27) exactly once over reduced domains | (19) participant atMost-one per slot | (46),(47) clustered table capacity with full channeling | (28) staircase/support precedence over reduced domains | usedSlot channeling + exact per-idle-slot break cost | (43) exactly |Mp| reduced usedSlot variables | (44) atMost 2|L| busy participants per slot | (45) exact even number of busy participants | exact unary total-break-slot counts and gap objective | (40) optional hard fairness cap: gap <= 1000",,,result,36202,6,36208
tic-12crafc.forb0007,UNSAT,UNSAT,0.157241,14536,36009,6,0,36015,92.871,peak_process_tree_rss_mb,maxsat,staircase,yes,imp12+,,,,,,,,"domain reduction: sessions, fixed meetings, forbidden slots | precedence graph: transitive closure, cycle detection, arc-consistent bounds | (20),(22)-(27) exactly once over reduced domains | (19) participant atMost-one per slot | (46),(47) clustered table capacity with full channeling | (28) staircase/support precedence over reduced domains | usedSlot channeling + exact per-idle-slot break cost | (43) exactly |Mp| reduced usedSlot variables | (44) atMost 2|L| busy participants per slot | (45) exact even number of busy participants | exact unary total-break-slot counts and gap objective | (40) optional hard fairness cap: gap <= 1000",,,result,36009,6,36015
tic-13.fixed020-Forb,SAT,OPTIMAL,0.346714,24371,59936,6,0,59942,104.902,peak_process_tree_rss_mb,maxsat,staircase,yes,imp12+,47,3,"0,0,3,1,1,2,3,1,2,0,0,3,0,0,3,0,0,0,1,3,3,1,0,1,1,0,1,0,3,1,0,0,2,1,0,0,3,1,0,0,0,3,0,0,0,3,0","28,30,40,38,38,40,34,38,40,34","4,5,8,10,1,3,7,2,9,6,8,6,3,9,10,9,6,1,3,4,5,7,3,10,5,4,9,7,6,3,2,7,8,4,9,10,1,3,2,4,5,6,4,2,3,5,1,8,9,6,1,7,3,4,7,5,6,8,9,9,10,2,1,5,4,8,8,6,5,1,2,9,1,7,4,6,5,3,8,10,7,3,8,9,1,4,7,6,3,5,9,8,4,2,7,3,8,4,9,10,5,7,7,5,3,10,6,9,5,6,8,4,9,3,10,5,6,3,9,6,2,10,8,10,9,2,4,1,7,6,3,4,6,5,1,10,8,4,3,5,9,4,7,2,6,6,7,2,4,10,2,5,4,10,1,2,8,10,9,5,2,6,3,2,10,8,8,9,8,6,1,8,5,10,9,3,7,7,3,1",1:M5 M18 M37 M47 M51 M63 M70 M73 M85 M128 M135 M155 M171 M180 | 2:M8 M31 M39 M44 M62 M71 M94 M121 M126 M144 M148 M151 M156 M161 M164 | 3:M6 M13 M19 M23 M30 M38 M45 M53 M78 M82 M89 M96 M105 M114 M118 M131 M139 M163 M176 M179 | 4:M1 M20 M26 M34 M40 M43 M54 M65 M75 M86 M93 M98 M112 M127 M132 M138 M142 M149 M153 | 5:M2 M21 M25 M41 M46 M56 M64 M69 M77 M90 M101 M104 M109 M116 M134 M140 M152 M160 M173 | 6:M10 M12 M17 M29 M42 M50 M57 M68 M76 M88 M107 M110 M117 M120 M130 M133 M145 M146 M162 M170 | 7:M7 M22 M28 M32 M52 M55 M74 M81 M87 M95 M102 M103 M129 M143 M147 M177 M178 | 8:M3 M11 M33 M48 M58 M66 M67 M79 M83 M92 M97 M111 M123 M137 M157 M166 M167 M169 M172 | 9:M9 M14 M16 M27 M35 M49 M59 M60 M72 M84 M91 M99 M108 M113 M119 M125 M141 M159 M168 M175 | 10:M4 M15 M24 M36 M61 M80 M100 M106 M115 M122 M124 M136 M150 M154 M158 M165 M174,,"domain reduction: sessions, fixed meetings, forbidden slots | precedence graph: transitive closure, cycle detection, arc-consistent bounds | (20),(22)-(27) exactly once over reduced domains | (19) participant atMost-one per slot | (46),(47) clustered table capacity with full channeling | (28) staircase/support precedence over reduced domains | usedSlot channeling + exact per-idle-slot break cost | (43) exactly |Mp| reduced usedSlot variables | (44) atMost 2|L| busy participants per slot | (45) exact even number of busy participants | exact unary total-break-slot counts and gap objective | (40) optional hard fairness cap: gap <= 1000",,,result,59936,6,59942
tic-13.fixed040-Forb,SAT,OPTIMAL,0.312762,23546,53613,6,0,53619,101.961,peak_process_tree_rss_mb,maxsat,staircase,yes,imp12+,41,4,"0,0,3,1,2,0,4,0,3,0,0,2,0,0,0,1,1,0,0,4,1,1,0,2,2,1,1,0,0,0,3,0,1,0,0,0,4,0,0,0,0,1,0,0,1,2,0","24,32,38,36,40,40,40,38,38,34","9,7,5,10,6,1,2,3,4,8,8,9,3,5,10,7,6,2,9,4,5,10,4,2,5,9,10,3,6,6,8,7,5,4,9,3,10,10,2,3,5,7,3,5,6,4,2,8,9,10,3,7,9,6,3,7,8,5,6,5,4,2,1,8,6,7,8,5,2,4,3,10,6,5,1,4,7,9,8,9,7,3,8,1,6,4,7,4,6,1,9,8,5,10,7,3,10,3,8,1,5,9,4,5,6,7,9,2,7,2,8,4,9,10,6,7,6,1,7,6,10,8,9,3,5,8,4,6,1,10,8,6,4,10,2,1,9,10,8,3,5,4,2,9,5,1,9,2,4,6,2,9,4,10,1,5,8,6,3,3,2,3,7,9,6,10,7,5,3,2,1,7,8,4,5,3,7,8,2,7",1:M6 M63 M75 M84 M90 M100 M118 M129 M136 M146 M155 M171 | 2:M7 M18 M24 M39 M47 M62 M69 M108 M110 M135 M143 M148 M151 M161 M170 M179 | 3:M8 M13 M28 M36 M40 M43 M51 M55 M71 M82 M96 M98 M124 M140 M159 M160 M162 M169 M176 | 4:M9 M20 M23 M34 M46 M61 M70 M76 M86 M88 M103 M112 M127 M133 M142 M149 M153 M174 | 5:M3 M14 M21 M25 M33 M41 M44 M58 M60 M68 M74 M93 M101 M104 M125 M141 M145 M156 M168 M175 | 6:M5 M17 M29 M30 M45 M54 M59 M65 M73 M85 M89 M105 M115 M117 M120 M128 M132 M150 M158 M165 | 7:M2 M16 M32 M42 M52 M56 M66 M77 M81 M87 M95 M106 M109 M116 M119 M163 M167 M172 M177 M180 | 8:M10 M11 M31 M48 M57 M64 M67 M79 M83 M92 M99 M111 M122 M126 M131 M139 M157 M173 M178 | 9:M1 M12 M19 M26 M35 M49 M53 M78 M80 M91 M102 M107 M113 M123 M137 M144 M147 M152 M164 | 10:M4 M15 M22 M27 M37 M38 M50 M72 M94 M97 M114 M121 M130 M134 M138 M154 M166,,"domain reduction: sessions, fixed meetings, forbidden slots | precedence graph: transitive closure, cycle detection, arc-consistent bounds | (20),(22)-(27) exactly once over reduced domains | (19) participant atMost-one per slot | (46),(47) clustered table capacity with full channeling | (28) staircase/support precedence over reduced domains | usedSlot channeling + exact per-idle-slot break cost | (43) exactly |Mp| reduced usedSlot variables | (44) atMost 2|L| busy participants per slot | (45) exact even number of busy participants | exact unary total-break-slot counts and gap objective | (40) optional hard fairness cap: gap <= 1000",,,result,53613,6,53619
tic-13.forb0003,UNSAT,UNSAT,0.286768,24778,66149,6,0,66155,108.496,peak_process_tree_rss_mb,maxsat,staircase,yes,imp12+,,,,,,,,"domain reduction: sessions, fixed meetings, forbidden slots | precedence graph: transitive closure, cycle detection, arc-consistent bounds | (20),(22)-(27) exactly once over reduced domains | (19) participant atMost-one per slot | (46),(47) clustered table capacity with full channeling | (28) staircase/support precedence over reduced domains | usedSlot channeling + exact per-idle-slot break cost | (43) exactly |Mp| reduced usedSlot variables | (44) atMost 2|L| busy participants per slot | (45) exact even number of busy participants | exact unary total-break-slot counts and gap objective | (40) optional hard fairness cap: gap <= 1000",,,result,66149,6,66155
tic-13.forb0007,UNSAT,UNSAT,0.371223,23591,64059,6,0,64065,105.746,peak_process_tree_rss_mb,maxsat,staircase,yes,imp12+,,,,,,,,"domain reduction: sessions, fixed meetings, forbidden slots | precedence graph: transitive closure, cycle detection, arc-consistent bounds | (20),(22)-(27) exactly once over reduced domains | (19) participant atMost-one per slot | (46),(47) clustered table capacity with full channeling | (28) staircase/support precedence over reduced domains | usedSlot channeling + exact per-idle-slot break cost | (43) exactly |Mp| reduced usedSlot variables | (44) atMost 2|L| busy participants per slot | (45) exact even number of busy participants | exact unary total-break-slot counts and gap objective | (40) optional hard fairness cap: gap <= 1000",,,result,64059,6,64065
tic-13crafb.fixed020-Forb,SAT,OPTIMAL,0.31561,22765,57743,8,0,57751,108.41,peak_process_tree_rss_mb,maxsat,staircase,yes,imp12+,16,1,"0,1,0,0,0,0,1,0,1,0,1,0,0,1,0,1,0,1,1,0,1,0,0,0,0,0,0,0,1,0,0,0,1,1,1,0,1,1,0,0,0,0,0,0,0,1","30,34,36,36,40,42,40,40,36,34","4,1,2,10,7,3,6,8,3,2,8,10,2,9,7,6,9,8,10,3,1,9,7,7,5,4,6,2,9,1,1,3,8,9,5,7,4,6,10,10,7,1,2,5,8,4,10,9,4,8,1,7,9,5,10,6,8,6,2,4,3,10,7,3,9,1,7,2,5,3,8,6,2,10,8,1,4,9,7,3,5,8,9,6,5,8,6,4,5,2,1,10,5,8,6,9,3,7,4,8,2,6,6,7,3,10,8,4,9,1,10,2,8,9,7,5,4,10,6,9,3,1,10,4,5,7,8,6,5,3,9,8,2,6,9,5,6,3,7,2,10,4,5,2,5,6,7,3,1,10,7,4,1,5,3,8,6,4,2,1,6,3,5,5,9,6,7,3,10,2,8,1,4,4,8,7,6,5,9,7,2,5,3,4",1:M2 M21 M30 M31 M42 M51 M66 M76 M91 M110 M122 M149 M153 M160 M172 | 2:M3 M10 M13 M28 M43 M59 M68 M73 M90 M101 M112 M133 M140 M144 M159 M170 M181 | 3:M6 M9 M20 M32 M61 M64 M70 M80 M97 M105 M121 M130 M138 M148 M155 M162 M168 M183 | 4:M1 M26 M37 M46 M49 M60 M77 M88 M99 M108 M117 M124 M142 M152 M158 M173 M174 M184 | 5:M25 M35 M44 M54 M69 M81 M85 M89 M93 M116 M125 M129 M136 M143 M145 M154 M163 M164 M178 M182 | 6:M7 M16 M27 M38 M56 M58 M72 M84 M87 M95 M102 M103 M119 M128 M134 M137 M146 M157 M161 M166 M177 | 7:M5 M15 M23 M24 M36 M41 M52 M63 M67 M79 M98 M104 M115 M126 M139 M147 M151 M167 M176 M180 | 8:M8 M11 M18 M33 M45 M50 M57 M71 M75 M82 M86 M94 M100 M107 M113 M127 M132 M156 M171 M175 | 9:M14 M17 M22 M29 M34 M48 M53 M65 M78 M83 M96 M109 M114 M120 M131 M135 M165 M179 | 10:M4 M12 M19 M39 M40 M47 M55 M62 M74 M92 M106 M111 M118 M123 M141 M150 M169,,"domain reduction: sessions, fixed meetings, forbidden slots | precedence graph: transitive closure, cycle detection, arc-consistent bounds | (20),(22)-(27) exactly once over reduced domains | (19) participant atMost-one per slot | (46),(47) clustered table capacity with full channeling | (28) staircase/support precedence over reduced domains | usedSlot channeling + exact per-idle-slot break cost | (43) exactly |Mp| reduced usedSlot variables | (44) atMost 2|L| busy participants per slot | (45) exact even number of busy participants | exact unary total-break-slot counts and gap objective | (40) optional hard fairness cap: gap <= 1000",,,result,57743,8,57751
tic-13crafb.fixed040-Forb,SAT,OPTIMAL,0.267232,21934,51012,8,0,51020,102.711,peak_process_tree_rss_mb,maxsat,staircase,yes,imp12+,47,4,"0,2,0,3,3,0,0,0,3,0,3,0,0,0,0,2,0,4,1,0,2,0,0,4,1,0,0,0,0,0,1,0,2,1,4,0,1,2,0,0,0,0,3,0,1,4","32,38,40,36,38,40,34,36,36,38","7,1,5,10,3,8,3,4,8,2,8,10,6,2,3,2,7,6,10,8,9,3,7,8,3,4,9,7,10,5,1,3,5,10,6,7,4,9,8,10,6,7,2,5,8,9,3,1,4,9,1,3,8,2,5,6,6,1,7,3,10,2,4,3,5,4,2,8,3,6,2,1,2,9,8,5,4,6,7,3,10,2,9,8,4,2,9,4,5,6,8,1,5,6,1,7,1,2,4,5,9,10,5,4,3,6,8,7,10,8,10,9,2,6,7,5,1,10,8,5,3,2,10,9,7,4,6,6,5,10,9,8,4,5,9,3,4,10,7,2,6,1,1,5,9,5,7,10,1,2,4,3,10,1,9,3,6,4,2,1,5,6,9,4,9,6,1,3,10,2,8,5,7,9,8,7,6,4,3,10,2,6,7,3",1:M2 M31 M48 M51 M58 M72 M92 M95 M97 M117 M142 M143 M149 M154 M160 M167 | 2:M10 M14 M16 M43 M54 M62 M67 M71 M73 M82 M86 M98 M113 M122 M140 M150 M159 M170 M181 | 3:M5 M7 M15 M22 M25 M32 M47 M52 M60 M64 M69 M80 M105 M121 M136 M152 M156 M168 M179 M184 | 4:M8 M26 M37 M49 M63 M66 M77 M85 M88 M99 M104 M126 M133 M137 M151 M158 M164 M178 | 5:M3 M30 M33 M44 M55 M65 M76 M89 M93 M100 M103 M116 M120 M129 M134 M144 M146 M161 M172 | 6:M13 M18 M35 M41 M56 M57 M70 M78 M90 M94 M106 M114 M127 M128 M141 M157 M162 M166 M177 M182 | 7:M1 M17 M23 M28 M36 M42 M59 M79 M96 M108 M115 M125 M139 M147 M173 M176 M183 | 8:M6 M9 M11 M20 M24 M39 M45 M53 M68 M75 M84 M91 M107 M110 M119 M132 M171 M175 | 9:M21 M27 M38 M46 M50 M74 M83 M87 M101 M112 M124 M131 M135 M145 M155 M163 M165 M174 | 10:M4 M12 M19 M29 M34 M40 M61 M81 M102 M109 M111 M118 M123 M130 M138 M148 M153 M169 M180,,"domain reduction: sessions, fixed meetings, forbidden slots | precedence graph: transitive closure, cycle detection, arc-consistent bounds | (20),(22)-(27) exactly once over reduced domains | (19) participant atMost-one per slot | (46),(47) clustered table capacity with full channeling | (28) staircase/support precedence over reduced domains | usedSlot channeling + exact per-idle-slot break cost | (43) exactly |Mp| reduced usedSlot variables | (44) atMost 2|L| busy participants per slot | (45) exact even number of busy participants | exact unary total-break-slot counts and gap objective | (40) optional hard fairness cap: gap <= 1000",,,result,51012,8,51020
tic-13crafb.forb0003,SAT,OPTIMAL,0.349795,23113,64260,8,0,64268,111.133,peak_process_tree_rss_mb,maxsat,staircase,yes,imp12+,0,0,"0,0,0,0,0,0,0,0,0,0,0,0,0,0,0,0,0,0,0,0,0,0,0,0,0,0,0,0,0,0,0,0,0,0,0,0,0,0,0,0,0,0,0,0,0,0","30,38,38,42,42,42,40,38,30,28","2,10,5,4,6,7,3,6,5,4,6,7,2,5,5,4,1,6,5,2,4,7,3,5,3,7,1,8,2,4,2,8,5,10,1,7,6,4,3,3,1,4,9,6,7,8,10,3,8,3,10,1,5,9,6,7,2,10,4,1,3,7,5,7,9,5,6,8,7,3,2,8,7,2,5,10,1,4,6,3,9,7,4,5,8,8,2,6,9,1,4,7,6,2,3,5,2,7,8,10,6,4,3,7,5,9,2,4,1,9,10,1,4,5,3,8,4,9,8,5,6,10,7,3,9,4,2,9,1,2,8,6,3,8,1,4,5,2,3,8,7,9,8,4,6,2,10,5,9,8,10,6,2,9,1,10,6,6,3,8,4,7,5,3,1,4,8,6,9,10,7,5,2,1,5,4,3,2,6,7,9,6,8,10",1:M17 M27 M35 M41 M52 M60 M77 M90 M109 M112 M129 M135 M155 M165 M174 | 2:M1 M13 M20 M29 M31 M57 M71 M74 M87 M94 M97 M107 M127 M130 M138 M146 M153 M173 M178 | 3:M7 M23 M25 M39 M40 M48 M50 M61 M70 M80 M95 M103 M115 M124 M133 M139 M159 M164 M177 | 4:M4 M10 M16 M21 M30 M38 M42 M59 M78 M83 M91 M102 M108 M113 M117 M126 M136 M144 M161 M166 M176 | 5:M3 M9 M14 M15 M19 M24 M33 M53 M63 M66 M75 M84 M96 M105 M114 M120 M137 M148 M163 M172 M175 | 6:M5 M8 M11 M18 M37 M44 M55 M67 M79 M88 M93 M101 M121 M132 M145 M152 M157 M158 M168 M179 M182 | 7:M6 M12 M22 M26 M36 M45 M56 M62 M64 M69 M73 M82 M92 M98 M104 M123 M141 M162 M171 M180 | 8:M28 M32 M46 M49 M68 M72 M85 M86 M99 M116 M119 M131 M134 M140 M143 M150 M160 M167 M183 | 9:M43 M54 M65 M81 M89 M106 M110 M118 M125 M128 M142 M149 M154 M169 M181 | 10:M2 M34 M47 M51 M58 M76 M100 M111 M122 M147 M151 M156 M170 M184,,"domain reduction: sessions, fixed meetings, forbidden slots | precedence graph: transitive closure, cycle detection, arc-consistent bounds | (20),(22)-(27) exactly once over reduced domains | (19) participant atMost-one per slot | (46),(47) clustered table capacity with full channeling | (28) staircase/support precedence over reduced domains | usedSlot channeling + exact per-idle-slot break cost | (43) exactly |Mp| reduced usedSlot variables | (44) atMost 2|L| busy participants per slot | (45) exact even number of busy participants | exact unary total-break-slot counts and gap objective | (40) optional hard fairness cap: gap <= 1000",,,result,64260,8,64268
tic-13crafb.forb0007,UNSAT,UNSAT,0.287639,21925,62132,8,0,62140,106.406,peak_process_tree_rss_mb,maxsat,staircase,yes,imp12+,,,,,,,,"domain reduction: sessions, fixed meetings, forbidden slots | precedence graph: transitive closure, cycle detection, arc-consistent bounds | (20),(22)-(27) exactly once over reduced domains | (19) participant atMost-one per slot | (46),(47) clustered table capacity with full channeling | (28) staircase/support precedence over reduced domains | usedSlot channeling + exact per-idle-slot break cost | (43) exactly |Mp| reduced usedSlot variables | (44) atMost 2|L| busy participants per slot | (45) exact even number of busy participants | exact unary total-break-slot counts and gap objective | (40) optional hard fairness cap: gap <= 1000",,,result,62132,8,62140
tic-13crafc.fixed020-Forb,SAT,OPTIMAL,0.338944,24531,60296,6,0,60302,110.086,peak_process_tree_rss_mb,maxsat,staircase,yes,imp12+,46,3,"0,0,3,2,2,2,3,2,2,3,0,2,0,0,0,1,1,0,1,0,2,1,0,1,1,1,2,0,0,1,2,0,2,1,0,1,1,1,0,0,0,2,0,0,2,1,0","32,34,38,36,38,38,36,38,34,36","1,2,9,10,8,7,4,5,3,6,8,4,3,9,10,9,1,7,3,10,6,2,4,10,5,3,8,2,6,1,2,7,3,4,9,10,5,3,2,7,5,10,3,2,6,5,1,8,4,1,5,7,2,6,9,8,6,5,10,8,10,2,1,7,5,6,8,6,5,9,8,1,9,5,4,6,2,7,3,8,7,6,9,4,3,10,7,6,5,4,9,5,8,2,7,3,6,9,4,8,5,3,10,5,4,8,9,7,6,3,8,4,9,1,10,5,6,9,7,6,8,4,6,3,10,9,4,8,7,1,10,2,6,1,3,5,4,2,3,1,5,9,10,2,7,3,5,2,4,8,2,4,1,10,1,4,8,4,10,1,2,7,3,9,7,8,1,1,9,6,3,8,7,7,5,3,10,10,2,6",1:M1 M17 M30 M47 M50 M63 M72 M114 M130 M134 M140 M153 M155 M160 M167 M168 | 2:M2 M22 M28 M31 M39 M44 M53 M62 M77 M94 M132 M138 M144 M148 M151 M161 M179 | 3:M9 M13 M19 M26 M33 M38 M43 M79 M85 M96 M102 M110 M124 M135 M139 M146 M163 M171 M176 | 4:M7 M12 M23 M34 M49 M75 M84 M90 M99 M105 M112 M122 M127 M137 M149 M152 M156 M158 | 5:M8 M25 M37 M41 M46 M51 M58 M65 M69 M74 M89 M92 M101 M104 M116 M136 M141 M147 M175 | 6:M10 M21 M29 M45 M54 M57 M66 M68 M76 M82 M88 M97 M109 M117 M120 M123 M133 M170 M180 | 7:M6 M18 M32 M40 M52 M64 M78 M81 M87 M95 M108 M119 M129 M145 M162 M165 M173 M174 | 8:M5 M11 M27 M48 M56 M60 M67 M71 M80 M93 M100 M106 M111 M121 M128 M150 M157 M166 M172 | 9:M3 M14 M16 M35 M55 M70 M73 M83 M91 M98 M107 M113 M118 M126 M142 M164 M169 | 10:M4 M15 M20 M24 M36 M42 M59 M61 M86 M103 M115 M125 M131 M143 M154 M159 M177 M178,,"domain reduction: sessions, fixed meetings, forbidden slots | precedence graph: transitive closure, cycle detection, arc-consistent bounds | (20),(22)-(27) exactly once over reduced domains | (19) participant atMost-one per slot | (46),(47) clustered table capacity with full channeling | (28) staircase/support precedence over reduced domains | usedSlot channeling + exact per-idle-slot break cost | (43) exactly |Mp| reduced usedSlot variables | (44) atMost 2|L| busy participants per slot | (45) exact even number of busy participants | exact unary total-break-slot counts and gap objective | (40) optional hard fairness cap: gap <= 1000",,,result,60296,6,60302
tic-13crafc.fixed040-Forb,SAT,OPTIMAL,0.283627,23740,54041,6,0,54047,109.188,peak_process_tree_rss_mb,maxsat,staircase,yes,imp12+,61,4,"0,0,3,1,2,2,4,2,3,1,0,3,0,0,3,1,1,0,0,3,4,1,0,3,1,1,0,0,1,1,3,0,2,1,0,2,4,1,0,0,0,3,0,0,2,2,0","32,34,38,32,38,38,38,38,34,38","3,7,5,10,6,1,2,8,9,4,8,7,3,5,10,9,6,10,3,2,5,4,4,2,5,9,10,3,6,6,2,7,5,4,9,1,10,10,2,8,5,3,9,10,6,4,7,8,1,9,2,7,4,6,9,7,10,5,6,5,4,2,1,3,6,8,8,6,7,10,3,10,6,5,1,8,4,9,7,3,7,8,6,4,1,10,7,8,2,8,9,1,5,10,7,3,10,9,8,1,5,7,4,5,6,7,3,8,7,5,8,4,9,3,6,7,6,1,7,6,1,10,2,9,1,3,4,5,8,10,8,2,4,10,6,1,9,9,8,3,10,4,5,2,7,3,1,2,4,6,2,5,4,10,1,6,3,9,3,5,2,3,1,9,6,8,2,5,8,7,3,7,8,10,1,3,2,5,2,9",1:M6 M36 M49 M63 M75 M85 M92 M100 M118 M121 M125 M136 M147 M155 M163 M175 | 2:M7 M20 M24 M31 M39 M51 M62 M89 M123 M132 M144 M148 M151 M161 M167 M177 M179 | 3:M1 M13 M19 M28 M42 M64 M71 M80 M96 M107 M114 M126 M140 M146 M157 M159 M162 M171 M176 | 4:M10 M22 M23 M34 M46 M53 M61 M77 M84 M103 M112 M127 M133 M142 M149 M153 | 5:M3 M14 M21 M25 M33 M41 M58 M60 M74 M93 M101 M104 M110 M128 M143 M152 M160 M168 M178 | 6:M5 M17 M29 M30 M45 M54 M59 M65 M68 M73 M83 M105 M115 M117 M120 M135 M150 M156 M165 | 7:M2 M12 M32 M47 M52 M56 M69 M79 M81 M87 M95 M102 M106 M109 M116 M119 M145 M170 M172 | 8:M8 M11 M40 M48 M66 M67 M76 M82 M88 M90 M99 M108 M111 M129 M131 M139 M166 M169 M173 | 9:M9 M16 M26 M35 M43 M50 M55 M78 M91 M98 M113 M124 M137 M138 M158 M164 M180 | 10:M4 M15 M18 M27 M37 M38 M44 M57 M70 M72 M86 M94 M97 M122 M130 M134 M141 M154 M174,,"domain reduction: sessions, fixed meetings, forbidden slots | precedence graph: transitive closure, cycle detection, arc-consistent bounds | (20),(22)-(27) exactly once over reduced domains | (19) participant atMost-one per slot | (46),(47) clustered table capacity with full channeling | (28) staircase/support precedence over reduced domains | usedSlot channeling + exact per-idle-slot break cost | (43) exactly |Mp| reduced usedSlot variables | (44) atMost 2|L| busy participants per slot | (45) exact even number of busy participants | exact unary total-break-slot counts and gap objective | (40) optional hard fairness cap: gap <= 1000",,,result,54041,6,54047
tic-13crafc.forb0003,UNSAT,UNSAT,0.288536,24940,66513,6,0,66519,104.645,peak_process_tree_rss_mb,maxsat,staircase,yes,imp12+,,,,,,,,"domain reduction: sessions, fixed meetings, forbidden slots | precedence graph: transitive closure, cycle detection, arc-consistent bounds | (20),(22)-(27) exactly once over reduced domains | (19) participant atMost-one per slot | (46),(47) clustered table capacity with full channeling | (28) staircase/support precedence over reduced domains | usedSlot channeling + exact per-idle-slot break cost | (43) exactly |Mp| reduced usedSlot variables | (44) atMost 2|L| busy participants per slot | (45) exact even number of busy participants | exact unary total-break-slot counts and gap objective | (40) optional hard fairness cap: gap <= 1000",,,result,66513,6,66519
tic-13crafc.forb0007,UNSAT,UNSAT,0.294548,24844,66061,6,0,66067,105.82,peak_process_tree_rss_mb,maxsat,staircase,yes,imp12+,,,,,,,,"domain reduction: sessions, fixed meetings, forbidden slots | precedence graph: transitive closure, cycle detection, arc-consistent bounds | (20),(22)-(27) exactly once over reduced domains | (19) participant atMost-one per slot | (46),(47) clustered table capacity with full channeling | (28) staircase/support precedence over reduced domains | usedSlot channeling + exact per-idle-slot break cost | (43) exactly |Mp| reduced usedSlot variables | (44) atMost 2|L| busy participants per slot | (45) exact even number of busy participants | exact unary total-break-slot counts and gap objective | (40) optional hard fairness cap: gap <= 1000",,,result,66061,6,66067
tic-14crafa.fixed020-Forb,SAT,OPTIMAL,0.35747,27486,71922,7,0,71929,113.379,peak_process_tree_rss_mb,maxsat,staircase,yes,imp12+,42,2,"0,0,1,1,2,0,0,2,1,0,2,0,2,0,0,0,1,1,0,0,0,2,0,0,0,0,2,2,0,2,2,0,0,2,0,2,0,0,2,0,0,0,0,0,1,0,2,2,0,0,0,0,0,0,2,1,2,1,0,2","48,52,48,48,52,54,46,48,40,38","8,7,6,5,10,9,1,2,5,4,3,5,8,4,9,10,2,1,5,10,5,1,7,1,5,9,6,7,6,1,4,6,10,1,3,5,2,7,5,4,2,7,10,6,4,8,9,3,2,9,6,8,1,9,6,4,1,2,3,7,5,10,5,3,1,4,8,2,7,6,4,1,5,8,7,9,3,7,1,6,5,9,10,2,4,8,6,2,4,1,3,8,8,2,9,6,5,10,4,6,5,2,1,9,3,2,6,3,8,10,6,3,4,8,9,7,6,2,3,10,4,3,8,5,2,1,6,8,9,3,6,7,2,6,4,8,5,10,3,7,9,7,3,8,5,1,5,8,7,2,10,4,5,9,2,7,3,8,1,6,2,1,4,3,9,7,8,6,10,5,6,10,8,1,8,7,4,6,10,1,2,5,3,4,9,2,2,5,6,1,4,3,7,5,4,6,9,7,8,3,2,3,7,4,9,1,2,5,8,10,2,1,6,3,10,4,10,7,9,8,3,6,5,1,2,4,9,10,8,3,6,7,5,7,2,4,1",1:M7 M18 M22 M24 M30 M34 M53 M57 M65 M72 M79 M90 M103 M126 M146 M159 M162 M174 M180 M190 M206 M212 M224 M237 | 2:M8 M17 M37 M41 M49 M58 M68 M84 M88 M94 M102 M106 M118 M125 M133 M150 M155 M161 M181 M186 M187 M201 M207 M211 M225 M235 | 3:M11 M35 M48 M59 M64 M77 M91 M105 M108 M112 M119 M122 M130 M139 M143 M157 M164 M183 M192 M200 M202 M214 M221 M230 | 4:M10 M14 M31 M40 M45 M56 M66 M71 M85 M89 M99 M113 M121 M135 M152 M163 M177 M184 M191 M195 M204 M216 M226 M236 | 5:M4 M9 M12 M19 M21 M25 M36 M39 M61 M63 M73 M81 M97 M101 M124 M137 M145 M147 M153 M170 M182 M188 M194 M208 M223 M233 | 6:M3 M27 M29 M32 M44 M51 M55 M70 M80 M87 M96 M100 M107 M111 M117 M127 M131 M134 M160 M168 M171 M178 M189 M196 M213 M222 M231 | 7:M2 M23 M28 M38 M42 M60 M69 M75 M78 M116 M132 M140 M142 M149 M156 M166 M176 M193 M198 M203 M218 M232 M234 | 8:M1 M13 M46 M52 M67 M74 M86 M92 M93 M109 M114 M123 M128 M136 M144 M148 M158 M167 M173 M175 M199 M209 M220 M229 | 9:M6 M15 M26 M47 M50 M54 M76 M82 M95 M104 M115 M129 M141 M154 M165 M185 M197 M205 M219 M227 | 10:M5 M16 M20 M33 M43 M62 M83 M98 M110 M120 M138 M151 M169 M172 M179 M210 M215 M217 M228,,"domain reduction: sessions, fixed meetings, forbidden slots | precedence graph: transitive closure, cycle detection, arc-consistent bounds | (20),(22)-(27) exactly once over reduced domains | (19) participant atMost-one per slot | (46),(47) clustered table capacity with full channeling | (28) staircase/support precedence over reduced domains | usedSlot channeling + exact per-idle-slot break cost | (43) exactly |Mp| reduced usedSlot variables | (44) atMost 2|L| busy participants per slot | (45) exact even number of busy participants | exact unary total-break-slot counts and gap objective | (40) optional hard fairness cap: gap <= 1000",,,result,71922,7,71929
tic-14crafa.fixed040-Forb,UNSAT,UNSAT,0.31523,26670,64075,7,0,64082,102.895,peak_process_tree_rss_mb,maxsat,staircase,yes,imp12+,,,,,,,,"domain reduction: sessions, fixed meetings, forbidden slots | precedence graph: transitive closure, cycle detection, arc-consistent bounds | (20),(22)-(27) exactly once over reduced domains | (19) participant atMost-one per slot | (46),(47) clustered table capacity with full channeling | (28) staircase/support precedence over reduced domains | usedSlot channeling + exact per-idle-slot break cost | (43) exactly |Mp| reduced usedSlot variables | (44) atMost 2|L| busy participants per slot | (45) exact even number of busy participants | exact unary total-break-slot counts and gap objective | (40) optional hard fairness cap: gap <= 1000",,,result,64075,7,64082
tic-14crafa.forb0003,SAT,OPTIMAL,0.450039,28204,80900,7,0,80907,118.508,peak_process_tree_rss_mb,maxsat,staircase,yes,imp12+,0,0,"0,0,0,0,0,0,0,0,0,0,0,0,0,0,0,0,0,0,0,0,0,0,0,0,0,0,0,0,0,0,0,0,0,0,0,0,0,0,0,0,0,0,0,0,0,0,0,0,0,0,0,0,0,0,0,0,0,0,0,0","38,42,48,52,54,54,54,50,46,36","1,5,8,2,6,10,4,7,1,6,4,6,10,3,7,5,2,9,8,7,2,5,9,9,8,4,2,1,5,2,4,6,5,3,4,7,8,9,5,1,3,1,9,6,10,7,2,2,8,7,9,6,5,3,8,6,9,7,5,1,4,6,4,10,3,1,9,8,5,7,5,1,3,10,7,4,9,3,6,4,7,10,2,5,1,8,6,7,5,8,9,4,5,8,4,3,7,6,2,3,4,10,6,7,8,5,6,4,7,3,4,8,10,9,8,10,5,1,2,6,4,5,2,3,3,5,6,7,1,4,10,7,1,7,9,2,5,4,10,3,8,9,3,10,1,7,8,6,3,2,8,9,1,7,6,10,2,4,3,5,4,1,2,8,10,5,9,7,3,7,6,1,5,4,7,2,9,3,6,8,6,4,9,7,6,8,6,7,9,5,4,8,4,3,9,8,4,2,5,10,9,4,6,3,8,2,1,9,5,10,6,1,8,3,2,2,7,3,10,3,9,7,5,6,8,4,2,10,1,6,3,5,7,8,6,9,5",1:M1 M9 M28 M40 M42 M60 M66 M72 M85 M118 M129 M133 M145 M153 M162 M172 M207 M212 M229 | 2:M4 M17 M21 M27 M30 M47 M48 M83 M99 M119 M123 M136 M150 M157 M163 M176 M198 M206 M215 M216 M227 | 3:M14 M34 M41 M54 M65 M73 M78 M96 M100 M110 M124 M125 M140 M143 M149 M159 M169 M178 M194 M204 M214 M218 M220 M231 | 4:M7 M11 M26 M31 M35 M61 M63 M76 M80 M92 M95 M101 M108 M111 M121 M130 M138 M158 M161 M174 M182 M191 M193 M197 M202 M226 | 5:M2 M16 M22 M29 M33 M39 M53 M59 M69 M71 M84 M89 M93 M106 M117 M122 M126 M137 M160 M166 M173 M190 M199 M209 M223 M232 M237 | 6:M5 M10 M12 M32 M44 M52 M56 M62 M79 M87 M98 M103 M107 M120 M127 M148 M155 M171 M179 M181 M185 M187 M203 M211 M224 M230 M235 | 7:M8 M15 M20 M36 M46 M50 M58 M70 M75 M81 M88 M97 M104 M109 M128 M132 M134 M146 M154 M168 M170 M175 M184 M188 M217 M222 M233 | 8:M3 M19 M25 M37 M49 M55 M68 M86 M90 M94 M105 M112 M115 M141 M147 M151 M164 M180 M186 M192 M196 M205 M213 M225 M234 | 9:M18 M23 M24 M38 M43 M51 M57 M67 M77 M91 M114 M135 M142 M152 M167 M177 M183 M189 M195 M201 M208 M221 M236 | 10:M6 M13 M45 M64 M74 M82 M102 M113 M116 M131 M139 M144 M156 M165 M200 M210 M219 M228,,"domain reduction: sessions, fixed meetings, forbidden slots | precedence graph: transitive closure, cycle detection, arc-consistent bounds | (20),(22)-(27) exactly once over reduced domains | (19) participant atMost-one per slot | (46),(47) clustered table capacity with full channeling | (28) staircase/support precedence over reduced domains | usedSlot channeling + exact per-idle-slot break cost | (43) exactly |Mp| reduced usedSlot variables | (44) atMost 2|L| busy participants per slot | (45) exact even number of busy participants | exact unary total-break-slot counts and gap objective | (40) optional hard fairness cap: gap <= 1000",,,result,80900,7,80907
tic-14crafa.forb0007,UNSAT,UNSAT,0.345464,28092,80321,7,0,80328,106.832,peak_process_tree_rss_mb,maxsat,staircase,yes,imp12+,,,,,,,,"domain reduction: sessions, fixed meetings, forbidden slots | precedence graph: transitive closure, cycle detection, arc-consistent bounds | (20),(22)-(27) exactly once over reduced domains | (19) participant atMost-one per slot | (46),(47) clustered table capacity with full channeling | (28) staircase/support precedence over reduced domains | usedSlot channeling + exact per-idle-slot break cost | (43) exactly |Mp| reduced usedSlot variables | (44) atMost 2|L| busy participants per slot | (45) exact even number of busy participants | exact unary total-break-slot counts and gap objective | (40) optional hard fairness cap: gap <= 1000",,,result,80321,7,80328
tic-14crafc.fixed020-Forb,SAT,OPTIMAL,0.381042,27724,72438,7,0,72445,113.32,peak_process_tree_rss_mb,maxsat,staircase,yes,imp12+,44,2,"0,0,0,1,2,0,0,2,1,0,1,0,2,0,0,0,1,2,0,0,0,2,0,0,0,0,2,2,0,0,2,2,0,1,2,2,0,0,2,0,0,0,0,0,1,0,0,2,1,1,1,0,1,0,2,1,1,0,2,2","50,50,50,46,48,48,48,48,46,40","7,2,8,5,3,6,1,10,7,6,4,2,9,6,7,10,1,3,5,10,4,5,7,1,6,5,10,8,4,1,4,10,9,1,3,8,2,5,5,8,2,7,10,6,9,8,4,3,2,9,6,8,1,9,7,1,3,2,10,6,5,9,7,5,6,8,1,2,3,10,9,2,5,6,7,4,3,4,1,5,2,9,6,8,7,10,5,3,6,1,2,8,1,8,9,4,5,2,1,5,4,8,6,2,3,2,1,3,4,6,2,3,8,10,8,7,4,5,3,9,1,7,2,3,2,8,1,6,7,9,6,3,2,9,4,8,5,10,7,6,3,7,9,8,1,10,2,4,7,3,10,3,6,9,1,4,5,8,7,2,5,1,8,3,9,7,6,4,10,6,5,9,10,4,2,3,9,10,7,1,3,9,6,4,3,2,3,2,7,1,4,5,1,5,1,8,9,6,4,2,1,5,7,2,6,1,3,10,8,4,7,1,6,9,10,8,8,7,5,9,8,4,5,7,3,6,2,10,5,3,4,9,8,10,4,7,9",1:M7 M17 M24 M30 M34 M53 M56 M67 M79 M90 M93 M99 M107 M121 M127 M145 M155 M162 M180 M190 M193 M195 M201 M206 M212 | 2:M2 M12 M37 M41 M49 M58 M68 M72 M81 M91 M98 M104 M106 M111 M123 M125 M133 M147 M160 M175 M186 M188 M200 M204 M227 | 3:M5 M18 M35 M48 M57 M69 M77 M88 M105 M108 M112 M119 M124 M132 M141 M150 M152 M164 M176 M181 M185 M187 M207 M225 M230 | 4:M11 M21 M29 M31 M47 M76 M78 M96 M101 M109 M117 M135 M148 M156 M168 M174 M184 M191 M199 M210 M222 M231 M235 | 5:M4 M19 M22 M26 M38 M39 M61 M64 M73 M80 M87 M97 M100 M118 M137 M157 M161 M171 M192 M194 M202 M219 M223 M229 | 6:M6 M10 M14 M25 M44 M51 M60 M65 M74 M83 M89 M103 M110 M128 M131 M140 M153 M167 M170 M183 M198 M205 M213 M226 | 7:M1 M9 M15 M23 M42 M55 M63 M75 M85 M116 M122 M129 M139 M142 M149 M159 M166 M179 M189 M203 M211 M218 M224 M236 | 8:M3 M28 M36 M40 M46 M52 M66 M84 M92 M94 M102 M113 M115 M126 M136 M144 M158 M163 M196 M209 M216 M217 M221 M233 | 9:M13 M33 M45 M50 M54 M62 M71 M82 M95 M120 M130 M134 M143 M154 M165 M172 M177 M182 M197 M214 M220 M232 M237 | 10:M8 M16 M20 M27 M32 M43 M59 M70 M86 M114 M138 M146 M151 M169 M173 M178 M208 M215 M228 M234,,"domain reduction: sessions, fixed meetings, forbidden slots | precedence graph: transitive closure, cycle detection, arc-consistent bounds | (20),(22)-(27) exactly once over reduced domains | (19) participant atMost-one per slot | (46),(47) clustered table capacity with full channeling | (28) staircase/support precedence over reduced domains | usedSlot channeling + exact per-idle-slot break cost | (43) exactly |Mp| reduced usedSlot variables | (44) atMost 2|L| busy participants per slot | (45) exact even number of busy participants | exact unary total-break-slot counts and gap objective | (40) optional hard fairness cap: gap <= 1000",,,result,72438,7,72445
tic-14crafc.fixed040-Forb,UNSAT,UNSAT,0.290692,26926,64627,7,0,64634,104.906,peak_process_tree_rss_mb,maxsat,staircase,yes,imp12+,,,,,,,,"domain reduction: sessions, fixed meetings, forbidden slots | precedence graph: transitive closure, cycle detection, arc-consistent bounds | (20),(22)-(27) exactly once over reduced domains | (19) participant atMost-one per slot | (46),(47) clustered table capacity with full channeling | (28) staircase/support precedence over reduced domains | usedSlot channeling + exact per-idle-slot break cost | (43) exactly |Mp| reduced usedSlot variables | (44) atMost 2|L| busy participants per slot | (45) exact even number of busy participants | exact unary total-break-slot counts and gap objective | (40) optional hard fairness cap: gap <= 1000",,,result,64627,7,64634
tic-14crafc.forb0003,SAT,OPTIMAL,0.47974,28424,81380,7,0,81387,118.516,peak_process_tree_rss_mb,maxsat,staircase,yes,imp12+,0,0,"0,0,0,0,0,0,0,0,0,0,0,0,0,0,0,0,0,0,0,0,0,0,0,0,0,0,0,0,0,0,0,0,0,0,0,0,0,0,0,0,0,0,0,0,0,0,0,0,0,0,0,0,0,0,0,0,0,0,0,0","42,46,50,50,50,50,50,50,46,40","10,9,2,4,7,8,6,1,7,7,8,2,4,9,5,6,3,10,4,2,8,9,7,6,8,3,9,10,4,10,10,1,6,8,2,1,6,5,2,1,3,7,8,9,5,1,4,10,3,9,4,1,6,2,9,6,10,4,3,7,5,10,6,7,9,5,8,2,3,1,1,3,5,4,7,9,8,1,2,5,9,6,4,10,7,3,1,4,5,6,2,3,5,6,4,1,7,2,5,9,2,4,3,8,10,3,4,2,5,7,9,8,3,1,5,3,7,8,6,2,10,8,6,7,8,3,9,6,5,7,3,10,4,9,3,1,10,5,7,8,6,8,5,9,7,10,9,3,10,8,3,4,7,5,10,8,9,1,2,6,9,5,10,3,1,8,4,7,6,6,5,4,7,1,6,9,2,4,5,10,8,7,3,9,2,6,5,4,1,6,2,3,10,2,8,7,6,4,1,9,8,7,2,5,6,1,3,10,4,8,4,7,2,5,6,8,3,9,8,5,3,9,8,7,1,6,4,2,5,4,7,1,2,2,5,3,4",1:M8 M32 M36 M40 M46 M52 M70 M71 M78 M87 M96 M114 M136 M158 M165 M174 M189 M199 M206 M225 M232 | 2:M3 M12 M20 M35 M39 M54 M68 M79 M91 M98 M101 M108 M120 M159 M177 M185 M191 M194 M203 M213 M228 M233 M234 | 3:M17 M26 M41 M49 M59 M69 M72 M86 M92 M103 M106 M113 M116 M126 M131 M135 M148 M151 M164 M183 M192 M207 M217 M221 M236 | 4:M4 M13 M19 M29 M47 M51 M58 M74 M83 M88 M95 M102 M107 M133 M152 M167 M172 M178 M188 M198 M209 M211 M227 M230 M237 | 5:M15 M38 M45 M61 M66 M73 M80 M89 M93 M99 M109 M115 M129 M138 M143 M154 M162 M171 M179 M187 M204 M214 M220 M229 M235 | 6:M7 M16 M24 M33 M37 M53 M56 M63 M82 M90 M94 M119 M123 M128 M141 M160 M169 M170 M175 M186 M190 M197 M205 M215 M226 | 7:M5 M9 M10 M23 M42 M60 M64 M75 M85 M97 M110 M117 M124 M130 M139 M145 M153 M168 M173 M182 M196 M202 M212 M224 M231 | 8:M6 M11 M21 M25 M34 M43 M67 M77 M104 M112 M118 M122 M125 M140 M142 M150 M156 M166 M181 M195 M201 M210 M216 M219 M223 | 9:M2 M14 M22 M27 M44 M50 M55 M65 M76 M81 M100 M111 M127 M134 M144 M147 M157 M161 M176 M184 M200 M218 M222 | 10:M1 M18 M28 M30 M31 M48 M57 M62 M84 M105 M121 M132 M137 M146 M149 M155 M163 M180 M193 M208,,"domain reduction: sessions, fixed meetings, forbidden slots | precedence graph: transitive closure, cycle detection, arc-consistent bounds | (20),(22)-(27) exactly once over reduced domains | (19) participant atMost-one per slot | (46),(47) clustered table capacity with full channeling | (28) staircase/support precedence over reduced domains | usedSlot channeling + exact per-idle-slot break cost | (43) exactly |Mp| reduced usedSlot variables | (44) atMost 2|L| busy participants per slot | (45) exact even number of busy participants | exact unary total-break-slot counts and gap objective | (40) optional hard fairness cap: gap <= 1000",,,result,81380,7,81387
tic-14crafc.forb0007,UNSAT,UNSAT,0.370516,28318,80813,7,0,80820,111.273,peak_process_tree_rss_mb,maxsat,staircase,yes,imp12+,,,,,,,,"domain reduction: sessions, fixed meetings, forbidden slots | precedence graph: transitive closure, cycle detection, arc-consistent bounds | (20),(22)-(27) exactly once over reduced domains | (19) participant atMost-one per slot | (46),(47) clustered table capacity with full channeling | (28) staircase/support precedence over reduced domains | usedSlot channeling + exact per-idle-slot break cost | (43) exactly |Mp| reduced usedSlot variables | (44) atMost 2|L| busy participants per slot | (45) exact even number of busy participants | exact unary total-break-slot counts and gap objective | (40) optional hard fairness cap: gap <= 1000",,,result,80813,7,80820
tic-14crafd.fixed020-Forb,SAT,OPTIMAL,0.358258,27685,72360,8,0,72368,109.801,peak_process_tree_rss_mb,maxsat,staircase,yes,imp12+,51,3,"0,0,1,0,3,0,3,2,2,0,3,0,1,0,0,0,2,1,0,0,0,3,0,0,0,0,0,0,0,3,0,1,0,2,0,1,0,0,2,0,0,0,0,0,3,0,3,2,0,3,3,0,0,0,3,1,2,0,1,0","46,50,50,48,50,48,48,44,46,42","4,3,7,1,6,10,2,5,4,2,8,7,2,7,8,6,3,10,1,4,5,10,5,8,4,7,9,7,8,4,3,2,5,7,6,2,6,1,7,2,10,9,4,3,5,2,1,5,6,8,9,4,10,1,3,1,9,2,3,4,7,5,9,2,4,6,10,3,8,5,7,1,4,6,5,1,8,3,5,9,1,2,8,6,10,7,4,6,9,7,3,2,5,4,8,10,6,7,2,3,5,4,9,10,6,3,8,6,1,7,3,10,6,5,1,8,9,4,3,9,1,5,9,10,8,5,4,7,3,2,8,3,4,8,1,3,5,4,9,6,7,2,9,8,2,10,7,1,4,3,2,3,4,8,7,6,9,1,5,10,6,7,8,5,1,10,2,10,6,7,8,3,2,10,5,2,4,8,1,9,9,4,5,6,2,9,9,7,2,10,5,3,10,3,7,5,9,2,1,4,1,6,8,9,10,7,3,5,2,1,9,5,3,6,6,7,10,1,2,5,3,9,8,6,4,1,8,9,10,4,2,6,6,3,1,7",1:M4 M19 M38 M47 M54 M56 M72 M76 M81 M109 M115 M121 M135 M148 M158 M165 M179 M199 M201 M210 M218 M226 M235 | 2:M7 M10 M13 M32 M36 M40 M46 M58 M64 M82 M92 M99 M130 M142 M145 M151 M167 M173 M176 M185 M189 M198 M209 M219 M231 | 3:M2 M17 M31 M44 M55 M59 M68 M78 M91 M100 M106 M111 M119 M129 M132 M136 M150 M152 M172 M192 M194 M207 M213 M221 M234 | 4:M1 M9 M20 M25 M30 M43 M52 M60 M65 M73 M87 M94 M102 M118 M127 M133 M138 M149 M153 M177 M182 M200 M225 M230 | 5:M8 M21 M23 M33 M45 M48 M62 M70 M75 M79 M93 M101 M114 M122 M126 M137 M159 M164 M175 M183 M191 M196 M208 M212 M220 | 6:M5 M16 M35 M37 M49 M66 M74 M84 M88 M97 M105 M108 M113 M140 M156 M161 M169 M184 M202 M214 M215 M224 M232 M233 | 7:M3 M12 M14 M26 M28 M34 M39 M61 M71 M86 M90 M98 M110 M128 M141 M147 M155 M162 M170 M188 M195 M206 M216 M236 | 8:M11 M15 M24 M29 M50 M69 M77 M83 M95 M107 M116 M125 M131 M134 M144 M154 M163 M171 M178 M203 M223 M227 | 9:M27 M42 M51 M57 M63 M80 M89 M103 M117 M120 M123 M139 M143 M157 M180 M181 M186 M187 M197 M204 M211 M222 M228 | 10:M6 M18 M22 M41 M53 M67 M85 M96 M104 M112 M124 M146 M160 M166 M168 M174 M190 M193 M205 M217 M229,,"domain reduction: sessions, fixed meetings, forbidden slots | precedence graph: transitive closure, cycle detection, arc-consistent bounds | (20),(22)-(27) exactly once over reduced domains | (19) participant atMost-one per slot | (46),(47) clustered table capacity with full channeling | (28) staircase/support precedence over reduced domains | usedSlot channeling + exact per-idle-slot break cost | (43) exactly |Mp| reduced usedSlot variables | (44) atMost 2|L| busy participants per slot | (45) exact even number of busy participants | exact unary total-break-slot counts and gap objective | (40) optional hard fairness cap: gap <= 1000",,,result,72360,8,72368
tic-14crafd.fixed040-Forb,UNSAT,UNSAT,0.283921,26695,63969,8,0,63977,103.91,peak_process_tree_rss_mb,maxsat,staircase,yes,imp12+,,,,,,,,"domain reduction: sessions, fixed meetings, forbidden slots | precedence graph: transitive closure, cycle detection, arc-consistent bounds | (20),(22)-(27) exactly once over reduced domains | (19) participant atMost-one per slot | (46),(47) clustered table capacity with full channeling | (28) staircase/support precedence over reduced domains | usedSlot channeling + exact per-idle-slot break cost | (43) exactly |Mp| reduced usedSlot variables | (44) atMost 2|L| busy participants per slot | (45) exact even number of busy participants | exact unary total-break-slot counts and gap objective | (40) optional hard fairness cap: gap <= 1000",,,result,63969,8,63977
tic-14crafd.forb0003,UNSAT,UNSAT,0.346798,28229,80856,8,0,80864,110.98,peak_process_tree_rss_mb,maxsat,staircase,yes,imp12+,,,,,,,,"domain reduction: sessions, fixed meetings, forbidden slots | precedence graph: transitive closure, cycle detection, arc-consistent bounds | (20),(22)-(27) exactly once over reduced domains | (19) participant atMost-one per slot | (46),(47) clustered table capacity with full channeling | (28) staircase/support precedence over reduced domains | usedSlot channeling + exact per-idle-slot break cost | (43) exactly |Mp| reduced usedSlot variables | (44) atMost 2|L| busy participants per slot | (45) exact even number of busy participants | exact unary total-break-slot counts and gap objective | (40) optional hard fairness cap: gap <= 1000",,,result,80856,8,80864
tic-14crafd.forb0007,UNSAT,UNSAT,0.398116,27968,80072,8,0,80080,107.168,peak_process_tree_rss_mb,maxsat,staircase,yes,imp12+,,,,,,,,"domain reduction: sessions, fixed meetings, forbidden slots | precedence graph: transitive closure, cycle detection, arc-consistent bounds | (20),(22)-(27) exactly once over reduced domains | (19) participant atMost-one per slot | (46),(47) clustered table capacity with full channeling | (28) staircase/support precedence over reduced domains | usedSlot channeling + exact per-idle-slot break cost | (43) exactly |Mp| reduced usedSlot variables | (44) atMost 2|L| busy participants per slot | (45) exact even number of busy participants | exact unary total-break-slot counts and gap objective | (40) optional hard fairness cap: gap <= 1000",,,result,80072,8,80080
ticf-13crafa.fixed020-Forb,SAT,OPTIMAL,1.134415,84484,195186,19,0,195205,169.371,peak_process_tree_rss_mb,maxsat,staircase,yes,imp12+,347,12,"4,3,11,3,8,12,4,1,10,1,4,9,7,7,5,6,0,5,1,0,0,0,9,11,4,12,5,7,4,4,9,5,7,12,11,8,1,12,7,4,2,4,0,12,10,12,6,1,3,4,0,10,2,5,0,7,5,0,0,7,0,3,8,3,3,5,0,0,0,2","14,12,6,18,20,24,24,20,20,26,22,22,20,14,6,8,6,6,8,6,6","10,7,6,12,11,5,9,13,1,19,7,18,12,14,13,15,10,11,4,3,8,11,13,9,7,12,5,7,2,4,6,12,8,9,5,2,11,13,4,10,12,9,14,17,21,13,10,9,13,14,7,16,15,18,10,17,19,6,9,8,11,1,18,16,20,14,4,13,1,4,10,2,3,6,11,5,7,8,10,4,7,11,13,9,2,6,1,12,8,20,5,21,15,19,13,14,6,7,5,11,10,1,4,6,10,5,9,1,2,7,12,6,8,11,7,4,12,1,10,6,8,16,6,14,19,10,8,5,13,7,12,11,9,6,10,12,5,11,9,21,8,16,14,4,17,2,20,3,12,8,10,6,7,5",1:M9 M62 M69 M87 M102 M108 M118 | 2:M29 M36 M72 M85 M109 M146 | 3:M20 M73 M148 | 4:M19 M30 M39 M67 M70 M80 M103 M116 M144 | 5:M6 M27 M35 M76 M91 M99 M106 M128 M137 M154 | 6:M3 M31 M58 M74 M86 M97 M104 M112 M120 M123 M134 M152 | 7:M2 M11 M25 M28 M51 M77 M81 M98 M110 M115 M130 M153 | 8:M21 M33 M60 M78 M89 M113 M121 M127 M141 M150 | 9:M7 M24 M34 M42 M48 M59 M84 M107 M133 M139 | 10:M1 M17 M40 M47 M55 M71 M79 M101 M105 M119 M126 M135 M151 | 11:M5 M18 M22 M37 M61 M75 M82 M100 M114 M132 M138 | 12:M4 M13 M26 M32 M41 M88 M111 M117 M131 M136 M149 | 13:M8 M15 M23 M38 M46 M49 M68 M83 M95 M129 | 14:M14 M43 M50 M66 M96 M124 M143 | 15:M16 M53 M93 | 16:M52 M64 M122 M142 | 17:M44 M56 M145 | 18:M12 M54 M63 | 19:M10 M57 M94 M125 | 20:M65 M90 M147 | 21:M45 M92 M140,,"domain reduction: sessions, fixed meetings, forbidden slots | precedence graph: transitive closure, cycle detection, arc-consistent bounds | (20),(22)-(27) exactly once over reduced domains | (19) participant atMost-one per slot | (46),(47) clustered table capacity with full channeling | (28) staircase/support precedence over reduced domains | usedSlot channeling + exact per-idle-slot break cost | (43) exactly |Mp| reduced usedSlot variables | (44) atMost 2|L| busy participants per slot | (45) exact even number of busy participants | exact unary total-break-slot counts and gap objective | (40) optional hard fairness cap: gap <= 1000",,,result,195186,19,195205
ticf-13crafa.fixed040-Forb,SAT,OPTIMAL,1.042038,72060,166009,19,0,166028,156.188,peak_process_tree_rss_mb,maxsat,staircase,yes,imp12+,368,14,"3,3,10,4,2,3,5,2,7,7,5,10,4,10,4,7,0,11,9,0,0,0,9,6,3,12,6,1,9,6,4,9,9,9,1,9,6,3,7,11,2,4,0,7,11,12,13,7,2,14,0,12,0,0,0,8,7,0,10,3,0,1,7,8,6,6,0,0,0,2","14,12,18,14,16,18,16,24,26,28,22,22,18,8,12,8,8,2,6,10,6","8,9,2,6,11,12,5,4,1,14,16,11,21,15,12,9,10,17,4,9,3,8,12,11,7,12,11,7,2,9,5,6,8,8,5,12,11,7,13,1,12,8,15,15,14,13,10,8,3,9,10,16,11,20,1,15,19,6,10,8,11,9,10,17,20,21,19,8,5,12,7,2,3,6,10,13,4,7,6,1,3,4,8,10,9,11,5,2,3,20,13,9,11,15,10,14,6,16,5,8,10,13,9,1,10,3,5,7,6,9,12,8,4,2,3,13,1,11,10,4,12,15,10,20,16,12,9,11,18,3,13,14,17,9,6,5,13,1,3,21,8,10,7,4,17,2,19,20,6,9,10,12,13,7",1:M9 M40 M55 M80 M104 M117 M138 | 2:M3 M29 M72 M88 M114 M146 | 3:M21 M49 M73 M81 M89 M106 M115 M130 M139 | 4:M8 M19 M77 M82 M113 M120 M144 | 5:M7 M31 M35 M69 M87 M99 M107 M136 | 6:M4 M32 M58 M74 M79 M97 M109 M135 M149 | 7:M25 M28 M38 M71 M78 M108 M143 M154 | 8:M1 M22 M33 M34 M42 M48 M60 M68 M83 M100 M112 M141 | 9:M2 M16 M20 M30 M50 M62 M85 M92 M103 M110 M127 M134 M150 | 10:M17 M47 M51 M59 M63 M75 M84 M95 M101 M105 M119 M123 M142 M151 | 11:M5 M12 M24 M27 M37 M53 M61 M86 M93 M118 M128 | 12:M6 M15 M23 M26 M36 M41 M70 M111 M121 M126 M152 | 13:M39 M46 M76 M91 M102 M116 M131 M137 M153 | 14:M10 M45 M96 M132 | 15:M14 M43 M44 M56 M94 M122 | 16:M11 M52 M98 M125 | 17:M18 M64 M133 M145 | 18:M129 | 19:M57 M67 M147 | 20:M54 M65 M90 M124 M148 | 21:M13 M66 M140,,"domain reduction: sessions, fixed meetings, forbidden slots | precedence graph: transitive closure, cycle detection, arc-consistent bounds | (20),(22)-(27) exactly once over reduced domains | (19) participant atMost-one per slot | (46),(47) clustered table capacity with full channeling | (28) staircase/support precedence over reduced domains | usedSlot channeling + exact per-idle-slot break cost | (43) exactly |Mp| reduced usedSlot variables | (44) atMost 2|L| busy participants per slot | (45) exact even number of busy participants | exact unary total-break-slot counts and gap objective | (40) optional hard fairness cap: gap <= 1000",,,result,166009,19,166028
ticf-13crafa.forb0003,SAT,OPTIMAL,3.303288,87032,207594,19,0,207613,177.867,peak_process_tree_rss_mb,maxsat,staircase,yes,imp12+,0,0,"0,0,0,0,0,0,0,0,0,0,0,0,0,0,0,0,0,0,0,0,0,0,0,0,0,0,0,0,0,0,0,0,0,0,0,0,0,0,0,0,0,0,0,0,0,0,0,0,0,0,0,0,0,0,0,0,0,0,0,0,0,0,0,0,0,0,0,0,0,0","6,10,20,26,26,28,28,28,28,26,26,24,18,8,4,2,0,0,0,0,0","4,7,8,11,10,6,9,12,5,14,2,7,3,5,4,6,1,8,3,7,2,5,6,4,4,6,10,6,12,11,7,8,9,9,10,13,12,8,11,7,12,13,14,16,15,4,5,3,9,11,8,3,4,5,10,7,6,10,12,11,9,3,8,4,5,6,7,5,13,6,8,12,4,7,9,11,10,9,5,12,11,13,7,4,8,6,3,10,5,11,9,2,3,7,10,6,4,8,13,8,10,11,12,9,7,1,6,9,8,2,5,3,4,7,5,6,10,11,9,13,12,4,10,12,14,6,3,7,9,5,13,11,8,6,8,9,14,7,5,15,3,13,1,2,11,12,10,4,12,8,10,13,11,9",1:M17 M106 M143 | 2:M11 M21 M92 M110 M144 | 3:M13 M19 M48 M52 M62 M87 M93 M112 M127 M141 | 4:M1 M15 M24 M25 M46 M53 M64 M73 M84 M97 M113 M122 M148 | 5:M9 M14 M22 M47 M54 M65 M68 M79 M89 M111 M115 M130 M139 | 6:M6 M16 M23 M26 M28 M57 M66 M70 M86 M96 M107 M116 M126 M134 | 7:M2 M12 M20 M31 M40 M56 M67 M74 M83 M94 M105 M114 M128 M138 | 8:M3 M18 M32 M38 M51 M63 M71 M85 M98 M100 M109 M133 M135 M150 | 9:M7 M33 M34 M49 M61 M75 M78 M91 M104 M108 M119 M129 M136 M154 | 10:M5 M27 M35 M55 M58 M77 M88 M95 M101 M117 M123 M147 M151 | 11:M4 M30 M39 M50 M60 M76 M81 M90 M102 M118 M132 M145 M153 | 12:M8 M29 M37 M41 M59 M72 M80 M103 M121 M124 M146 M149 | 13:M36 M42 M69 M82 M99 M120 M131 M142 M152 | 14:M10 M43 M125 M137 | 15:M45 M140 | 16:M44 | 17: | 18: | 19: | 20: | 21:,,"domain reduction: sessions, fixed meetings, forbidden slots | precedence graph: transitive closure, cycle detection, arc-consistent bounds | (20),(22)-(27) exactly once over reduced domains | (19) participant atMost-one per slot | (46),(47) clustered table capacity with full channeling | (28) staircase/support precedence over reduced domains | usedSlot channeling + exact per-idle-slot break cost | (43) exactly |Mp| reduced usedSlot variables | (44) atMost 2|L| busy participants per slot | (45) exact even number of busy participants | exact unary total-break-slot counts and gap objective | (40) optional hard fairness cap: gap <= 1000",,,result,207594,19,207613
ticf-13crafa.forb0007,SAT,OPTIMAL,4.539484,86892,207064,19,0,207083,176.758,peak_process_tree_rss_mb,maxsat,staircase,yes,imp12+,0,0,"0,0,0,0,0,0,0,0,0,0,0,0,0,0,0,0,0,0,0,0,0,0,0,0,0,0,0,0,0,0,0,0,0,0,0,0,0,0,0,0,0,0,0,0,0,0,0,0,0,0,0,0,0,0,0,0,0,0,0,0,0,0,0,0,0,0,0,0,0,0","4,8,18,18,26,28,28,26,28,28,28,26,22,10,6,4,0,0,0,0,0","6,5,7,10,13,9,12,11,8,14,12,13,10,9,16,11,15,14,4,7,3,5,2,6,3,5,4,6,8,10,5,9,7,6,9,12,11,7,10,8,12,13,14,16,15,11,6,7,7,13,6,5,12,8,11,9,10,10,13,12,11,13,6,4,5,7,3,4,10,5,12,11,6,8,3,9,7,9,6,12,11,13,5,7,8,4,10,3,7,3,9,8,4,6,11,10,5,2,12,9,10,13,11,8,5,10,11,13,8,9,6,7,12,8,9,4,2,5,6,3,1,9,4,13,14,10,5,3,6,11,12,8,7,5,2,3,12,4,9,15,11,10,8,6,1,14,7,13,11,8,10,12,9,7",1:M121 M145 | 2:M23 M98 M117 M135 | 3:M21 M25 M67 M75 M88 M90 M120 M128 M136 | 4:M19 M27 M64 M68 M86 M93 M116 M123 M138 | 5:M2 M22 M26 M31 M52 M65 M70 M83 M97 M105 M118 M127 M134 | 6:M1 M24 M28 M34 M47 M51 M63 M73 M79 M94 M111 M119 M129 M144 | 7:M3 M20 M33 M38 M48 M49 M66 M77 M84 M89 M112 M133 M147 M154 | 8:M9 M29 M40 M54 M74 M85 M92 M104 M109 M114 M132 M143 M150 | 9:M6 M14 M32 M35 M56 M76 M78 M91 M100 M110 M115 M122 M139 M153 | 10:M4 M13 M30 M39 M57 M58 M69 M87 M96 M101 M106 M126 M142 M151 | 11:M8 M16 M37 M46 M55 M61 M72 M81 M95 M103 M107 M130 M141 M149 | 12:M7 M11 M36 M41 M53 M60 M71 M80 M99 M113 M131 M137 M152 | 13:M5 M12 M42 M50 M59 M62 M82 M102 M108 M124 M148 | 14:M10 M18 M43 M125 M146 | 15:M17 M45 M140 | 16:M15 M44 | 17: | 18: | 19: | 20: | 21:,,"domain reduction: sessions, fixed meetings, forbidden slots | precedence graph: transitive closure, cycle detection, arc-consistent bounds | (20),(22)-(27) exactly once over reduced domains | (19) participant atMost-one per slot | (46),(47) clustered table capacity with full channeling | (28) staircase/support precedence over reduced domains | usedSlot channeling + exact per-idle-slot break cost | (43) exactly |Mp| reduced usedSlot variables | (44) atMost 2|L| busy participants per slot | (45) exact even number of busy participants | exact unary total-break-slot counts and gap objective | (40) optional hard fairness cap: gap <= 1000",,,result,207064,19,207083
ticf-13crafb.fixed020-Forb,SAT,OPTIMAL,1.285595,85524,213203,20,0,213223,174.523,peak_process_tree_rss_mb,maxsat,staircase,yes,imp12+,462,17,"10,11,2,16,0,0,8,3,4,11,0,10,5,12,8,17,7,9,8,10,11,7,12,5,14,14,0,8,2,3,13,17,7,0,0,5,10,2,6,6,9,2,11,12,7,0,10,0,0,0,14,0,7,10,0,1,8,2,16,11,6,0,6,2,12,17,0,0,0,0,0,0,0,0,0,6","20,24,18,24,20,22,24,20,24,22,20,22,14,20,16,14,14,12,10,14,8,8","10,22,3,2,7,11,7,15,18,5,6,5,7,8,18,21,3,20,18,14,20,11,16,10,8,12,10,4,9,12,5,9,9,10,1,9,4,5,14,6,15,11,1,17,13,19,18,11,2,12,14,7,15,16,8,20,6,1,19,21,19,10,12,14,20,13,15,9,6,7,3,12,16,11,17,7,9,1,4,8,5,5,10,2,13,14,15,8,17,3,4,15,4,21,19,15,13,17,22,16,18,14,20,17,22,2,7,4,6,1,2,5,11,10,21,5,1,7,12,11,9,2,6,4,9,10,8,12,12,6,9,8,10,5,16,2,11,20,18,13,14,3,7,1,4,22,19,6,2,14,16,11,1,7,9,17,3,6,13,12,2,8,4,8,9,5,10,11,7,4,12,2,1,6,3,1,17,16,8,2,4,7,3,6,9,13,14,15,3,20,12,4,10,14,2",1:M35 M43 M58 M78 M110 M117 M144 M153 M173 M176 | 2:M4 M49 M84 M106 M111 M122 M136 M149 M161 M172 M180 M195 | 3:M3 M17 M71 M90 M142 M157 M175 M183 M189 | 4:M28 M37 M79 M91 M93 M108 M124 M145 M163 M170 M181 M192 | 5:M10 M12 M31 M38 M81 M82 M112 M116 M134 M166 | 6:M11 M40 M57 M69 M109 M123 M130 M148 M158 M174 M184 | 7:M5 M7 M13 M52 M70 M76 M107 M118 M143 M154 M169 M182 | 8:M14 M25 M55 M80 M88 M127 M132 M162 M164 M179 | 9:M29 M32 M33 M36 M68 M77 M121 M125 M131 M155 M165 M185 | 10:M1 M24 M27 M34 M62 M83 M114 M126 M133 M167 M193 | 11:M6 M22 M42 M48 M74 M113 M120 M137 M152 M168 | 12:M26 M30 M50 M63 M72 M119 M128 M129 M160 M171 M191 | 13:M45 M66 M85 M97 M140 M159 M186 | 14:M20 M39 M51 M64 M86 M102 M141 M150 M187 M194 | 15:M8 M41 M53 M67 M87 M92 M96 M188 | 16:M23 M54 M73 M100 M135 M151 M178 | 17:M44 M75 M89 M98 M104 M156 M177 | 18:M9 M15 M19 M47 M101 M139 | 19:M46 M59 M61 M95 M147 | 20:M18 M21 M56 M65 M103 M138 M190 | 21:M16 M60 M94 M115 | 22:M2 M99 M105 M146,,"domain reduction: sessions, fixed meetings, forbidden slots | precedence graph: transitive closure, cycle detection, arc-consistent bounds | (20),(22)-(27) exactly once over reduced domains | (19) participant atMost-one per slot | (46),(47) clustered table capacity with full channeling | (28) staircase/support precedence over reduced domains | usedSlot channeling + exact per-idle-slot break cost | (43) exactly |Mp| reduced usedSlot variables | (44) atMost 2|L| busy participants per slot | (45) exact even number of busy participants | exact unary total-break-slot counts and gap objective | (40) optional hard fairness cap: gap <= 1000",,,result,213203,20,213223
ticf-13crafb.fixed040-Forb,UNSAT,UNSAT,1.104989,83815,201623,20,0,201643,149.43,peak_process_tree_rss_mb,maxsat,staircase,yes,imp12+,,,,,,,,"domain reduction: sessions, fixed meetings, forbidden slots | precedence graph: transitive closure, cycle detection, arc-consistent bounds | (20),(22)-(27) exactly once over reduced domains | (19) participant atMost-one per slot | (46),(47) clustered table capacity with full channeling | (28) staircase/support precedence over reduced domains | usedSlot channeling + exact per-idle-slot break cost | (43) exactly |Mp| reduced usedSlot variables | (44) atMost 2|L| busy participants per slot | (45) exact even number of busy participants | exact unary total-break-slot counts and gap objective | (40) optional hard fairness cap: gap <= 1000",,,result,201623,20,201643
ticf-13crafb.forb0003,SAT,OPTIMAL,3.572565,103339,255628,20,0,255648,198.441,peak_process_tree_rss_mb,maxsat,staircase,yes,imp12+,95,2,"2,2,2,2,0,0,2,2,2,2,0,2,1,2,2,2,2,2,2,2,1,2,2,0,2,2,0,1,2,2,2,2,2,0,0,2,2,1,2,2,2,2,1,2,0,0,2,0,0,0,2,0,2,1,0,2,0,2,2,2,2,0,1,2,2,2,0,0,0,0,0,0,0,0,0,2","4,8,10,14,18,22,24,28,28,28,28,28,28,28,28,22,16,10,6,6,4,2","5,14,11,9,8,9,6,12,18,14,13,10,12,6,13,14,9,15,16,15,13,9,18,7,12,8,7,12,3,4,12,11,11,8,6,7,3,15,8,5,16,14,11,19,18,17,15,5,10,6,20,12,16,13,9,13,11,7,6,5,13,9,12,15,14,17,16,21,10,17,7,5,4,8,2,15,16,6,10,11,9,12,10,11,14,16,13,9,4,8,7,12,9,20,13,14,19,17,18,21,22,16,15,11,16,17,9,12,13,16,10,8,15,15,14,13,6,8,12,10,7,5,4,11,13,15,14,10,12,7,3,2,1,14,13,19,9,8,6,20,5,17,4,10,15,7,10,11,8,10,8,9,14,8,13,9,14,17,6,11,12,15,16,6,7,3,9,4,11,5,8,1,10,12,2,10,5,7,6,14,16,2,18,3,17,15,11,4,10,8,7,15,14,11,13",1:M133 M172 | 2:M75 M132 M175 M182 | 3:M29 M37 M131 M166 M184 | 4:M30 M73 M89 M123 M143 M168 M188 | 5:M1 M40 M48 M60 M72 M122 M141 M170 M177 | 6:M7 M14 M35 M50 M59 M78 M117 M139 M159 M164 M179 | 7:M24 M27 M36 M58 M71 M91 M121 M130 M146 M165 M178 M191 | 8:M5 M26 M34 M39 M74 M90 M112 M118 M138 M149 M151 M154 M171 M190 | 9:M4 M6 M17 M22 M55 M62 M81 M88 M93 M107 M137 M152 M156 M167 | 10:M12 M49 M69 M79 M83 M111 M120 M128 M144 M147 M150 M173 M176 M189 | 11:M3 M32 M33 M43 M57 M80 M84 M104 M124 M148 M160 M169 M187 M194 | 12:M8 M13 M25 M28 M31 M52 M63 M82 M92 M108 M119 M129 M161 M174 | 13:M11 M15 M21 M54 M56 M61 M87 M95 M109 M116 M125 M135 M155 M195 | 14:M2 M10 M16 M42 M65 M85 M96 M115 M127 M134 M153 M157 M180 M193 | 15:M18 M20 M38 M47 M64 M76 M103 M113 M114 M126 M145 M162 M186 M192 | 16:M19 M41 M53 M67 M77 M86 M102 M105 M110 M163 M181 | 17:M46 M66 M70 M98 M106 M142 M158 M185 | 18:M9 M23 M45 M99 M183 | 19:M44 M97 M136 | 20:M51 M94 M140 | 21:M68 M100 | 22:M101,,"domain reduction: sessions, fixed meetings, forbidden slots | precedence graph: transitive closure, cycle detection, arc-consistent bounds | (20),(22)-(27) exactly once over reduced domains | (19) participant atMost-one per slot | (46),(47) clustered table capacity with full channeling | (28) staircase/support precedence over reduced domains | usedSlot channeling + exact per-idle-slot break cost | (43) exactly |Mp| reduced usedSlot variables | (44) atMost 2|L| busy participants per slot | (45) exact even number of busy participants | exact unary total-break-slot counts and gap objective | (40) optional hard fairness cap: gap <= 1000",,,result,255628,20,255648
ticf-13crafb.forb0007,SAT,OPTIMAL,5.284518,103208,254849,20,0,254869,203.27,peak_process_tree_rss_mb,maxsat,staircase,yes,imp12+,97,2,"2,2,2,2,0,0,2,2,2,2,0,0,0,2,2,2,2,2,2,2,2,2,2,2,2,2,0,1,2,2,2,2,2,0,0,2,2,2,2,2,2,1,1,2,2,0,1,0,0,0,2,0,2,2,0,2,0,2,2,2,2,0,1,2,2,2,0,0,0,0,0,0,0,0,0,2","8,8,12,12,16,20,26,28,26,28,28,26,28,28,26,24,20,10,8,4,2,2","6,16,11,10,12,8,9,13,15,16,12,11,12,7,15,13,10,14,15,14,13,11,17,9,12,7,17,14,6,7,10,11,11,16,14,8,4,9,6,18,16,17,5,14,16,14,13,5,10,8,19,3,15,18,6,13,12,6,7,9,15,8,10,14,13,16,20,17,18,15,7,4,2,6,5,12,16,10,11,9,3,10,11,9,14,13,15,9,11,8,7,8,10,20,16,19,15,17,14,22,21,18,13,11,17,15,14,13,16,9,8,7,17,10,14,5,12,8,11,9,7,4,3,15,12,8,11,13,7,5,4,12,1,11,13,15,3,16,14,19,6,10,2,17,8,7,13,8,10,16,10,12,11,17,8,12,18,9,19,14,13,16,15,6,4,5,11,3,8,7,10,2,9,12,1,9,7,15,1,14,8,4,12,17,6,13,10,5,7,5,3,9,2,1,6",1:M133 M175 M179 M194 | 2:M73 M143 M172 M193 | 3:M52 M81 M123 M137 M168 M191 | 4:M37 M72 M122 M131 M165 M182 | 5:M43 M48 M75 M116 M130 M166 M188 M190 | 6:M1 M29 M39 M55 M58 M74 M141 M164 M185 M195 | 7:M14 M26 M30 M59 M71 M91 M112 M121 M129 M146 M170 M177 M189 | 8:M6 M36 M50 M62 M90 M92 M111 M118 M126 M145 M148 M155 M169 M181 | 9:M7 M24 M38 M60 M80 M84 M88 M110 M120 M158 M173 M176 M192 | 10:M4 M17 M31 M49 M63 M78 M82 M93 M114 M142 M149 M151 M171 M187 | 11:M3 M12 M22 M32 M33 M79 M83 M89 M104 M119 M127 M134 M153 M167 | 12:M5 M11 M13 M25 M57 M76 M117 M125 M132 M152 M156 M174 M183 | 13:M8 M16 M21 M47 M56 M65 M86 M103 M108 M128 M135 M147 M161 M186 | 14:M18 M20 M28 M35 M44 M46 M64 M85 M99 M107 M115 M139 M160 M180 | 15:M9 M15 M19 M53 M61 M70 M87 M97 M106 M124 M136 M163 M178 | 16:M2 M10 M34 M41 M45 M66 M77 M95 M109 M138 M150 M162 | 17:M23 M27 M42 M68 M98 M105 M113 M144 M154 M184 | 18:M40 M54 M69 M102 M157 | 19:M51 M96 M140 M159 | 20:M67 M94 | 21:M101 | 22:M100,,"domain reduction: sessions, fixed meetings, forbidden slots | precedence graph: transitive closure, cycle detection, arc-consistent bounds | (20),(22)-(27) exactly once over reduced domains | (19) participant atMost-one per slot | (46),(47) clustered table capacity with full channeling | (28) staircase/support precedence over reduced domains | usedSlot channeling + exact per-idle-slot break cost | (43) exactly |Mp| reduced usedSlot variables | (44) atMost 2|L| busy participants per slot | (45) exact even number of busy participants | exact unary total-break-slot counts and gap objective | (40) optional hard fairness cap: gap <= 1000",,,result,254849,20,254869
ticf-13crafc.fixed020-Forb,SAT,OPTIMAL,1.243748,84614,195498,19,0,195517,170.688,peak_process_tree_rss_mb,maxsat,staircase,yes,imp12+,372,12,"4,11,11,9,3,9,3,3,3,5,11,9,9,6,5,10,0,8,9,0,0,0,12,9,4,12,6,5,9,0,12,5,5,3,5,0,8,9,11,10,2,4,0,12,11,12,11,0,2,12,0,11,2,5,0,5,4,0,4,8,0,2,1,2,1,5,0,0,0,3","14,14,14,10,24,24,24,20,18,20,12,24,16,8,10,12,10,8,12,10,4","6,5,11,7,9,12,13,3,1,17,17,16,19,14,18,1,10,15,4,3,7,8,12,13,7,12,6,7,2,3,8,12,5,12,5,13,11,1,8,2,12,5,16,19,20,13,10,9,9,6,2,16,5,7,1,8,19,6,8,10,11,12,16,6,20,15,4,8,1,11,5,2,3,6,12,9,7,6,7,4,10,13,9,8,3,5,12,1,12,20,9,11,18,17,15,14,6,19,5,2,10,7,1,6,10,5,7,2,6,11,12,8,9,4,8,13,3,6,10,7,5,13,20,14,21,15,17,18,19,16,10,9,12,18,16,20,6,19,14,21,15,5,3,4,17,2,7,10,8,5,10,9,7,13",1:M9 M16 M38 M55 M69 M88 M103 | 2:M29 M40 M51 M72 M100 M108 M146 | 3:M8 M20 M30 M73 M85 M117 M143 | 4:M19 M67 M80 M114 M144 | 5:M2 M33 M35 M42 M53 M71 M86 M99 M106 M121 M142 M150 | 6:M1 M27 M50 M58 M64 M74 M78 M97 M104 M109 M118 M137 | 7:M4 M21 M25 M28 M54 M77 M79 M102 M107 M120 M147 M153 | 8:M22 M31 M39 M56 M59 M68 M84 M112 M115 M149 | 9:M5 M48 M49 M76 M83 M91 M113 M132 M152 | 10:M17 M47 M60 M81 M101 M105 M119 M131 M148 M151 | 11:M3 M37 M61 M70 M92 M110 | 12:M6 M23 M26 M32 M34 M41 M62 M75 M87 M89 M111 M133 | 13:M7 M24 M36 M46 M82 M116 M122 M154 | 14:M14 M96 M124 M139 | 15:M18 M66 M95 M126 M141 | 16:M12 M43 M52 M63 M130 M135 | 17:M10 M11 M94 M127 M145 | 18:M15 M93 M128 M134 | 19:M13 M44 M57 M98 M129 M138 | 20:M45 M65 M90 M123 M136 | 21:M125 M140,,"domain reduction: sessions, fixed meetings, forbidden slots | precedence graph: transitive closure, cycle detection, arc-consistent bounds | (20),(22)-(27) exactly once over reduced domains | (19) participant atMost-one per slot | (46),(47) clustered table capacity with full channeling | (28) staircase/support precedence over reduced domains | usedSlot channeling + exact per-idle-slot break cost | (43) exactly |Mp| reduced usedSlot variables | (44) atMost 2|L| busy participants per slot | (45) exact even number of busy participants | exact unary total-break-slot counts and gap objective | (40) optional hard fairness cap: gap <= 1000",,,result,195498,19,195517
ticf-13crafc.fixed040-Forb,SAT,OPTIMAL,1.053024,72214,166369,19,0,166388,157.359,peak_process_tree_rss_mb,maxsat,staircase,yes,imp12+,343,14,"0,7,11,5,3,7,6,1,7,6,13,6,0,10,5,11,0,5,4,0,0,0,12,2,3,5,6,4,12,2,10,5,9,12,5,9,1,8,7,10,2,4,0,9,10,12,1,4,3,14,0,3,1,0,0,5,7,0,10,6,0,1,7,8,0,5,0,0,0,2","14,14,10,18,14,24,22,18,24,24,24,18,22,10,8,10,14,4,4,8,4","3,9,2,7,5,6,8,4,1,17,4,6,21,5,1,9,10,17,4,7,3,11,13,8,7,6,5,7,2,11,4,6,8,8,5,13,11,7,6,1,12,4,14,14,17,13,10,9,3,9,2,16,17,20,11,10,19,6,10,9,11,9,15,16,20,7,17,1,7,12,5,2,3,6,10,13,8,7,9,1,6,5,8,10,4,12,11,2,13,20,8,9,15,12,10,14,6,16,12,9,10,13,11,1,10,6,7,4,11,8,12,9,13,13,3,12,1,11,10,4,2,19,10,20,16,15,9,11,13,12,18,14,17,9,18,8,13,15,14,21,6,16,7,4,17,2,5,11,6,13,10,7,12,11",1:M9 M15 M40 M68 M80 M104 M117 | 2:M3 M29 M51 M72 M88 M121 M146 | 3:M1 M21 M49 M73 M115 | 4:M8 M11 M19 M31 M42 M85 M108 M120 M144 | 5:M5 M14 M27 M35 M71 M82 M147 | 6:M6 M12 M26 M32 M39 M58 M74 M81 M97 M106 M141 M149 | 7:M4 M20 M25 M28 M38 M66 M69 M78 M107 M143 M152 | 8:M7 M24 M33 M34 M77 M83 M91 M110 M136 | 9:M2 M16 M48 M50 M60 M62 M79 M92 M100 M112 M127 M134 | 10:M17 M47 M56 M59 M75 M84 M95 M101 M105 M119 M123 M151 | 11:M22 M30 M37 M55 M61 M87 M103 M109 M118 M128 M148 M154 | 12:M41 M70 M86 M94 M99 M111 M116 M130 M153 | 13:M23 M36 M46 M76 M89 M102 M113 M114 M129 M137 M150 | 14:M43 M44 M96 M132 M139 | 15:M63 M93 M126 M138 | 16:M52 M64 M98 M125 M142 | 17:M10 M18 M45 M53 M67 M133 M145 | 18:M131 M135 | 19:M57 M122 | 20:M54 M65 M90 M124 | 21:M13 M140,,"domain reduction: sessions, fixed meetings, forbidden slots | precedence graph: transitive closure, cycle detection, arc-consistent bounds | (20),(22)-(27) exactly once over reduced domains | (19) participant atMost-one per slot | (46),(47) clustered table capacity with full channeling | (28) staircase/support precedence over reduced domains | usedSlot channeling + exact per-idle-slot break cost | (43) exactly |Mp| reduced usedSlot variables | (44) atMost 2|L| busy participants per slot | (45) exact even number of busy participants | exact unary total-break-slot counts and gap objective | (40) optional hard fairness cap: gap <= 1000",,,result,166369,19,166388
ticf-13crafc.forb0003,SAT,OPTIMAL,16.481514,87162,207906,19,0,207925,187.324,peak_process_tree_rss_mb,maxsat,staircase,yes,imp12+,44,1,"1,0,1,0,1,1,1,0,1,1,1,0,1,1,1,0,0,1,1,0,0,0,0,1,1,0,1,1,1,1,1,1,1,0,1,0,0,1,1,1,1,0,0,1,1,1,1,0,1,0,0,1,1,0,0,1,1,0,1,1,0,1,1,1,1,1,0,0,0,1","10,12,18,24,24,24,24,24,24,24,22,24,24,12,6,8,4,0,0,0,0","3,8,4,11,12,6,5,7,10,14,12,14,15,9,17,16,13,11,1,5,2,3,7,4,11,6,4,3,9,10,8,6,7,6,12,9,8,7,10,13,13,12,14,17,16,10,9,4,10,7,11,8,14,6,13,12,5,9,13,12,11,13,1,3,6,5,2,6,5,7,11,3,9,4,2,1,10,11,5,10,12,13,2,7,8,3,6,4,4,9,6,13,3,8,11,12,5,7,13,7,8,12,10,9,7,11,13,10,12,8,6,5,4,5,10,4,1,8,9,2,3,16,13,15,14,9,4,10,11,5,8,12,6,2,7,5,8,12,9,16,15,4,6,1,3,14,11,13,8,7,9,10,5,4",1:M19 M63 M76 M117 M144 | 2:M21 M67 M75 M83 M120 M134 | 3:M1 M22 M28 M64 M72 M86 M93 M121 M145 | 4:M3 M24 M27 M48 M74 M88 M89 M113 M116 M127 M142 M154 | 5:M7 M20 M57 M66 M69 M79 M97 M112 M114 M130 M136 M153 | 6:M6 M26 M32 M34 M54 M65 M68 M87 M91 M111 M133 M143 | 7:M8 M23 M33 M38 M50 M70 M84 M98 M100 M105 M135 M150 | 8:M2 M31 M37 M52 M85 M94 M101 M110 M118 M131 M137 M149 | 9:M14 M29 M36 M47 M58 M73 M90 M104 M119 M126 M139 M151 | 10:M9 M30 M39 M46 M49 M77 M80 M103 M108 M115 M128 M152 | 11:M4 M18 M25 M51 M61 M71 M78 M95 M106 M129 M147 | 12:M5 M11 M35 M42 M56 M60 M81 M96 M102 M109 M132 M138 | 13:M17 M40 M41 M55 M59 M62 M82 M92 M99 M107 M123 M148 | 14:M10 M12 M43 M53 M125 M146 | 15:M13 M124 M141 | 16:M16 M45 M122 M140 | 17:M15 M44 | 18: | 19: | 20: | 21:,,"domain reduction: sessions, fixed meetings, forbidden slots | precedence graph: transitive closure, cycle detection, arc-consistent bounds | (20),(22)-(27) exactly once over reduced domains | (19) participant atMost-one per slot | (46),(47) clustered table capacity with full channeling | (28) staircase/support precedence over reduced domains | usedSlot channeling + exact per-idle-slot break cost | (43) exactly |Mp| reduced usedSlot variables | (44) atMost 2|L| busy participants per slot | (45) exact even number of busy participants | exact unary total-break-slot counts and gap objective | (40) optional hard fairness cap: gap <= 1000",,,result,207906,19,207925
ticf-13crafc.forb0007,SAT,OPTIMAL,114.963088,87024,207380,19,0,207399,285.297,peak_process_tree_rss_mb,maxsat,staircase,yes,imp12+,44,1,"1,0,1,0,1,1,1,1,1,1,0,1,1,1,0,0,0,1,1,0,0,0,0,1,1,1,1,1,1,1,0,1,1,0,1,0,0,1,1,1,1,0,0,1,1,1,1,1,1,0,0,1,1,1,0,1,1,0,1,0,0,1,1,1,0,1,0,0,0,1","8,18,20,22,20,24,24,24,24,24,22,24,22,10,8,6,4,2,2,0,0","2,5,1,4,9,3,10,7,6,14,1,5,7,8,4,6,2,3,3,4,1,2,5,6,6,9,3,4,7,10,5,6,8,8,6,12,7,10,11,13,12,13,14,16,15,2,8,4,4,5,3,10,9,2,11,8,6,9,13,12,10,5,12,17,13,15,14,3,5,7,6,12,11,13,9,4,10,8,2,11,10,13,9,3,7,12,6,4,4,7,5,6,2,10,9,11,3,12,13,12,8,7,9,11,5,3,8,4,11,7,2,10,9,11,12,8,10,9,13,7,6,9,13,18,17,11,19,14,12,8,10,16,15,1,6,2,4,9,12,15,8,13,3,16,11,5,14,7,13,7,8,12,11,10",1:M3 M11 M21 M134 | 2:M1 M17 M22 M46 M54 M79 M93 M111 M136 | 3:M6 M18 M19 M27 M51 M68 M84 M97 M106 M143 | 4:M4 M15 M20 M28 M48 M49 M76 M88 M89 M108 M137 | 5:M2 M12 M23 M31 M50 M62 M69 M91 M105 M146 | 6:M9 M16 M24 M25 M32 M35 M57 M71 M87 M92 M121 M135 | 7:M8 M13 M29 M37 M70 M85 M90 M102 M110 M120 M148 M150 | 8:M14 M33 M34 M47 M56 M78 M101 M107 M116 M130 M141 M151 | 9:M5 M26 M53 M58 M75 M83 M95 M103 M113 M118 M122 M138 | 10:M7 M30 M38 M52 M61 M77 M81 M94 M112 M117 M131 M154 | 11:M39 M55 M73 M80 M96 M104 M109 M114 M126 M145 M153 | 12:M36 M41 M60 M63 M72 M86 M98 M100 M115 M129 M139 M152 | 13:M40 M42 M59 M65 M74 M82 M99 M119 M123 M142 M149 | 14:M10 M43 M67 M128 M147 | 15:M45 M66 M133 M140 | 16:M44 M132 M144 | 17:M64 M125 | 18:M124 | 19:M127 | 20: | 21:,,"domain reduction: sessions, fixed meetings, forbidden slots | precedence graph: transitive closure, cycle detection, arc-consistent bounds | (20),(22)-(27) exactly once over reduced domains | (19) participant atMost-one per slot | (46),(47) clustered table capacity with full channeling | (28) staircase/support precedence over reduced domains | usedSlot channeling + exact per-idle-slot break cost | (43) exactly |Mp| reduced usedSlot variables | (44) atMost 2|L| busy participants per slot | (45) exact even number of busy participants | exact unary total-break-slot counts and gap objective | (40) optional hard fairness cap: gap <= 1000",,,result,207380,19,207399
ticf-14crafa.fixed020-Forb,SAT,OPTIMAL,2.173641,151001,362216,20,0,362236,237.977,peak_process_tree_rss_mb,maxsat,staircase,yes,imp12+,451,15,"9,13,15,8,14,10,0,6,2,0,1,2,0,6,0,0,8,0,12,3,10,12,10,2,3,11,15,4,8,4,3,5,6,12,10,5,15,6,6,13,8,0,8,5,15,2,4,1,10,4,1,9,0,4,8,11,1,0,6,4,9,4,5,5,7,11,0,0,3,8,5,3,0,10,3,6,2,0","24,18,28,30,24,34,34,38,38,36,34,34,32,28,28,22,32,22,16,20,18,14","22,8,7,13,12,4,7,20,17,21,17,9,7,12,8,2,11,1,6,10,4,13,17,16,14,5,10,15,17,9,21,21,20,9,7,8,17,4,11,3,10,18,19,1,10,14,17,9,8,2,19,6,8,7,10,11,12,12,18,19,16,7,21,19,16,15,20,15,22,3,17,9,4,14,18,21,11,20,15,13,1,14,22,3,16,18,4,12,17,14,16,15,8,19,1,6,13,11,12,10,15,5,9,16,14,13,15,12,1,6,15,14,3,13,20,3,1,9,12,4,6,10,5,12,8,10,6,11,2,7,3,15,3,12,1,11,10,14,13,6,7,10,13,3,4,12,6,2,1,4,20,18,9,15,11,16,17,20,22,21,18,4,20,8,1,16,11,21,12,18,13,9,14,17,5,20,2,22,17,4,9,8,19,11,6,9,13,18,11,10,7,5,6,16,19,15,8,12,21,5,6,3,18,7,4,11,11,7,15,12,16,8,9,17,10,14,13,22,7,19,1,6,17,10,20,21,8,2,18,3,9,13,11,14,4,12,5,15,16,6,3,11,13,6,4,5,13,9,17,14,8,7,9,10,8,13,5,7,5,3,11,6,12,1,8,2,9,4,10,7,10,17,22,8,13,3,5,8,7,2,6,9,10,9,17,8,14,18,15,14,11,7,10,9,8,2,1,4,5,6,3,12",1:M18 M44 M81 M95 M109 M117 M135 M149 M165 M221 M264 M297 | 2:M16 M50 M129 M148 M177 M228 M266 M280 M296 | 3:M40 M70 M84 M113 M116 M131 M133 M144 M202 M230 M241 M260 M276 M301 | 4:M6 M21 M38 M73 M87 M120 M145 M150 M162 M180 M205 M235 M245 M268 M298 | 5:M26 M102 M123 M175 M192 M200 M237 M246 M257 M259 M277 M299 | 6:M19 M52 M96 M110 M121 M127 M140 M147 M185 M193 M201 M222 M240 M244 M262 M281 M300 | 7:M3 M7 M13 M35 M54 M62 M130 M141 M191 M204 M208 M219 M252 M258 M270 M279 M292 | 8:M2 M15 M36 M49 M53 M93 M125 M164 M182 M197 M212 M227 M251 M255 M265 M274 M278 M286 M295 | 9:M12 M30 M34 M48 M72 M103 M118 M153 M172 M181 M186 M213 M231 M248 M253 M267 M282 M284 M294 | 10:M20 M27 M41 M45 M55 M100 M122 M126 M137 M142 M190 M215 M224 M254 M269 M271 M283 M293 | 11:M17 M39 M56 M77 M98 M128 M136 M155 M167 M184 M189 M206 M207 M233 M242 M261 M291 | 12:M5 M14 M57 M58 M88 M99 M108 M119 M124 M134 M146 M169 M198 M210 M236 M263 M302 | 13:M4 M22 M80 M97 M106 M114 M139 M143 M171 M187 M217 M232 M243 M247 M256 M275 | 14:M25 M46 M74 M82 M90 M105 M112 M138 M173 M216 M234 M250 M287 M290 | 15:M28 M66 M68 M79 M92 M101 M107 M111 M132 M154 M196 M209 M238 M289 | 16:M24 M61 M65 M85 M91 M104 M156 M166 M194 M211 M239 | 17:M9 M11 M23 M29 M37 M47 M71 M89 M157 M174 M179 M214 M223 M249 M272 M285 | 18:M42 M59 M75 M86 M152 M161 M170 M188 M203 M229 M288 | 19:M43 M51 M60 M64 M94 M183 M195 M220 | 20:M8 M33 M67 M78 M115 M151 M158 M163 M176 M225 | 21:M10 M31 M32 M63 M76 M160 M168 M199 M226 | 22:M1 M69 M83 M159 M178 M218 M273,,"domain reduction: sessions, fixed meetings, forbidden slots | precedence graph: transitive closure, cycle detection, arc-consistent bounds | (20),(22)-(27) exactly once over reduced domains | (19) participant atMost-one per slot | (46),(47) clustered table capacity with full channeling | (28) staircase/support precedence over reduced domains | usedSlot channeling + exact per-idle-slot break cost | (43) exactly |Mp| reduced usedSlot variables | (44) atMost 2|L| busy participants per slot | (45) exact even number of busy participants | exact unary total-break-slot counts and gap objective | (40) optional hard fairness cap: gap <= 1000",,,result,362216,20,362236
ticf-14crafa.fixed040-Forb,SAT,OPTIMAL,1.837507,144338,327880,20,0,327900,224.824,peak_process_tree_rss_mb,maxsat,staircase,yes,imp12+,508,16,"9,8,4,7,8,10,0,15,2,0,16,2,0,10,0,0,8,0,12,2,4,8,8,3,5,13,15,6,10,5,10,14,3,11,9,4,8,8,7,12,14,1,13,8,6,6,2,7,9,7,0,7,13,6,7,15,1,7,8,4,6,5,1,2,5,13,7,0,3,8,12,4,0,7,2,7,2,7","24,30,28,24,14,26,32,36,30,28,38,34,36,30,38,22,24,24,30,20,20,16","22,8,14,20,12,14,10,15,17,19,21,2,7,6,8,11,10,9,1,3,21,13,17,20,13,19,17,15,17,5,21,20,2,1,7,8,16,17,12,14,9,18,19,12,11,15,21,7,22,2,19,8,11,9,3,7,12,12,19,11,10,7,12,17,8,11,20,14,22,19,16,12,4,15,18,19,11,2,15,21,1,18,13,14,17,12,4,13,8,14,7,1,15,2,6,7,8,13,15,10,9,1,13,15,16,14,2,22,18,6,4,1,12,2,21,6,11,2,12,9,5,4,3,10,9,2,6,11,8,12,3,15,5,11,6,18,17,13,20,8,7,16,3,19,4,9,6,17,7,7,13,19,4,14,11,22,15,3,4,21,15,4,10,20,1,15,7,21,13,18,19,16,14,11,18,20,15,13,21,9,1,8,16,11,6,9,13,18,11,12,10,16,14,15,13,16,8,14,15,22,19,3,2,7,6,13,11,19,15,18,3,20,14,17,16,8,13,5,4,21,1,22,6,18,9,2,8,3,7,19,10,15,11,14,12,16,20,17,13,3,3,12,13,2,4,3,22,9,13,12,10,20,9,10,15,14,13,6,5,1,7,9,3,12,8,2,11,4,10,6,14,16,19,8,10,9,5,8,2,1,11,10,7,18,17,8,11,18,19,15,11,1,12,9,6,2,5,10,3,4,8,7",1:M19 M34 M81 M92 M102 M112 M165 M181 M221 M260 M280 M292 | 2:M12 M33 M50 M78 M94 M107 M114 M118 M126 M203 M226 M244 M266 M279 M296 | 3:M20 M55 M123 M131 M143 M158 M202 M211 M228 M240 M241 M246 M263 M299 | 4:M73 M87 M111 M122 M145 M153 M159 M162 M219 M245 M268 M300 | 5:M30 M121 M133 M218 M259 M277 M297 | 6:M14 M95 M110 M116 M127 M135 M147 M185 M205 M223 M258 M270 M295 | 7:M13 M35 M48 M56 M62 M91 M96 M141 M149 M150 M167 M204 M229 M261 M283 M302 | 8:M2 M15 M36 M52 M65 M89 M97 M129 M140 M182 M197 M216 M227 M265 M274 M278 M286 M301 | 9:M18 M41 M54 M101 M120 M125 M146 M180 M186 M225 M248 M253 M262 M276 M294 | 10:M7 M17 M61 M100 M124 M163 M191 M231 M251 M254 M269 M275 M282 M298 | 11:M16 M45 M53 M60 M66 M77 M117 M128 M134 M155 M174 M184 M189 M207 M233 M267 M281 M287 M291 | 12:M5 M39 M44 M57 M58 M63 M72 M86 M113 M119 M130 M190 M235 M242 M250 M264 M293 | 13:M22 M25 M83 M88 M98 M103 M138 M151 M169 M178 M187 M195 M206 M217 M239 M243 M249 M257 | 14:M3 M6 M40 M68 M84 M90 M106 M154 M173 M193 M198 M213 M234 M256 M271 | 15:M8 M28 M46 M74 M79 M93 M99 M104 M132 M157 M161 M166 M177 M194 M199 M209 M232 M255 M290 | 16:M37 M71 M105 M142 M172 M183 M192 M196 M215 M236 M272 | 17:M9 M23 M27 M29 M38 M64 M85 M137 M148 M214 M238 M285 | 18:M42 M75 M82 M109 M136 M170 M175 M188 M210 M224 M284 M288 | 19:M10 M26 M43 M51 M59 M70 M76 M144 M152 M171 M201 M208 M230 M273 M289 | 20:M4 M24 M32 M67 M139 M164 M176 M212 M237 M252 | 21:M11 M21 M31 M47 M80 M115 M160 M168 M179 M220 | 22:M1 M49 M69 M108 M156 M200 M222 M247,,"domain reduction: sessions, fixed meetings, forbidden slots | precedence graph: transitive closure, cycle detection, arc-consistent bounds | (20),(22)-(27) exactly once over reduced domains | (19) participant atMost-one per slot | (46),(47) clustered table capacity with full channeling | (28) staircase/support precedence over reduced domains | usedSlot channeling + exact per-idle-slot break cost | (43) exactly |Mp| reduced usedSlot variables | (44) atMost 2|L| busy participants per slot | (45) exact even number of busy participants | exact unary total-break-slot counts and gap objective | (40) optional hard fairness cap: gap <= 1000",,,result,327880,20,327900
ticf-14crafa.forb0003,SAT,OPTIMAL,24.980399,154546,393367,20,0,393387,260.484,peak_process_tree_rss_mb,maxsat,staircase,yes,imp12+,0,0,"0,0,0,0,0,0,0,0,0,0,0,0,0,0,0,0,0,0,0,0,0,0,0,0,0,0,0,0,0,0,0,0,0,0,0,0,0,0,0,0,0,0,0,0,0,0,0,0,0,0,0,0,0,0,0,0,0,0,0,0,0,0,0,0,0,0,0,0,0,0,0,0,0,0,0,0,0,0","10,14,18,22,28,30,34,38,42,44,44,44,42,40,38,34,26,22,14,10,6,4","12,10,14,13,19,11,13,15,14,16,13,4,11,10,9,6,3,8,5,12,11,14,13,10,13,12,11,13,12,16,14,12,15,13,6,16,9,7,8,18,11,14,17,13,15,20,6,12,18,14,7,12,8,3,10,11,9,12,11,15,18,13,16,14,15,10,12,17,14,19,13,22,15,18,16,15,8,17,9,19,5,7,12,13,21,14,6,17,6,5,18,13,16,7,10,7,16,19,20,15,17,16,17,15,11,9,10,14,18,14,15,9,13,11,5,10,8,4,12,9,11,2,5,7,5,2,11,3,6,9,10,12,13,17,8,10,16,14,7,9,15,8,4,5,8,7,3,6,2,4,18,13,10,14,17,16,11,9,4,8,6,20,9,18,16,14,15,8,21,19,11,10,13,12,7,3,17,10,9,4,1,12,15,13,8,9,12,11,5,4,6,8,7,10,17,13,14,16,11,10,12,6,5,7,8,9,11,8,1,2,5,10,6,3,4,7,9,22,11,5,14,18,17,6,19,7,20,16,12,9,2,8,1,21,13,10,3,15,4,9,14,15,16,12,7,14,8,15,13,9,10,11,14,11,12,10,13,15,8,6,7,11,3,4,1,5,10,9,12,2,19,20,16,17,18,9,6,10,5,7,11,12,8,16,17,18,15,15,16,14,10,11,2,12,1,9,6,5,4,8,3,7",1:M181 M209 M233 M265 M295 | 2:M122 M126 M149 M210 M231 M270 M293 | 3:M17 M54 M128 M147 M176 M214 M237 M263 M301 | 4:M12 M118 M143 M150 M159 M180 M190 M215 M239 M264 M299 | 5:M19 M81 M90 M115 M123 M125 M144 M189 M203 M211 M220 M266 M279 M298 | 6:M16 M35 M47 M87 M89 M129 M148 M161 M191 M202 M213 M224 M260 M277 M297 | 7:M38 M51 M82 M94 M96 M124 M139 M146 M175 M193 M204 M216 M226 M245 M261 M280 M302 | 8:M18 M39 M53 M77 M117 M135 M142 M145 M160 M168 M185 M192 M205 M208 M232 M247 M259 M283 M300 | 9:M15 M37 M57 M79 M106 M112 M120 M130 M140 M158 M163 M179 M186 M206 M217 M230 M240 M250 M268 M276 M296 | 10:M2 M14 M24 M55 M66 M95 M107 M116 M131 M136 M153 M172 M178 M194 M200 M212 M236 M251 M256 M267 M278 M291 | 11:M6 M13 M21 M27 M41 M56 M59 M105 M114 M121 M127 M157 M171 M188 M199 M207 M219 M252 M254 M262 M281 M292 | 12:M1 M20 M26 M29 M32 M48 M52 M58 M67 M83 M119 M132 M174 M182 M187 M201 M229 M244 M255 M269 M282 M294 | 13:M4 M7 M11 M23 M25 M28 M34 M44 M62 M71 M84 M92 M113 M133 M152 M173 M184 M196 M235 M249 M257 | 14:M3 M9 M22 M31 M42 M50 M64 M69 M86 M108 M110 M138 M154 M166 M197 M221 M241 M246 M253 M290 | 15:M8 M33 M45 M60 M65 M73 M76 M100 M104 M111 M141 M167 M183 M238 M242 M248 M258 M287 M288 | 16:M10 M30 M36 M63 M75 M93 M97 M102 M137 M156 M165 M198 M228 M243 M273 M284 M289 | 17:M43 M68 M78 M88 M101 M103 M134 M155 M177 M195 M223 M274 M285 | 18:M40 M49 M61 M74 M91 M109 M151 M164 M222 M275 M286 | 19:M5 M70 M80 M98 M170 M225 M271 | 20:M46 M99 M162 M227 M272 | 21:M85 M169 M234 | 22:M72 M218,,"domain reduction: sessions, fixed meetings, forbidden slots | precedence graph: transitive closure, cycle detection, arc-consistent bounds | (20),(22)-(27) exactly once over reduced domains | (19) participant atMost-one per slot | (46),(47) clustered table capacity with full channeling | (28) staircase/support precedence over reduced domains | usedSlot channeling + exact per-idle-slot break cost | (43) exactly |Mp| reduced usedSlot variables | (44) atMost 2|L| busy participants per slot | (45) exact even number of busy participants | exact unary total-break-slot counts and gap objective | (40) optional hard fairness cap: gap <= 1000",,,result,393367,20,393387
ticf-14crafa.forb0007,UNSAT,UNSAT,1.915652,154172,391024,20,0,391044,210.625,peak_process_tree_rss_mb,maxsat,staircase,yes,imp12+,,,,,,,,"domain reduction: sessions, fixed meetings, forbidden slots | precedence graph: transitive closure, cycle detection, arc-consistent bounds | (20),(22)-(27) exactly once over reduced domains | (19) participant atMost-one per slot | (46),(47) clustered table capacity with full channeling | (28) staircase/support precedence over reduced domains | usedSlot channeling + exact per-idle-slot break cost | (43) exactly |Mp| reduced usedSlot variables | (44) atMost 2|L| busy participants per slot | (45) exact even number of busy participants | exact unary total-break-slot counts and gap objective | (40) optional hard fairness cap: gap <= 1000",,,result,391024,20,391044
