B2B conference benchmark: 396 run(s), objective=IdleRange(P*)
Canonical instances: 66 (family=all, SHA-256 deduplicated)
Domain mode(s): full, reduced
MaxSAT backend: uwrmaxsat
SAT backend: cadical
Instance forum-13crafc.forb0007: P×G=pairwise+direct
[1/396] forum-13crafc.forb0007 | full | incremental | P=pairwise | G=direct | imp12+
[IncrementalSAT] initial IdleRange(P*)=14
[IncrementalSAT] IdleRange(P*) <= 6: SAT
[IncrementalSAT] IdleRange(P*) <= 2: SAT
[IncrementalSAT] IdleRange(P*) <= 0: SAT
    SAT | IdleRange(P*)=0 | time=1.292148s | config=F-PW-DE-ST-IRP-IS-CD-IC12P
[2/396] forum-13crafc.forb0007 | full | multiple | P=pairwise | G=direct | imp12+
[MultipleSAT] initial IdleRange(P*)=14
[MultipleSAT] IdleRange(P*) <= 6: SAT
[MultipleSAT] IdleRange(P*) <= 2: SAT
[MultipleSAT] IdleRange(P*) <= 0: SAT
    SAT | IdleRange(P*)=0 | time=0.806253s | config=F-PW-DE-ST-IRP-NIS-CD-IC12P
[3/396] forum-13crafc.forb0007 | full | maxsat | P=pairwise | G=direct | imp12+
[MaxSAT/UWrMaxSAT] running /home/dclng566/solver-build/uwrmaxsat/build/release/bin/uwrmaxsat with timeout=7199.51s
[MaxSAT/UWrMaxSAT] optimum IdleRange(P*)=0 (cost=0)
[MaxSAT/UWrMaxSAT] process exit code=30
    SAT | IdleRange(P*)=0 | time=0.776469s | config=F-PW-DE-ST-IRP-UW-IC12P
[4/396] forum-13crafc.forb0007 | reduced | incremental | P=pairwise | G=direct | imp12+
[IncrementalSAT] initial IdleRange(P*)=14
[IncrementalSAT] IdleRange(P*) <= 6: SAT
[IncrementalSAT] IdleRange(P*) <= 2: SAT
[IncrementalSAT] IdleRange(P*) <= 0: SAT
    SAT | IdleRange(P*)=0 | time=0.624406s | config=R-PW-DE-ST-IRP-IS-CD-IC12P
[5/396] forum-13crafc.forb0007 | reduced | multiple | P=pairwise | G=direct | imp12+
[MultipleSAT] initial IdleRange(P*)=14
[MultipleSAT] IdleRange(P*) <= 6: SAT
[MultipleSAT] IdleRange(P*) <= 2: SAT
[MultipleSAT] IdleRange(P*) <= 0: SAT
    SAT | IdleRange(P*)=0 | time=3.524479s | config=R-PW-DE-ST-IRP-NIS-CD-IC12P
[6/396] forum-13crafc.forb0007 | reduced | maxsat | P=pairwise | G=direct | imp12+
[MaxSAT/UWrMaxSAT] running /home/dclng566/solver-build/uwrmaxsat/build/release/bin/uwrmaxsat with timeout=7199.53s
[MaxSAT/UWrMaxSAT] optimum IdleRange(P*)=0 (cost=0)
[MaxSAT/UWrMaxSAT] process exit code=30
    SAT | IdleRange(P*)=0 | time=0.806513s | config=R-PW-DE-ST-IRP-UW-IC12P
    Excel: /home/dclng566/projects/Business-Meeting-Scheduling-Problem/output/ic12p-gcp-ic12p-20260723T023309Z/main/excel_data_table06_forb/forum-13crafc.forb0007.xlsx
Instance forumt-14crafd.forb0003: P×G=pairwise+direct
[7/396] forumt-14crafd.forb0003 | full | incremental | P=pairwise | G=direct | imp12+
    UNSAT | IdleRange(P*)=None | time=0.134579s | config=F-PW-DE-ST-IRP-IS-CD-IC12P
[8/396] forumt-14crafd.forb0003 | full | multiple | P=pairwise | G=direct | imp12+
    UNSAT | IdleRange(P*)=None | time=0.131097s | config=F-PW-DE-ST-IRP-NIS-CD-IC12P
[9/396] forumt-14crafd.forb0003 | full | maxsat | P=pairwise | G=direct | imp12+
[MaxSAT/UWrMaxSAT] running /home/dclng566/solver-build/uwrmaxsat/build/release/bin/uwrmaxsat with timeout=7199.64s
    UNSAT | IdleRange(P*)=None | time=0.215921s | config=F-PW-DE-ST-IRP-UW-IC12P
[10/396] forumt-14crafd.forb0003 | reduced | incremental | P=pairwise | G=direct | imp12+
    UNSAT | IdleRange(P*)=None | time=0.121052s | config=R-PW-DE-ST-IRP-IS-CD-IC12P
[11/396] forumt-14crafd.forb0003 | reduced | multiple | P=pairwise | G=direct | imp12+
    UNSAT | IdleRange(P*)=None | time=0.120661s | config=R-PW-DE-ST-IRP-NIS-CD-IC12P
[12/396] forumt-14crafd.forb0003 | reduced | maxsat | P=pairwise | G=direct | imp12+
[MaxSAT/UWrMaxSAT] running /home/dclng566/solver-build/uwrmaxsat/build/release/bin/uwrmaxsat with timeout=7199.64s
    UNSAT | IdleRange(P*)=None | time=0.213647s | config=R-PW-DE-ST-IRP-UW-IC12P
    Excel: /home/dclng566/projects/Business-Meeting-Scheduling-Problem/output/ic12p-gcp-ic12p-20260723T023309Z/main/excel_data_table06_forb/forumt-14crafd.forb0003.xlsx
Instance ticf-13crafb.fixed020-Forb: P×G=pairwise+direct
[13/396] ticf-13crafb.fixed020-Forb | full | incremental | P=pairwise | G=direct | imp12+
[IncrementalSAT] initial IdleRange(P*)=20
[IncrementalSAT] IdleRange(P*) <= 9: UNSAT
[IncrementalSAT] IdleRange(P*) <= 14: UNSAT
[IncrementalSAT] IdleRange(P*) <= 17: SAT
[IncrementalSAT] IdleRange(P*) <= 15: UNSAT
[IncrementalSAT] IdleRange(P*) <= 16: UNSAT
    SAT | IdleRange(P*)=17 | time=0.455091s | config=F-PW-DE-ST-IRP-IS-CD-IC12P
[14/396] ticf-13crafb.fixed020-Forb | full | multiple | P=pairwise | G=direct | imp12+
[MultipleSAT] initial IdleRange(P*)=20
[MultipleSAT] IdleRange(P*) <= 9: UNSAT
[MultipleSAT] IdleRange(P*) <= 14: UNSAT
[MultipleSAT] IdleRange(P*) <= 17: SAT
[MultipleSAT] IdleRange(P*) <= 15: UNSAT
[MultipleSAT] IdleRange(P*) <= 16: UNSAT
    SAT | IdleRange(P*)=17 | time=0.814991s | config=F-PW-DE-ST-IRP-NIS-CD-IC12P
[15/396] ticf-13crafb.fixed020-Forb | full | maxsat | P=pairwise | G=direct | imp12+
[MaxSAT/UWrMaxSAT] running /home/dclng566/solver-build/uwrmaxsat/build/release/bin/uwrmaxsat with timeout=7199.42s
[MaxSAT/UWrMaxSAT] optimum IdleRange(P*)=17 (cost=17)
[MaxSAT/UWrMaxSAT] process exit code=30
    SAT | IdleRange(P*)=17 | time=0.751986s | config=F-PW-DE-ST-IRP-UW-IC12P
[16/396] ticf-13crafb.fixed020-Forb | reduced | incremental | P=pairwise | G=direct | imp12+
[IncrementalSAT] initial IdleRange(P*)=20
[IncrementalSAT] IdleRange(P*) <= 9: UNSAT
[IncrementalSAT] IdleRange(P*) <= 14: UNSAT
[IncrementalSAT] IdleRange(P*) <= 17: SAT
[IncrementalSAT] IdleRange(P*) <= 15: UNSAT
[IncrementalSAT] IdleRange(P*) <= 16: UNSAT
    SAT | IdleRange(P*)=17 | time=0.360478s | config=R-PW-DE-ST-IRP-IS-CD-IC12P
[17/396] ticf-13crafb.fixed020-Forb | reduced | multiple | P=pairwise | G=direct | imp12+
[MultipleSAT] initial IdleRange(P*)=20
[MultipleSAT] IdleRange(P*) <= 9: UNSAT
[MultipleSAT] IdleRange(P*) <= 14: UNSAT
[MultipleSAT] IdleRange(P*) <= 17: SAT
[MultipleSAT] IdleRange(P*) <= 15: UNSAT
[MultipleSAT] IdleRange(P*) <= 16: UNSAT
    SAT | IdleRange(P*)=17 | time=0.604099s | config=R-PW-DE-ST-IRP-NIS-CD-IC12P
[18/396] ticf-13crafb.fixed020-Forb | reduced | maxsat | P=pairwise | G=direct | imp12+
[MaxSAT/UWrMaxSAT] running /home/dclng566/solver-build/uwrmaxsat/build/release/bin/uwrmaxsat with timeout=7199.49s
[MaxSAT/UWrMaxSAT] optimum IdleRange(P*)=17 (cost=17)
[MaxSAT/UWrMaxSAT] process exit code=30
    SAT | IdleRange(P*)=17 | time=0.552441s | config=R-PW-DE-ST-IRP-UW-IC12P
    Excel: /home/dclng566/projects/Business-Meeting-Scheduling-Problem/output/ic12p-gcp-ic12p-20260723T023309Z/main/excel_data_table06_forb/ticf-13crafb.fixed020-Forb.xlsx
Instance tic-13crafb.forb0003: P×G=pairwise+direct
[19/396] tic-13crafb.forb0003 | full | incremental | P=pairwise | G=direct | imp12+
[IncrementalSAT] initial IdleRange(P*)=5
[IncrementalSAT] IdleRange(P*) <= 2: SAT
[IncrementalSAT] IdleRange(P*) <= 0: SAT
    SAT | IdleRange(P*)=0 | time=0.162938s | config=F-PW-DE-ST-IRP-IS-CD-IC12P
[20/396] tic-13crafb.forb0003 | full | multiple | P=pairwise | G=direct | imp12+
[MultipleSAT] initial IdleRange(P*)=5
[MultipleSAT] IdleRange(P*) <= 2: SAT
[MultipleSAT] IdleRange(P*) <= 0: SAT
    SAT | IdleRange(P*)=0 | time=0.22398s | config=F-PW-DE-ST-IRP-NIS-CD-IC12P
[21/396] tic-13crafb.forb0003 | full | maxsat | P=pairwise | G=direct | imp12+
[MaxSAT/UWrMaxSAT] running /home/dclng566/solver-build/uwrmaxsat/build/release/bin/uwrmaxsat with timeout=7199.64s
[MaxSAT/UWrMaxSAT] optimum IdleRange(P*)=0 (cost=0)
[MaxSAT/UWrMaxSAT] process exit code=30
    SAT | IdleRange(P*)=0 | time=0.257845s | config=F-PW-DE-ST-IRP-UW-IC12P
[22/396] tic-13crafb.forb0003 | reduced | incremental | P=pairwise | G=direct | imp12+
[IncrementalSAT] initial IdleRange(P*)=5
[IncrementalSAT] IdleRange(P*) <= 2: SAT
[IncrementalSAT] IdleRange(P*) <= 0: SAT
    SAT | IdleRange(P*)=0 | time=0.169552s | config=R-PW-DE-ST-IRP-IS-CD-IC12P
[23/396] tic-13crafb.forb0003 | reduced | multiple | P=pairwise | G=direct | imp12+
[MultipleSAT] initial IdleRange(P*)=5
[MultipleSAT] IdleRange(P*) <= 2: SAT
[MultipleSAT] IdleRange(P*) <= 0: SAT
    SAT | IdleRange(P*)=0 | time=0.23333s | config=R-PW-DE-ST-IRP-NIS-CD-IC12P
[24/396] tic-13crafb.forb0003 | reduced | maxsat | P=pairwise | G=direct | imp12+
[MaxSAT/UWrMaxSAT] running /home/dclng566/solver-build/uwrmaxsat/build/release/bin/uwrmaxsat with timeout=7199.64s
[MaxSAT/UWrMaxSAT] optimum IdleRange(P*)=0 (cost=0)
[MaxSAT/UWrMaxSAT] process exit code=30
    SAT | IdleRange(P*)=0 | time=0.247219s | config=R-PW-DE-ST-IRP-UW-IC12P
    Excel: /home/dclng566/projects/Business-Meeting-Scheduling-Problem/output/ic12p-gcp-ic12p-20260723T023309Z/main/excel_data_table06_forb/tic-13crafb.forb0003.xlsx
Instance forum-13crafc.fixed040-Forb: P×G=pairwise+direct
[25/396] forum-13crafc.fixed040-Forb | full | incremental | P=pairwise | G=direct | imp12+
[IncrementalSAT] initial IdleRange(P*)=15
[IncrementalSAT] IdleRange(P*) <= 7: UNSAT
[IncrementalSAT] IdleRange(P*) <= 11: UNSAT
[IncrementalSAT] IdleRange(P*) <= 13: SAT
[IncrementalSAT] IdleRange(P*) <= 12: SAT
    SAT | IdleRange(P*)=12 | time=0.327862s | config=F-PW-DE-ST-IRP-IS-CD-IC12P
[26/396] forum-13crafc.fixed040-Forb | full | multiple | P=pairwise | G=direct | imp12+
[MultipleSAT] initial IdleRange(P*)=15
[MultipleSAT] IdleRange(P*) <= 7: UNSAT
[MultipleSAT] IdleRange(P*) <= 11: UNSAT
[MultipleSAT] IdleRange(P*) <= 13: SAT
[MultipleSAT] IdleRange(P*) <= 12: SAT
    SAT | IdleRange(P*)=12 | time=0.575975s | config=F-PW-DE-ST-IRP-NIS-CD-IC12P
[27/396] forum-13crafc.fixed040-Forb | full | maxsat | P=pairwise | G=direct | imp12+
[MaxSAT/UWrMaxSAT] running /home/dclng566/solver-build/uwrmaxsat/build/release/bin/uwrmaxsat with timeout=7199.55s
[MaxSAT/UWrMaxSAT] optimum IdleRange(P*)=12 (cost=12)
[MaxSAT/UWrMaxSAT] process exit code=30
    SAT | IdleRange(P*)=12 | time=0.580049s | config=F-PW-DE-ST-IRP-UW-IC12P
[28/396] forum-13crafc.fixed040-Forb | reduced | incremental | P=pairwise | G=direct | imp12+
[IncrementalSAT] initial IdleRange(P*)=15
[IncrementalSAT] IdleRange(P*) <= 7: UNSAT
[IncrementalSAT] IdleRange(P*) <= 11: UNSAT
[IncrementalSAT] IdleRange(P*) <= 13: SAT
[IncrementalSAT] IdleRange(P*) <= 12: SAT
    SAT | IdleRange(P*)=12 | time=0.196516s | config=R-PW-DE-ST-IRP-IS-CD-IC12P
[29/396] forum-13crafc.fixed040-Forb | reduced | multiple | P=pairwise | G=direct | imp12+
[MultipleSAT] initial IdleRange(P*)=15
[MultipleSAT] IdleRange(P*) <= 7: UNSAT
[MultipleSAT] IdleRange(P*) <= 11: UNSAT
[MultipleSAT] IdleRange(P*) <= 13: SAT
[MultipleSAT] IdleRange(P*) <= 12: SAT
    SAT | IdleRange(P*)=12 | time=0.353209s | config=R-PW-DE-ST-IRP-NIS-CD-IC12P
[30/396] forum-13crafc.fixed040-Forb | reduced | maxsat | P=pairwise | G=direct | imp12+
[MaxSAT/UWrMaxSAT] running /home/dclng566/solver-build/uwrmaxsat/build/release/bin/uwrmaxsat with timeout=7199.62s
[MaxSAT/UWrMaxSAT] optimum IdleRange(P*)=12 (cost=12)
[MaxSAT/UWrMaxSAT] process exit code=30
    SAT | IdleRange(P*)=12 | time=0.337112s | config=R-PW-DE-ST-IRP-UW-IC12P
    Excel: /home/dclng566/projects/Business-Meeting-Scheduling-Problem/output/ic12p-gcp-ic12p-20260723T023309Z/main/excel_data_table06_forb/forum-13crafc.fixed040-Forb.xlsx
Instance forumt-14crafe.forb0007: P×G=pairwise+direct
[31/396] forumt-14crafe.forb0007 | full | incremental | P=pairwise | G=direct | imp12+
    UNSAT | IdleRange(P*)=None | time=0.09048s | config=F-PW-DE-ST-IRP-IS-CD-IC12P
[32/396] forumt-14crafe.forb0007 | full | multiple | P=pairwise | G=direct | imp12+
    UNSAT | IdleRange(P*)=None | time=0.096311s | config=F-PW-DE-ST-IRP-NIS-CD-IC12P
[33/396] forumt-14crafe.forb0007 | full | maxsat | P=pairwise | G=direct | imp12+
[MaxSAT/UWrMaxSAT] running /home/dclng566/solver-build/uwrmaxsat/build/release/bin/uwrmaxsat with timeout=7199.68s
    UNSAT | IdleRange(P*)=None | time=0.179113s | config=F-PW-DE-ST-IRP-UW-IC12P
[34/396] forumt-14crafe.forb0007 | reduced | incremental | P=pairwise | G=direct | imp12+
    UNSAT | IdleRange(P*)=None | time=0.084487s | config=R-PW-DE-ST-IRP-IS-CD-IC12P
[35/396] forumt-14crafe.forb0007 | reduced | multiple | P=pairwise | G=direct | imp12+
    UNSAT | IdleRange(P*)=None | time=0.083943s | config=R-PW-DE-ST-IRP-NIS-CD-IC12P
[36/396] forumt-14crafe.forb0007 | reduced | maxsat | P=pairwise | G=direct | imp12+
[MaxSAT/UWrMaxSAT] running /home/dclng566/solver-build/uwrmaxsat/build/release/bin/uwrmaxsat with timeout=7199.68s
    UNSAT | IdleRange(P*)=None | time=0.174882s | config=R-PW-DE-ST-IRP-UW-IC12P
    Excel: /home/dclng566/projects/Business-Meeting-Scheduling-Problem/output/ic12p-gcp-ic12p-20260723T023309Z/main/excel_data_table06_forb/forumt-14crafe.forb0007.xlsx
Instance forumt-14crafd.fixed040-Forb: P×G=pairwise+direct
[37/396] forumt-14crafd.fixed040-Forb | full | incremental | P=pairwise | G=direct | imp12+
    UNSAT | IdleRange(P*)=None | time=0.100612s | config=F-PW-DE-ST-IRP-IS-CD-IC12P
[38/396] forumt-14crafd.fixed040-Forb | full | multiple | P=pairwise | G=direct | imp12+
    UNSAT | IdleRange(P*)=None | time=0.096081s | config=F-PW-DE-ST-IRP-NIS-CD-IC12P
[39/396] forumt-14crafd.fixed040-Forb | full | maxsat | P=pairwise | G=direct | imp12+
[MaxSAT/UWrMaxSAT] running /home/dclng566/solver-build/uwrmaxsat/build/release/bin/uwrmaxsat with timeout=7199.67s
    UNSAT | IdleRange(P*)=None | time=0.188479s | config=F-PW-DE-ST-IRP-UW-IC12P
[40/396] forumt-14crafd.fixed040-Forb | reduced | incremental | P=pairwise | G=direct | imp12+
    UNSAT | IdleRange(P*)=None | time=0.068888s | config=R-PW-DE-ST-IRP-IS-CD-IC12P
[41/396] forumt-14crafd.fixed040-Forb | reduced | multiple | P=pairwise | G=direct | imp12+
    UNSAT | IdleRange(P*)=None | time=0.068386s | config=R-PW-DE-ST-IRP-NIS-CD-IC12P
[42/396] forumt-14crafd.fixed040-Forb | reduced | maxsat | P=pairwise | G=direct | imp12+
[MaxSAT/UWrMaxSAT] running /home/dclng566/solver-build/uwrmaxsat/build/release/bin/uwrmaxsat with timeout=7199.69s
    UNSAT | IdleRange(P*)=None | time=0.123035s | config=R-PW-DE-ST-IRP-UW-IC12P
    Excel: /home/dclng566/projects/Business-Meeting-Scheduling-Problem/output/ic12p-gcp-ic12p-20260723T023309Z/main/excel_data_table06_forb/forumt-14crafd.fixed040-Forb.xlsx
Instance tic-14crafd.fixed020-Forb: P×G=pairwise+direct
[43/396] tic-14crafd.fixed020-Forb | full | incremental | P=pairwise | G=direct | imp12+
[IncrementalSAT] initial IdleRange(P*)=7
[IncrementalSAT] IdleRange(P*) <= 3: SAT
[IncrementalSAT] IdleRange(P*) <= 1: UNSAT
[IncrementalSAT] IdleRange(P*) <= 2: UNSAT
    SAT | IdleRange(P*)=3 | time=0.183247s | config=F-PW-DE-ST-IRP-IS-CD-IC12P
[44/396] tic-14crafd.fixed020-Forb | full | multiple | P=pairwise | G=direct | imp12+
[MultipleSAT] initial IdleRange(P*)=7
[MultipleSAT] IdleRange(P*) <= 3: SAT
[MultipleSAT] IdleRange(P*) <= 1: UNSAT
[MultipleSAT] IdleRange(P*) <= 2: UNSAT
    SAT | IdleRange(P*)=3 | time=0.249228s | config=F-PW-DE-ST-IRP-NIS-CD-IC12P
[45/396] tic-14crafd.fixed020-Forb | full | maxsat | P=pairwise | G=direct | imp12+
[MaxSAT/UWrMaxSAT] running /home/dclng566/solver-build/uwrmaxsat/build/release/bin/uwrmaxsat with timeout=7199.61s
[MaxSAT/UWrMaxSAT] optimum IdleRange(P*)=3 (cost=3)
[MaxSAT/UWrMaxSAT] process exit code=30
    SAT | IdleRange(P*)=3 | time=0.360463s | config=F-PW-DE-ST-IRP-UW-IC12P
[46/396] tic-14crafd.fixed020-Forb | reduced | incremental | P=pairwise | G=direct | imp12+
[IncrementalSAT] initial IdleRange(P*)=7
[IncrementalSAT] IdleRange(P*) <= 3: SAT
[IncrementalSAT] IdleRange(P*) <= 1: UNSAT
[IncrementalSAT] IdleRange(P*) <= 2: UNSAT
    SAT | IdleRange(P*)=3 | time=0.151631s | config=R-PW-DE-ST-IRP-IS-CD-IC12P
[47/396] tic-14crafd.fixed020-Forb | reduced | multiple | P=pairwise | G=direct | imp12+
[MultipleSAT] initial IdleRange(P*)=7
[MultipleSAT] IdleRange(P*) <= 3: SAT
[MultipleSAT] IdleRange(P*) <= 1: UNSAT
[MultipleSAT] IdleRange(P*) <= 2: UNSAT
    SAT | IdleRange(P*)=3 | time=0.208171s | config=R-PW-DE-ST-IRP-NIS-CD-IC12P
[48/396] tic-14crafd.fixed020-Forb | reduced | maxsat | P=pairwise | G=direct | imp12+
[MaxSAT/UWrMaxSAT] running /home/dclng566/solver-build/uwrmaxsat/build/release/bin/uwrmaxsat with timeout=7199.63s
[MaxSAT/UWrMaxSAT] optimum IdleRange(P*)=3 (cost=3)
[MaxSAT/UWrMaxSAT] process exit code=30
    SAT | IdleRange(P*)=3 | time=0.316306s | config=R-PW-DE-ST-IRP-UW-IC12P
    Excel: /home/dclng566/projects/Business-Meeting-Scheduling-Problem/output/ic12p-gcp-ic12p-20260723T023309Z/main/excel_data_table06_forb/tic-14crafd.fixed020-Forb.xlsx
Instance forum-13crafb.fixed020-Forb: P×G=pairwise+direct
[49/396] forum-13crafb.fixed020-Forb | full | incremental | P=pairwise | G=direct | imp12+
[IncrementalSAT] initial IdleRange(P*)=19
[IncrementalSAT] IdleRange(P*) <= 9: UNSAT
[IncrementalSAT] IdleRange(P*) <= 14: UNSAT
[IncrementalSAT] IdleRange(P*) <= 16: UNSAT
[IncrementalSAT] IdleRange(P*) <= 17: SAT
    SAT | IdleRange(P*)=17 | time=0.461338s | config=F-PW-DE-ST-IRP-IS-CD-IC12P
[50/396] forum-13crafb.fixed020-Forb | full | multiple | P=pairwise | G=direct | imp12+
[MultipleSAT] initial IdleRange(P*)=19
[MultipleSAT] IdleRange(P*) <= 9: UNSAT
[MultipleSAT] IdleRange(P*) <= 14: UNSAT
[MultipleSAT] IdleRange(P*) <= 16: UNSAT
[MultipleSAT] IdleRange(P*) <= 17: SAT
    SAT | IdleRange(P*)=17 | time=0.737971s | config=F-PW-DE-ST-IRP-NIS-CD-IC12P
[51/396] forum-13crafb.fixed020-Forb | full | maxsat | P=pairwise | G=direct | imp12+
[MaxSAT/UWrMaxSAT] running /home/dclng566/solver-build/uwrmaxsat/build/release/bin/uwrmaxsat with timeout=7199.43s
[MaxSAT/UWrMaxSAT] optimum IdleRange(P*)=17 (cost=17)
[MaxSAT/UWrMaxSAT] process exit code=30
    SAT | IdleRange(P*)=17 | time=0.737963s | config=F-PW-DE-ST-IRP-UW-IC12P
[52/396] forum-13crafb.fixed020-Forb | reduced | incremental | P=pairwise | G=direct | imp12+
[IncrementalSAT] initial IdleRange(P*)=20
[IncrementalSAT] IdleRange(P*) <= 9: UNSAT
[IncrementalSAT] IdleRange(P*) <= 14: UNSAT
[IncrementalSAT] IdleRange(P*) <= 17: SAT
[IncrementalSAT] IdleRange(P*) <= 15: UNSAT
[IncrementalSAT] IdleRange(P*) <= 16: UNSAT
    SAT | IdleRange(P*)=17 | time=0.341546s | config=R-PW-DE-ST-IRP-IS-CD-IC12P
[53/396] forum-13crafb.fixed020-Forb | reduced | multiple | P=pairwise | G=direct | imp12+
[MultipleSAT] initial IdleRange(P*)=20
[MultipleSAT] IdleRange(P*) <= 9: UNSAT
[MultipleSAT] IdleRange(P*) <= 14: UNSAT
[MultipleSAT] IdleRange(P*) <= 17: SAT
[MultipleSAT] IdleRange(P*) <= 15: UNSAT
[MultipleSAT] IdleRange(P*) <= 16: UNSAT
    SAT | IdleRange(P*)=17 | time=0.575587s | config=R-PW-DE-ST-IRP-NIS-CD-IC12P
[54/396] forum-13crafb.fixed020-Forb | reduced | maxsat | P=pairwise | G=direct | imp12+
[MaxSAT/UWrMaxSAT] running /home/dclng566/solver-build/uwrmaxsat/build/release/bin/uwrmaxsat with timeout=7199.49s
[MaxSAT/UWrMaxSAT] optimum IdleRange(P*)=17 (cost=17)
[MaxSAT/UWrMaxSAT] process exit code=30
    SAT | IdleRange(P*)=17 | time=0.528141s | config=R-PW-DE-ST-IRP-UW-IC12P
    Excel: /home/dclng566/projects/Business-Meeting-Scheduling-Problem/output/ic12p-gcp-ic12p-20260723T023309Z/main/excel_data_table06_forb/forum-13crafb.fixed020-Forb.xlsx
Instance tic-13crafc.forb0003: P×G=pairwise+direct
[55/396] tic-13crafc.forb0003 | full | incremental | P=pairwise | G=direct | imp12+
    UNSAT | IdleRange(P*)=None | time=0.091764s | config=F-PW-DE-ST-IRP-IS-CD-IC12P
[56/396] tic-13crafc.forb0003 | full | multiple | P=pairwise | G=direct | imp12+
    UNSAT | IdleRange(P*)=None | time=0.087928s | config=F-PW-DE-ST-IRP-NIS-CD-IC12P
[57/396] tic-13crafc.forb0003 | full | maxsat | P=pairwise | G=direct | imp12+
[MaxSAT/UWrMaxSAT] running /home/dclng566/solver-build/uwrmaxsat/build/release/bin/uwrmaxsat with timeout=7199.68s
    UNSAT | IdleRange(P*)=None | time=0.167534s | config=F-PW-DE-ST-IRP-UW-IC12P
[58/396] tic-13crafc.forb0003 | reduced | incremental | P=pairwise | G=direct | imp12+
    UNSAT | IdleRange(P*)=None | time=0.087174s | config=R-PW-DE-ST-IRP-IS-CD-IC12P
[59/396] tic-13crafc.forb0003 | reduced | multiple | P=pairwise | G=direct | imp12+
    UNSAT | IdleRange(P*)=None | time=0.085086s | config=R-PW-DE-ST-IRP-NIS-CD-IC12P
[60/396] tic-13crafc.forb0003 | reduced | maxsat | P=pairwise | G=direct | imp12+
[MaxSAT/UWrMaxSAT] running /home/dclng566/solver-build/uwrmaxsat/build/release/bin/uwrmaxsat with timeout=7199.68s
    UNSAT | IdleRange(P*)=None | time=0.159785s | config=R-PW-DE-ST-IRP-UW-IC12P
    Excel: /home/dclng566/projects/Business-Meeting-Scheduling-Problem/output/ic12p-gcp-ic12p-20260723T023309Z/main/excel_data_table06_forb/tic-13crafc.forb0003.xlsx
Instance forum-13.fixed040-Forb: P×G=pairwise+direct
[61/396] forum-13.fixed040-Forb | full | incremental | P=pairwise | G=direct | imp12+
[IncrementalSAT] initial IdleRange(P*)=16
[IncrementalSAT] IdleRange(P*) <= 7: UNSAT
[IncrementalSAT] IdleRange(P*) <= 11: UNSAT
[IncrementalSAT] IdleRange(P*) <= 13: SAT
[IncrementalSAT] IdleRange(P*) <= 12: SAT
    SAT | IdleRange(P*)=12 | time=0.33463s | config=F-PW-DE-ST-IRP-IS-CD-IC12P
[62/396] forum-13.fixed040-Forb | full | multiple | P=pairwise | G=direct | imp12+
[MultipleSAT] initial IdleRange(P*)=16
[MultipleSAT] IdleRange(P*) <= 7: UNSAT
[MultipleSAT] IdleRange(P*) <= 11: UNSAT
[MultipleSAT] IdleRange(P*) <= 13: SAT
[MultipleSAT] IdleRange(P*) <= 12: SAT
    SAT | IdleRange(P*)=12 | time=0.576555s | config=F-PW-DE-ST-IRP-NIS-CD-IC12P
[63/396] forum-13.fixed040-Forb | full | maxsat | P=pairwise | G=direct | imp12+
[MaxSAT/UWrMaxSAT] running /home/dclng566/solver-build/uwrmaxsat/build/release/bin/uwrmaxsat with timeout=7199.55s
[MaxSAT/UWrMaxSAT] optimum IdleRange(P*)=12 (cost=12)
[MaxSAT/UWrMaxSAT] process exit code=30
    SAT | IdleRange(P*)=12 | time=0.588665s | config=F-PW-DE-ST-IRP-UW-IC12P
[64/396] forum-13.fixed040-Forb | reduced | incremental | P=pairwise | G=direct | imp12+
[IncrementalSAT] initial IdleRange(P*)=16
[IncrementalSAT] IdleRange(P*) <= 7: UNSAT
[IncrementalSAT] IdleRange(P*) <= 11: UNSAT
[IncrementalSAT] IdleRange(P*) <= 13: SAT
[IncrementalSAT] IdleRange(P*) <= 12: SAT
    SAT | IdleRange(P*)=12 | time=0.192334s | config=R-PW-DE-ST-IRP-IS-CD-IC12P
[65/396] forum-13.fixed040-Forb | reduced | multiple | P=pairwise | G=direct | imp12+
[MultipleSAT] initial IdleRange(P*)=16
[MultipleSAT] IdleRange(P*) <= 7: UNSAT
[MultipleSAT] IdleRange(P*) <= 11: UNSAT
[MultipleSAT] IdleRange(P*) <= 13: SAT
[MultipleSAT] IdleRange(P*) <= 12: SAT
    SAT | IdleRange(P*)=12 | time=0.326336s | config=R-PW-DE-ST-IRP-NIS-CD-IC12P
[66/396] forum-13.fixed040-Forb | reduced | maxsat | P=pairwise | G=direct | imp12+
[MaxSAT/UWrMaxSAT] running /home/dclng566/solver-build/uwrmaxsat/build/release/bin/uwrmaxsat with timeout=7199.63s
[MaxSAT/UWrMaxSAT] optimum IdleRange(P*)=12 (cost=12)
[MaxSAT/UWrMaxSAT] process exit code=30
    SAT | IdleRange(P*)=12 | time=0.321772s | config=R-PW-DE-ST-IRP-UW-IC12P
    Excel: /home/dclng566/projects/Business-Meeting-Scheduling-Problem/output/ic12p-gcp-ic12p-20260723T023309Z/main/excel_data_table06_forb/forum-13.fixed040-Forb.xlsx
Instance tic-13.fixed040-Forb: P×G=pairwise+direct
[67/396] tic-13.fixed040-Forb | full | incremental | P=pairwise | G=direct | imp12+
[IncrementalSAT] initial IdleRange(P*)=5
[IncrementalSAT] IdleRange(P*) <= 2: UNSAT
[IncrementalSAT] IdleRange(P*) <= 3: UNSAT
[IncrementalSAT] IdleRange(P*) <= 4: SAT
    SAT | IdleRange(P*)=4 | time=0.108816s | config=F-PW-DE-ST-IRP-IS-CD-IC12P
[68/396] tic-13.fixed040-Forb | full | multiple | P=pairwise | G=direct | imp12+
[MultipleSAT] initial IdleRange(P*)=5
[MultipleSAT] IdleRange(P*) <= 2: UNSAT
[MultipleSAT] IdleRange(P*) <= 3: UNSAT
[MultipleSAT] IdleRange(P*) <= 4: SAT
    SAT | IdleRange(P*)=4 | time=0.159304s | config=F-PW-DE-ST-IRP-NIS-CD-IC12P
[69/396] tic-13.fixed040-Forb | full | maxsat | P=pairwise | G=direct | imp12+
[MaxSAT/UWrMaxSAT] running /home/dclng566/solver-build/uwrmaxsat/build/release/bin/uwrmaxsat with timeout=7199.67s
[MaxSAT/UWrMaxSAT] optimum IdleRange(P*)=4 (cost=4)
[MaxSAT/UWrMaxSAT] process exit code=30
    SAT | IdleRange(P*)=4 | time=0.185711s | config=F-PW-DE-ST-IRP-UW-IC12P
[70/396] tic-13.fixed040-Forb | reduced | incremental | P=pairwise | G=direct | imp12+
[IncrementalSAT] initial IdleRange(P*)=5
[IncrementalSAT] IdleRange(P*) <= 2: UNSAT
[IncrementalSAT] IdleRange(P*) <= 3: UNSAT
[IncrementalSAT] IdleRange(P*) <= 4: SAT
    SAT | IdleRange(P*)=4 | time=0.078386s | config=R-PW-DE-ST-IRP-IS-CD-IC12P
[71/396] tic-13.fixed040-Forb | reduced | multiple | P=pairwise | G=direct | imp12+
[MultipleSAT] initial IdleRange(P*)=5
[MultipleSAT] IdleRange(P*) <= 2: UNSAT
[MultipleSAT] IdleRange(P*) <= 3: UNSAT
[MultipleSAT] IdleRange(P*) <= 4: SAT
    SAT | IdleRange(P*)=4 | time=0.107584s | config=R-PW-DE-ST-IRP-NIS-CD-IC12P
[72/396] tic-13.fixed040-Forb | reduced | maxsat | P=pairwise | G=direct | imp12+
[MaxSAT/UWrMaxSAT] running /home/dclng566/solver-build/uwrmaxsat/build/release/bin/uwrmaxsat with timeout=7199.69s
[MaxSAT/UWrMaxSAT] optimum IdleRange(P*)=4 (cost=4)
[MaxSAT/UWrMaxSAT] process exit code=30
    SAT | IdleRange(P*)=4 | time=0.120552s | config=R-PW-DE-ST-IRP-UW-IC12P
    Excel: /home/dclng566/projects/Business-Meeting-Scheduling-Problem/output/ic12p-gcp-ic12p-20260723T023309Z/main/excel_data_table06_forb/tic-13.fixed040-Forb.xlsx
Instance tic-13crafc.fixed040-Forb: P×G=pairwise+direct
[73/396] tic-13crafc.fixed040-Forb | full | incremental | P=pairwise | G=direct | imp12+
[IncrementalSAT] initial IdleRange(P*)=5
[IncrementalSAT] IdleRange(P*) <= 2: UNSAT
[IncrementalSAT] IdleRange(P*) <= 3: UNSAT
[IncrementalSAT] IdleRange(P*) <= 4: SAT
    SAT | IdleRange(P*)=4 | time=0.112936s | config=F-PW-DE-ST-IRP-IS-CD-IC12P
[74/396] tic-13crafc.fixed040-Forb | full | multiple | P=pairwise | G=direct | imp12+
[MultipleSAT] initial IdleRange(P*)=5
[MultipleSAT] IdleRange(P*) <= 2: UNSAT
[MultipleSAT] IdleRange(P*) <= 3: UNSAT
[MultipleSAT] IdleRange(P*) <= 4: SAT
    SAT | IdleRange(P*)=4 | time=0.16776s | config=F-PW-DE-ST-IRP-NIS-CD-IC12P
[75/396] tic-13crafc.fixed040-Forb | full | maxsat | P=pairwise | G=direct | imp12+
[MaxSAT/UWrMaxSAT] running /home/dclng566/solver-build/uwrmaxsat/build/release/bin/uwrmaxsat with timeout=7199.67s
[MaxSAT/UWrMaxSAT] optimum IdleRange(P*)=4 (cost=4)
[MaxSAT/UWrMaxSAT] process exit code=30
    SAT | IdleRange(P*)=4 | time=0.188666s | config=F-PW-DE-ST-IRP-UW-IC12P
[76/396] tic-13crafc.fixed040-Forb | reduced | incremental | P=pairwise | G=direct | imp12+
[IncrementalSAT] initial IdleRange(P*)=5
[IncrementalSAT] IdleRange(P*) <= 2: UNSAT
[IncrementalSAT] IdleRange(P*) <= 3: UNSAT
[IncrementalSAT] IdleRange(P*) <= 4: SAT
    SAT | IdleRange(P*)=4 | time=0.084008s | config=R-PW-DE-ST-IRP-IS-CD-IC12P
[77/396] tic-13crafc.fixed040-Forb | reduced | multiple | P=pairwise | G=direct | imp12+
[MultipleSAT] initial IdleRange(P*)=5
[MultipleSAT] IdleRange(P*) <= 2: UNSAT
[MultipleSAT] IdleRange(P*) <= 3: UNSAT
[MultipleSAT] IdleRange(P*) <= 4: SAT
    SAT | IdleRange(P*)=4 | time=0.122219s | config=R-PW-DE-ST-IRP-NIS-CD-IC12P
[78/396] tic-13crafc.fixed040-Forb | reduced | maxsat | P=pairwise | G=direct | imp12+
[MaxSAT/UWrMaxSAT] running /home/dclng566/solver-build/uwrmaxsat/build/release/bin/uwrmaxsat with timeout=7199.68s
[MaxSAT/UWrMaxSAT] optimum IdleRange(P*)=4 (cost=4)
[MaxSAT/UWrMaxSAT] process exit code=30
    SAT | IdleRange(P*)=4 | time=0.135233s | config=R-PW-DE-ST-IRP-UW-IC12P
    Excel: /home/dclng566/projects/Business-Meeting-Scheduling-Problem/output/ic12p-gcp-ic12p-20260723T023309Z/main/excel_data_table06_forb/tic-13crafc.fixed040-Forb.xlsx
Instance tic-14crafa.fixed040-Forb: P×G=pairwise+direct
[79/396] tic-14crafa.fixed040-Forb | full | incremental | P=pairwise | G=direct | imp12+
    UNSAT | IdleRange(P*)=None | time=0.102568s | config=F-PW-DE-ST-IRP-IS-CD-IC12P
[80/396] tic-14crafa.fixed040-Forb | full | multiple | P=pairwise | G=direct | imp12+
    UNSAT | IdleRange(P*)=None | time=0.09916s | config=F-PW-DE-ST-IRP-NIS-CD-IC12P
[81/396] tic-14crafa.fixed040-Forb | full | maxsat | P=pairwise | G=direct | imp12+
[MaxSAT/UWrMaxSAT] running /home/dclng566/solver-build/uwrmaxsat/build/release/bin/uwrmaxsat with timeout=7199.67s
    UNSAT | IdleRange(P*)=None | time=0.187238s | config=F-PW-DE-ST-IRP-UW-IC12P
[82/396] tic-14crafa.fixed040-Forb | reduced | incremental | P=pairwise | G=direct | imp12+
    UNSAT | IdleRange(P*)=None | time=0.071863s | config=R-PW-DE-ST-IRP-IS-CD-IC12P
[83/396] tic-14crafa.fixed040-Forb | reduced | multiple | P=pairwise | G=direct | imp12+
    UNSAT | IdleRange(P*)=None | time=0.070221s | config=R-PW-DE-ST-IRP-NIS-CD-IC12P
[84/396] tic-14crafa.fixed040-Forb | reduced | maxsat | P=pairwise | G=direct | imp12+
[MaxSAT/UWrMaxSAT] running /home/dclng566/solver-build/uwrmaxsat/build/release/bin/uwrmaxsat with timeout=7199.69s
    UNSAT | IdleRange(P*)=None | time=0.125055s | config=R-PW-DE-ST-IRP-UW-IC12P
    Excel: /home/dclng566/projects/Business-Meeting-Scheduling-Problem/output/ic12p-gcp-ic12p-20260723T023309Z/main/excel_data_table06_forb/tic-14crafa.fixed040-Forb.xlsx
Instance tic-12crafc.fixed020-Forb: P×G=pairwise+direct
[85/396] tic-12crafc.fixed020-Forb | full | incremental | P=pairwise | G=direct | imp12+
[IncrementalSAT] initial IdleRange(P*)=5
[IncrementalSAT] IdleRange(P*) <= 2: UNSAT
[IncrementalSAT] IdleRange(P*) <= 3: UNSAT
[IncrementalSAT] IdleRange(P*) <= 4: SAT
    SAT | IdleRange(P*)=4 | time=0.070039s | config=F-PW-DE-ST-IRP-IS-CD-IC12P
[86/396] tic-12crafc.fixed020-Forb | full | multiple | P=pairwise | G=direct | imp12+
[MultipleSAT] initial IdleRange(P*)=5
[MultipleSAT] IdleRange(P*) <= 2: UNSAT
[MultipleSAT] IdleRange(P*) <= 3: UNSAT
[MultipleSAT] IdleRange(P*) <= 4: SAT
    SAT | IdleRange(P*)=4 | time=0.104627s | config=F-PW-DE-ST-IRP-NIS-CD-IC12P
[87/396] tic-12crafc.fixed020-Forb | full | maxsat | P=pairwise | G=direct | imp12+
[MaxSAT/UWrMaxSAT] running /home/dclng566/solver-build/uwrmaxsat/build/release/bin/uwrmaxsat with timeout=7199.69s
[MaxSAT/UWrMaxSAT] optimum IdleRange(P*)=4 (cost=4)
[MaxSAT/UWrMaxSAT] process exit code=30
    SAT | IdleRange(P*)=4 | time=0.157375s | config=F-PW-DE-ST-IRP-UW-IC12P
[88/396] tic-12crafc.fixed020-Forb | reduced | incremental | P=pairwise | G=direct | imp12+
[IncrementalSAT] initial IdleRange(P*)=6
[IncrementalSAT] IdleRange(P*) <= 2: UNSAT
[IncrementalSAT] IdleRange(P*) <= 4: SAT
[IncrementalSAT] IdleRange(P*) <= 3: UNSAT
    SAT | IdleRange(P*)=4 | time=0.065121s | config=R-PW-DE-ST-IRP-IS-CD-IC12P
[89/396] tic-12crafc.fixed020-Forb | reduced | multiple | P=pairwise | G=direct | imp12+
[MultipleSAT] initial IdleRange(P*)=6
[MultipleSAT] IdleRange(P*) <= 2: UNSAT
[MultipleSAT] IdleRange(P*) <= 4: SAT
[MultipleSAT] IdleRange(P*) <= 3: UNSAT
    SAT | IdleRange(P*)=4 | time=0.0911s | config=R-PW-DE-ST-IRP-NIS-CD-IC12P
[90/396] tic-12crafc.fixed020-Forb | reduced | maxsat | P=pairwise | G=direct | imp12+
[MaxSAT/UWrMaxSAT] running /home/dclng566/solver-build/uwrmaxsat/build/release/bin/uwrmaxsat with timeout=7199.7s
[MaxSAT/UWrMaxSAT] optimum IdleRange(P*)=4 (cost=4)
[MaxSAT/UWrMaxSAT] process exit code=30
    SAT | IdleRange(P*)=4 | time=0.140471s | config=R-PW-DE-ST-IRP-UW-IC12P
    Excel: /home/dclng566/projects/Business-Meeting-Scheduling-Problem/output/ic12p-gcp-ic12p-20260723T023309Z/main/excel_data_table06_forb/tic-12crafc.fixed020-Forb.xlsx
Instance tic-13.forb0007: P×G=pairwise+direct
[91/396] tic-13.forb0007 | full | incremental | P=pairwise | G=direct | imp12+
    UNSAT | IdleRange(P*)=None | time=0.091108s | config=F-PW-DE-ST-IRP-IS-CD-IC12P
[92/396] tic-13.forb0007 | full | multiple | P=pairwise | G=direct | imp12+
    UNSAT | IdleRange(P*)=None | time=0.089408s | config=F-PW-DE-ST-IRP-NIS-CD-IC12P
[93/396] tic-13.forb0007 | full | maxsat | P=pairwise | G=direct | imp12+
[MaxSAT/UWrMaxSAT] running /home/dclng566/solver-build/uwrmaxsat/build/release/bin/uwrmaxsat with timeout=7199.67s
    UNSAT | IdleRange(P*)=None | time=0.169179s | config=F-PW-DE-ST-IRP-UW-IC12P
[94/396] tic-13.forb0007 | reduced | incremental | P=pairwise | G=direct | imp12+
    UNSAT | IdleRange(P*)=None | time=0.081076s | config=R-PW-DE-ST-IRP-IS-CD-IC12P
[95/396] tic-13.forb0007 | reduced | multiple | P=pairwise | G=direct | imp12+
    UNSAT | IdleRange(P*)=None | time=0.081017s | config=R-PW-DE-ST-IRP-NIS-CD-IC12P
[96/396] tic-13.forb0007 | reduced | maxsat | P=pairwise | G=direct | imp12+
[MaxSAT/UWrMaxSAT] running /home/dclng566/solver-build/uwrmaxsat/build/release/bin/uwrmaxsat with timeout=7199.68s
    UNSAT | IdleRange(P*)=None | time=0.159307s | config=R-PW-DE-ST-IRP-UW-IC12P
    Excel: /home/dclng566/projects/Business-Meeting-Scheduling-Problem/output/ic12p-gcp-ic12p-20260723T023309Z/main/excel_data_table06_forb/tic-13.forb0007.xlsx
Instance forum-13crafb.fixed040-Forb: P×G=pairwise+direct
[97/396] forum-13crafb.fixed040-Forb | full | incremental | P=pairwise | G=direct | imp12+
    UNSAT | IdleRange(P*)=None | time=0.270009s | config=F-PW-DE-ST-IRP-IS-CD-IC12P
[98/396] forum-13crafb.fixed040-Forb | full | multiple | P=pairwise | G=direct | imp12+
    UNSAT | IdleRange(P*)=None | time=0.271804s | config=F-PW-DE-ST-IRP-NIS-CD-IC12P
[99/396] forum-13crafb.fixed040-Forb | full | maxsat | P=pairwise | G=direct | imp12+
[MaxSAT/UWrMaxSAT] running /home/dclng566/solver-build/uwrmaxsat/build/release/bin/uwrmaxsat with timeout=7199.53s
    UNSAT | IdleRange(P*)=None | time=0.544287s | config=F-PW-DE-ST-IRP-UW-IC12P
[100/396] forum-13crafb.fixed040-Forb | reduced | incremental | P=pairwise | G=direct | imp12+
    UNSAT | IdleRange(P*)=None | time=0.161849s | config=R-PW-DE-ST-IRP-IS-CD-IC12P
[101/396] forum-13crafb.fixed040-Forb | reduced | multiple | P=pairwise | G=direct | imp12+
    UNSAT | IdleRange(P*)=None | time=0.160383s | config=R-PW-DE-ST-IRP-NIS-CD-IC12P
[102/396] forum-13crafb.fixed040-Forb | reduced | maxsat | P=pairwise | G=direct | imp12+
[MaxSAT/UWrMaxSAT] running /home/dclng566/solver-build/uwrmaxsat/build/release/bin/uwrmaxsat with timeout=7199.61s
    UNSAT | IdleRange(P*)=None | time=0.346172s | config=R-PW-DE-ST-IRP-UW-IC12P
    Excel: /home/dclng566/projects/Business-Meeting-Scheduling-Problem/output/ic12p-gcp-ic12p-20260723T023309Z/main/excel_data_table06_forb/forum-13crafb.fixed040-Forb.xlsx
Instance forumt-14.forb0007: P×G=pairwise+direct
[103/396] forumt-14.forb0007 | full | incremental | P=pairwise | G=direct | imp12+
    UNSAT | IdleRange(P*)=None | time=0.092569s | config=F-PW-DE-ST-IRP-IS-CD-IC12P
[104/396] forumt-14.forb0007 | full | multiple | P=pairwise | G=direct | imp12+
    UNSAT | IdleRange(P*)=None | time=0.088719s | config=F-PW-DE-ST-IRP-NIS-CD-IC12P
[105/396] forumt-14.forb0007 | full | maxsat | P=pairwise | G=direct | imp12+
[MaxSAT/UWrMaxSAT] running /home/dclng566/solver-build/uwrmaxsat/build/release/bin/uwrmaxsat with timeout=7199.68s
    UNSAT | IdleRange(P*)=None | time=0.176369s | config=F-PW-DE-ST-IRP-UW-IC12P
[106/396] forumt-14.forb0007 | reduced | incremental | P=pairwise | G=direct | imp12+
    UNSAT | IdleRange(P*)=None | time=0.083222s | config=R-PW-DE-ST-IRP-IS-CD-IC12P
[107/396] forumt-14.forb0007 | reduced | multiple | P=pairwise | G=direct | imp12+
    UNSAT | IdleRange(P*)=None | time=0.084066s | config=R-PW-DE-ST-IRP-NIS-CD-IC12P
[108/396] forumt-14.forb0007 | reduced | maxsat | P=pairwise | G=direct | imp12+
[MaxSAT/UWrMaxSAT] running /home/dclng566/solver-build/uwrmaxsat/build/release/bin/uwrmaxsat with timeout=7199.68s
    UNSAT | IdleRange(P*)=None | time=0.178594s | config=R-PW-DE-ST-IRP-UW-IC12P
    Excel: /home/dclng566/projects/Business-Meeting-Scheduling-Problem/output/ic12p-gcp-ic12p-20260723T023309Z/main/excel_data_table06_forb/forumt-14.forb0007.xlsx
Instance forumt-14crafc.fixed040-Forb: P×G=pairwise+direct
[109/396] forumt-14crafc.fixed040-Forb | full | incremental | P=pairwise | G=direct | imp12+
    UNSAT | IdleRange(P*)=None | time=0.098533s | config=F-PW-DE-ST-IRP-IS-CD-IC12P
[110/396] forumt-14crafc.fixed040-Forb | full | multiple | P=pairwise | G=direct | imp12+
    UNSAT | IdleRange(P*)=None | time=0.10184s | config=F-PW-DE-ST-IRP-NIS-CD-IC12P
[111/396] forumt-14crafc.fixed040-Forb | full | maxsat | P=pairwise | G=direct | imp12+
[MaxSAT/UWrMaxSAT] running /home/dclng566/solver-build/uwrmaxsat/build/release/bin/uwrmaxsat with timeout=7199.67s
    UNSAT | IdleRange(P*)=None | time=0.186218s | config=F-PW-DE-ST-IRP-UW-IC12P
[112/396] forumt-14crafc.fixed040-Forb | reduced | incremental | P=pairwise | G=direct | imp12+
    UNSAT | IdleRange(P*)=None | time=0.070578s | config=R-PW-DE-ST-IRP-IS-CD-IC12P
[113/396] forumt-14crafc.fixed040-Forb | reduced | multiple | P=pairwise | G=direct | imp12+
    UNSAT | IdleRange(P*)=None | time=0.066462s | config=R-PW-DE-ST-IRP-NIS-CD-IC12P
[114/396] forumt-14crafc.fixed040-Forb | reduced | maxsat | P=pairwise | G=direct | imp12+
[MaxSAT/UWrMaxSAT] running /home/dclng566/solver-build/uwrmaxsat/build/release/bin/uwrmaxsat with timeout=7199.69s
    UNSAT | IdleRange(P*)=None | time=0.124985s | config=R-PW-DE-ST-IRP-UW-IC12P
    Excel: /home/dclng566/projects/Business-Meeting-Scheduling-Problem/output/ic12p-gcp-ic12p-20260723T023309Z/main/excel_data_table06_forb/forumt-14crafc.fixed040-Forb.xlsx
Instance tic-13crafb.forb0007: P×G=pairwise+direct
[115/396] tic-13crafb.forb0007 | full | incremental | P=pairwise | G=direct | imp12+
    UNSAT | IdleRange(P*)=None | time=0.115425s | config=F-PW-DE-ST-IRP-IS-CD-IC12P
[116/396] tic-13crafb.forb0007 | full | multiple | P=pairwise | G=direct | imp12+
    UNSAT | IdleRange(P*)=None | time=0.112903s | config=F-PW-DE-ST-IRP-NIS-CD-IC12P
[117/396] tic-13crafb.forb0007 | full | maxsat | P=pairwise | G=direct | imp12+
[MaxSAT/UWrMaxSAT] running /home/dclng566/solver-build/uwrmaxsat/build/release/bin/uwrmaxsat with timeout=7199.65s
    UNSAT | IdleRange(P*)=None | time=0.183452s | config=F-PW-DE-ST-IRP-UW-IC12P
[118/396] tic-13crafb.forb0007 | reduced | incremental | P=pairwise | G=direct | imp12+
    UNSAT | IdleRange(P*)=None | time=0.107028s | config=R-PW-DE-ST-IRP-IS-CD-IC12P
[119/396] tic-13crafb.forb0007 | reduced | multiple | P=pairwise | G=direct | imp12+
    UNSAT | IdleRange(P*)=None | time=0.10733s | config=R-PW-DE-ST-IRP-NIS-CD-IC12P
[120/396] tic-13crafb.forb0007 | reduced | maxsat | P=pairwise | G=direct | imp12+
[MaxSAT/UWrMaxSAT] running /home/dclng566/solver-build/uwrmaxsat/build/release/bin/uwrmaxsat with timeout=7199.66s
    UNSAT | IdleRange(P*)=None | time=0.175727s | config=R-PW-DE-ST-IRP-UW-IC12P
    Excel: /home/dclng566/projects/Business-Meeting-Scheduling-Problem/output/ic12p-gcp-ic12p-20260723T023309Z/main/excel_data_table06_forb/tic-13crafb.forb0007.xlsx
Instance forumt-14crafe.fixed040-Forb: P×G=pairwise+direct
[121/396] forumt-14crafe.fixed040-Forb | full | incremental | P=pairwise | G=direct | imp12+
    UNSAT | IdleRange(P*)=None | time=0.09959s | config=F-PW-DE-ST-IRP-IS-CD-IC12P
[122/396] forumt-14crafe.fixed040-Forb | full | multiple | P=pairwise | G=direct | imp12+
    UNSAT | IdleRange(P*)=None | time=0.097009s | config=F-PW-DE-ST-IRP-NIS-CD-IC12P
[123/396] forumt-14crafe.fixed040-Forb | full | maxsat | P=pairwise | G=direct | imp12+
[MaxSAT/UWrMaxSAT] running /home/dclng566/solver-build/uwrmaxsat/build/release/bin/uwrmaxsat with timeout=7199.67s
    UNSAT | IdleRange(P*)=None | time=0.186735s | config=F-PW-DE-ST-IRP-UW-IC12P
[124/396] forumt-14crafe.fixed040-Forb | reduced | incremental | P=pairwise | G=direct | imp12+
    UNSAT | IdleRange(P*)=None | time=0.068505s | config=R-PW-DE-ST-IRP-IS-CD-IC12P
[125/396] forumt-14crafe.fixed040-Forb | reduced | multiple | P=pairwise | G=direct | imp12+
    UNSAT | IdleRange(P*)=None | time=0.068155s | config=R-PW-DE-ST-IRP-NIS-CD-IC12P
[126/396] forumt-14crafe.fixed040-Forb | reduced | maxsat | P=pairwise | G=direct | imp12+
[MaxSAT/UWrMaxSAT] running /home/dclng566/solver-build/uwrmaxsat/build/release/bin/uwrmaxsat with timeout=7199.69s
    UNSAT | IdleRange(P*)=None | time=0.119675s | config=R-PW-DE-ST-IRP-UW-IC12P
    Excel: /home/dclng566/projects/Business-Meeting-Scheduling-Problem/output/ic12p-gcp-ic12p-20260723T023309Z/main/excel_data_table06_forb/forumt-14crafe.fixed040-Forb.xlsx
Instance tic-12.fixed040-Forb: P×G=pairwise+direct
[127/396] tic-12.fixed040-Forb | full | incremental | P=pairwise | G=direct | imp12+
    UNSAT | IdleRange(P*)=None | time=0.028918s | config=F-PW-DE-ST-IRP-IS-CD-IC12P
[128/396] tic-12.fixed040-Forb | full | multiple | P=pairwise | G=direct | imp12+
    UNSAT | IdleRange(P*)=None | time=0.027822s | config=F-PW-DE-ST-IRP-NIS-CD-IC12P
[129/396] tic-12.fixed040-Forb | full | maxsat | P=pairwise | G=direct | imp12+
[MaxSAT/UWrMaxSAT] running /home/dclng566/solver-build/uwrmaxsat/build/release/bin/uwrmaxsat with timeout=7199.72s
    UNSAT | IdleRange(P*)=None | time=0.057032s | config=F-PW-DE-ST-IRP-UW-IC12P
[130/396] tic-12.fixed040-Forb | reduced | incremental | P=pairwise | G=direct | imp12+
    UNSAT | IdleRange(P*)=None | time=0.019159s | config=R-PW-DE-ST-IRP-IS-CD-IC12P
[131/396] tic-12.fixed040-Forb | reduced | multiple | P=pairwise | G=direct | imp12+
    UNSAT | IdleRange(P*)=None | time=0.019315s | config=R-PW-DE-ST-IRP-NIS-CD-IC12P
[132/396] tic-12.fixed040-Forb | reduced | maxsat | P=pairwise | G=direct | imp12+
[MaxSAT/UWrMaxSAT] running /home/dclng566/solver-build/uwrmaxsat/build/release/bin/uwrmaxsat with timeout=7199.73s
    UNSAT | IdleRange(P*)=None | time=0.036181s | config=R-PW-DE-ST-IRP-UW-IC12P
    Excel: /home/dclng566/projects/Business-Meeting-Scheduling-Problem/output/ic12p-gcp-ic12p-20260723T023309Z/main/excel_data_table06_forb/tic-12.fixed040-Forb.xlsx
Instance forum-13crafc.forb0003: P×G=pairwise+direct
[133/396] forum-13crafc.forb0003 | full | incremental | P=pairwise | G=direct | imp12+
[IncrementalSAT] initial IdleRange(P*)=15
[IncrementalSAT] IdleRange(P*) <= 7: SAT
[IncrementalSAT] IdleRange(P*) <= 3: SAT
[IncrementalSAT] IdleRange(P*) <= 1: SAT
[IncrementalSAT] IdleRange(P*) <= 0: SAT
    SAT | IdleRange(P*)=0 | time=2.123042s | config=F-PW-DE-ST-IRP-IS-CD-IC12P
[134/396] forum-13crafc.forb0003 | full | multiple | P=pairwise | G=direct | imp12+
[MultipleSAT] initial IdleRange(P*)=15
[MultipleSAT] IdleRange(P*) <= 7: SAT
[MultipleSAT] IdleRange(P*) <= 3: SAT
[MultipleSAT] IdleRange(P*) <= 1: SAT
[MultipleSAT] IdleRange(P*) <= 0: SAT
    SAT | IdleRange(P*)=0 | time=1.08389s | config=F-PW-DE-ST-IRP-NIS-CD-IC12P
[135/396] forum-13crafc.forb0003 | full | maxsat | P=pairwise | G=direct | imp12+
[MaxSAT/UWrMaxSAT] running /home/dclng566/solver-build/uwrmaxsat/build/release/bin/uwrmaxsat with timeout=7199.52s
[MaxSAT/UWrMaxSAT] optimum IdleRange(P*)=0 (cost=0)
[MaxSAT/UWrMaxSAT] process exit code=30
    SAT | IdleRange(P*)=0 | time=0.801252s | config=F-PW-DE-ST-IRP-UW-IC12P
[136/396] forum-13crafc.forb0003 | reduced | incremental | P=pairwise | G=direct | imp12+
[IncrementalSAT] initial IdleRange(P*)=15
[IncrementalSAT] IdleRange(P*) <= 7: SAT
[IncrementalSAT] IdleRange(P*) <= 3: SAT
[IncrementalSAT] IdleRange(P*) <= 1: SAT
[IncrementalSAT] IdleRange(P*) <= 0: SAT
    SAT | IdleRange(P*)=0 | time=4.043599s | config=R-PW-DE-ST-IRP-IS-CD-IC12P
[137/396] forum-13crafc.forb0003 | reduced | multiple | P=pairwise | G=direct | imp12+
[MultipleSAT] initial IdleRange(P*)=15
[MultipleSAT] IdleRange(P*) <= 7: SAT
[MultipleSAT] IdleRange(P*) <= 3: SAT
[MultipleSAT] IdleRange(P*) <= 1: SAT
[MultipleSAT] IdleRange(P*) <= 0: SAT
    SAT | IdleRange(P*)=0 | time=0.90211s | config=R-PW-DE-ST-IRP-NIS-CD-IC12P
[138/396] forum-13crafc.forb0003 | reduced | maxsat | P=pairwise | G=direct | imp12+
[MaxSAT/UWrMaxSAT] running /home/dclng566/solver-build/uwrmaxsat/build/release/bin/uwrmaxsat with timeout=7199.54s
[MaxSAT/UWrMaxSAT] optimum IdleRange(P*)=0 (cost=0)
[MaxSAT/UWrMaxSAT] process exit code=30
    SAT | IdleRange(P*)=0 | time=0.752095s | config=R-PW-DE-ST-IRP-UW-IC12P
    Excel: /home/dclng566/projects/Business-Meeting-Scheduling-Problem/output/ic12p-gcp-ic12p-20260723T023309Z/main/excel_data_table06_forb/forum-13crafc.forb0003.xlsx
Instance tic-14crafa.fixed020-Forb: P×G=pairwise+direct
[139/396] tic-14crafa.fixed020-Forb | full | incremental | P=pairwise | G=direct | imp12+
[IncrementalSAT] initial IdleRange(P*)=7
[IncrementalSAT] IdleRange(P*) <= 3: SAT
[IncrementalSAT] IdleRange(P*) <= 1: UNSAT
[IncrementalSAT] IdleRange(P*) <= 2: SAT
    SAT | IdleRange(P*)=2 | time=0.179168s | config=F-PW-DE-ST-IRP-IS-CD-IC12P
[140/396] tic-14crafa.fixed020-Forb | full | multiple | P=pairwise | G=direct | imp12+
[MultipleSAT] initial IdleRange(P*)=7
[MultipleSAT] IdleRange(P*) <= 3: SAT
[MultipleSAT] IdleRange(P*) <= 1: UNSAT
[MultipleSAT] IdleRange(P*) <= 2: SAT
    SAT | IdleRange(P*)=2 | time=0.254692s | config=F-PW-DE-ST-IRP-NIS-CD-IC12P
[141/396] tic-14crafa.fixed020-Forb | full | maxsat | P=pairwise | G=direct | imp12+
[MaxSAT/UWrMaxSAT] running /home/dclng566/solver-build/uwrmaxsat/build/release/bin/uwrmaxsat with timeout=7199.61s
[MaxSAT/UWrMaxSAT] optimum IdleRange(P*)=2 (cost=2)
[MaxSAT/UWrMaxSAT] process exit code=30
    SAT | IdleRange(P*)=2 | time=0.259713s | config=F-PW-DE-ST-IRP-UW-IC12P
[142/396] tic-14crafa.fixed020-Forb | reduced | incremental | P=pairwise | G=direct | imp12+
[IncrementalSAT] initial IdleRange(P*)=7
[IncrementalSAT] IdleRange(P*) <= 3: SAT
[IncrementalSAT] IdleRange(P*) <= 1: UNSAT
[IncrementalSAT] IdleRange(P*) <= 2: SAT
    SAT | IdleRange(P*)=2 | time=0.154514s | config=R-PW-DE-ST-IRP-IS-CD-IC12P
[143/396] tic-14crafa.fixed020-Forb | reduced | multiple | P=pairwise | G=direct | imp12+
[MultipleSAT] initial IdleRange(P*)=7
[MultipleSAT] IdleRange(P*) <= 3: SAT
[MultipleSAT] IdleRange(P*) <= 1: UNSAT
[MultipleSAT] IdleRange(P*) <= 2: SAT
    SAT | IdleRange(P*)=2 | time=0.212178s | config=R-PW-DE-ST-IRP-NIS-CD-IC12P
[144/396] tic-14crafa.fixed020-Forb | reduced | maxsat | P=pairwise | G=direct | imp12+
[MaxSAT/UWrMaxSAT] running /home/dclng566/solver-build/uwrmaxsat/build/release/bin/uwrmaxsat with timeout=7199.63s
[MaxSAT/UWrMaxSAT] optimum IdleRange(P*)=2 (cost=2)
[MaxSAT/UWrMaxSAT] process exit code=30
    SAT | IdleRange(P*)=2 | time=0.218507s | config=R-PW-DE-ST-IRP-UW-IC12P
    Excel: /home/dclng566/projects/Business-Meeting-Scheduling-Problem/output/ic12p-gcp-ic12p-20260723T023309Z/main/excel_data_table06_forb/tic-14crafa.fixed020-Forb.xlsx
Instance tic-13crafc.fixed020-Forb: P×G=pairwise+direct
[145/396] tic-13crafc.fixed020-Forb | full | incremental | P=pairwise | G=direct | imp12+
[IncrementalSAT] initial IdleRange(P*)=6
[IncrementalSAT] IdleRange(P*) <= 2: UNSAT
[IncrementalSAT] IdleRange(P*) <= 4: SAT
[IncrementalSAT] IdleRange(P*) <= 3: SAT
    SAT | IdleRange(P*)=3 | time=0.136066s | config=F-PW-DE-ST-IRP-IS-CD-IC12P
[146/396] tic-13crafc.fixed020-Forb | full | multiple | P=pairwise | G=direct | imp12+
[MultipleSAT] initial IdleRange(P*)=6
[MultipleSAT] IdleRange(P*) <= 2: UNSAT
[MultipleSAT] IdleRange(P*) <= 4: SAT
[MultipleSAT] IdleRange(P*) <= 3: SAT
    SAT | IdleRange(P*)=3 | time=0.20294s | config=F-PW-DE-ST-IRP-NIS-CD-IC12P
[147/396] tic-13crafc.fixed020-Forb | full | maxsat | P=pairwise | G=direct | imp12+
[MaxSAT/UWrMaxSAT] running /home/dclng566/solver-build/uwrmaxsat/build/release/bin/uwrmaxsat with timeout=7199.65s
[MaxSAT/UWrMaxSAT] optimum IdleRange(P*)=3 (cost=3)
[MaxSAT/UWrMaxSAT] process exit code=30
    SAT | IdleRange(P*)=3 | time=0.314368s | config=F-PW-DE-ST-IRP-UW-IC12P
[148/396] tic-13crafc.fixed020-Forb | reduced | incremental | P=pairwise | G=direct | imp12+
[IncrementalSAT] initial IdleRange(P*)=6
[IncrementalSAT] IdleRange(P*) <= 2: UNSAT
[IncrementalSAT] IdleRange(P*) <= 4: SAT
[IncrementalSAT] IdleRange(P*) <= 3: SAT
    SAT | IdleRange(P*)=3 | time=0.127708s | config=R-PW-DE-ST-IRP-IS-CD-IC12P
[149/396] tic-13crafc.fixed020-Forb | reduced | multiple | P=pairwise | G=direct | imp12+
[MultipleSAT] initial IdleRange(P*)=6
[MultipleSAT] IdleRange(P*) <= 2: UNSAT
[MultipleSAT] IdleRange(P*) <= 4: SAT
[MultipleSAT] IdleRange(P*) <= 3: SAT
    SAT | IdleRange(P*)=3 | time=0.181618s | config=R-PW-DE-ST-IRP-NIS-CD-IC12P
[150/396] tic-13crafc.fixed020-Forb | reduced | maxsat | P=pairwise | G=direct | imp12+
[MaxSAT/UWrMaxSAT] running /home/dclng566/solver-build/uwrmaxsat/build/release/bin/uwrmaxsat with timeout=7199.66s
[MaxSAT/UWrMaxSAT] optimum IdleRange(P*)=3 (cost=3)
[MaxSAT/UWrMaxSAT] process exit code=30
    SAT | IdleRange(P*)=3 | time=0.288072s | config=R-PW-DE-ST-IRP-UW-IC12P
    Excel: /home/dclng566/projects/Business-Meeting-Scheduling-Problem/output/ic12p-gcp-ic12p-20260723T023309Z/main/excel_data_table06_forb/tic-13crafc.fixed020-Forb.xlsx
Instance forumt-14crafc.fixed020-Forb: P×G=pairwise+direct
[151/396] forumt-14crafc.fixed020-Forb | full | incremental | P=pairwise | G=direct | imp12+
[IncrementalSAT] initial IdleRange(P*)=7
[IncrementalSAT] IdleRange(P*) <= 3: SAT
[IncrementalSAT] IdleRange(P*) <= 1: UNSAT
[IncrementalSAT] IdleRange(P*) <= 2: SAT
    SAT | IdleRange(P*)=2 | time=0.174152s | config=F-PW-DE-ST-IRP-IS-CD-IC12P
[152/396] forumt-14crafc.fixed020-Forb | full | multiple | P=pairwise | G=direct | imp12+
[MultipleSAT] initial IdleRange(P*)=7
[MultipleSAT] IdleRange(P*) <= 3: SAT
[MultipleSAT] IdleRange(P*) <= 1: UNSAT
[MultipleSAT] IdleRange(P*) <= 2: SAT
    SAT | IdleRange(P*)=2 | time=0.250919s | config=F-PW-DE-ST-IRP-NIS-CD-IC12P
[153/396] forumt-14crafc.fixed020-Forb | full | maxsat | P=pairwise | G=direct | imp12+
[MaxSAT/UWrMaxSAT] running /home/dclng566/solver-build/uwrmaxsat/build/release/bin/uwrmaxsat with timeout=7199.62s
[MaxSAT/UWrMaxSAT] optimum IdleRange(P*)=2 (cost=2)
[MaxSAT/UWrMaxSAT] process exit code=30
    SAT | IdleRange(P*)=2 | time=0.367346s | config=F-PW-DE-ST-IRP-UW-IC12P
[154/396] forumt-14crafc.fixed020-Forb | reduced | incremental | P=pairwise | G=direct | imp12+
[IncrementalSAT] initial IdleRange(P*)=7
[IncrementalSAT] IdleRange(P*) <= 3: SAT
[IncrementalSAT] IdleRange(P*) <= 1: UNSAT
[IncrementalSAT] IdleRange(P*) <= 2: SAT
    SAT | IdleRange(P*)=2 | time=0.142069s | config=R-PW-DE-ST-IRP-IS-CD-IC12P
[155/396] forumt-14crafc.fixed020-Forb | reduced | multiple | P=pairwise | G=direct | imp12+
[MultipleSAT] initial IdleRange(P*)=7
[MultipleSAT] IdleRange(P*) <= 3: SAT
[MultipleSAT] IdleRange(P*) <= 1: UNSAT
[MultipleSAT] IdleRange(P*) <= 2: SAT
    SAT | IdleRange(P*)=2 | time=0.200014s | config=R-PW-DE-ST-IRP-NIS-CD-IC12P
[156/396] forumt-14crafc.fixed020-Forb | reduced | maxsat | P=pairwise | G=direct | imp12+
[MaxSAT/UWrMaxSAT] running /home/dclng566/solver-build/uwrmaxsat/build/release/bin/uwrmaxsat with timeout=7199.64s
[MaxSAT/UWrMaxSAT] optimum IdleRange(P*)=2 (cost=2)
[MaxSAT/UWrMaxSAT] process exit code=30
    SAT | IdleRange(P*)=2 | time=0.302222s | config=R-PW-DE-ST-IRP-UW-IC12P
    Excel: /home/dclng566/projects/Business-Meeting-Scheduling-Problem/output/ic12p-gcp-ic12p-20260723T023309Z/main/excel_data_table06_forb/forumt-14crafc.fixed020-Forb.xlsx
Instance tic-13crafb.fixed020-Forb: P×G=pairwise+direct
[157/396] tic-13crafb.fixed020-Forb | full | incremental | P=pairwise | G=direct | imp12+
[IncrementalSAT] initial IdleRange(P*)=6
[IncrementalSAT] IdleRange(P*) <= 2: SAT
[IncrementalSAT] IdleRange(P*) <= 0: UNSAT
[IncrementalSAT] IdleRange(P*) <= 1: SAT
    SAT | IdleRange(P*)=1 | time=0.139232s | config=F-PW-DE-ST-IRP-IS-CD-IC12P
[158/396] tic-13crafb.fixed020-Forb | full | multiple | P=pairwise | G=direct | imp12+
[MultipleSAT] initial IdleRange(P*)=6
[MultipleSAT] IdleRange(P*) <= 2: SAT
[MultipleSAT] IdleRange(P*) <= 0: UNSAT
[MultipleSAT] IdleRange(P*) <= 1: SAT
    SAT | IdleRange(P*)=1 | time=0.198673s | config=F-PW-DE-ST-IRP-NIS-CD-IC12P
[159/396] tic-13crafb.fixed020-Forb | full | maxsat | P=pairwise | G=direct | imp12+
[MaxSAT/UWrMaxSAT] running /home/dclng566/solver-build/uwrmaxsat/build/release/bin/uwrmaxsat with timeout=7199.65s
[MaxSAT/UWrMaxSAT] optimum IdleRange(P*)=1 (cost=1)
[MaxSAT/UWrMaxSAT] process exit code=30
    SAT | IdleRange(P*)=1 | time=0.214062s | config=F-PW-DE-ST-IRP-UW-IC12P
[160/396] tic-13crafb.fixed020-Forb | reduced | incremental | P=pairwise | G=direct | imp12+
[IncrementalSAT] initial IdleRange(P*)=5
[IncrementalSAT] IdleRange(P*) <= 2: SAT
[IncrementalSAT] IdleRange(P*) <= 0: UNSAT
[IncrementalSAT] IdleRange(P*) <= 1: SAT
    SAT | IdleRange(P*)=1 | time=0.12249s | config=R-PW-DE-ST-IRP-IS-CD-IC12P
[161/396] tic-13crafb.fixed020-Forb | reduced | multiple | P=pairwise | G=direct | imp12+
[MultipleSAT] initial IdleRange(P*)=5
[MultipleSAT] IdleRange(P*) <= 2: SAT
[MultipleSAT] IdleRange(P*) <= 0: UNSAT
[MultipleSAT] IdleRange(P*) <= 1: SAT
    SAT | IdleRange(P*)=1 | time=0.168248s | config=R-PW-DE-ST-IRP-NIS-CD-IC12P
[162/396] tic-13crafb.fixed020-Forb | reduced | maxsat | P=pairwise | G=direct | imp12+
[MaxSAT/UWrMaxSAT] running /home/dclng566/solver-build/uwrmaxsat/build/release/bin/uwrmaxsat with timeout=7199.66s
[MaxSAT/UWrMaxSAT] optimum IdleRange(P*)=1 (cost=1)
[MaxSAT/UWrMaxSAT] process exit code=30
    SAT | IdleRange(P*)=1 | time=0.175357s | config=R-PW-DE-ST-IRP-UW-IC12P
    Excel: /home/dclng566/projects/Business-Meeting-Scheduling-Problem/output/ic12p-gcp-ic12p-20260723T023309Z/main/excel_data_table06_forb/tic-13crafb.fixed020-Forb.xlsx
Instance forumt-14.fixed020-Forb: P×G=pairwise+direct
[163/396] forumt-14.fixed020-Forb | full | incremental | P=pairwise | G=direct | imp12+
[IncrementalSAT] initial IdleRange(P*)=7
[IncrementalSAT] IdleRange(P*) <= 3: SAT
[IncrementalSAT] IdleRange(P*) <= 1: UNSAT
[IncrementalSAT] IdleRange(P*) <= 2: SAT
    SAT | IdleRange(P*)=2 | time=0.171666s | config=F-PW-DE-ST-IRP-IS-CD-IC12P
[164/396] forumt-14.fixed020-Forb | full | multiple | P=pairwise | G=direct | imp12+
[MultipleSAT] initial IdleRange(P*)=7
[MultipleSAT] IdleRange(P*) <= 3: SAT
[MultipleSAT] IdleRange(P*) <= 1: UNSAT
[MultipleSAT] IdleRange(P*) <= 2: SAT
    SAT | IdleRange(P*)=2 | time=0.244519s | config=F-PW-DE-ST-IRP-NIS-CD-IC12P
[165/396] forumt-14.fixed020-Forb | full | maxsat | P=pairwise | G=direct | imp12+
[MaxSAT/UWrMaxSAT] running /home/dclng566/solver-build/uwrmaxsat/build/release/bin/uwrmaxsat with timeout=7199.61s
[MaxSAT/UWrMaxSAT] optimum IdleRange(P*)=2 (cost=2)
[MaxSAT/UWrMaxSAT] process exit code=30
    SAT | IdleRange(P*)=2 | time=0.366481s | config=F-PW-DE-ST-IRP-UW-IC12P
[166/396] forumt-14.fixed020-Forb | reduced | incremental | P=pairwise | G=direct | imp12+
[IncrementalSAT] initial IdleRange(P*)=5
[IncrementalSAT] IdleRange(P*) <= 2: SAT
[IncrementalSAT] IdleRange(P*) <= 0: UNSAT
[IncrementalSAT] IdleRange(P*) <= 1: UNSAT
    SAT | IdleRange(P*)=2 | time=0.140896s | config=R-PW-DE-ST-IRP-IS-CD-IC12P
[167/396] forumt-14.fixed020-Forb | reduced | multiple | P=pairwise | G=direct | imp12+
[MultipleSAT] initial IdleRange(P*)=5
[MultipleSAT] IdleRange(P*) <= 2: SAT
[MultipleSAT] IdleRange(P*) <= 0: UNSAT
[MultipleSAT] IdleRange(P*) <= 1: UNSAT
    SAT | IdleRange(P*)=2 | time=0.185176s | config=R-PW-DE-ST-IRP-NIS-CD-IC12P
[168/396] forumt-14.fixed020-Forb | reduced | maxsat | P=pairwise | G=direct | imp12+
[MaxSAT/UWrMaxSAT] running /home/dclng566/solver-build/uwrmaxsat/build/release/bin/uwrmaxsat with timeout=7199.64s
[MaxSAT/UWrMaxSAT] optimum IdleRange(P*)=2 (cost=2)
[MaxSAT/UWrMaxSAT] process exit code=30
    SAT | IdleRange(P*)=2 | time=0.295593s | config=R-PW-DE-ST-IRP-UW-IC12P
    Excel: /home/dclng566/projects/Business-Meeting-Scheduling-Problem/output/ic12p-gcp-ic12p-20260723T023309Z/main/excel_data_table06_forb/forumt-14.fixed020-Forb.xlsx
Instance tic-12crafc.forb0003: P×G=pairwise+direct
[169/396] tic-12crafc.forb0003 | full | incremental | P=pairwise | G=direct | imp12+
    UNSAT | IdleRange(P*)=None | time=0.043589s | config=F-PW-DE-ST-IRP-IS-CD-IC12P
[170/396] tic-12crafc.forb0003 | full | multiple | P=pairwise | G=direct | imp12+
    UNSAT | IdleRange(P*)=None | time=0.042883s | config=F-PW-DE-ST-IRP-NIS-CD-IC12P
[171/396] tic-12crafc.forb0003 | full | maxsat | P=pairwise | G=direct | imp12+
[MaxSAT/UWrMaxSAT] running /home/dclng566/solver-build/uwrmaxsat/build/release/bin/uwrmaxsat with timeout=7199.71s
    UNSAT | IdleRange(P*)=None | time=0.08406s | config=F-PW-DE-ST-IRP-UW-IC12P
[172/396] tic-12crafc.forb0003 | reduced | incremental | P=pairwise | G=direct | imp12+
    UNSAT | IdleRange(P*)=None | time=0.041341s | config=R-PW-DE-ST-IRP-IS-CD-IC12P
[173/396] tic-12crafc.forb0003 | reduced | multiple | P=pairwise | G=direct | imp12+
    UNSAT | IdleRange(P*)=None | time=0.041092s | config=R-PW-DE-ST-IRP-NIS-CD-IC12P
[174/396] tic-12crafc.forb0003 | reduced | maxsat | P=pairwise | G=direct | imp12+
[MaxSAT/UWrMaxSAT] running /home/dclng566/solver-build/uwrmaxsat/build/release/bin/uwrmaxsat with timeout=7199.71s
    UNSAT | IdleRange(P*)=None | time=0.08437s | config=R-PW-DE-ST-IRP-UW-IC12P
    Excel: /home/dclng566/projects/Business-Meeting-Scheduling-Problem/output/ic12p-gcp-ic12p-20260723T023309Z/main/excel_data_table06_forb/tic-12crafc.forb0003.xlsx
Instance ticf-13crafc.fixed020-Forb: P×G=pairwise+direct
[175/396] ticf-13crafc.fixed020-Forb | full | incremental | P=pairwise | G=direct | imp12+
[IncrementalSAT] initial IdleRange(P*)=15
[IncrementalSAT] IdleRange(P*) <= 7: UNSAT
[IncrementalSAT] IdleRange(P*) <= 11: SAT
[IncrementalSAT] IdleRange(P*) <= 9: UNSAT
[IncrementalSAT] IdleRange(P*) <= 10: SAT
    SAT | IdleRange(P*)=10 | time=0.384148s | config=F-PW-DE-ST-IRP-IS-CD-IC12P
[176/396] ticf-13crafc.fixed020-Forb | full | multiple | P=pairwise | G=direct | imp12+
[MultipleSAT] initial IdleRange(P*)=15
[MultipleSAT] IdleRange(P*) <= 7: UNSAT
[MultipleSAT] IdleRange(P*) <= 11: SAT
[MultipleSAT] IdleRange(P*) <= 9: UNSAT
[MultipleSAT] IdleRange(P*) <= 10: SAT
    SAT | IdleRange(P*)=10 | time=0.646171s | config=F-PW-DE-ST-IRP-NIS-CD-IC12P
[177/396] ticf-13crafc.fixed020-Forb | full | maxsat | P=pairwise | G=direct | imp12+
[MaxSAT/UWrMaxSAT] running /home/dclng566/solver-build/uwrmaxsat/build/release/bin/uwrmaxsat with timeout=7199.5s
[MaxSAT/UWrMaxSAT] optimum IdleRange(P*)=10 (cost=10)
[MaxSAT/UWrMaxSAT] process exit code=30
    SAT | IdleRange(P*)=10 | time=0.62556s | config=F-PW-DE-ST-IRP-UW-IC12P
[178/396] ticf-13crafc.fixed020-Forb | reduced | incremental | P=pairwise | G=direct | imp12+
[IncrementalSAT] initial IdleRange(P*)=15
[IncrementalSAT] IdleRange(P*) <= 7: UNSAT
[IncrementalSAT] IdleRange(P*) <= 11: SAT
[IncrementalSAT] IdleRange(P*) <= 9: UNSAT
[IncrementalSAT] IdleRange(P*) <= 10: SAT
    SAT | IdleRange(P*)=10 | time=0.299727s | config=R-PW-DE-ST-IRP-IS-CD-IC12P
[179/396] ticf-13crafc.fixed020-Forb | reduced | multiple | P=pairwise | G=direct | imp12+
[MultipleSAT] initial IdleRange(P*)=15
[MultipleSAT] IdleRange(P*) <= 7: UNSAT
[MultipleSAT] IdleRange(P*) <= 11: SAT
[MultipleSAT] IdleRange(P*) <= 9: UNSAT
[MultipleSAT] IdleRange(P*) <= 10: SAT
    SAT | IdleRange(P*)=10 | time=0.508816s | config=R-PW-DE-ST-IRP-NIS-CD-IC12P
[180/396] ticf-13crafc.fixed020-Forb | reduced | maxsat | P=pairwise | G=direct | imp12+
[MaxSAT/UWrMaxSAT] running /home/dclng566/solver-build/uwrmaxsat/build/release/bin/uwrmaxsat with timeout=7199.54s
[MaxSAT/UWrMaxSAT] optimum IdleRange(P*)=10 (cost=10)
[MaxSAT/UWrMaxSAT] process exit code=30
    SAT | IdleRange(P*)=10 | time=0.502987s | config=R-PW-DE-ST-IRP-UW-IC12P
    Excel: /home/dclng566/projects/Business-Meeting-Scheduling-Problem/output/ic12p-gcp-ic12p-20260723T023309Z/main/excel_data_table06_forb/ticf-13crafc.fixed020-Forb.xlsx
Instance tic-12crafc.forb0007: P×G=pairwise+direct
[181/396] tic-12crafc.forb0007 | full | incremental | P=pairwise | G=direct | imp12+
    UNSAT | IdleRange(P*)=None | time=0.044501s | config=F-PW-DE-ST-IRP-IS-CD-IC12P
[182/396] tic-12crafc.forb0007 | full | multiple | P=pairwise | G=direct | imp12+
    UNSAT | IdleRange(P*)=None | time=0.043936s | config=F-PW-DE-ST-IRP-NIS-CD-IC12P
[183/396] tic-12crafc.forb0007 | full | maxsat | P=pairwise | G=direct | imp12+
[MaxSAT/UWrMaxSAT] running /home/dclng566/solver-build/uwrmaxsat/build/release/bin/uwrmaxsat with timeout=7199.71s
    UNSAT | IdleRange(P*)=None | time=0.085107s | config=F-PW-DE-ST-IRP-UW-IC12P
[184/396] tic-12crafc.forb0007 | reduced | incremental | P=pairwise | G=direct | imp12+
    UNSAT | IdleRange(P*)=None | time=0.044604s | config=R-PW-DE-ST-IRP-IS-CD-IC12P
[185/396] tic-12crafc.forb0007 | reduced | multiple | P=pairwise | G=direct | imp12+
    UNSAT | IdleRange(P*)=None | time=0.040986s | config=R-PW-DE-ST-IRP-NIS-CD-IC12P
[186/396] tic-12crafc.forb0007 | reduced | maxsat | P=pairwise | G=direct | imp12+
[MaxSAT/UWrMaxSAT] running /home/dclng566/solver-build/uwrmaxsat/build/release/bin/uwrmaxsat with timeout=7199.71s
    UNSAT | IdleRange(P*)=None | time=0.082731s | config=R-PW-DE-ST-IRP-UW-IC12P
    Excel: /home/dclng566/projects/Business-Meeting-Scheduling-Problem/output/ic12p-gcp-ic12p-20260723T023309Z/main/excel_data_table06_forb/tic-12crafc.forb0007.xlsx
Instance tic-14crafc.fixed040-Forb: P×G=pairwise+direct
[187/396] tic-14crafc.fixed040-Forb | full | incremental | P=pairwise | G=direct | imp12+
    UNSAT | IdleRange(P*)=None | time=0.1002s | config=F-PW-DE-ST-IRP-IS-CD-IC12P
[188/396] tic-14crafc.fixed040-Forb | full | multiple | P=pairwise | G=direct | imp12+
    UNSAT | IdleRange(P*)=None | time=0.099338s | config=F-PW-DE-ST-IRP-NIS-CD-IC12P
[189/396] tic-14crafc.fixed040-Forb | full | maxsat | P=pairwise | G=direct | imp12+
[MaxSAT/UWrMaxSAT] running /home/dclng566/solver-build/uwrmaxsat/build/release/bin/uwrmaxsat with timeout=7199.67s
    UNSAT | IdleRange(P*)=None | time=0.189822s | config=F-PW-DE-ST-IRP-UW-IC12P
[190/396] tic-14crafc.fixed040-Forb | reduced | incremental | P=pairwise | G=direct | imp12+
    UNSAT | IdleRange(P*)=None | time=0.073661s | config=R-PW-DE-ST-IRP-IS-CD-IC12P
[191/396] tic-14crafc.fixed040-Forb | reduced | multiple | P=pairwise | G=direct | imp12+
    UNSAT | IdleRange(P*)=None | time=0.072451s | config=R-PW-DE-ST-IRP-NIS-CD-IC12P
[192/396] tic-14crafc.fixed040-Forb | reduced | maxsat | P=pairwise | G=direct | imp12+
[MaxSAT/UWrMaxSAT] running /home/dclng566/solver-build/uwrmaxsat/build/release/bin/uwrmaxsat with timeout=7199.68s
    UNSAT | IdleRange(P*)=None | time=0.132188s | config=R-PW-DE-ST-IRP-UW-IC12P
    Excel: /home/dclng566/projects/Business-Meeting-Scheduling-Problem/output/ic12p-gcp-ic12p-20260723T023309Z/main/excel_data_table06_forb/tic-14crafc.fixed040-Forb.xlsx
Instance forumt-14crafe.fixed020-Forb: P×G=pairwise+direct
[193/396] forumt-14crafe.fixed020-Forb | full | incremental | P=pairwise | G=direct | imp12+
[IncrementalSAT] initial IdleRange(P*)=7
[IncrementalSAT] IdleRange(P*) <= 3: UNSAT
[IncrementalSAT] IdleRange(P*) <= 5: SAT
[IncrementalSAT] IdleRange(P*) <= 4: SAT
    SAT | IdleRange(P*)=4 | time=0.186668s | config=F-PW-DE-ST-IRP-IS-CD-IC12P
[194/396] forumt-14crafe.fixed020-Forb | full | multiple | P=pairwise | G=direct | imp12+
[MultipleSAT] initial IdleRange(P*)=7
[MultipleSAT] IdleRange(P*) <= 3: UNSAT
[MultipleSAT] IdleRange(P*) <= 5: SAT
[MultipleSAT] IdleRange(P*) <= 4: SAT
    SAT | IdleRange(P*)=4 | time=0.259523s | config=F-PW-DE-ST-IRP-NIS-CD-IC12P
[195/396] forumt-14crafe.fixed020-Forb | full | maxsat | P=pairwise | G=direct | imp12+
[MaxSAT/UWrMaxSAT] running /home/dclng566/solver-build/uwrmaxsat/build/release/bin/uwrmaxsat with timeout=7199.61s
[MaxSAT/UWrMaxSAT] optimum IdleRange(P*)=4 (cost=4)
[MaxSAT/UWrMaxSAT] process exit code=30
    SAT | IdleRange(P*)=4 | time=0.264681s | config=F-PW-DE-ST-IRP-UW-IC12P
[196/396] forumt-14crafe.fixed020-Forb | reduced | incremental | P=pairwise | G=direct | imp12+
[IncrementalSAT] initial IdleRange(P*)=7
[IncrementalSAT] IdleRange(P*) <= 3: UNSAT
[IncrementalSAT] IdleRange(P*) <= 5: SAT
[IncrementalSAT] IdleRange(P*) <= 4: SAT
    SAT | IdleRange(P*)=4 | time=0.149641s | config=R-PW-DE-ST-IRP-IS-CD-IC12P
[197/396] forumt-14crafe.fixed020-Forb | reduced | multiple | P=pairwise | G=direct | imp12+
[MultipleSAT] initial IdleRange(P*)=7
[MultipleSAT] IdleRange(P*) <= 3: UNSAT
[MultipleSAT] IdleRange(P*) <= 5: SAT
[MultipleSAT] IdleRange(P*) <= 4: SAT
    SAT | IdleRange(P*)=4 | time=0.203993s | config=R-PW-DE-ST-IRP-NIS-CD-IC12P
[198/396] forumt-14crafe.fixed020-Forb | reduced | maxsat | P=pairwise | G=direct | imp12+
[MaxSAT/UWrMaxSAT] running /home/dclng566/solver-build/uwrmaxsat/build/release/bin/uwrmaxsat with timeout=7199.63s
[MaxSAT/UWrMaxSAT] optimum IdleRange(P*)=4 (cost=4)
[MaxSAT/UWrMaxSAT] process exit code=30
    SAT | IdleRange(P*)=4 | time=0.21458s | config=R-PW-DE-ST-IRP-UW-IC12P
    Excel: /home/dclng566/projects/Business-Meeting-Scheduling-Problem/output/ic12p-gcp-ic12p-20260723T023309Z/main/excel_data_table06_forb/forumt-14crafe.fixed020-Forb.xlsx
Instance ticf-13crafa.fixed020-Forb: P×G=pairwise+direct
[199/396] ticf-13crafa.fixed020-Forb | full | incremental | P=pairwise | G=direct | imp12+
[IncrementalSAT] initial IdleRange(P*)=15
[IncrementalSAT] IdleRange(P*) <= 7: UNSAT
[IncrementalSAT] IdleRange(P*) <= 11: SAT
[IncrementalSAT] IdleRange(P*) <= 9: UNSAT
[IncrementalSAT] IdleRange(P*) <= 10: SAT
    SAT | IdleRange(P*)=10 | time=0.37677s | config=F-PW-DE-ST-IRP-IS-CD-IC12P
[200/396] ticf-13crafa.fixed020-Forb | full | multiple | P=pairwise | G=direct | imp12+
[MultipleSAT] initial IdleRange(P*)=15
[MultipleSAT] IdleRange(P*) <= 7: UNSAT
[MultipleSAT] IdleRange(P*) <= 11: SAT
[MultipleSAT] IdleRange(P*) <= 9: UNSAT
[MultipleSAT] IdleRange(P*) <= 10: SAT
    SAT | IdleRange(P*)=10 | time=0.62855s | config=F-PW-DE-ST-IRP-NIS-CD-IC12P
[201/396] ticf-13crafa.fixed020-Forb | full | maxsat | P=pairwise | G=direct | imp12+
[MaxSAT/UWrMaxSAT] running /home/dclng566/solver-build/uwrmaxsat/build/release/bin/uwrmaxsat with timeout=7199.5s
[MaxSAT/UWrMaxSAT] optimum IdleRange(P*)=10 (cost=10)
[MaxSAT/UWrMaxSAT] process exit code=30
    SAT | IdleRange(P*)=10 | time=0.62276s | config=F-PW-DE-ST-IRP-UW-IC12P
[202/396] ticf-13crafa.fixed020-Forb | reduced | incremental | P=pairwise | G=direct | imp12+
[IncrementalSAT] initial IdleRange(P*)=15
[IncrementalSAT] IdleRange(P*) <= 7: UNSAT
[IncrementalSAT] IdleRange(P*) <= 11: SAT
[IncrementalSAT] IdleRange(P*) <= 9: UNSAT
[IncrementalSAT] IdleRange(P*) <= 10: SAT
    SAT | IdleRange(P*)=10 | time=0.302566s | config=R-PW-DE-ST-IRP-IS-CD-IC12P
[203/396] ticf-13crafa.fixed020-Forb | reduced | multiple | P=pairwise | G=direct | imp12+
[MultipleSAT] initial IdleRange(P*)=15
[MultipleSAT] IdleRange(P*) <= 7: UNSAT
[MultipleSAT] IdleRange(P*) <= 11: SAT
[MultipleSAT] IdleRange(P*) <= 9: UNSAT
[MultipleSAT] IdleRange(P*) <= 10: SAT
    SAT | IdleRange(P*)=10 | time=0.491384s | config=R-PW-DE-ST-IRP-NIS-CD-IC12P
[204/396] ticf-13crafa.fixed020-Forb | reduced | maxsat | P=pairwise | G=direct | imp12+
[MaxSAT/UWrMaxSAT] running /home/dclng566/solver-build/uwrmaxsat/build/release/bin/uwrmaxsat with timeout=7199.54s
[MaxSAT/UWrMaxSAT] optimum IdleRange(P*)=10 (cost=10)
[MaxSAT/UWrMaxSAT] process exit code=30
    SAT | IdleRange(P*)=10 | time=0.493878s | config=R-PW-DE-ST-IRP-UW-IC12P
    Excel: /home/dclng566/projects/Business-Meeting-Scheduling-Problem/output/ic12p-gcp-ic12p-20260723T023309Z/main/excel_data_table06_forb/ticf-13crafa.fixed020-Forb.xlsx
Instance forum-13.fixed020-Forb: P×G=pairwise+direct
[205/396] forum-13.fixed020-Forb | full | incremental | P=pairwise | G=direct | imp12+
[IncrementalSAT] initial IdleRange(P*)=15
[IncrementalSAT] IdleRange(P*) <= 7: UNSAT
[IncrementalSAT] IdleRange(P*) <= 11: SAT
[IncrementalSAT] IdleRange(P*) <= 9: UNSAT
[IncrementalSAT] IdleRange(P*) <= 10: SAT
    SAT | IdleRange(P*)=10 | time=0.375462s | config=F-PW-DE-ST-IRP-IS-CD-IC12P
[206/396] forum-13.fixed020-Forb | full | multiple | P=pairwise | G=direct | imp12+
[MultipleSAT] initial IdleRange(P*)=15
[MultipleSAT] IdleRange(P*) <= 7: UNSAT
[MultipleSAT] IdleRange(P*) <= 11: SAT
[MultipleSAT] IdleRange(P*) <= 9: UNSAT
[MultipleSAT] IdleRange(P*) <= 10: SAT
    SAT | IdleRange(P*)=10 | time=0.623632s | config=F-PW-DE-ST-IRP-NIS-CD-IC12P
[207/396] forum-13.fixed020-Forb | full | maxsat | P=pairwise | G=direct | imp12+
[MaxSAT/UWrMaxSAT] running /home/dclng566/solver-build/uwrmaxsat/build/release/bin/uwrmaxsat with timeout=7199.49s
[MaxSAT/UWrMaxSAT] optimum IdleRange(P*)=10 (cost=10)
[MaxSAT/UWrMaxSAT] process exit code=30
    SAT | IdleRange(P*)=10 | time=0.632119s | config=F-PW-DE-ST-IRP-UW-IC12P
[208/396] forum-13.fixed020-Forb | reduced | incremental | P=pairwise | G=direct | imp12+
[IncrementalSAT] initial IdleRange(P*)=15
[IncrementalSAT] IdleRange(P*) <= 7: UNSAT
[IncrementalSAT] IdleRange(P*) <= 11: SAT
[IncrementalSAT] IdleRange(P*) <= 9: UNSAT
[IncrementalSAT] IdleRange(P*) <= 10: SAT
    SAT | IdleRange(P*)=10 | time=0.291209s | config=R-PW-DE-ST-IRP-IS-CD-IC12P
[209/396] forum-13.fixed020-Forb | reduced | multiple | P=pairwise | G=direct | imp12+
[MultipleSAT] initial IdleRange(P*)=15
[MultipleSAT] IdleRange(P*) <= 7: UNSAT
[MultipleSAT] IdleRange(P*) <= 11: SAT
[MultipleSAT] IdleRange(P*) <= 9: UNSAT
[MultipleSAT] IdleRange(P*) <= 10: SAT
    SAT | IdleRange(P*)=10 | time=0.468008s | config=R-PW-DE-ST-IRP-NIS-CD-IC12P
[210/396] forum-13.fixed020-Forb | reduced | maxsat | P=pairwise | G=direct | imp12+
[MaxSAT/UWrMaxSAT] running /home/dclng566/solver-build/uwrmaxsat/build/release/bin/uwrmaxsat with timeout=7199.54s
[MaxSAT/UWrMaxSAT] optimum IdleRange(P*)=10 (cost=10)
[MaxSAT/UWrMaxSAT] process exit code=30
    SAT | IdleRange(P*)=10 | time=0.479836s | config=R-PW-DE-ST-IRP-UW-IC12P
    Excel: /home/dclng566/projects/Business-Meeting-Scheduling-Problem/output/ic12p-gcp-ic12p-20260723T023309Z/main/excel_data_table06_forb/forum-13.fixed020-Forb.xlsx
Instance tic-12.forb0003: P×G=pairwise+direct
[211/396] tic-12.forb0003 | full | incremental | P=pairwise | G=direct | imp12+
    UNSAT | IdleRange(P*)=None | time=0.026818s | config=F-PW-DE-ST-IRP-IS-CD-IC12P
[212/396] tic-12.forb0003 | full | multiple | P=pairwise | G=direct | imp12+
    UNSAT | IdleRange(P*)=None | time=0.027976s | config=F-PW-DE-ST-IRP-NIS-CD-IC12P
[213/396] tic-12.forb0003 | full | maxsat | P=pairwise | G=direct | imp12+
[MaxSAT/UWrMaxSAT] running /home/dclng566/solver-build/uwrmaxsat/build/release/bin/uwrmaxsat with timeout=7199.73s
    UNSAT | IdleRange(P*)=None | time=0.057063s | config=F-PW-DE-ST-IRP-UW-IC12P
[214/396] tic-12.forb0003 | reduced | incremental | P=pairwise | G=direct | imp12+
    UNSAT | IdleRange(P*)=None | time=0.024744s | config=R-PW-DE-ST-IRP-IS-CD-IC12P
[215/396] tic-12.forb0003 | reduced | multiple | P=pairwise | G=direct | imp12+
    UNSAT | IdleRange(P*)=None | time=0.024665s | config=R-PW-DE-ST-IRP-NIS-CD-IC12P
[216/396] tic-12.forb0003 | reduced | maxsat | P=pairwise | G=direct | imp12+
[MaxSAT/UWrMaxSAT] running /home/dclng566/solver-build/uwrmaxsat/build/release/bin/uwrmaxsat with timeout=7199.73s
    UNSAT | IdleRange(P*)=None | time=0.054473s | config=R-PW-DE-ST-IRP-UW-IC12P
    Excel: /home/dclng566/projects/Business-Meeting-Scheduling-Problem/output/ic12p-gcp-ic12p-20260723T023309Z/main/excel_data_table06_forb/tic-12.forb0003.xlsx
Instance tic-13crafb.fixed040-Forb: P×G=pairwise+direct
[217/396] tic-13crafb.fixed040-Forb | full | incremental | P=pairwise | G=direct | imp12+
[IncrementalSAT] initial IdleRange(P*)=8
[IncrementalSAT] IdleRange(P*) <= 3: UNSAT
[IncrementalSAT] IdleRange(P*) <= 5: SAT
[IncrementalSAT] IdleRange(P*) <= 4: SAT
    SAT | IdleRange(P*)=4 | time=0.115228s | config=F-PW-DE-ST-IRP-IS-CD-IC12P
[218/396] tic-13crafb.fixed040-Forb | full | multiple | P=pairwise | G=direct | imp12+
[MultipleSAT] initial IdleRange(P*)=8
[MultipleSAT] IdleRange(P*) <= 3: UNSAT
[MultipleSAT] IdleRange(P*) <= 5: SAT
[MultipleSAT] IdleRange(P*) <= 4: SAT
    SAT | IdleRange(P*)=4 | time=0.172032s | config=F-PW-DE-ST-IRP-NIS-CD-IC12P
[219/396] tic-13crafb.fixed040-Forb | full | maxsat | P=pairwise | G=direct | imp12+
[MaxSAT/UWrMaxSAT] running /home/dclng566/solver-build/uwrmaxsat/build/release/bin/uwrmaxsat with timeout=7199.66s
[MaxSAT/UWrMaxSAT] optimum IdleRange(P*)=4 (cost=4)
[MaxSAT/UWrMaxSAT] process exit code=30
    SAT | IdleRange(P*)=4 | time=0.188511s | config=F-PW-DE-ST-IRP-UW-IC12P
[220/396] tic-13crafb.fixed040-Forb | reduced | incremental | P=pairwise | G=direct | imp12+
[IncrementalSAT] initial IdleRange(P*)=8
[IncrementalSAT] IdleRange(P*) <= 3: UNSAT
[IncrementalSAT] IdleRange(P*) <= 5: SAT
[IncrementalSAT] IdleRange(P*) <= 4: SAT
    SAT | IdleRange(P*)=4 | time=0.079838s | config=R-PW-DE-ST-IRP-IS-CD-IC12P
[221/396] tic-13crafb.fixed040-Forb | reduced | multiple | P=pairwise | G=direct | imp12+
[MultipleSAT] initial IdleRange(P*)=8
[MultipleSAT] IdleRange(P*) <= 3: UNSAT
[MultipleSAT] IdleRange(P*) <= 5: SAT
[MultipleSAT] IdleRange(P*) <= 4: SAT
    SAT | IdleRange(P*)=4 | time=0.102054s | config=R-PW-DE-ST-IRP-NIS-CD-IC12P
[222/396] tic-13crafb.fixed040-Forb | reduced | maxsat | P=pairwise | G=direct | imp12+
[MaxSAT/UWrMaxSAT] running /home/dclng566/solver-build/uwrmaxsat/build/release/bin/uwrmaxsat with timeout=7199.69s
[MaxSAT/UWrMaxSAT] optimum IdleRange(P*)=4 (cost=4)
[MaxSAT/UWrMaxSAT] process exit code=30
    SAT | IdleRange(P*)=4 | time=0.110092s | config=R-PW-DE-ST-IRP-UW-IC12P
    Excel: /home/dclng566/projects/Business-Meeting-Scheduling-Problem/output/ic12p-gcp-ic12p-20260723T023309Z/main/excel_data_table06_forb/tic-13crafb.fixed040-Forb.xlsx
Instance forum-13.forb0003: P×G=pairwise+direct
[223/396] forum-13.forb0003 | full | incremental | P=pairwise | G=direct | imp12+
[IncrementalSAT] initial IdleRange(P*)=12
[IncrementalSAT] IdleRange(P*) <= 5: SAT
[IncrementalSAT] IdleRange(P*) <= 2: SAT
[IncrementalSAT] IdleRange(P*) <= 0: SAT
    SAT | IdleRange(P*)=0 | time=0.550353s | config=F-PW-DE-ST-IRP-IS-CD-IC12P
[224/396] forum-13.forb0003 | full | multiple | P=pairwise | G=direct | imp12+
[MultipleSAT] initial IdleRange(P*)=12
[MultipleSAT] IdleRange(P*) <= 5: SAT
[MultipleSAT] IdleRange(P*) <= 2: SAT
[MultipleSAT] IdleRange(P*) <= 0: SAT
    SAT | IdleRange(P*)=0 | time=0.600793s | config=F-PW-DE-ST-IRP-NIS-CD-IC12P
[225/396] forum-13.forb0003 | full | maxsat | P=pairwise | G=direct | imp12+
[MaxSAT/UWrMaxSAT] running /home/dclng566/solver-build/uwrmaxsat/build/release/bin/uwrmaxsat with timeout=7199.52s
[MaxSAT/UWrMaxSAT] optimum IdleRange(P*)=0 (cost=0)
[MaxSAT/UWrMaxSAT] process exit code=30
    SAT | IdleRange(P*)=0 | time=0.738604s | config=F-PW-DE-ST-IRP-UW-IC12P
[226/396] forum-13.forb0003 | reduced | incremental | P=pairwise | G=direct | imp12+
[IncrementalSAT] initial IdleRange(P*)=12
[IncrementalSAT] IdleRange(P*) <= 5: SAT
[IncrementalSAT] IdleRange(P*) <= 2: SAT
[IncrementalSAT] IdleRange(P*) <= 0: SAT
    SAT | IdleRange(P*)=0 | time=0.513252s | config=R-PW-DE-ST-IRP-IS-CD-IC12P
[227/396] forum-13.forb0003 | reduced | multiple | P=pairwise | G=direct | imp12+
[MultipleSAT] initial IdleRange(P*)=12
[MultipleSAT] IdleRange(P*) <= 5: SAT
[MultipleSAT] IdleRange(P*) <= 2: SAT
[MultipleSAT] IdleRange(P*) <= 0: SAT
    SAT | IdleRange(P*)=0 | time=0.645514s | config=R-PW-DE-ST-IRP-NIS-CD-IC12P
[228/396] forum-13.forb0003 | reduced | maxsat | P=pairwise | G=direct | imp12+
[MaxSAT/UWrMaxSAT] running /home/dclng566/solver-build/uwrmaxsat/build/release/bin/uwrmaxsat with timeout=7199.53s
[MaxSAT/UWrMaxSAT] optimum IdleRange(P*)=0 (cost=0)
[MaxSAT/UWrMaxSAT] process exit code=30
    SAT | IdleRange(P*)=0 | time=0.714558s | config=R-PW-DE-ST-IRP-UW-IC12P
    Excel: /home/dclng566/projects/Business-Meeting-Scheduling-Problem/output/ic12p-gcp-ic12p-20260723T023309Z/main/excel_data_table06_forb/forum-13.forb0003.xlsx
Instance ticf-13crafa.fixed040-Forb: P×G=pairwise+direct
[229/396] ticf-13crafa.fixed040-Forb | full | incremental | P=pairwise | G=direct | imp12+
[IncrementalSAT] initial IdleRange(P*)=16
[IncrementalSAT] IdleRange(P*) <= 7: UNSAT
[IncrementalSAT] IdleRange(P*) <= 11: UNSAT
[IncrementalSAT] IdleRange(P*) <= 13: SAT
[IncrementalSAT] IdleRange(P*) <= 12: SAT
    SAT | IdleRange(P*)=12 | time=0.320308s | config=F-PW-DE-ST-IRP-IS-CD-IC12P
[230/396] ticf-13crafa.fixed040-Forb | full | multiple | P=pairwise | G=direct | imp12+
[MultipleSAT] initial IdleRange(P*)=16
[MultipleSAT] IdleRange(P*) <= 7: UNSAT
[MultipleSAT] IdleRange(P*) <= 11: UNSAT
[MultipleSAT] IdleRange(P*) <= 13: SAT
[MultipleSAT] IdleRange(P*) <= 12: SAT
    SAT | IdleRange(P*)=12 | time=0.592076s | config=F-PW-DE-ST-IRP-NIS-CD-IC12P
[231/396] ticf-13crafa.fixed040-Forb | full | maxsat | P=pairwise | G=direct | imp12+
[MaxSAT/UWrMaxSAT] running /home/dclng566/solver-build/uwrmaxsat/build/release/bin/uwrmaxsat with timeout=7199.55s
[MaxSAT/UWrMaxSAT] optimum IdleRange(P*)=12 (cost=12)
[MaxSAT/UWrMaxSAT] process exit code=30
    SAT | IdleRange(P*)=12 | time=0.589026s | config=F-PW-DE-ST-IRP-UW-IC12P
[232/396] ticf-13crafa.fixed040-Forb | reduced | incremental | P=pairwise | G=direct | imp12+
[IncrementalSAT] initial IdleRange(P*)=16
[IncrementalSAT] IdleRange(P*) <= 7: UNSAT
[IncrementalSAT] IdleRange(P*) <= 11: UNSAT
[IncrementalSAT] IdleRange(P*) <= 13: SAT
[IncrementalSAT] IdleRange(P*) <= 12: SAT
    SAT | IdleRange(P*)=12 | time=0.195052s | config=R-PW-DE-ST-IRP-IS-CD-IC12P
[233/396] ticf-13crafa.fixed040-Forb | reduced | multiple | P=pairwise | G=direct | imp12+
[MultipleSAT] initial IdleRange(P*)=16
[MultipleSAT] IdleRange(P*) <= 7: UNSAT
[MultipleSAT] IdleRange(P*) <= 11: UNSAT
[MultipleSAT] IdleRange(P*) <= 13: SAT
[MultipleSAT] IdleRange(P*) <= 12: SAT
    SAT | IdleRange(P*)=12 | time=0.335196s | config=R-PW-DE-ST-IRP-NIS-CD-IC12P
[234/396] ticf-13crafa.fixed040-Forb | reduced | maxsat | P=pairwise | G=direct | imp12+
[MaxSAT/UWrMaxSAT] running /home/dclng566/solver-build/uwrmaxsat/build/release/bin/uwrmaxsat with timeout=7199.62s
[MaxSAT/UWrMaxSAT] optimum IdleRange(P*)=12 (cost=12)
[MaxSAT/UWrMaxSAT] process exit code=30
    SAT | IdleRange(P*)=12 | time=0.332609s | config=R-PW-DE-ST-IRP-UW-IC12P
    Excel: /home/dclng566/projects/Business-Meeting-Scheduling-Problem/output/ic12p-gcp-ic12p-20260723T023309Z/main/excel_data_table06_forb/ticf-13crafa.fixed040-Forb.xlsx
Instance tic-13.fixed020-Forb: P×G=pairwise+direct
[235/396] tic-13.fixed020-Forb | full | incremental | P=pairwise | G=direct | imp12+
[IncrementalSAT] initial IdleRange(P*)=5
[IncrementalSAT] IdleRange(P*) <= 2: UNSAT
[IncrementalSAT] IdleRange(P*) <= 3: SAT
    SAT | IdleRange(P*)=3 | time=0.136201s | config=F-PW-DE-ST-IRP-IS-CD-IC12P
[236/396] tic-13.fixed020-Forb | full | multiple | P=pairwise | G=direct | imp12+
[MultipleSAT] initial IdleRange(P*)=5
[MultipleSAT] IdleRange(P*) <= 2: UNSAT
[MultipleSAT] IdleRange(P*) <= 3: SAT
    SAT | IdleRange(P*)=3 | time=0.173406s | config=F-PW-DE-ST-IRP-NIS-CD-IC12P
[237/396] tic-13.fixed020-Forb | full | maxsat | P=pairwise | G=direct | imp12+
[MaxSAT/UWrMaxSAT] running /home/dclng566/solver-build/uwrmaxsat/build/release/bin/uwrmaxsat with timeout=7199.65s
[MaxSAT/UWrMaxSAT] optimum IdleRange(P*)=3 (cost=3)
[MaxSAT/UWrMaxSAT] process exit code=30
    SAT | IdleRange(P*)=3 | time=0.216218s | config=F-PW-DE-ST-IRP-UW-IC12P
[238/396] tic-13.fixed020-Forb | reduced | incremental | P=pairwise | G=direct | imp12+
[IncrementalSAT] initial IdleRange(P*)=5
[IncrementalSAT] IdleRange(P*) <= 2: UNSAT
[IncrementalSAT] IdleRange(P*) <= 3: SAT
    SAT | IdleRange(P*)=3 | time=0.117413s | config=R-PW-DE-ST-IRP-IS-CD-IC12P
[239/396] tic-13.fixed020-Forb | reduced | multiple | P=pairwise | G=direct | imp12+
[MultipleSAT] initial IdleRange(P*)=5
[MultipleSAT] IdleRange(P*) <= 2: UNSAT
[MultipleSAT] IdleRange(P*) <= 3: SAT
    SAT | IdleRange(P*)=3 | time=0.148821s | config=R-PW-DE-ST-IRP-NIS-CD-IC12P
[240/396] tic-13.fixed020-Forb | reduced | maxsat | P=pairwise | G=direct | imp12+
[MaxSAT/UWrMaxSAT] running /home/dclng566/solver-build/uwrmaxsat/build/release/bin/uwrmaxsat with timeout=7199.66s
[MaxSAT/UWrMaxSAT] optimum IdleRange(P*)=3 (cost=3)
[MaxSAT/UWrMaxSAT] process exit code=30
    SAT | IdleRange(P*)=3 | time=0.185182s | config=R-PW-DE-ST-IRP-UW-IC12P
    Excel: /home/dclng566/projects/Business-Meeting-Scheduling-Problem/output/ic12p-gcp-ic12p-20260723T023309Z/main/excel_data_table06_forb/tic-13.fixed020-Forb.xlsx
Instance forumt-14.forb0003: P×G=pairwise+direct
[241/396] forumt-14.forb0003 | full | incremental | P=pairwise | G=direct | imp12+
[IncrementalSAT] initial IdleRange(P*)=7
[IncrementalSAT] IdleRange(P*) <= 3: SAT
[IncrementalSAT] IdleRange(P*) <= 1: SAT
[IncrementalSAT] IdleRange(P*) <= 0: SAT
    SAT | IdleRange(P*)=0 | time=0.230926s | config=F-PW-DE-ST-IRP-IS-CD-IC12P
[242/396] forumt-14.forb0003 | full | multiple | P=pairwise | G=direct | imp12+
[MultipleSAT] initial IdleRange(P*)=7
[MultipleSAT] IdleRange(P*) <= 3: SAT
[MultipleSAT] IdleRange(P*) <= 1: SAT
[MultipleSAT] IdleRange(P*) <= 0: SAT
    SAT | IdleRange(P*)=0 | time=0.328152s | config=F-PW-DE-ST-IRP-NIS-CD-IC12P
[243/396] forumt-14.forb0003 | full | maxsat | P=pairwise | G=direct | imp12+
[MaxSAT/UWrMaxSAT] running /home/dclng566/solver-build/uwrmaxsat/build/release/bin/uwrmaxsat with timeout=7199.61s
[MaxSAT/UWrMaxSAT] optimum IdleRange(P*)=0 (cost=0)
[MaxSAT/UWrMaxSAT] process exit code=30
    SAT | IdleRange(P*)=0 | time=0.488088s | config=F-PW-DE-ST-IRP-UW-IC12P
[244/396] forumt-14.forb0003 | reduced | incremental | P=pairwise | G=direct | imp12+
[IncrementalSAT] initial IdleRange(P*)=7
[IncrementalSAT] IdleRange(P*) <= 3: SAT
[IncrementalSAT] IdleRange(P*) <= 1: SAT
[IncrementalSAT] IdleRange(P*) <= 0: SAT
    SAT | IdleRange(P*)=0 | time=0.299622s | config=R-PW-DE-ST-IRP-IS-CD-IC12P
[245/396] forumt-14.forb0003 | reduced | multiple | P=pairwise | G=direct | imp12+
[MultipleSAT] initial IdleRange(P*)=7
[MultipleSAT] IdleRange(P*) <= 3: SAT
[MultipleSAT] IdleRange(P*) <= 1: SAT
[MultipleSAT] IdleRange(P*) <= 0: SAT
    SAT | IdleRange(P*)=0 | time=0.356141s | config=R-PW-DE-ST-IRP-NIS-CD-IC12P
[246/396] forumt-14.forb0003 | reduced | maxsat | P=pairwise | G=direct | imp12+
[MaxSAT/UWrMaxSAT] running /home/dclng566/solver-build/uwrmaxsat/build/release/bin/uwrmaxsat with timeout=7199.61s
[MaxSAT/UWrMaxSAT] optimum IdleRange(P*)=0 (cost=0)
[MaxSAT/UWrMaxSAT] process exit code=30
    SAT | IdleRange(P*)=0 | time=0.450801s | config=R-PW-DE-ST-IRP-UW-IC12P
    Excel: /home/dclng566/projects/Business-Meeting-Scheduling-Problem/output/ic12p-gcp-ic12p-20260723T023309Z/main/excel_data_table06_forb/forumt-14.forb0003.xlsx
Instance forum-14.fixed040-Forb: P×G=pairwise+direct
[247/396] forum-14.fixed040-Forb | full | incremental | P=pairwise | G=direct | imp12+
[IncrementalSAT] initial IdleRange(P*)=16
[IncrementalSAT] IdleRange(P*) <= 7: UNSAT
[IncrementalSAT] IdleRange(P*) <= 11: UNSAT
[IncrementalSAT] IdleRange(P*) <= 13: UNSAT
[IncrementalSAT] IdleRange(P*) <= 14: UNSAT
[IncrementalSAT] IdleRange(P*) <= 15: UNSAT
    SAT | IdleRange(P*)=16 | time=0.602845s | config=F-PW-DE-ST-IRP-IS-CD-IC12P
[248/396] forum-14.fixed040-Forb | full | multiple | P=pairwise | G=direct | imp12+
[MultipleSAT] initial IdleRange(P*)=16
[MultipleSAT] IdleRange(P*) <= 7: UNSAT
[MultipleSAT] IdleRange(P*) <= 11: UNSAT
[MultipleSAT] IdleRange(P*) <= 13: UNSAT
[MultipleSAT] IdleRange(P*) <= 14: UNSAT
[MultipleSAT] IdleRange(P*) <= 15: UNSAT
    SAT | IdleRange(P*)=16 | time=1.134153s | config=F-PW-DE-ST-IRP-NIS-CD-IC12P
[249/396] forum-14.fixed040-Forb | full | maxsat | P=pairwise | G=direct | imp12+
[MaxSAT/UWrMaxSAT] running /home/dclng566/solver-build/uwrmaxsat/build/release/bin/uwrmaxsat with timeout=7199.29s
[MaxSAT/UWrMaxSAT] optimum IdleRange(P*)=16 (cost=16)
[MaxSAT/UWrMaxSAT] process exit code=30
    SAT | IdleRange(P*)=16 | time=1.117133s | config=F-PW-DE-ST-IRP-UW-IC12P
[250/396] forum-14.fixed040-Forb | reduced | incremental | P=pairwise | G=direct | imp12+
[IncrementalSAT] initial IdleRange(P*)=16
[IncrementalSAT] IdleRange(P*) <= 7: UNSAT
[IncrementalSAT] IdleRange(P*) <= 11: UNSAT
[IncrementalSAT] IdleRange(P*) <= 13: UNSAT
[IncrementalSAT] IdleRange(P*) <= 14: UNSAT
[IncrementalSAT] IdleRange(P*) <= 15: UNSAT
    SAT | IdleRange(P*)=16 | time=0.409841s | config=R-PW-DE-ST-IRP-IS-CD-IC12P
[251/396] forum-14.fixed040-Forb | reduced | multiple | P=pairwise | G=direct | imp12+
[MultipleSAT] initial IdleRange(P*)=16
[MultipleSAT] IdleRange(P*) <= 7: UNSAT
[MultipleSAT] IdleRange(P*) <= 11: UNSAT
[MultipleSAT] IdleRange(P*) <= 13: UNSAT
[MultipleSAT] IdleRange(P*) <= 14: UNSAT
[MultipleSAT] IdleRange(P*) <= 15: UNSAT
    SAT | IdleRange(P*)=16 | time=0.70729s | config=R-PW-DE-ST-IRP-NIS-CD-IC12P
[252/396] forum-14.fixed040-Forb | reduced | maxsat | P=pairwise | G=direct | imp12+
[MaxSAT/UWrMaxSAT] running /home/dclng566/solver-build/uwrmaxsat/build/release/bin/uwrmaxsat with timeout=7199.43s
[MaxSAT/UWrMaxSAT] optimum IdleRange(P*)=16 (cost=16)
[MaxSAT/UWrMaxSAT] process exit code=30
    SAT | IdleRange(P*)=16 | time=0.682278s | config=R-PW-DE-ST-IRP-UW-IC12P
    Excel: /home/dclng566/projects/Business-Meeting-Scheduling-Problem/output/ic12p-gcp-ic12p-20260723T023309Z/main/excel_data_table06_forb/forum-14.fixed040-Forb.xlsx
Instance tic-13crafc.forb0007: P×G=pairwise+direct
[253/396] tic-13crafc.forb0007 | full | incremental | P=pairwise | G=direct | imp12+
    UNSAT | IdleRange(P*)=None | time=0.089692s | config=F-PW-DE-ST-IRP-IS-CD-IC12P
[254/396] tic-13crafc.forb0007 | full | multiple | P=pairwise | G=direct | imp12+
    UNSAT | IdleRange(P*)=None | time=0.086784s | config=F-PW-DE-ST-IRP-NIS-CD-IC12P
[255/396] tic-13crafc.forb0007 | full | maxsat | P=pairwise | G=direct | imp12+
[MaxSAT/UWrMaxSAT] running /home/dclng566/solver-build/uwrmaxsat/build/release/bin/uwrmaxsat with timeout=7199.68s
    UNSAT | IdleRange(P*)=None | time=0.165235s | config=F-PW-DE-ST-IRP-UW-IC12P
[256/396] tic-13crafc.forb0007 | reduced | incremental | P=pairwise | G=direct | imp12+
    UNSAT | IdleRange(P*)=None | time=0.081996s | config=R-PW-DE-ST-IRP-IS-CD-IC12P
[257/396] tic-13crafc.forb0007 | reduced | multiple | P=pairwise | G=direct | imp12+
    UNSAT | IdleRange(P*)=None | time=0.082189s | config=R-PW-DE-ST-IRP-NIS-CD-IC12P
[258/396] tic-13crafc.forb0007 | reduced | maxsat | P=pairwise | G=direct | imp12+
[MaxSAT/UWrMaxSAT] running /home/dclng566/solver-build/uwrmaxsat/build/release/bin/uwrmaxsat with timeout=7199.68s
    UNSAT | IdleRange(P*)=None | time=0.159876s | config=R-PW-DE-ST-IRP-UW-IC12P
    Excel: /home/dclng566/projects/Business-Meeting-Scheduling-Problem/output/ic12p-gcp-ic12p-20260723T023309Z/main/excel_data_table06_forb/tic-13crafc.forb0007.xlsx
Instance forumt-14crafd.fixed020-Forb: P×G=pairwise+direct
[259/396] forumt-14crafd.fixed020-Forb | full | incremental | P=pairwise | G=direct | imp12+
[IncrementalSAT] initial IdleRange(P*)=7
[IncrementalSAT] IdleRange(P*) <= 3: UNSAT
[IncrementalSAT] IdleRange(P*) <= 5: SAT
[IncrementalSAT] IdleRange(P*) <= 4: SAT
    SAT | IdleRange(P*)=4 | time=0.170419s | config=F-PW-DE-ST-IRP-IS-CD-IC12P
[260/396] forumt-14crafd.fixed020-Forb | full | multiple | P=pairwise | G=direct | imp12+
[MultipleSAT] initial IdleRange(P*)=7
[MultipleSAT] IdleRange(P*) <= 3: UNSAT
[MultipleSAT] IdleRange(P*) <= 5: SAT
[MultipleSAT] IdleRange(P*) <= 4: SAT
    SAT | IdleRange(P*)=4 | time=0.236541s | config=F-PW-DE-ST-IRP-NIS-CD-IC12P
[261/396] forumt-14crafd.fixed020-Forb | full | maxsat | P=pairwise | G=direct | imp12+
[MaxSAT/UWrMaxSAT] running /home/dclng566/solver-build/uwrmaxsat/build/release/bin/uwrmaxsat with timeout=7199.61s
[MaxSAT/UWrMaxSAT] optimum IdleRange(P*)=4 (cost=4)
[MaxSAT/UWrMaxSAT] process exit code=30
    SAT | IdleRange(P*)=4 | time=0.26116s | config=F-PW-DE-ST-IRP-UW-IC12P
[262/396] forumt-14crafd.fixed020-Forb | reduced | incremental | P=pairwise | G=direct | imp12+
[IncrementalSAT] initial IdleRange(P*)=7
[IncrementalSAT] IdleRange(P*) <= 3: UNSAT
[IncrementalSAT] IdleRange(P*) <= 5: SAT
[IncrementalSAT] IdleRange(P*) <= 4: SAT
    SAT | IdleRange(P*)=4 | time=0.142163s | config=R-PW-DE-ST-IRP-IS-CD-IC12P
[263/396] forumt-14crafd.fixed020-Forb | reduced | multiple | P=pairwise | G=direct | imp12+
[MultipleSAT] initial IdleRange(P*)=7
[MultipleSAT] IdleRange(P*) <= 3: UNSAT
[MultipleSAT] IdleRange(P*) <= 5: SAT
[MultipleSAT] IdleRange(P*) <= 4: SAT
    SAT | IdleRange(P*)=4 | time=0.192808s | config=R-PW-DE-ST-IRP-NIS-CD-IC12P
[264/396] forumt-14crafd.fixed020-Forb | reduced | maxsat | P=pairwise | G=direct | imp12+
[MaxSAT/UWrMaxSAT] running /home/dclng566/solver-build/uwrmaxsat/build/release/bin/uwrmaxsat with timeout=7199.63s
[MaxSAT/UWrMaxSAT] optimum IdleRange(P*)=4 (cost=4)
[MaxSAT/UWrMaxSAT] process exit code=30
    SAT | IdleRange(P*)=4 | time=0.216112s | config=R-PW-DE-ST-IRP-UW-IC12P
    Excel: /home/dclng566/projects/Business-Meeting-Scheduling-Problem/output/ic12p-gcp-ic12p-20260723T023309Z/main/excel_data_table06_forb/forumt-14crafd.fixed020-Forb.xlsx
Instance tic-14crafd.fixed040-Forb: P×G=pairwise+direct
[265/396] tic-14crafd.fixed040-Forb | full | incremental | P=pairwise | G=direct | imp12+
    UNSAT | IdleRange(P*)=None | time=0.104519s | config=F-PW-DE-ST-IRP-IS-CD-IC12P
[266/396] tic-14crafd.fixed040-Forb | full | multiple | P=pairwise | G=direct | imp12+
    UNSAT | IdleRange(P*)=None | time=0.103959s | config=F-PW-DE-ST-IRP-NIS-CD-IC12P
[267/396] tic-14crafd.fixed040-Forb | full | maxsat | P=pairwise | G=direct | imp12+
[MaxSAT/UWrMaxSAT] running /home/dclng566/solver-build/uwrmaxsat/build/release/bin/uwrmaxsat with timeout=7199.66s
    UNSAT | IdleRange(P*)=None | time=0.194088s | config=F-PW-DE-ST-IRP-UW-IC12P
[268/396] tic-14crafd.fixed040-Forb | reduced | incremental | P=pairwise | G=direct | imp12+
    UNSAT | IdleRange(P*)=None | time=0.074036s | config=R-PW-DE-ST-IRP-IS-CD-IC12P
[269/396] tic-14crafd.fixed040-Forb | reduced | multiple | P=pairwise | G=direct | imp12+
    UNSAT | IdleRange(P*)=None | time=0.074001s | config=R-PW-DE-ST-IRP-NIS-CD-IC12P
[270/396] tic-14crafd.fixed040-Forb | reduced | maxsat | P=pairwise | G=direct | imp12+
[MaxSAT/UWrMaxSAT] running /home/dclng566/solver-build/uwrmaxsat/build/release/bin/uwrmaxsat with timeout=7199.68s
    UNSAT | IdleRange(P*)=None | time=0.12483s | config=R-PW-DE-ST-IRP-UW-IC12P
    Excel: /home/dclng566/projects/Business-Meeting-Scheduling-Problem/output/ic12p-gcp-ic12p-20260723T023309Z/main/excel_data_table06_forb/tic-14crafd.fixed040-Forb.xlsx
Instance forumt-14crafc.forb0007: P×G=pairwise+direct
[271/396] forumt-14crafc.forb0007 | full | incremental | P=pairwise | G=direct | imp12+
    UNSAT | IdleRange(P*)=None | time=0.092703s | config=F-PW-DE-ST-IRP-IS-CD-IC12P
[272/396] forumt-14crafc.forb0007 | full | multiple | P=pairwise | G=direct | imp12+
    UNSAT | IdleRange(P*)=None | time=0.095659s | config=F-PW-DE-ST-IRP-NIS-CD-IC12P
[273/396] forumt-14crafc.forb0007 | full | maxsat | P=pairwise | G=direct | imp12+
[MaxSAT/UWrMaxSAT] running /home/dclng566/solver-build/uwrmaxsat/build/release/bin/uwrmaxsat with timeout=7199.68s
    UNSAT | IdleRange(P*)=None | time=0.181076s | config=F-PW-DE-ST-IRP-UW-IC12P
[274/396] forumt-14crafc.forb0007 | reduced | incremental | P=pairwise | G=direct | imp12+
    UNSAT | IdleRange(P*)=None | time=0.083945s | config=R-PW-DE-ST-IRP-IS-CD-IC12P
[275/396] forumt-14crafc.forb0007 | reduced | multiple | P=pairwise | G=direct | imp12+
    UNSAT | IdleRange(P*)=None | time=0.08509s | config=R-PW-DE-ST-IRP-NIS-CD-IC12P
[276/396] forumt-14crafc.forb0007 | reduced | maxsat | P=pairwise | G=direct | imp12+
[MaxSAT/UWrMaxSAT] running /home/dclng566/solver-build/uwrmaxsat/build/release/bin/uwrmaxsat with timeout=7199.68s
    UNSAT | IdleRange(P*)=None | time=0.174613s | config=R-PW-DE-ST-IRP-UW-IC12P
    Excel: /home/dclng566/projects/Business-Meeting-Scheduling-Problem/output/ic12p-gcp-ic12p-20260723T023309Z/main/excel_data_table06_forb/forumt-14crafc.forb0007.xlsx
Instance forum-14.forb0003: P×G=pairwise+direct
[277/396] forum-14.forb0003 | full | incremental | P=pairwise | G=direct | imp12+
[IncrementalSAT] initial IdleRange(P*)=19
[IncrementalSAT] IdleRange(P*) <= 9: SAT
[IncrementalSAT] IdleRange(P*) <= 4: SAT
[IncrementalSAT] IdleRange(P*) <= 1: SAT
[IncrementalSAT] IdleRange(P*) <= 0: SAT
    SAT | IdleRange(P*)=0 | time=3.656267s | config=F-PW-DE-ST-IRP-IS-CD-IC12P
[278/396] forum-14.forb0003 | full | multiple | P=pairwise | G=direct | imp12+
[MultipleSAT] initial IdleRange(P*)=19
[MultipleSAT] IdleRange(P*) <= 9: SAT
[MultipleSAT] IdleRange(P*) <= 4: SAT
[MultipleSAT] IdleRange(P*) <= 1: SAT
[MultipleSAT] IdleRange(P*) <= 0: SAT
    SAT | IdleRange(P*)=0 | time=8.521013s | config=F-PW-DE-ST-IRP-NIS-CD-IC12P
[279/396] forum-14.forb0003 | full | maxsat | P=pairwise | G=direct | imp12+
[MaxSAT/UWrMaxSAT] running /home/dclng566/solver-build/uwrmaxsat/build/release/bin/uwrmaxsat with timeout=7198.54s
[MaxSAT/UWrMaxSAT] optimum IdleRange(P*)=0 (cost=0)
[MaxSAT/UWrMaxSAT] process exit code=30
    SAT | IdleRange(P*)=0 | time=5.721727s | config=F-PW-DE-ST-IRP-UW-IC12P
[280/396] forum-14.forb0003 | reduced | incremental | P=pairwise | G=direct | imp12+
[IncrementalSAT] initial IdleRange(P*)=20
[IncrementalSAT] IdleRange(P*) <= 9: SAT
[IncrementalSAT] IdleRange(P*) <= 4: SAT
[IncrementalSAT] IdleRange(P*) <= 1: SAT
[IncrementalSAT] IdleRange(P*) <= 0: SAT
    SAT | IdleRange(P*)=0 | time=4.356477s | config=R-PW-DE-ST-IRP-IS-CD-IC12P
[281/396] forum-14.forb0003 | reduced | multiple | P=pairwise | G=direct | imp12+
[MultipleSAT] initial IdleRange(P*)=20
[MultipleSAT] IdleRange(P*) <= 9: SAT
[MultipleSAT] IdleRange(P*) <= 4: SAT
[MultipleSAT] IdleRange(P*) <= 1: SAT
[MultipleSAT] IdleRange(P*) <= 0: SAT
    SAT | IdleRange(P*)=0 | time=5.321513s | config=R-PW-DE-ST-IRP-NIS-CD-IC12P
[282/396] forum-14.forb0003 | reduced | maxsat | P=pairwise | G=direct | imp12+
[MaxSAT/UWrMaxSAT] running /home/dclng566/solver-build/uwrmaxsat/build/release/bin/uwrmaxsat with timeout=7198.56s
[MaxSAT/UWrMaxSAT] optimum IdleRange(P*)=0 (cost=0)
[MaxSAT/UWrMaxSAT] process exit code=30
    SAT | IdleRange(P*)=0 | time=6.457014s | config=R-PW-DE-ST-IRP-UW-IC12P
    Excel: /home/dclng566/projects/Business-Meeting-Scheduling-Problem/output/ic12p-gcp-ic12p-20260723T023309Z/main/excel_data_table06_forb/forum-14.forb0003.xlsx
Instance forum-14.forb0007: P×G=pairwise+direct
[283/396] forum-14.forb0007 | full | incremental | P=pairwise | G=direct | imp12+
    UNSAT | IdleRange(P*)=None | time=0.778042s | config=F-PW-DE-ST-IRP-IS-CD-IC12P
[284/396] forum-14.forb0007 | full | multiple | P=pairwise | G=direct | imp12+
    UNSAT | IdleRange(P*)=None | time=0.771577s | config=F-PW-DE-ST-IRP-NIS-CD-IC12P
[285/396] forum-14.forb0007 | full | maxsat | P=pairwise | G=direct | imp12+
[MaxSAT/UWrMaxSAT] running /home/dclng566/solver-build/uwrmaxsat/build/release/bin/uwrmaxsat with timeout=7199.08s
    UNSAT | IdleRange(P*)=None | time=1.192546s | config=F-PW-DE-ST-IRP-UW-IC12P
[286/396] forum-14.forb0007 | reduced | incremental | P=pairwise | G=direct | imp12+
    UNSAT | IdleRange(P*)=None | time=0.714355s | config=R-PW-DE-ST-IRP-IS-CD-IC12P
[287/396] forum-14.forb0007 | reduced | multiple | P=pairwise | G=direct | imp12+
    UNSAT | IdleRange(P*)=None | time=0.723464s | config=R-PW-DE-ST-IRP-NIS-CD-IC12P
[288/396] forum-14.forb0007 | reduced | maxsat | P=pairwise | G=direct | imp12+
[MaxSAT/UWrMaxSAT] running /home/dclng566/solver-build/uwrmaxsat/build/release/bin/uwrmaxsat with timeout=7199.11s
    UNSAT | IdleRange(P*)=None | time=1.109942s | config=R-PW-DE-ST-IRP-UW-IC12P
    Excel: /home/dclng566/projects/Business-Meeting-Scheduling-Problem/output/ic12p-gcp-ic12p-20260723T023309Z/main/excel_data_table06_forb/forum-14.forb0007.xlsx
Instance tic-12.forb0007: P×G=pairwise+direct
[289/396] tic-12.forb0007 | full | incremental | P=pairwise | G=direct | imp12+
    UNSAT | IdleRange(P*)=None | time=0.026796s | config=F-PW-DE-ST-IRP-IS-CD-IC12P
[290/396] tic-12.forb0007 | full | multiple | P=pairwise | G=direct | imp12+
    UNSAT | IdleRange(P*)=None | time=0.026347s | config=F-PW-DE-ST-IRP-NIS-CD-IC12P
[291/396] tic-12.forb0007 | full | maxsat | P=pairwise | G=direct | imp12+
[MaxSAT/UWrMaxSAT] running /home/dclng566/solver-build/uwrmaxsat/build/release/bin/uwrmaxsat with timeout=7199.73s
    UNSAT | IdleRange(P*)=None | time=0.05579s | config=F-PW-DE-ST-IRP-UW-IC12P
[292/396] tic-12.forb0007 | reduced | incremental | P=pairwise | G=direct | imp12+
    UNSAT | IdleRange(P*)=None | time=0.02424s | config=R-PW-DE-ST-IRP-IS-CD-IC12P
[293/396] tic-12.forb0007 | reduced | multiple | P=pairwise | G=direct | imp12+
    UNSAT | IdleRange(P*)=None | time=0.0242s | config=R-PW-DE-ST-IRP-NIS-CD-IC12P
[294/396] tic-12.forb0007 | reduced | maxsat | P=pairwise | G=direct | imp12+
[MaxSAT/UWrMaxSAT] running /home/dclng566/solver-build/uwrmaxsat/build/release/bin/uwrmaxsat with timeout=7199.73s
    UNSAT | IdleRange(P*)=None | time=0.049959s | config=R-PW-DE-ST-IRP-UW-IC12P
    Excel: /home/dclng566/projects/Business-Meeting-Scheduling-Problem/output/ic12p-gcp-ic12p-20260723T023309Z/main/excel_data_table06_forb/tic-12.forb0007.xlsx
Instance tic-13.forb0003: P×G=pairwise+direct
[295/396] tic-13.forb0003 | full | incremental | P=pairwise | G=direct | imp12+
    UNSAT | IdleRange(P*)=None | time=0.088178s | config=F-PW-DE-ST-IRP-IS-CD-IC12P
[296/396] tic-13.forb0003 | full | multiple | P=pairwise | G=direct | imp12+
    UNSAT | IdleRange(P*)=None | time=0.087188s | config=F-PW-DE-ST-IRP-NIS-CD-IC12P
[297/396] tic-13.forb0003 | full | maxsat | P=pairwise | G=direct | imp12+
[MaxSAT/UWrMaxSAT] running /home/dclng566/solver-build/uwrmaxsat/build/release/bin/uwrmaxsat with timeout=7199.68s
    UNSAT | IdleRange(P*)=None | time=0.160647s | config=F-PW-DE-ST-IRP-UW-IC12P
[298/396] tic-13.forb0003 | reduced | incremental | P=pairwise | G=direct | imp12+
    UNSAT | IdleRange(P*)=None | time=0.082444s | config=R-PW-DE-ST-IRP-IS-CD-IC12P
[299/396] tic-13.forb0003 | reduced | multiple | P=pairwise | G=direct | imp12+
    UNSAT | IdleRange(P*)=None | time=0.084124s | config=R-PW-DE-ST-IRP-NIS-CD-IC12P
[300/396] tic-13.forb0003 | reduced | maxsat | P=pairwise | G=direct | imp12+
[MaxSAT/UWrMaxSAT] running /home/dclng566/solver-build/uwrmaxsat/build/release/bin/uwrmaxsat with timeout=7199.68s
    UNSAT | IdleRange(P*)=None | time=0.156841s | config=R-PW-DE-ST-IRP-UW-IC12P
    Excel: /home/dclng566/projects/Business-Meeting-Scheduling-Problem/output/ic12p-gcp-ic12p-20260723T023309Z/main/excel_data_table06_forb/tic-13.forb0003.xlsx
Instance tic-12crafc.fixed040-Forb: P×G=pairwise+direct
[301/396] tic-12crafc.fixed040-Forb | full | incremental | P=pairwise | G=direct | imp12+
    UNSAT | IdleRange(P*)=None | time=0.044017s | config=F-PW-DE-ST-IRP-IS-CD-IC12P
[302/396] tic-12crafc.fixed040-Forb | full | multiple | P=pairwise | G=direct | imp12+
    UNSAT | IdleRange(P*)=None | time=0.043345s | config=F-PW-DE-ST-IRP-NIS-CD-IC12P
[303/396] tic-12crafc.fixed040-Forb | full | maxsat | P=pairwise | G=direct | imp12+
[MaxSAT/UWrMaxSAT] running /home/dclng566/solver-build/uwrmaxsat/build/release/bin/uwrmaxsat with timeout=7199.71s
    UNSAT | IdleRange(P*)=None | time=0.084757s | config=F-PW-DE-ST-IRP-UW-IC12P
[304/396] tic-12crafc.fixed040-Forb | reduced | incremental | P=pairwise | G=direct | imp12+
    UNSAT | IdleRange(P*)=None | time=0.031931s | config=R-PW-DE-ST-IRP-IS-CD-IC12P
[305/396] tic-12crafc.fixed040-Forb | reduced | multiple | P=pairwise | G=direct | imp12+
    UNSAT | IdleRange(P*)=None | time=0.031974s | config=R-PW-DE-ST-IRP-NIS-CD-IC12P
[306/396] tic-12crafc.fixed040-Forb | reduced | maxsat | P=pairwise | G=direct | imp12+
[MaxSAT/UWrMaxSAT] running /home/dclng566/solver-build/uwrmaxsat/build/release/bin/uwrmaxsat with timeout=7199.72s
    UNSAT | IdleRange(P*)=None | time=0.072126s | config=R-PW-DE-ST-IRP-UW-IC12P
    Excel: /home/dclng566/projects/Business-Meeting-Scheduling-Problem/output/ic12p-gcp-ic12p-20260723T023309Z/main/excel_data_table06_forb/tic-12crafc.fixed040-Forb.xlsx
Instance forumt-14crafc.forb0003: P×G=pairwise+direct
[307/396] forumt-14crafc.forb0003 | full | incremental | P=pairwise | G=direct | imp12+
[IncrementalSAT] initial IdleRange(P*)=5
[IncrementalSAT] IdleRange(P*) <= 2: SAT
[IncrementalSAT] IdleRange(P*) <= 0: SAT
    SAT | IdleRange(P*)=0 | time=0.249349s | config=F-PW-DE-ST-IRP-IS-CD-IC12P
[308/396] forumt-14crafc.forb0003 | full | multiple | P=pairwise | G=direct | imp12+
[MultipleSAT] initial IdleRange(P*)=5
[MultipleSAT] IdleRange(P*) <= 2: SAT
[MultipleSAT] IdleRange(P*) <= 0: SAT
    SAT | IdleRange(P*)=0 | time=0.316767s | config=F-PW-DE-ST-IRP-NIS-CD-IC12P
[309/396] forumt-14crafc.forb0003 | full | maxsat | P=pairwise | G=direct | imp12+
[MaxSAT/UWrMaxSAT] running /home/dclng566/solver-build/uwrmaxsat/build/release/bin/uwrmaxsat with timeout=7199.61s
[MaxSAT/UWrMaxSAT] optimum IdleRange(P*)=0 (cost=0)
[MaxSAT/UWrMaxSAT] process exit code=30
    SAT | IdleRange(P*)=0 | time=0.470394s | config=F-PW-DE-ST-IRP-UW-IC12P
[310/396] forumt-14crafc.forb0003 | reduced | incremental | P=pairwise | G=direct | imp12+
[IncrementalSAT] initial IdleRange(P*)=7
[IncrementalSAT] IdleRange(P*) <= 3: SAT
[IncrementalSAT] IdleRange(P*) <= 1: SAT
[IncrementalSAT] IdleRange(P*) <= 0: SAT
    SAT | IdleRange(P*)=0 | time=0.352429s | config=R-PW-DE-ST-IRP-IS-CD-IC12P
[311/396] forumt-14crafc.forb0003 | reduced | multiple | P=pairwise | G=direct | imp12+
[MultipleSAT] initial IdleRange(P*)=7
[MultipleSAT] IdleRange(P*) <= 3: SAT
[MultipleSAT] IdleRange(P*) <= 1: SAT
[MultipleSAT] IdleRange(P*) <= 0: SAT
    SAT | IdleRange(P*)=0 | time=0.490923s | config=R-PW-DE-ST-IRP-NIS-CD-IC12P
[312/396] forumt-14crafc.forb0003 | reduced | maxsat | P=pairwise | G=direct | imp12+
[MaxSAT/UWrMaxSAT] running /home/dclng566/solver-build/uwrmaxsat/build/release/bin/uwrmaxsat with timeout=7199.61s
[MaxSAT/UWrMaxSAT] optimum IdleRange(P*)=0 (cost=0)
[MaxSAT/UWrMaxSAT] process exit code=30
    SAT | IdleRange(P*)=0 | time=0.495809s | config=R-PW-DE-ST-IRP-UW-IC12P
    Excel: /home/dclng566/projects/Business-Meeting-Scheduling-Problem/output/ic12p-gcp-ic12p-20260723T023309Z/main/excel_data_table06_forb/forumt-14crafc.forb0003.xlsx
Instance forum-13crafb.forb0003: P×G=pairwise+direct
[313/396] forum-13crafb.forb0003 | full | incremental | P=pairwise | G=direct | imp12+
[IncrementalSAT] initial IdleRange(P*)=20
[IncrementalSAT] IdleRange(P*) <= 9: SAT
[IncrementalSAT] IdleRange(P*) <= 4: SAT
[IncrementalSAT] IdleRange(P*) <= 1: UNSAT
[IncrementalSAT] IdleRange(P*) <= 2: SAT
    SAT | IdleRange(P*)=2 | time=1.298623s | config=F-PW-DE-ST-IRP-IS-CD-IC12P
[314/396] forum-13crafb.forb0003 | full | multiple | P=pairwise | G=direct | imp12+
[MultipleSAT] initial IdleRange(P*)=20
[MultipleSAT] IdleRange(P*) <= 9: SAT
[MultipleSAT] IdleRange(P*) <= 4: SAT
[MultipleSAT] IdleRange(P*) <= 1: UNSAT
[MultipleSAT] IdleRange(P*) <= 2: SAT
    SAT | IdleRange(P*)=2 | time=1.019205s | config=F-PW-DE-ST-IRP-NIS-CD-IC12P
[315/396] forum-13crafb.forb0003 | full | maxsat | P=pairwise | G=direct | imp12+
[MaxSAT/UWrMaxSAT] running /home/dclng566/solver-build/uwrmaxsat/build/release/bin/uwrmaxsat with timeout=7199.41s
[MaxSAT/UWrMaxSAT] optimum IdleRange(P*)=2 (cost=2)
[MaxSAT/UWrMaxSAT] process exit code=30
    SAT | IdleRange(P*)=2 | time=1.725203s | config=F-PW-DE-ST-IRP-UW-IC12P
[316/396] forum-13crafb.forb0003 | reduced | incremental | P=pairwise | G=direct | imp12+
[IncrementalSAT] initial IdleRange(P*)=20
[IncrementalSAT] IdleRange(P*) <= 9: SAT
[IncrementalSAT] IdleRange(P*) <= 4: SAT
[IncrementalSAT] IdleRange(P*) <= 1: UNSAT
[IncrementalSAT] IdleRange(P*) <= 2: SAT
    SAT | IdleRange(P*)=2 | time=1.166037s | config=R-PW-DE-ST-IRP-IS-CD-IC12P
[317/396] forum-13crafb.forb0003 | reduced | multiple | P=pairwise | G=direct | imp12+
[MultipleSAT] initial IdleRange(P*)=20
[MultipleSAT] IdleRange(P*) <= 9: SAT
[MultipleSAT] IdleRange(P*) <= 4: SAT
[MultipleSAT] IdleRange(P*) <= 1: UNSAT
[MultipleSAT] IdleRange(P*) <= 2: SAT
    SAT | IdleRange(P*)=2 | time=1.562481s | config=R-PW-DE-ST-IRP-NIS-CD-IC12P
[318/396] forum-13crafb.forb0003 | reduced | maxsat | P=pairwise | G=direct | imp12+
[MaxSAT/UWrMaxSAT] running /home/dclng566/solver-build/uwrmaxsat/build/release/bin/uwrmaxsat with timeout=7199.43s
[MaxSAT/UWrMaxSAT] optimum IdleRange(P*)=2 (cost=2)
[MaxSAT/UWrMaxSAT] process exit code=30
    SAT | IdleRange(P*)=2 | time=1.930911s | config=R-PW-DE-ST-IRP-UW-IC12P
    Excel: /home/dclng566/projects/Business-Meeting-Scheduling-Problem/output/ic12p-gcp-ic12p-20260723T023309Z/main/excel_data_table06_forb/forum-13crafb.forb0003.xlsx
Instance forumt-14crafe.forb0003: P×G=pairwise+direct
[319/396] forumt-14crafe.forb0003 | full | incremental | P=pairwise | G=direct | imp12+
    UNSAT | IdleRange(P*)=None | time=0.132018s | config=F-PW-DE-ST-IRP-IS-CD-IC12P
[320/396] forumt-14crafe.forb0003 | full | multiple | P=pairwise | G=direct | imp12+
    UNSAT | IdleRange(P*)=None | time=0.12717s | config=F-PW-DE-ST-IRP-NIS-CD-IC12P
[321/396] forumt-14crafe.forb0003 | full | maxsat | P=pairwise | G=direct | imp12+
[MaxSAT/UWrMaxSAT] running /home/dclng566/solver-build/uwrmaxsat/build/release/bin/uwrmaxsat with timeout=7199.64s
    UNSAT | IdleRange(P*)=None | time=0.217938s | config=F-PW-DE-ST-IRP-UW-IC12P
[322/396] forumt-14crafe.forb0003 | reduced | incremental | P=pairwise | G=direct | imp12+
    UNSAT | IdleRange(P*)=None | time=0.120756s | config=R-PW-DE-ST-IRP-IS-CD-IC12P
[323/396] forumt-14crafe.forb0003 | reduced | multiple | P=pairwise | G=direct | imp12+
    UNSAT | IdleRange(P*)=None | time=0.125111s | config=R-PW-DE-ST-IRP-NIS-CD-IC12P
[324/396] forumt-14crafe.forb0003 | reduced | maxsat | P=pairwise | G=direct | imp12+
[MaxSAT/UWrMaxSAT] running /home/dclng566/solver-build/uwrmaxsat/build/release/bin/uwrmaxsat with timeout=7199.64s
    UNSAT | IdleRange(P*)=None | time=0.21036s | config=R-PW-DE-ST-IRP-UW-IC12P
    Excel: /home/dclng566/projects/Business-Meeting-Scheduling-Problem/output/ic12p-gcp-ic12p-20260723T023309Z/main/excel_data_table06_forb/forumt-14crafe.forb0003.xlsx
Instance tic-14crafc.fixed020-Forb: P×G=pairwise+direct
[325/396] tic-14crafc.fixed020-Forb | full | incremental | P=pairwise | G=direct | imp12+
[IncrementalSAT] initial IdleRange(P*)=7
[IncrementalSAT] IdleRange(P*) <= 3: SAT
[IncrementalSAT] IdleRange(P*) <= 1: UNSAT
[IncrementalSAT] IdleRange(P*) <= 2: SAT
    SAT | IdleRange(P*)=2 | time=0.177142s | config=F-PW-DE-ST-IRP-IS-CD-IC12P
[326/396] tic-14crafc.fixed020-Forb | full | multiple | P=pairwise | G=direct | imp12+
[MultipleSAT] initial IdleRange(P*)=7
[MultipleSAT] IdleRange(P*) <= 3: SAT
[MultipleSAT] IdleRange(P*) <= 1: UNSAT
[MultipleSAT] IdleRange(P*) <= 2: SAT
    SAT | IdleRange(P*)=2 | time=0.257761s | config=F-PW-DE-ST-IRP-NIS-CD-IC12P
[327/396] tic-14crafc.fixed020-Forb | full | maxsat | P=pairwise | G=direct | imp12+
[MaxSAT/UWrMaxSAT] running /home/dclng566/solver-build/uwrmaxsat/build/release/bin/uwrmaxsat with timeout=7199.61s
[MaxSAT/UWrMaxSAT] optimum IdleRange(P*)=2 (cost=2)
[MaxSAT/UWrMaxSAT] process exit code=30
    SAT | IdleRange(P*)=2 | time=0.269417s | config=F-PW-DE-ST-IRP-UW-IC12P
[328/396] tic-14crafc.fixed020-Forb | reduced | incremental | P=pairwise | G=direct | imp12+
[IncrementalSAT] initial IdleRange(P*)=7
[IncrementalSAT] IdleRange(P*) <= 3: SAT
[IncrementalSAT] IdleRange(P*) <= 1: UNSAT
[IncrementalSAT] IdleRange(P*) <= 2: SAT
    SAT | IdleRange(P*)=2 | time=0.152511s | config=R-PW-DE-ST-IRP-IS-CD-IC12P
[329/396] tic-14crafc.fixed020-Forb | reduced | multiple | P=pairwise | G=direct | imp12+
[MultipleSAT] initial IdleRange(P*)=7
[MultipleSAT] IdleRange(P*) <= 3: SAT
[MultipleSAT] IdleRange(P*) <= 1: UNSAT
[MultipleSAT] IdleRange(P*) <= 2: SAT
    SAT | IdleRange(P*)=2 | time=0.218354s | config=R-PW-DE-ST-IRP-NIS-CD-IC12P
[330/396] tic-14crafc.fixed020-Forb | reduced | maxsat | P=pairwise | G=direct | imp12+
[MaxSAT/UWrMaxSAT] running /home/dclng566/solver-build/uwrmaxsat/build/release/bin/uwrmaxsat with timeout=7199.63s
[MaxSAT/UWrMaxSAT] optimum IdleRange(P*)=2 (cost=2)
[MaxSAT/UWrMaxSAT] process exit code=30
    SAT | IdleRange(P*)=2 | time=0.221363s | config=R-PW-DE-ST-IRP-UW-IC12P
    Excel: /home/dclng566/projects/Business-Meeting-Scheduling-Problem/output/ic12p-gcp-ic12p-20260723T023309Z/main/excel_data_table06_forb/tic-14crafc.fixed020-Forb.xlsx
Instance ticf-13crafc.fixed040-Forb: P×G=pairwise+direct
[331/396] ticf-13crafc.fixed040-Forb | full | incremental | P=pairwise | G=direct | imp12+
[IncrementalSAT] initial IdleRange(P*)=15
[IncrementalSAT] IdleRange(P*) <= 7: UNSAT
[IncrementalSAT] IdleRange(P*) <= 11: UNSAT
[IncrementalSAT] IdleRange(P*) <= 13: SAT
[IncrementalSAT] IdleRange(P*) <= 12: SAT
    SAT | IdleRange(P*)=12 | time=0.320761s | config=F-PW-DE-ST-IRP-IS-CD-IC12P
[332/396] ticf-13crafc.fixed040-Forb | full | multiple | P=pairwise | G=direct | imp12+
[MultipleSAT] initial IdleRange(P*)=15
[MultipleSAT] IdleRange(P*) <= 7: UNSAT
[MultipleSAT] IdleRange(P*) <= 11: UNSAT
[MultipleSAT] IdleRange(P*) <= 13: SAT
[MultipleSAT] IdleRange(P*) <= 12: SAT
    SAT | IdleRange(P*)=12 | time=0.569357s | config=F-PW-DE-ST-IRP-NIS-CD-IC12P
[333/396] ticf-13crafc.fixed040-Forb | full | maxsat | P=pairwise | G=direct | imp12+
[MaxSAT/UWrMaxSAT] running /home/dclng566/solver-build/uwrmaxsat/build/release/bin/uwrmaxsat with timeout=7199.55s
[MaxSAT/UWrMaxSAT] optimum IdleRange(P*)=12 (cost=12)
[MaxSAT/UWrMaxSAT] process exit code=30
    SAT | IdleRange(P*)=12 | time=0.574983s | config=F-PW-DE-ST-IRP-UW-IC12P
[334/396] ticf-13crafc.fixed040-Forb | reduced | incremental | P=pairwise | G=direct | imp12+
[IncrementalSAT] initial IdleRange(P*)=15
[IncrementalSAT] IdleRange(P*) <= 7: UNSAT
[IncrementalSAT] IdleRange(P*) <= 11: UNSAT
[IncrementalSAT] IdleRange(P*) <= 13: SAT
[IncrementalSAT] IdleRange(P*) <= 12: SAT
    SAT | IdleRange(P*)=12 | time=0.201889s | config=R-PW-DE-ST-IRP-IS-CD-IC12P
[335/396] ticf-13crafc.fixed040-Forb | reduced | multiple | P=pairwise | G=direct | imp12+
[MultipleSAT] initial IdleRange(P*)=15
[MultipleSAT] IdleRange(P*) <= 7: UNSAT
[MultipleSAT] IdleRange(P*) <= 11: UNSAT
[MultipleSAT] IdleRange(P*) <= 13: SAT
[MultipleSAT] IdleRange(P*) <= 12: SAT
    SAT | IdleRange(P*)=12 | time=0.353963s | config=R-PW-DE-ST-IRP-NIS-CD-IC12P
[336/396] ticf-13crafc.fixed040-Forb | reduced | maxsat | P=pairwise | G=direct | imp12+
[MaxSAT/UWrMaxSAT] running /home/dclng566/solver-build/uwrmaxsat/build/release/bin/uwrmaxsat with timeout=7199.62s
[MaxSAT/UWrMaxSAT] optimum IdleRange(P*)=12 (cost=12)
[MaxSAT/UWrMaxSAT] process exit code=30
    SAT | IdleRange(P*)=12 | time=0.338984s | config=R-PW-DE-ST-IRP-UW-IC12P
    Excel: /home/dclng566/projects/Business-Meeting-Scheduling-Problem/output/ic12p-gcp-ic12p-20260723T023309Z/main/excel_data_table06_forb/ticf-13crafc.fixed040-Forb.xlsx
Instance forum-14.fixed020-Forb: P×G=pairwise+direct
[337/396] forum-14.fixed020-Forb | full | incremental | P=pairwise | G=direct | imp12+
[IncrementalSAT] initial IdleRange(P*)=19
[IncrementalSAT] IdleRange(P*) <= 9: UNSAT
[IncrementalSAT] IdleRange(P*) <= 14: SAT
[IncrementalSAT] IdleRange(P*) <= 11: SAT
[IncrementalSAT] IdleRange(P*) <= 10: SAT
    SAT | IdleRange(P*)=10 | time=0.936771s | config=F-PW-DE-ST-IRP-IS-CD-IC12P
[338/396] forum-14.fixed020-Forb | full | multiple | P=pairwise | G=direct | imp12+
[MultipleSAT] initial IdleRange(P*)=19
[MultipleSAT] IdleRange(P*) <= 9: UNSAT
[MultipleSAT] IdleRange(P*) <= 14: SAT
[MultipleSAT] IdleRange(P*) <= 11: SAT
[MultipleSAT] IdleRange(P*) <= 10: SAT
    SAT | IdleRange(P*)=10 | time=1.438106s | config=F-PW-DE-ST-IRP-NIS-CD-IC12P
[339/396] forum-14.fixed020-Forb | full | maxsat | P=pairwise | G=direct | imp12+
[MaxSAT/UWrMaxSAT] running /home/dclng566/solver-build/uwrmaxsat/build/release/bin/uwrmaxsat with timeout=7199.08s
[MaxSAT/UWrMaxSAT] optimum IdleRange(P*)=10 (cost=10)
[MaxSAT/UWrMaxSAT] process exit code=30
    SAT | IdleRange(P*)=10 | time=1.314803s | config=F-PW-DE-ST-IRP-UW-IC12P
[340/396] forum-14.fixed020-Forb | reduced | incremental | P=pairwise | G=direct | imp12+
[IncrementalSAT] initial IdleRange(P*)=20
[IncrementalSAT] IdleRange(P*) <= 9: UNSAT
[IncrementalSAT] IdleRange(P*) <= 14: SAT
[IncrementalSAT] IdleRange(P*) <= 11: SAT
[IncrementalSAT] IdleRange(P*) <= 10: SAT
    SAT | IdleRange(P*)=10 | time=0.762258s | config=R-PW-DE-ST-IRP-IS-CD-IC12P
[341/396] forum-14.fixed020-Forb | reduced | multiple | P=pairwise | G=direct | imp12+
[MultipleSAT] initial IdleRange(P*)=20
[MultipleSAT] IdleRange(P*) <= 9: UNSAT
[MultipleSAT] IdleRange(P*) <= 14: SAT
[MultipleSAT] IdleRange(P*) <= 11: SAT
[MultipleSAT] IdleRange(P*) <= 10: SAT
    SAT | IdleRange(P*)=10 | time=1.086924s | config=R-PW-DE-ST-IRP-NIS-CD-IC12P
[342/396] forum-14.fixed020-Forb | reduced | maxsat | P=pairwise | G=direct | imp12+
[MaxSAT/UWrMaxSAT] running /home/dclng566/solver-build/uwrmaxsat/build/release/bin/uwrmaxsat with timeout=7199.16s
[MaxSAT/UWrMaxSAT] optimum IdleRange(P*)=10 (cost=10)
[MaxSAT/UWrMaxSAT] process exit code=30
    SAT | IdleRange(P*)=10 | time=1.076464s | config=R-PW-DE-ST-IRP-UW-IC12P
    Excel: /home/dclng566/projects/Business-Meeting-Scheduling-Problem/output/ic12p-gcp-ic12p-20260723T023309Z/main/excel_data_table06_forb/forum-14.fixed020-Forb.xlsx
Instance ticf-14crafa.fixed040-Forb: P×G=pairwise+direct
[343/396] ticf-14crafa.fixed040-Forb | full | incremental | P=pairwise | G=direct | imp12+
[IncrementalSAT] initial IdleRange(P*)=18
[IncrementalSAT] IdleRange(P*) <= 8: UNSAT
[IncrementalSAT] IdleRange(P*) <= 13: UNSAT
[IncrementalSAT] IdleRange(P*) <= 15: UNSAT
[IncrementalSAT] IdleRange(P*) <= 16: SAT
    SAT | IdleRange(P*)=16 | time=0.666126s | config=F-PW-DE-ST-IRP-IS-CD-IC12P
[344/396] ticf-14crafa.fixed040-Forb | full | multiple | P=pairwise | G=direct | imp12+
[MultipleSAT] initial IdleRange(P*)=18
[MultipleSAT] IdleRange(P*) <= 8: UNSAT
[MultipleSAT] IdleRange(P*) <= 13: UNSAT
[MultipleSAT] IdleRange(P*) <= 15: UNSAT
[MultipleSAT] IdleRange(P*) <= 16: SAT
    SAT | IdleRange(P*)=16 | time=1.119905s | config=F-PW-DE-ST-IRP-NIS-CD-IC12P
[345/396] ticf-14crafa.fixed040-Forb | full | maxsat | P=pairwise | G=direct | imp12+
[MaxSAT/UWrMaxSAT] running /home/dclng566/solver-build/uwrmaxsat/build/release/bin/uwrmaxsat with timeout=7199.28s
[MaxSAT/UWrMaxSAT] optimum IdleRange(P*)=16 (cost=16)
[MaxSAT/UWrMaxSAT] process exit code=30
    SAT | IdleRange(P*)=16 | time=1.150335s | config=F-PW-DE-ST-IRP-UW-IC12P
[346/396] ticf-14crafa.fixed040-Forb | reduced | incremental | P=pairwise | G=direct | imp12+
[IncrementalSAT] initial IdleRange(P*)=18
[IncrementalSAT] IdleRange(P*) <= 8: UNSAT
[IncrementalSAT] IdleRange(P*) <= 13: UNSAT
[IncrementalSAT] IdleRange(P*) <= 15: UNSAT
[IncrementalSAT] IdleRange(P*) <= 16: SAT
    SAT | IdleRange(P*)=16 | time=0.484934s | config=R-PW-DE-ST-IRP-IS-CD-IC12P
[347/396] ticf-14crafa.fixed040-Forb | reduced | multiple | P=pairwise | G=direct | imp12+
[MultipleSAT] initial IdleRange(P*)=18
[MultipleSAT] IdleRange(P*) <= 8: UNSAT
[MultipleSAT] IdleRange(P*) <= 13: UNSAT
[MultipleSAT] IdleRange(P*) <= 15: UNSAT
[MultipleSAT] IdleRange(P*) <= 16: SAT
    SAT | IdleRange(P*)=16 | time=0.791883s | config=R-PW-DE-ST-IRP-NIS-CD-IC12P
[348/396] ticf-14crafa.fixed040-Forb | reduced | maxsat | P=pairwise | G=direct | imp12+
[MaxSAT/UWrMaxSAT] running /home/dclng566/solver-build/uwrmaxsat/build/release/bin/uwrmaxsat with timeout=7199.4s
[MaxSAT/UWrMaxSAT] optimum IdleRange(P*)=16 (cost=16)
[MaxSAT/UWrMaxSAT] process exit code=30
    SAT | IdleRange(P*)=16 | time=0.783847s | config=R-PW-DE-ST-IRP-UW-IC12P
    Excel: /home/dclng566/projects/Business-Meeting-Scheduling-Problem/output/ic12p-gcp-ic12p-20260723T023309Z/main/excel_data_table06_forb/ticf-14crafa.fixed040-Forb.xlsx
Instance forum-13crafb.forb0007: P×G=pairwise+direct
[349/396] forum-13crafb.forb0007 | full | incremental | P=pairwise | G=direct | imp12+
[IncrementalSAT] initial IdleRange(P*)=20
[IncrementalSAT] IdleRange(P*) <= 9: SAT
[IncrementalSAT] IdleRange(P*) <= 4: SAT
[IncrementalSAT] IdleRange(P*) <= 1: UNSAT
[IncrementalSAT] IdleRange(P*) <= 2: SAT
    SAT | IdleRange(P*)=2 | time=0.701353s | config=F-PW-DE-ST-IRP-IS-CD-IC12P
[350/396] forum-13crafb.forb0007 | full | multiple | P=pairwise | G=direct | imp12+
[MultipleSAT] initial IdleRange(P*)=20
[MultipleSAT] IdleRange(P*) <= 9: SAT
[MultipleSAT] IdleRange(P*) <= 4: SAT
[MultipleSAT] IdleRange(P*) <= 1: UNSAT
[MultipleSAT] IdleRange(P*) <= 2: SAT
    SAT | IdleRange(P*)=2 | time=1.657638s | config=F-PW-DE-ST-IRP-NIS-CD-IC12P
[351/396] forum-13crafb.forb0007 | full | maxsat | P=pairwise | G=direct | imp12+
[MaxSAT/UWrMaxSAT] running /home/dclng566/solver-build/uwrmaxsat/build/release/bin/uwrmaxsat with timeout=7199.4s
[MaxSAT/UWrMaxSAT] optimum IdleRange(P*)=2 (cost=2)
[MaxSAT/UWrMaxSAT] process exit code=30
    SAT | IdleRange(P*)=2 | time=1.027224s | config=F-PW-DE-ST-IRP-UW-IC12P
[352/396] forum-13crafb.forb0007 | reduced | incremental | P=pairwise | G=direct | imp12+
[IncrementalSAT] initial IdleRange(P*)=20
[IncrementalSAT] IdleRange(P*) <= 9: SAT
[IncrementalSAT] IdleRange(P*) <= 4: SAT
[IncrementalSAT] IdleRange(P*) <= 1: UNSAT
[IncrementalSAT] IdleRange(P*) <= 2: SAT
    SAT | IdleRange(P*)=2 | time=1.1806s | config=R-PW-DE-ST-IRP-IS-CD-IC12P
[353/396] forum-13crafb.forb0007 | reduced | multiple | P=pairwise | G=direct | imp12+
[MultipleSAT] initial IdleRange(P*)=20
[MultipleSAT] IdleRange(P*) <= 9: SAT
[MultipleSAT] IdleRange(P*) <= 4: SAT
[MultipleSAT] IdleRange(P*) <= 1: UNSAT
[MultipleSAT] IdleRange(P*) <= 2: SAT
    SAT | IdleRange(P*)=2 | time=0.903669s | config=R-PW-DE-ST-IRP-NIS-CD-IC12P
[354/396] forum-13crafb.forb0007 | reduced | maxsat | P=pairwise | G=direct | imp12+
[MaxSAT/UWrMaxSAT] running /home/dclng566/solver-build/uwrmaxsat/build/release/bin/uwrmaxsat with timeout=7199.43s
[MaxSAT/UWrMaxSAT] optimum IdleRange(P*)=2 (cost=2)
[MaxSAT/UWrMaxSAT] process exit code=30
    SAT | IdleRange(P*)=2 | time=1.661893s | config=R-PW-DE-ST-IRP-UW-IC12P
    Excel: /home/dclng566/projects/Business-Meeting-Scheduling-Problem/output/ic12p-gcp-ic12p-20260723T023309Z/main/excel_data_table06_forb/forum-13crafb.forb0007.xlsx
Instance ticf-14crafa.fixed020-Forb: P×G=pairwise+direct
[355/396] ticf-14crafa.fixed020-Forb | full | incremental | P=pairwise | G=direct | imp12+
[IncrementalSAT] initial IdleRange(P*)=19
[IncrementalSAT] IdleRange(P*) <= 9: UNSAT
[IncrementalSAT] IdleRange(P*) <= 14: UNSAT
[IncrementalSAT] IdleRange(P*) <= 16: SAT
[IncrementalSAT] IdleRange(P*) <= 15: SAT
    SAT | IdleRange(P*)=15 | time=0.956628s | config=F-PW-DE-ST-IRP-IS-CD-IC12P
[356/396] ticf-14crafa.fixed020-Forb | full | multiple | P=pairwise | G=direct | imp12+
[MultipleSAT] initial IdleRange(P*)=19
[MultipleSAT] IdleRange(P*) <= 9: UNSAT
[MultipleSAT] IdleRange(P*) <= 14: UNSAT
[MultipleSAT] IdleRange(P*) <= 16: SAT
[MultipleSAT] IdleRange(P*) <= 15: SAT
    SAT | IdleRange(P*)=15 | time=1.444562s | config=F-PW-DE-ST-IRP-NIS-CD-IC12P
[357/396] ticf-14crafa.fixed020-Forb | full | maxsat | P=pairwise | G=direct | imp12+
[MaxSAT/UWrMaxSAT] running /home/dclng566/solver-build/uwrmaxsat/build/release/bin/uwrmaxsat with timeout=7199.03s
[MaxSAT/UWrMaxSAT] optimum IdleRange(P*)=15 (cost=15)
[MaxSAT/UWrMaxSAT] process exit code=30
    SAT | IdleRange(P*)=15 | time=1.841216s | config=F-PW-DE-ST-IRP-UW-IC12P
[358/396] ticf-14crafa.fixed020-Forb | reduced | incremental | P=pairwise | G=direct | imp12+
[IncrementalSAT] initial IdleRange(P*)=18
[IncrementalSAT] IdleRange(P*) <= 8: UNSAT
[IncrementalSAT] IdleRange(P*) <= 13: UNSAT
[IncrementalSAT] IdleRange(P*) <= 15: SAT
[IncrementalSAT] IdleRange(P*) <= 14: UNSAT
    SAT | IdleRange(P*)=15 | time=0.822626s | config=R-PW-DE-ST-IRP-IS-CD-IC12P
[359/396] ticf-14crafa.fixed020-Forb | reduced | multiple | P=pairwise | G=direct | imp12+
[MultipleSAT] initial IdleRange(P*)=18
[MultipleSAT] IdleRange(P*) <= 8: UNSAT
[MultipleSAT] IdleRange(P*) <= 13: UNSAT
[MultipleSAT] IdleRange(P*) <= 15: SAT
[MultipleSAT] IdleRange(P*) <= 14: UNSAT
    SAT | IdleRange(P*)=15 | time=1.17183s | config=R-PW-DE-ST-IRP-NIS-CD-IC12P
[360/396] ticf-14crafa.fixed020-Forb | reduced | maxsat | P=pairwise | G=direct | imp12+
[MaxSAT/UWrMaxSAT] running /home/dclng566/solver-build/uwrmaxsat/build/release/bin/uwrmaxsat with timeout=7199.1s
[MaxSAT/UWrMaxSAT] optimum IdleRange(P*)=15 (cost=15)
[MaxSAT/UWrMaxSAT] process exit code=30
    SAT | IdleRange(P*)=15 | time=1.587083s | config=R-PW-DE-ST-IRP-UW-IC12P
    Excel: /home/dclng566/projects/Business-Meeting-Scheduling-Problem/output/ic12p-gcp-ic12p-20260723T023309Z/main/excel_data_table06_forb/ticf-14crafa.fixed020-Forb.xlsx
Instance forum-13crafc.fixed020-Forb: P×G=pairwise+direct
[361/396] forum-13crafc.fixed020-Forb | full | incremental | P=pairwise | G=direct | imp12+
[IncrementalSAT] initial IdleRange(P*)=15
[IncrementalSAT] IdleRange(P*) <= 7: UNSAT
[IncrementalSAT] IdleRange(P*) <= 11: SAT
[IncrementalSAT] IdleRange(P*) <= 9: UNSAT
[IncrementalSAT] IdleRange(P*) <= 10: SAT
    SAT | IdleRange(P*)=10 | time=0.377326s | config=F-PW-DE-ST-IRP-IS-CD-IC12P
[362/396] forum-13crafc.fixed020-Forb | full | multiple | P=pairwise | G=direct | imp12+
[MultipleSAT] initial IdleRange(P*)=15
[MultipleSAT] IdleRange(P*) <= 7: UNSAT
[MultipleSAT] IdleRange(P*) <= 11: SAT
[MultipleSAT] IdleRange(P*) <= 9: UNSAT
[MultipleSAT] IdleRange(P*) <= 10: SAT
    SAT | IdleRange(P*)=10 | time=0.645714s | config=F-PW-DE-ST-IRP-NIS-CD-IC12P
[363/396] forum-13crafc.fixed020-Forb | full | maxsat | P=pairwise | G=direct | imp12+
[MaxSAT/UWrMaxSAT] running /home/dclng566/solver-build/uwrmaxsat/build/release/bin/uwrmaxsat with timeout=7199.5s
[MaxSAT/UWrMaxSAT] optimum IdleRange(P*)=10 (cost=10)
[MaxSAT/UWrMaxSAT] process exit code=30
    SAT | IdleRange(P*)=10 | time=0.621798s | config=F-PW-DE-ST-IRP-UW-IC12P
[364/396] forum-13crafc.fixed020-Forb | reduced | incremental | P=pairwise | G=direct | imp12+
[IncrementalSAT] initial IdleRange(P*)=15
[IncrementalSAT] IdleRange(P*) <= 7: UNSAT
[IncrementalSAT] IdleRange(P*) <= 11: SAT
[IncrementalSAT] IdleRange(P*) <= 9: UNSAT
[IncrementalSAT] IdleRange(P*) <= 10: SAT
    SAT | IdleRange(P*)=10 | time=0.303486s | config=R-PW-DE-ST-IRP-IS-CD-IC12P
[365/396] forum-13crafc.fixed020-Forb | reduced | multiple | P=pairwise | G=direct | imp12+
[MultipleSAT] initial IdleRange(P*)=15
[MultipleSAT] IdleRange(P*) <= 7: UNSAT
[MultipleSAT] IdleRange(P*) <= 11: SAT
[MultipleSAT] IdleRange(P*) <= 9: UNSAT
[MultipleSAT] IdleRange(P*) <= 10: SAT
    SAT | IdleRange(P*)=10 | time=0.488635s | config=R-PW-DE-ST-IRP-NIS-CD-IC12P
[366/396] forum-13crafc.fixed020-Forb | reduced | maxsat | P=pairwise | G=direct | imp12+
[MaxSAT/UWrMaxSAT] running /home/dclng566/solver-build/uwrmaxsat/build/release/bin/uwrmaxsat with timeout=7199.55s
[MaxSAT/UWrMaxSAT] optimum IdleRange(P*)=10 (cost=10)
[MaxSAT/UWrMaxSAT] process exit code=30
    SAT | IdleRange(P*)=10 | time=0.476597s | config=R-PW-DE-ST-IRP-UW-IC12P
    Excel: /home/dclng566/projects/Business-Meeting-Scheduling-Problem/output/ic12p-gcp-ic12p-20260723T023309Z/main/excel_data_table06_forb/forum-13crafc.fixed020-Forb.xlsx
Instance forum-13.forb0007: P×G=pairwise+direct
[367/396] forum-13.forb0007 | full | incremental | P=pairwise | G=direct | imp12+
[IncrementalSAT] initial IdleRange(P*)=12
[IncrementalSAT] IdleRange(P*) <= 5: SAT
[IncrementalSAT] IdleRange(P*) <= 2: SAT
[IncrementalSAT] IdleRange(P*) <= 0: SAT
    SAT | IdleRange(P*)=0 | time=0.538812s | config=F-PW-DE-ST-IRP-IS-CD-IC12P
[368/396] forum-13.forb0007 | full | multiple | P=pairwise | G=direct | imp12+
[MultipleSAT] initial IdleRange(P*)=12
[MultipleSAT] IdleRange(P*) <= 5: SAT
[MultipleSAT] IdleRange(P*) <= 2: SAT
[MultipleSAT] IdleRange(P*) <= 0: SAT
    SAT | IdleRange(P*)=0 | time=0.654984s | config=F-PW-DE-ST-IRP-NIS-CD-IC12P
[369/396] forum-13.forb0007 | full | maxsat | P=pairwise | G=direct | imp12+
[MaxSAT/UWrMaxSAT] running /home/dclng566/solver-build/uwrmaxsat/build/release/bin/uwrmaxsat with timeout=7199.52s
[MaxSAT/UWrMaxSAT] optimum IdleRange(P*)=0 (cost=0)
[MaxSAT/UWrMaxSAT] process exit code=30
    SAT | IdleRange(P*)=0 | time=0.76669s | config=F-PW-DE-ST-IRP-UW-IC12P
[370/396] forum-13.forb0007 | reduced | incremental | P=pairwise | G=direct | imp12+
[IncrementalSAT] initial IdleRange(P*)=12
[IncrementalSAT] IdleRange(P*) <= 5: SAT
[IncrementalSAT] IdleRange(P*) <= 2: SAT
[IncrementalSAT] IdleRange(P*) <= 0: SAT
    SAT | IdleRange(P*)=0 | time=0.499663s | config=R-PW-DE-ST-IRP-IS-CD-IC12P
[371/396] forum-13.forb0007 | reduced | multiple | P=pairwise | G=direct | imp12+
[MultipleSAT] initial IdleRange(P*)=12
[MultipleSAT] IdleRange(P*) <= 5: SAT
[MultipleSAT] IdleRange(P*) <= 2: SAT
[MultipleSAT] IdleRange(P*) <= 0: SAT
    SAT | IdleRange(P*)=0 | time=0.58167s | config=R-PW-DE-ST-IRP-NIS-CD-IC12P
[372/396] forum-13.forb0007 | reduced | maxsat | P=pairwise | G=direct | imp12+
[MaxSAT/UWrMaxSAT] running /home/dclng566/solver-build/uwrmaxsat/build/release/bin/uwrmaxsat with timeout=7199.54s
[MaxSAT/UWrMaxSAT] optimum IdleRange(P*)=0 (cost=0)
[MaxSAT/UWrMaxSAT] process exit code=30
    SAT | IdleRange(P*)=0 | time=0.674661s | config=R-PW-DE-ST-IRP-UW-IC12P
    Excel: /home/dclng566/projects/Business-Meeting-Scheduling-Problem/output/ic12p-gcp-ic12p-20260723T023309Z/main/excel_data_table06_forb/forum-13.forb0007.xlsx
Instance forumt-14.fixed040-Forb: P×G=pairwise+direct
[373/396] forumt-14.fixed040-Forb | full | incremental | P=pairwise | G=direct | imp12+
    UNSAT | IdleRange(P*)=None | time=0.099155s | config=F-PW-DE-ST-IRP-IS-CD-IC12P
[374/396] forumt-14.fixed040-Forb | full | multiple | P=pairwise | G=direct | imp12+
    UNSAT | IdleRange(P*)=None | time=0.09982s | config=F-PW-DE-ST-IRP-NIS-CD-IC12P
[375/396] forumt-14.fixed040-Forb | full | maxsat | P=pairwise | G=direct | imp12+
[MaxSAT/UWrMaxSAT] running /home/dclng566/solver-build/uwrmaxsat/build/release/bin/uwrmaxsat with timeout=7199.67s
    UNSAT | IdleRange(P*)=None | time=0.186464s | config=F-PW-DE-ST-IRP-UW-IC12P
[376/396] forumt-14.fixed040-Forb | reduced | incremental | P=pairwise | G=direct | imp12+
    UNSAT | IdleRange(P*)=None | time=0.061888s | config=R-PW-DE-ST-IRP-IS-CD-IC12P
[377/396] forumt-14.fixed040-Forb | reduced | multiple | P=pairwise | G=direct | imp12+
    UNSAT | IdleRange(P*)=None | time=0.065935s | config=R-PW-DE-ST-IRP-NIS-CD-IC12P
[378/396] forumt-14.fixed040-Forb | reduced | maxsat | P=pairwise | G=direct | imp12+
[MaxSAT/UWrMaxSAT] running /home/dclng566/solver-build/uwrmaxsat/build/release/bin/uwrmaxsat with timeout=7199.69s
    UNSAT | IdleRange(P*)=None | time=0.11281s | config=R-PW-DE-ST-IRP-UW-IC12P
    Excel: /home/dclng566/projects/Business-Meeting-Scheduling-Problem/output/ic12p-gcp-ic12p-20260723T023309Z/main/excel_data_table06_forb/forumt-14.fixed040-Forb.xlsx
Instance tic-12.fixed020-Forb: P×G=pairwise+direct
[379/396] tic-12.fixed020-Forb | full | incremental | P=pairwise | G=direct | imp12+
[IncrementalSAT] initial IdleRange(P*)=6
[IncrementalSAT] IdleRange(P*) <= 2: UNSAT
[IncrementalSAT] IdleRange(P*) <= 4: SAT
[IncrementalSAT] IdleRange(P*) <= 3: UNSAT
    SAT | IdleRange(P*)=4 | time=0.050521s | config=F-PW-DE-ST-IRP-IS-CD-IC12P
[380/396] tic-12.fixed020-Forb | full | multiple | P=pairwise | G=direct | imp12+
[MultipleSAT] initial IdleRange(P*)=6
[MultipleSAT] IdleRange(P*) <= 2: UNSAT
[MultipleSAT] IdleRange(P*) <= 4: SAT
[MultipleSAT] IdleRange(P*) <= 3: UNSAT
    SAT | IdleRange(P*)=4 | time=0.069336s | config=F-PW-DE-ST-IRP-NIS-CD-IC12P
[381/396] tic-12.fixed020-Forb | full | maxsat | P=pairwise | G=direct | imp12+
[MaxSAT/UWrMaxSAT] running /home/dclng566/solver-build/uwrmaxsat/build/release/bin/uwrmaxsat with timeout=7199.71s
[MaxSAT/UWrMaxSAT] optimum IdleRange(P*)=4 (cost=4)
[MaxSAT/UWrMaxSAT] process exit code=30
    SAT | IdleRange(P*)=4 | time=0.081182s | config=F-PW-DE-ST-IRP-UW-IC12P
[382/396] tic-12.fixed020-Forb | reduced | incremental | P=pairwise | G=direct | imp12+
[IncrementalSAT] initial IdleRange(P*)=6
[IncrementalSAT] IdleRange(P*) <= 2: UNSAT
[IncrementalSAT] IdleRange(P*) <= 4: SAT
[IncrementalSAT] IdleRange(P*) <= 3: UNSAT
    SAT | IdleRange(P*)=4 | time=0.042723s | config=R-PW-DE-ST-IRP-IS-CD-IC12P
[383/396] tic-12.fixed020-Forb | reduced | multiple | P=pairwise | G=direct | imp12+
[MultipleSAT] initial IdleRange(P*)=6
[MultipleSAT] IdleRange(P*) <= 2: UNSAT
[MultipleSAT] IdleRange(P*) <= 4: SAT
[MultipleSAT] IdleRange(P*) <= 3: UNSAT
    SAT | IdleRange(P*)=4 | time=0.054687s | config=R-PW-DE-ST-IRP-NIS-CD-IC12P
[384/396] tic-12.fixed020-Forb | reduced | maxsat | P=pairwise | G=direct | imp12+
[MaxSAT/UWrMaxSAT] running /home/dclng566/solver-build/uwrmaxsat/build/release/bin/uwrmaxsat with timeout=7199.71s
[MaxSAT/UWrMaxSAT] optimum IdleRange(P*)=4 (cost=4)
[MaxSAT/UWrMaxSAT] process exit code=30
    SAT | IdleRange(P*)=4 | time=0.066796s | config=R-PW-DE-ST-IRP-UW-IC12P
    Excel: /home/dclng566/projects/Business-Meeting-Scheduling-Problem/output/ic12p-gcp-ic12p-20260723T023309Z/main/excel_data_table06_forb/tic-12.fixed020-Forb.xlsx
Instance ticf-13crafb.fixed040-Forb: P×G=pairwise+direct
[385/396] ticf-13crafb.fixed040-Forb | full | incremental | P=pairwise | G=direct | imp12+
    UNSAT | IdleRange(P*)=None | time=0.260776s | config=F-PW-DE-ST-IRP-IS-CD-IC12P
[386/396] ticf-13crafb.fixed040-Forb | full | multiple | P=pairwise | G=direct | imp12+
    UNSAT | IdleRange(P*)=None | time=0.255805s | config=F-PW-DE-ST-IRP-NIS-CD-IC12P
[387/396] ticf-13crafb.fixed040-Forb | full | maxsat | P=pairwise | G=direct | imp12+
[MaxSAT/UWrMaxSAT] running /home/dclng566/solver-build/uwrmaxsat/build/release/bin/uwrmaxsat with timeout=7199.54s
    UNSAT | IdleRange(P*)=None | time=0.542535s | config=F-PW-DE-ST-IRP-UW-IC12P
[388/396] ticf-13crafb.fixed040-Forb | reduced | incremental | P=pairwise | G=direct | imp12+
    UNSAT | IdleRange(P*)=None | time=0.160465s | config=R-PW-DE-ST-IRP-IS-CD-IC12P
[389/396] ticf-13crafb.fixed040-Forb | reduced | multiple | P=pairwise | G=direct | imp12+
    UNSAT | IdleRange(P*)=None | time=0.158699s | config=R-PW-DE-ST-IRP-NIS-CD-IC12P
[390/396] ticf-13crafb.fixed040-Forb | reduced | maxsat | P=pairwise | G=direct | imp12+
[MaxSAT/UWrMaxSAT] running /home/dclng566/solver-build/uwrmaxsat/build/release/bin/uwrmaxsat with timeout=7199.62s
    UNSAT | IdleRange(P*)=None | time=0.34063s | config=R-PW-DE-ST-IRP-UW-IC12P
    Excel: /home/dclng566/projects/Business-Meeting-Scheduling-Problem/output/ic12p-gcp-ic12p-20260723T023309Z/main/excel_data_table06_forb/ticf-13crafb.fixed040-Forb.xlsx
Instance forumt-14crafd.forb0007: P×G=pairwise+direct
[391/396] forumt-14crafd.forb0007 | full | incremental | P=pairwise | G=direct | imp12+
    UNSAT | IdleRange(P*)=None | time=0.095581s | config=F-PW-DE-ST-IRP-IS-CD-IC12P
[392/396] forumt-14crafd.forb0007 | full | multiple | P=pairwise | G=direct | imp12+
    UNSAT | IdleRange(P*)=None | time=0.090608s | config=F-PW-DE-ST-IRP-NIS-CD-IC12P
[393/396] forumt-14crafd.forb0007 | full | maxsat | P=pairwise | G=direct | imp12+
[MaxSAT/UWrMaxSAT] running /home/dclng566/solver-build/uwrmaxsat/build/release/bin/uwrmaxsat with timeout=7199.67s
    UNSAT | IdleRange(P*)=None | time=0.184278s | config=F-PW-DE-ST-IRP-UW-IC12P
[394/396] forumt-14crafd.forb0007 | reduced | incremental | P=pairwise | G=direct | imp12+
    UNSAT | IdleRange(P*)=None | time=0.087105s | config=R-PW-DE-ST-IRP-IS-CD-IC12P
[395/396] forumt-14crafd.forb0007 | reduced | multiple | P=pairwise | G=direct | imp12+
    UNSAT | IdleRange(P*)=None | time=0.084678s | config=R-PW-DE-ST-IRP-NIS-CD-IC12P
[396/396] forumt-14crafd.forb0007 | reduced | maxsat | P=pairwise | G=direct | imp12+
[MaxSAT/UWrMaxSAT] running /home/dclng566/solver-build/uwrmaxsat/build/release/bin/uwrmaxsat with timeout=7199.68s
    UNSAT | IdleRange(P*)=None | time=0.174479s | config=R-PW-DE-ST-IRP-UW-IC12P
    Excel: /home/dclng566/projects/Business-Meeting-Scheduling-Problem/output/ic12p-gcp-ic12p-20260723T023309Z/main/excel_data_table06_forb/forumt-14crafd.forb0007.xlsx
Detailed CSV: /home/dclng566/projects/Business-Meeting-Scheduling-Problem/output/ic12p-gcp-ic12p-20260723T023309Z/main/data_table06_forb_detailed.csv
Aggregate CSV: /home/dclng566/projects/Business-Meeting-Scheduling-Problem/output/ic12p-gcp-ic12p-20260723T023309Z/main/data_table06_forb_aggregate.csv
Per-instance Excel directory: /home/dclng566/projects/Business-Meeting-Scheduling-Problem/output/ic12p-gcp-ic12p-20260723T023309Z/main/excel_data_table06_forb
Completed with errors=0, timeouts=0.
