B2B conference benchmark: 960 run(s), objective=IdleRange(P*)
Canonical instances: 40 (family=all, SHA-256 deduplicated)
Domain mode(s): full, reduced
MaxSAT backend: uwrmaxsat
SAT backend: cadical
Instance tic-13crafb.prec15: P×G=pairwise+direct, pairwise+distance_closure, sparse_suffix+direct, sparse_suffix+distance_closure
[1/960] tic-13crafb.prec15 | full | incremental | P=pairwise | G=direct | imp12+
[IncrementalSAT] initial IdleRange(P*)=8
[IncrementalSAT] IdleRange(P*) <= 3: SAT
[IncrementalSAT] IdleRange(P*) <= 1: SAT
[IncrementalSAT] IdleRange(P*) <= 0: SAT
    SAT | IdleRange(P*)=0 | time=0.299028s | config=F-PW-DE-ST-IRP-IS-CD-IC12P
[2/960] tic-13crafb.prec15 | full | multiple | P=pairwise | G=direct | imp12+
[MultipleSAT] initial IdleRange(P*)=8
[MultipleSAT] IdleRange(P*) <= 3: SAT
[MultipleSAT] IdleRange(P*) <= 1: SAT
[MultipleSAT] IdleRange(P*) <= 0: SAT
    SAT | IdleRange(P*)=0 | time=0.359496s | config=F-PW-DE-ST-IRP-NIS-CD-IC12P
[3/960] tic-13crafb.prec15 | full | maxsat | P=pairwise | G=direct | imp12+
[MaxSAT/UWrMaxSAT] running /home/dclng566/solver-build/uwrmaxsat/build/release/bin/uwrmaxsat with timeout=7199.58s
[MaxSAT/UWrMaxSAT] optimum IdleRange(P*)=0 (cost=0)
[MaxSAT/UWrMaxSAT] process exit code=30
    SAT | IdleRange(P*)=0 | time=0.446502s | config=F-PW-DE-ST-IRP-UW-IC12P
[4/960] tic-13crafb.prec15 | full | incremental | P=pairwise | G=distance_closure | imp12+
[IncrementalSAT] initial IdleRange(P*)=5
[IncrementalSAT] IdleRange(P*) <= 2: SAT
[IncrementalSAT] IdleRange(P*) <= 0: SAT
    SAT | IdleRange(P*)=0 | time=0.236089s | config=F-PW-DC-ST-IRP-IS-CD-IC12P
[5/960] tic-13crafb.prec15 | full | multiple | P=pairwise | G=distance_closure | imp12+
[MultipleSAT] initial IdleRange(P*)=5
[MultipleSAT] IdleRange(P*) <= 2: SAT
[MultipleSAT] IdleRange(P*) <= 0: SAT
    SAT | IdleRange(P*)=0 | time=0.283574s | config=F-PW-DC-ST-IRP-NIS-CD-IC12P
[6/960] tic-13crafb.prec15 | full | maxsat | P=pairwise | G=distance_closure | imp12+
[MaxSAT/UWrMaxSAT] running /home/dclng566/solver-build/uwrmaxsat/build/release/bin/uwrmaxsat with timeout=7199.58s
[MaxSAT/UWrMaxSAT] optimum IdleRange(P*)=0 (cost=0)
[MaxSAT/UWrMaxSAT] process exit code=30
    SAT | IdleRange(P*)=0 | time=0.459743s | config=F-PW-DC-ST-IRP-UW-IC12P
[7/960] tic-13crafb.prec15 | full | incremental | P=sparse_suffix | G=direct | imp12+
[IncrementalSAT] initial IdleRange(P*)=5
[IncrementalSAT] IdleRange(P*) <= 2: SAT
[IncrementalSAT] IdleRange(P*) <= 0: SAT
    SAT | IdleRange(P*)=0 | time=0.252165s | config=F-SS-DE-ST-IRP-IS-CD-IC12P
[8/960] tic-13crafb.prec15 | full | multiple | P=sparse_suffix | G=direct | imp12+
[MultipleSAT] initial IdleRange(P*)=5
[MultipleSAT] IdleRange(P*) <= 2: SAT
[MultipleSAT] IdleRange(P*) <= 0: SAT
    SAT | IdleRange(P*)=0 | time=0.294038s | config=F-SS-DE-ST-IRP-NIS-CD-IC12P
[9/960] tic-13crafb.prec15 | full | maxsat | P=sparse_suffix | G=direct | imp12+
[MaxSAT/UWrMaxSAT] running /home/dclng566/solver-build/uwrmaxsat/build/release/bin/uwrmaxsat with timeout=7199.58s
[MaxSAT/UWrMaxSAT] optimum IdleRange(P*)=0 (cost=0)
[MaxSAT/UWrMaxSAT] process exit code=30
    SAT | IdleRange(P*)=0 | time=0.45042s | config=F-SS-DE-ST-IRP-UW-IC12P
[10/960] tic-13crafb.prec15 | full | incremental | P=sparse_suffix | G=distance_closure | imp12+
[IncrementalSAT] initial IdleRange(P*)=5
[IncrementalSAT] IdleRange(P*) <= 2: SAT
[IncrementalSAT] IdleRange(P*) <= 0: SAT
    SAT | IdleRange(P*)=0 | time=0.231374s | config=F-SS-DC-ST-IRP-IS-CD-IC12P
[11/960] tic-13crafb.prec15 | full | multiple | P=sparse_suffix | G=distance_closure | imp12+
[MultipleSAT] initial IdleRange(P*)=5
[MultipleSAT] IdleRange(P*) <= 2: SAT
[MultipleSAT] IdleRange(P*) <= 0: SAT
    SAT | IdleRange(P*)=0 | time=0.316328s | config=F-SS-DC-ST-IRP-NIS-CD-IC12P
[12/960] tic-13crafb.prec15 | full | maxsat | P=sparse_suffix | G=distance_closure | imp12+
[MaxSAT/UWrMaxSAT] running /home/dclng566/solver-build/uwrmaxsat/build/release/bin/uwrmaxsat with timeout=7199.58s
[MaxSAT/UWrMaxSAT] optimum IdleRange(P*)=0 (cost=0)
[MaxSAT/UWrMaxSAT] process exit code=30
    SAT | IdleRange(P*)=0 | time=0.427364s | config=F-SS-DC-ST-IRP-UW-IC12P
[13/960] tic-13crafb.prec15 | reduced | incremental | P=pairwise | G=direct | imp12+
[IncrementalSAT] initial IdleRange(P*)=7
[IncrementalSAT] IdleRange(P*) <= 3: SAT
[IncrementalSAT] IdleRange(P*) <= 1: SAT
[IncrementalSAT] IdleRange(P*) <= 0: SAT
    SAT | IdleRange(P*)=0 | time=0.291274s | config=R-PW-DE-ST-IRP-IS-CD-IC12P
[14/960] tic-13crafb.prec15 | reduced | multiple | P=pairwise | G=direct | imp12+
[MultipleSAT] initial IdleRange(P*)=7
[MultipleSAT] IdleRange(P*) <= 3: SAT
[MultipleSAT] IdleRange(P*) <= 1: SAT
[MultipleSAT] IdleRange(P*) <= 0: SAT
    SAT | IdleRange(P*)=0 | time=0.452081s | config=R-PW-DE-ST-IRP-NIS-CD-IC12P
[15/960] tic-13crafb.prec15 | reduced | maxsat | P=pairwise | G=direct | imp12+
[MaxSAT/UWrMaxSAT] running /home/dclng566/solver-build/uwrmaxsat/build/release/bin/uwrmaxsat with timeout=7199.58s
[MaxSAT/UWrMaxSAT] optimum IdleRange(P*)=0 (cost=0)
[MaxSAT/UWrMaxSAT] process exit code=30
    SAT | IdleRange(P*)=0 | time=0.44585s | config=R-PW-DE-ST-IRP-UW-IC12P
[16/960] tic-13crafb.prec15 | reduced | incremental | P=pairwise | G=distance_closure | imp12+
[IncrementalSAT] initial IdleRange(P*)=5
[IncrementalSAT] IdleRange(P*) <= 2: SAT
[IncrementalSAT] IdleRange(P*) <= 0: SAT
    SAT | IdleRange(P*)=0 | time=0.274213s | config=R-PW-DC-ST-IRP-IS-CD-IC12P
[17/960] tic-13crafb.prec15 | reduced | multiple | P=pairwise | G=distance_closure | imp12+
[MultipleSAT] initial IdleRange(P*)=5
[MultipleSAT] IdleRange(P*) <= 2: SAT
[MultipleSAT] IdleRange(P*) <= 0: SAT
    SAT | IdleRange(P*)=0 | time=0.381505s | config=R-PW-DC-ST-IRP-NIS-CD-IC12P
[18/960] tic-13crafb.prec15 | reduced | maxsat | P=pairwise | G=distance_closure | imp12+
[MaxSAT/UWrMaxSAT] running /home/dclng566/solver-build/uwrmaxsat/build/release/bin/uwrmaxsat with timeout=7199.58s
[MaxSAT/UWrMaxSAT] optimum IdleRange(P*)=0 (cost=0)
[MaxSAT/UWrMaxSAT] process exit code=30
    SAT | IdleRange(P*)=0 | time=0.424664s | config=R-PW-DC-ST-IRP-UW-IC12P
[19/960] tic-13crafb.prec15 | reduced | incremental | P=sparse_suffix | G=direct | imp12+
[IncrementalSAT] initial IdleRange(P*)=8
[IncrementalSAT] IdleRange(P*) <= 3: SAT
[IncrementalSAT] IdleRange(P*) <= 1: SAT
[IncrementalSAT] IdleRange(P*) <= 0: SAT
    SAT | IdleRange(P*)=0 | time=0.27756s | config=R-SS-DE-ST-IRP-IS-CD-IC12P
[20/960] tic-13crafb.prec15 | reduced | multiple | P=sparse_suffix | G=direct | imp12+
[MultipleSAT] initial IdleRange(P*)=8
[MultipleSAT] IdleRange(P*) <= 3: SAT
[MultipleSAT] IdleRange(P*) <= 1: SAT
[MultipleSAT] IdleRange(P*) <= 0: SAT
    SAT | IdleRange(P*)=0 | time=0.352446s | config=R-SS-DE-ST-IRP-NIS-CD-IC12P
[21/960] tic-13crafb.prec15 | reduced | maxsat | P=sparse_suffix | G=direct | imp12+
[MaxSAT/UWrMaxSAT] running /home/dclng566/solver-build/uwrmaxsat/build/release/bin/uwrmaxsat with timeout=7199.58s
[MaxSAT/UWrMaxSAT] optimum IdleRange(P*)=0 (cost=0)
[MaxSAT/UWrMaxSAT] process exit code=30
    SAT | IdleRange(P*)=0 | time=0.444669s | config=R-SS-DE-ST-IRP-UW-IC12P
[22/960] tic-13crafb.prec15 | reduced | incremental | P=sparse_suffix | G=distance_closure | imp12+
[IncrementalSAT] initial IdleRange(P*)=5
[IncrementalSAT] IdleRange(P*) <= 2: SAT
[IncrementalSAT] IdleRange(P*) <= 0: SAT
    SAT | IdleRange(P*)=0 | time=0.232309s | config=R-SS-DC-ST-IRP-IS-CD-IC12P
[23/960] tic-13crafb.prec15 | reduced | multiple | P=sparse_suffix | G=distance_closure | imp12+
[MultipleSAT] initial IdleRange(P*)=5
[MultipleSAT] IdleRange(P*) <= 2: SAT
[MultipleSAT] IdleRange(P*) <= 0: SAT
    SAT | IdleRange(P*)=0 | time=0.34808s | config=R-SS-DC-ST-IRP-NIS-CD-IC12P
[24/960] tic-13crafb.prec15 | reduced | maxsat | P=sparse_suffix | G=distance_closure | imp12+
[MaxSAT/UWrMaxSAT] running /home/dclng566/solver-build/uwrmaxsat/build/release/bin/uwrmaxsat with timeout=7199.58s
[MaxSAT/UWrMaxSAT] optimum IdleRange(P*)=0 (cost=0)
[MaxSAT/UWrMaxSAT] process exit code=30
    SAT | IdleRange(P*)=0 | time=0.42594s | config=R-SS-DC-ST-IRP-UW-IC12P
    Excel: /home/dclng566/projects/Business-Meeting-Scheduling-Problem/output/ic12p-gcp-ic12p-20260723T023309Z/main/excel_data_table08_prec/tic-13crafb.prec15.xlsx
Instance forum-13crafc.prec15: P×G=pairwise+direct, pairwise+distance_closure, sparse_suffix+direct, sparse_suffix+distance_closure
[25/960] forum-13crafc.prec15 | full | incremental | P=pairwise | G=direct | imp12+
[IncrementalSAT] initial IdleRange(P*)=17
[IncrementalSAT] IdleRange(P*) <= 8: SAT
[IncrementalSAT] IdleRange(P*) <= 3: SAT
[IncrementalSAT] IdleRange(P*) <= 1: SAT
[IncrementalSAT] IdleRange(P*) <= 0: SAT
    SAT | IdleRange(P*)=0 | time=3.415882s | config=F-PW-DE-ST-IRP-IS-CD-IC12P
[26/960] forum-13crafc.prec15 | full | multiple | P=pairwise | G=direct | imp12+
[MultipleSAT] initial IdleRange(P*)=17
[MultipleSAT] IdleRange(P*) <= 8: SAT
[MultipleSAT] IdleRange(P*) <= 3: SAT
[MultipleSAT] IdleRange(P*) <= 1: SAT
[MultipleSAT] IdleRange(P*) <= 0: SAT
    SAT | IdleRange(P*)=0 | time=1.208853s | config=F-PW-DE-ST-IRP-NIS-CD-IC12P
[27/960] forum-13crafc.prec15 | full | maxsat | P=pairwise | G=direct | imp12+
[MaxSAT/UWrMaxSAT] running /home/dclng566/solver-build/uwrmaxsat/build/release/bin/uwrmaxsat with timeout=7199.44s
[MaxSAT/UWrMaxSAT] optimum IdleRange(P*)=0 (cost=0)
[MaxSAT/UWrMaxSAT] process exit code=30
    SAT | IdleRange(P*)=0 | time=0.914898s | config=F-PW-DE-ST-IRP-UW-IC12P
[28/960] forum-13crafc.prec15 | full | incremental | P=pairwise | G=distance_closure | imp12+
[IncrementalSAT] initial IdleRange(P*)=17
[IncrementalSAT] IdleRange(P*) <= 8: SAT
[IncrementalSAT] IdleRange(P*) <= 3: SAT
[IncrementalSAT] IdleRange(P*) <= 1: SAT
[IncrementalSAT] IdleRange(P*) <= 0: SAT
    SAT | IdleRange(P*)=0 | time=3.42696s | config=F-PW-DC-ST-IRP-IS-CD-IC12P
[29/960] forum-13crafc.prec15 | full | multiple | P=pairwise | G=distance_closure | imp12+
[MultipleSAT] initial IdleRange(P*)=17
[MultipleSAT] IdleRange(P*) <= 8: SAT
[MultipleSAT] IdleRange(P*) <= 3: SAT
[MultipleSAT] IdleRange(P*) <= 1: SAT
[MultipleSAT] IdleRange(P*) <= 0: SAT
    SAT | IdleRange(P*)=0 | time=1.22326s | config=F-PW-DC-ST-IRP-NIS-CD-IC12P
[30/960] forum-13crafc.prec15 | full | maxsat | P=pairwise | G=distance_closure | imp12+
[MaxSAT/UWrMaxSAT] running /home/dclng566/solver-build/uwrmaxsat/build/release/bin/uwrmaxsat with timeout=7199.43s
[MaxSAT/UWrMaxSAT] optimum IdleRange(P*)=0 (cost=0)
[MaxSAT/UWrMaxSAT] process exit code=30
    SAT | IdleRange(P*)=0 | time=0.915347s | config=F-PW-DC-ST-IRP-UW-IC12P
[31/960] forum-13crafc.prec15 | full | incremental | P=sparse_suffix | G=direct | imp12+
[IncrementalSAT] initial IdleRange(P*)=17
[IncrementalSAT] IdleRange(P*) <= 8: SAT
[IncrementalSAT] IdleRange(P*) <= 3: SAT
[IncrementalSAT] IdleRange(P*) <= 1: SAT
[IncrementalSAT] IdleRange(P*) <= 0: SAT
    SAT | IdleRange(P*)=0 | time=2.381266s | config=F-SS-DE-ST-IRP-IS-CD-IC12P
[32/960] forum-13crafc.prec15 | full | multiple | P=sparse_suffix | G=direct | imp12+
[MultipleSAT] initial IdleRange(P*)=17
[MultipleSAT] IdleRange(P*) <= 8: SAT
[MultipleSAT] IdleRange(P*) <= 3: SAT
[MultipleSAT] IdleRange(P*) <= 1: SAT
[MultipleSAT] IdleRange(P*) <= 0: SAT
    SAT | IdleRange(P*)=0 | time=1.289553s | config=F-SS-DE-ST-IRP-NIS-CD-IC12P
[33/960] forum-13crafc.prec15 | full | maxsat | P=sparse_suffix | G=direct | imp12+
[MaxSAT/UWrMaxSAT] running /home/dclng566/solver-build/uwrmaxsat/build/release/bin/uwrmaxsat with timeout=7199.44s
[MaxSAT/UWrMaxSAT] optimum IdleRange(P*)=0 (cost=0)
[MaxSAT/UWrMaxSAT] process exit code=30
    SAT | IdleRange(P*)=0 | time=0.874554s | config=F-SS-DE-ST-IRP-UW-IC12P
[34/960] forum-13crafc.prec15 | full | incremental | P=sparse_suffix | G=distance_closure | imp12+
[IncrementalSAT] initial IdleRange(P*)=17
[IncrementalSAT] IdleRange(P*) <= 8: SAT
[IncrementalSAT] IdleRange(P*) <= 3: SAT
[IncrementalSAT] IdleRange(P*) <= 1: SAT
[IncrementalSAT] IdleRange(P*) <= 0: SAT
    SAT | IdleRange(P*)=0 | time=2.361112s | config=F-SS-DC-ST-IRP-IS-CD-IC12P
[35/960] forum-13crafc.prec15 | full | multiple | P=sparse_suffix | G=distance_closure | imp12+
[MultipleSAT] initial IdleRange(P*)=17
[MultipleSAT] IdleRange(P*) <= 8: SAT
[MultipleSAT] IdleRange(P*) <= 3: SAT
[MultipleSAT] IdleRange(P*) <= 1: SAT
[MultipleSAT] IdleRange(P*) <= 0: SAT
    SAT | IdleRange(P*)=0 | time=1.305668s | config=F-SS-DC-ST-IRP-NIS-CD-IC12P
[36/960] forum-13crafc.prec15 | full | maxsat | P=sparse_suffix | G=distance_closure | imp12+
[MaxSAT/UWrMaxSAT] running /home/dclng566/solver-build/uwrmaxsat/build/release/bin/uwrmaxsat with timeout=7199.44s
[MaxSAT/UWrMaxSAT] optimum IdleRange(P*)=0 (cost=0)
[MaxSAT/UWrMaxSAT] process exit code=30
    SAT | IdleRange(P*)=0 | time=0.879425s | config=F-SS-DC-ST-IRP-UW-IC12P
[37/960] forum-13crafc.prec15 | reduced | incremental | P=pairwise | G=direct | imp12+
[IncrementalSAT] initial IdleRange(P*)=18
[IncrementalSAT] IdleRange(P*) <= 8: SAT
[IncrementalSAT] IdleRange(P*) <= 3: SAT
[IncrementalSAT] IdleRange(P*) <= 1: SAT
[IncrementalSAT] IdleRange(P*) <= 0: SAT
    SAT | IdleRange(P*)=0 | time=1.020079s | config=R-PW-DE-ST-IRP-IS-CD-IC12P
[38/960] forum-13crafc.prec15 | reduced | multiple | P=pairwise | G=direct | imp12+
[MultipleSAT] initial IdleRange(P*)=18
[MultipleSAT] IdleRange(P*) <= 8: SAT
[MultipleSAT] IdleRange(P*) <= 3: SAT
[MultipleSAT] IdleRange(P*) <= 1: SAT
[MultipleSAT] IdleRange(P*) <= 0: SAT
    SAT | IdleRange(P*)=0 | time=1.070112s | config=R-PW-DE-ST-IRP-NIS-CD-IC12P
[39/960] forum-13crafc.prec15 | reduced | maxsat | P=pairwise | G=direct | imp12+
[MaxSAT/UWrMaxSAT] running /home/dclng566/solver-build/uwrmaxsat/build/release/bin/uwrmaxsat with timeout=7199.47s
[MaxSAT/UWrMaxSAT] optimum IdleRange(P*)=0 (cost=0)
[MaxSAT/UWrMaxSAT] process exit code=30
    SAT | IdleRange(P*)=0 | time=3.789487s | config=R-PW-DE-ST-IRP-UW-IC12P
[40/960] forum-13crafc.prec15 | reduced | incremental | P=pairwise | G=distance_closure | imp12+
[IncrementalSAT] initial IdleRange(P*)=18
[IncrementalSAT] IdleRange(P*) <= 8: SAT
[IncrementalSAT] IdleRange(P*) <= 3: SAT
[IncrementalSAT] IdleRange(P*) <= 1: SAT
[IncrementalSAT] IdleRange(P*) <= 0: SAT
    SAT | IdleRange(P*)=0 | time=1.020883s | config=R-PW-DC-ST-IRP-IS-CD-IC12P
[41/960] forum-13crafc.prec15 | reduced | multiple | P=pairwise | G=distance_closure | imp12+
[MultipleSAT] initial IdleRange(P*)=18
[MultipleSAT] IdleRange(P*) <= 8: SAT
[MultipleSAT] IdleRange(P*) <= 3: SAT
[MultipleSAT] IdleRange(P*) <= 1: SAT
[MultipleSAT] IdleRange(P*) <= 0: SAT
    SAT | IdleRange(P*)=0 | time=1.053947s | config=R-PW-DC-ST-IRP-NIS-CD-IC12P
[42/960] forum-13crafc.prec15 | reduced | maxsat | P=pairwise | G=distance_closure | imp12+
[MaxSAT/UWrMaxSAT] running /home/dclng566/solver-build/uwrmaxsat/build/release/bin/uwrmaxsat with timeout=7199.47s
[MaxSAT/UWrMaxSAT] optimum IdleRange(P*)=0 (cost=0)
[MaxSAT/UWrMaxSAT] process exit code=30
    SAT | IdleRange(P*)=0 | time=3.789146s | config=R-PW-DC-ST-IRP-UW-IC12P
[43/960] forum-13crafc.prec15 | reduced | incremental | P=sparse_suffix | G=direct | imp12+
[IncrementalSAT] initial IdleRange(P*)=18
[IncrementalSAT] IdleRange(P*) <= 8: SAT
[IncrementalSAT] IdleRange(P*) <= 3: SAT
[IncrementalSAT] IdleRange(P*) <= 1: SAT
[IncrementalSAT] IdleRange(P*) <= 0: SAT
    SAT | IdleRange(P*)=0 | time=1.200907s | config=R-SS-DE-ST-IRP-IS-CD-IC12P
[44/960] forum-13crafc.prec15 | reduced | multiple | P=sparse_suffix | G=direct | imp12+
[MultipleSAT] initial IdleRange(P*)=18
[MultipleSAT] IdleRange(P*) <= 8: SAT
[MultipleSAT] IdleRange(P*) <= 3: SAT
[MultipleSAT] IdleRange(P*) <= 1: SAT
[MultipleSAT] IdleRange(P*) <= 0: SAT
    SAT | IdleRange(P*)=0 | time=1.045277s | config=R-SS-DE-ST-IRP-NIS-CD-IC12P
[45/960] forum-13crafc.prec15 | reduced | maxsat | P=sparse_suffix | G=direct | imp12+
[MaxSAT/UWrMaxSAT] running /home/dclng566/solver-build/uwrmaxsat/build/release/bin/uwrmaxsat with timeout=7199.48s
[MaxSAT/UWrMaxSAT] optimum IdleRange(P*)=0 (cost=0)
[MaxSAT/UWrMaxSAT] process exit code=30
    SAT | IdleRange(P*)=0 | time=0.739124s | config=R-SS-DE-ST-IRP-UW-IC12P
[46/960] forum-13crafc.prec15 | reduced | incremental | P=sparse_suffix | G=distance_closure | imp12+
[IncrementalSAT] initial IdleRange(P*)=18
[IncrementalSAT] IdleRange(P*) <= 8: SAT
[IncrementalSAT] IdleRange(P*) <= 3: SAT
[IncrementalSAT] IdleRange(P*) <= 1: SAT
[IncrementalSAT] IdleRange(P*) <= 0: SAT
    SAT | IdleRange(P*)=0 | time=1.177934s | config=R-SS-DC-ST-IRP-IS-CD-IC12P
[47/960] forum-13crafc.prec15 | reduced | multiple | P=sparse_suffix | G=distance_closure | imp12+
[MultipleSAT] initial IdleRange(P*)=18
[MultipleSAT] IdleRange(P*) <= 8: SAT
[MultipleSAT] IdleRange(P*) <= 3: SAT
[MultipleSAT] IdleRange(P*) <= 1: SAT
[MultipleSAT] IdleRange(P*) <= 0: SAT
    SAT | IdleRange(P*)=0 | time=1.040076s | config=R-SS-DC-ST-IRP-NIS-CD-IC12P
[48/960] forum-13crafc.prec15 | reduced | maxsat | P=sparse_suffix | G=distance_closure | imp12+
[MaxSAT/UWrMaxSAT] running /home/dclng566/solver-build/uwrmaxsat/build/release/bin/uwrmaxsat with timeout=7199.48s
[MaxSAT/UWrMaxSAT] optimum IdleRange(P*)=0 (cost=0)
[MaxSAT/UWrMaxSAT] process exit code=30
    SAT | IdleRange(P*)=0 | time=0.738269s | config=R-SS-DC-ST-IRP-UW-IC12P
    Excel: /home/dclng566/projects/Business-Meeting-Scheduling-Problem/output/ic12p-gcp-ic12p-20260723T023309Z/main/excel_data_table08_prec/forum-13crafc.prec15.xlsx
Instance forumt-14crafd.prec15: P×G=pairwise+direct, pairwise+distance_closure, sparse_suffix+direct, sparse_suffix+distance_closure
[49/960] forumt-14crafd.prec15 | full | incremental | P=pairwise | G=direct | imp12+
[IncrementalSAT] initial IdleRange(P*)=7
[IncrementalSAT] IdleRange(P*) <= 3: SAT
[IncrementalSAT] IdleRange(P*) <= 1: UNSAT
[IncrementalSAT] IdleRange(P*) <= 2: SAT
    SAT | IdleRange(P*)=2 | time=0.266268s | config=F-PW-DE-ST-IRP-IS-CD-IC12P
[50/960] forumt-14crafd.prec15 | full | multiple | P=pairwise | G=direct | imp12+
[MultipleSAT] initial IdleRange(P*)=7
[MultipleSAT] IdleRange(P*) <= 3: SAT
[MultipleSAT] IdleRange(P*) <= 1: UNSAT
[MultipleSAT] IdleRange(P*) <= 2: SAT
    SAT | IdleRange(P*)=2 | time=0.368936s | config=F-PW-DE-ST-IRP-NIS-CD-IC12P
[51/960] forumt-14crafd.prec15 | full | maxsat | P=pairwise | G=direct | imp12+
[MaxSAT/UWrMaxSAT] running /home/dclng566/solver-build/uwrmaxsat/build/release/bin/uwrmaxsat with timeout=7199.53s
[MaxSAT/UWrMaxSAT] optimum IdleRange(P*)=2 (cost=2)
[MaxSAT/UWrMaxSAT] process exit code=30
    SAT | IdleRange(P*)=2 | time=0.513415s | config=F-PW-DE-ST-IRP-UW-IC12P
[52/960] forumt-14crafd.prec15 | full | incremental | P=pairwise | G=distance_closure | imp12+
[IncrementalSAT] initial IdleRange(P*)=7
[IncrementalSAT] IdleRange(P*) <= 3: SAT
[IncrementalSAT] IdleRange(P*) <= 1: UNSAT
[IncrementalSAT] IdleRange(P*) <= 2: SAT
    SAT | IdleRange(P*)=2 | time=0.27442s | config=F-PW-DC-ST-IRP-IS-CD-IC12P
[53/960] forumt-14crafd.prec15 | full | multiple | P=pairwise | G=distance_closure | imp12+
[MultipleSAT] initial IdleRange(P*)=7
[MultipleSAT] IdleRange(P*) <= 3: SAT
[MultipleSAT] IdleRange(P*) <= 1: UNSAT
[MultipleSAT] IdleRange(P*) <= 2: SAT
    SAT | IdleRange(P*)=2 | time=0.369936s | config=F-PW-DC-ST-IRP-NIS-CD-IC12P
[54/960] forumt-14crafd.prec15 | full | maxsat | P=pairwise | G=distance_closure | imp12+
[MaxSAT/UWrMaxSAT] running /home/dclng566/solver-build/uwrmaxsat/build/release/bin/uwrmaxsat with timeout=7199.54s
[MaxSAT/UWrMaxSAT] optimum IdleRange(P*)=2 (cost=2)
[MaxSAT/UWrMaxSAT] process exit code=30
    SAT | IdleRange(P*)=2 | time=0.492338s | config=F-PW-DC-ST-IRP-UW-IC12P
[55/960] forumt-14crafd.prec15 | full | incremental | P=sparse_suffix | G=direct | imp12+
[IncrementalSAT] initial IdleRange(P*)=6
[IncrementalSAT] IdleRange(P*) <= 2: SAT
[IncrementalSAT] IdleRange(P*) <= 0: UNSAT
[IncrementalSAT] IdleRange(P*) <= 1: UNSAT
    SAT | IdleRange(P*)=2 | time=0.279901s | config=F-SS-DE-ST-IRP-IS-CD-IC12P
[56/960] forumt-14crafd.prec15 | full | multiple | P=sparse_suffix | G=direct | imp12+
[MultipleSAT] initial IdleRange(P*)=6
[MultipleSAT] IdleRange(P*) <= 2: SAT
[MultipleSAT] IdleRange(P*) <= 0: UNSAT
[MultipleSAT] IdleRange(P*) <= 1: UNSAT
    SAT | IdleRange(P*)=2 | time=0.325187s | config=F-SS-DE-ST-IRP-NIS-CD-IC12P
[57/960] forumt-14crafd.prec15 | full | maxsat | P=sparse_suffix | G=direct | imp12+
[MaxSAT/UWrMaxSAT] running /home/dclng566/solver-build/uwrmaxsat/build/release/bin/uwrmaxsat with timeout=7199.54s
[MaxSAT/UWrMaxSAT] optimum IdleRange(P*)=2 (cost=2)
[MaxSAT/UWrMaxSAT] process exit code=30
    SAT | IdleRange(P*)=2 | time=0.489002s | config=F-SS-DE-ST-IRP-UW-IC12P
[58/960] forumt-14crafd.prec15 | full | incremental | P=sparse_suffix | G=distance_closure | imp12+
[IncrementalSAT] initial IdleRange(P*)=6
[IncrementalSAT] IdleRange(P*) <= 2: SAT
[IncrementalSAT] IdleRange(P*) <= 0: UNSAT
[IncrementalSAT] IdleRange(P*) <= 1: UNSAT
    SAT | IdleRange(P*)=2 | time=0.272978s | config=F-SS-DC-ST-IRP-IS-CD-IC12P
[59/960] forumt-14crafd.prec15 | full | multiple | P=sparse_suffix | G=distance_closure | imp12+
[MultipleSAT] initial IdleRange(P*)=6
[MultipleSAT] IdleRange(P*) <= 2: SAT
[MultipleSAT] IdleRange(P*) <= 0: UNSAT
[MultipleSAT] IdleRange(P*) <= 1: UNSAT
    SAT | IdleRange(P*)=2 | time=0.327302s | config=F-SS-DC-ST-IRP-NIS-CD-IC12P
[60/960] forumt-14crafd.prec15 | full | maxsat | P=sparse_suffix | G=distance_closure | imp12+
[MaxSAT/UWrMaxSAT] running /home/dclng566/solver-build/uwrmaxsat/build/release/bin/uwrmaxsat with timeout=7199.54s
[MaxSAT/UWrMaxSAT] optimum IdleRange(P*)=2 (cost=2)
[MaxSAT/UWrMaxSAT] process exit code=30
    SAT | IdleRange(P*)=2 | time=0.509101s | config=F-SS-DC-ST-IRP-UW-IC12P
[61/960] forumt-14crafd.prec15 | reduced | incremental | P=pairwise | G=direct | imp12+
[IncrementalSAT] initial IdleRange(P*)=5
[IncrementalSAT] IdleRange(P*) <= 2: SAT
[IncrementalSAT] IdleRange(P*) <= 0: UNSAT
[IncrementalSAT] IdleRange(P*) <= 1: UNSAT
    SAT | IdleRange(P*)=2 | time=0.250659s | config=R-PW-DE-ST-IRP-IS-CD-IC12P
[62/960] forumt-14crafd.prec15 | reduced | multiple | P=pairwise | G=direct | imp12+
[MultipleSAT] initial IdleRange(P*)=5
[MultipleSAT] IdleRange(P*) <= 2: SAT
[MultipleSAT] IdleRange(P*) <= 0: UNSAT
[MultipleSAT] IdleRange(P*) <= 1: UNSAT
    SAT | IdleRange(P*)=2 | time=0.326928s | config=R-PW-DE-ST-IRP-NIS-CD-IC12P
[63/960] forumt-14crafd.prec15 | reduced | maxsat | P=pairwise | G=direct | imp12+
[MaxSAT/UWrMaxSAT] running /home/dclng566/solver-build/uwrmaxsat/build/release/bin/uwrmaxsat with timeout=7199.54s
[MaxSAT/UWrMaxSAT] optimum IdleRange(P*)=2 (cost=2)
[MaxSAT/UWrMaxSAT] process exit code=30
    SAT | IdleRange(P*)=2 | time=0.459721s | config=R-PW-DE-ST-IRP-UW-IC12P
[64/960] forumt-14crafd.prec15 | reduced | incremental | P=pairwise | G=distance_closure | imp12+
[IncrementalSAT] initial IdleRange(P*)=6
[IncrementalSAT] IdleRange(P*) <= 2: SAT
[IncrementalSAT] IdleRange(P*) <= 0: UNSAT
[IncrementalSAT] IdleRange(P*) <= 1: UNSAT
    SAT | IdleRange(P*)=2 | time=0.249384s | config=R-PW-DC-ST-IRP-IS-CD-IC12P
[65/960] forumt-14crafd.prec15 | reduced | multiple | P=pairwise | G=distance_closure | imp12+
[MultipleSAT] initial IdleRange(P*)=6
[MultipleSAT] IdleRange(P*) <= 2: SAT
[MultipleSAT] IdleRange(P*) <= 0: UNSAT
[MultipleSAT] IdleRange(P*) <= 1: UNSAT
    SAT | IdleRange(P*)=2 | time=0.328933s | config=R-PW-DC-ST-IRP-NIS-CD-IC12P
[66/960] forumt-14crafd.prec15 | reduced | maxsat | P=pairwise | G=distance_closure | imp12+
[MaxSAT/UWrMaxSAT] running /home/dclng566/solver-build/uwrmaxsat/build/release/bin/uwrmaxsat with timeout=7199.54s
[MaxSAT/UWrMaxSAT] optimum IdleRange(P*)=2 (cost=2)
[MaxSAT/UWrMaxSAT] process exit code=30
    SAT | IdleRange(P*)=2 | time=0.466338s | config=R-PW-DC-ST-IRP-UW-IC12P
[67/960] forumt-14crafd.prec15 | reduced | incremental | P=sparse_suffix | G=direct | imp12+
[IncrementalSAT] initial IdleRange(P*)=8
[IncrementalSAT] IdleRange(P*) <= 3: SAT
[IncrementalSAT] IdleRange(P*) <= 1: UNSAT
[IncrementalSAT] IdleRange(P*) <= 2: SAT
    SAT | IdleRange(P*)=2 | time=0.258402s | config=R-SS-DE-ST-IRP-IS-CD-IC12P
[68/960] forumt-14crafd.prec15 | reduced | multiple | P=sparse_suffix | G=direct | imp12+
[MultipleSAT] initial IdleRange(P*)=8
[MultipleSAT] IdleRange(P*) <= 3: SAT
[MultipleSAT] IdleRange(P*) <= 1: UNSAT
[MultipleSAT] IdleRange(P*) <= 2: SAT
    SAT | IdleRange(P*)=2 | time=0.349385s | config=R-SS-DE-ST-IRP-NIS-CD-IC12P
[69/960] forumt-14crafd.prec15 | reduced | maxsat | P=sparse_suffix | G=direct | imp12+
[MaxSAT/UWrMaxSAT] running /home/dclng566/solver-build/uwrmaxsat/build/release/bin/uwrmaxsat with timeout=7199.54s
[MaxSAT/UWrMaxSAT] optimum IdleRange(P*)=2 (cost=2)
[MaxSAT/UWrMaxSAT] process exit code=30
    SAT | IdleRange(P*)=2 | time=0.454459s | config=R-SS-DE-ST-IRP-UW-IC12P
[70/960] forumt-14crafd.prec15 | reduced | incremental | P=sparse_suffix | G=distance_closure | imp12+
[IncrementalSAT] initial IdleRange(P*)=8
[IncrementalSAT] IdleRange(P*) <= 3: SAT
[IncrementalSAT] IdleRange(P*) <= 1: UNSAT
[IncrementalSAT] IdleRange(P*) <= 2: SAT
    SAT | IdleRange(P*)=2 | time=0.254276s | config=R-SS-DC-ST-IRP-IS-CD-IC12P
[71/960] forumt-14crafd.prec15 | reduced | multiple | P=sparse_suffix | G=distance_closure | imp12+
[MultipleSAT] initial IdleRange(P*)=8
[MultipleSAT] IdleRange(P*) <= 3: SAT
[MultipleSAT] IdleRange(P*) <= 1: UNSAT
[MultipleSAT] IdleRange(P*) <= 2: SAT
    SAT | IdleRange(P*)=2 | time=0.336683s | config=R-SS-DC-ST-IRP-NIS-CD-IC12P
[72/960] forumt-14crafd.prec15 | reduced | maxsat | P=sparse_suffix | G=distance_closure | imp12+
[MaxSAT/UWrMaxSAT] running /home/dclng566/solver-build/uwrmaxsat/build/release/bin/uwrmaxsat with timeout=7199.54s
[MaxSAT/UWrMaxSAT] optimum IdleRange(P*)=2 (cost=2)
[MaxSAT/UWrMaxSAT] process exit code=30
    SAT | IdleRange(P*)=2 | time=0.459763s | config=R-SS-DC-ST-IRP-UW-IC12P
    Excel: /home/dclng566/projects/Business-Meeting-Scheduling-Problem/output/ic12p-gcp-ic12p-20260723T023309Z/main/excel_data_table08_prec/forumt-14crafd.prec15.xlsx
Instance ticf-13crafa.prec25: P×G=pairwise+direct, pairwise+distance_closure, sparse_suffix+direct, sparse_suffix+distance_closure
[73/960] ticf-13crafa.prec25 | full | incremental | P=pairwise | G=direct | imp12+
    UNSAT | IdleRange(P*)=None | time=0.274561s | config=F-PW-DE-ST-IRP-IS-CD-IC12P
[74/960] ticf-13crafa.prec25 | full | multiple | P=pairwise | G=direct | imp12+
    UNSAT | IdleRange(P*)=None | time=0.267129s | config=F-PW-DE-ST-IRP-NIS-CD-IC12P
[75/960] ticf-13crafa.prec25 | full | maxsat | P=pairwise | G=direct | imp12+
[MaxSAT/UWrMaxSAT] running /home/dclng566/solver-build/uwrmaxsat/build/release/bin/uwrmaxsat with timeout=7199.57s
    UNSAT | IdleRange(P*)=None | time=0.891868s | config=F-PW-DE-ST-IRP-UW-IC12P
[76/960] ticf-13crafa.prec25 | full | incremental | P=pairwise | G=distance_closure | imp12+
    UNSAT | IdleRange(P*)=None | time=0.278945s | config=F-PW-DC-ST-IRP-IS-CD-IC12P
[77/960] ticf-13crafa.prec25 | full | multiple | P=pairwise | G=distance_closure | imp12+
    UNSAT | IdleRange(P*)=None | time=0.269421s | config=F-PW-DC-ST-IRP-NIS-CD-IC12P
[78/960] ticf-13crafa.prec25 | full | maxsat | P=pairwise | G=distance_closure | imp12+
[MaxSAT/UWrMaxSAT] running /home/dclng566/solver-build/uwrmaxsat/build/release/bin/uwrmaxsat with timeout=7199.57s
    UNSAT | IdleRange(P*)=None | time=0.893652s | config=F-PW-DC-ST-IRP-UW-IC12P
[79/960] ticf-13crafa.prec25 | full | incremental | P=sparse_suffix | G=direct | imp12+
    UNSAT | IdleRange(P*)=None | time=0.269876s | config=F-SS-DE-ST-IRP-IS-CD-IC12P
[80/960] ticf-13crafa.prec25 | full | multiple | P=sparse_suffix | G=direct | imp12+
    UNSAT | IdleRange(P*)=None | time=0.262139s | config=F-SS-DE-ST-IRP-NIS-CD-IC12P
[81/960] ticf-13crafa.prec25 | full | maxsat | P=sparse_suffix | G=direct | imp12+
[MaxSAT/UWrMaxSAT] running /home/dclng566/solver-build/uwrmaxsat/build/release/bin/uwrmaxsat with timeout=7199.57s
    UNSAT | IdleRange(P*)=None | time=0.880861s | config=F-SS-DE-ST-IRP-UW-IC12P
[82/960] ticf-13crafa.prec25 | full | incremental | P=sparse_suffix | G=distance_closure | imp12+
    UNSAT | IdleRange(P*)=None | time=0.264063s | config=F-SS-DC-ST-IRP-IS-CD-IC12P
[83/960] ticf-13crafa.prec25 | full | multiple | P=sparse_suffix | G=distance_closure | imp12+
    UNSAT | IdleRange(P*)=None | time=0.257194s | config=F-SS-DC-ST-IRP-NIS-CD-IC12P
[84/960] ticf-13crafa.prec25 | full | maxsat | P=sparse_suffix | G=distance_closure | imp12+
[MaxSAT/UWrMaxSAT] running /home/dclng566/solver-build/uwrmaxsat/build/release/bin/uwrmaxsat with timeout=7199.58s
    UNSAT | IdleRange(P*)=None | time=0.873515s | config=F-SS-DC-ST-IRP-UW-IC12P
[85/960] ticf-13crafa.prec25 | reduced | incremental | P=pairwise | G=direct | imp12+
    UNSAT | IdleRange(P*)=None | time=0.191721s | config=R-PW-DE-ST-IRP-IS-CD-IC12P
[86/960] ticf-13crafa.prec25 | reduced | multiple | P=pairwise | G=direct | imp12+
    UNSAT | IdleRange(P*)=None | time=0.188486s | config=R-PW-DE-ST-IRP-NIS-CD-IC12P
[87/960] ticf-13crafa.prec25 | reduced | maxsat | P=pairwise | G=direct | imp12+
[MaxSAT/UWrMaxSAT] running /home/dclng566/solver-build/uwrmaxsat/build/release/bin/uwrmaxsat with timeout=7199.6s
    UNSAT | IdleRange(P*)=None | time=0.375109s | config=R-PW-DE-ST-IRP-UW-IC12P
[88/960] ticf-13crafa.prec25 | reduced | incremental | P=pairwise | G=distance_closure | imp12+
    UNSAT | IdleRange(P*)=None | time=0.188148s | config=R-PW-DC-ST-IRP-IS-CD-IC12P
[89/960] ticf-13crafa.prec25 | reduced | multiple | P=pairwise | G=distance_closure | imp12+
    UNSAT | IdleRange(P*)=None | time=0.196701s | config=R-PW-DC-ST-IRP-NIS-CD-IC12P
[90/960] ticf-13crafa.prec25 | reduced | maxsat | P=pairwise | G=distance_closure | imp12+
[MaxSAT/UWrMaxSAT] running /home/dclng566/solver-build/uwrmaxsat/build/release/bin/uwrmaxsat with timeout=7199.59s
    UNSAT | IdleRange(P*)=None | time=0.389682s | config=R-PW-DC-ST-IRP-UW-IC12P
[91/960] ticf-13crafa.prec25 | reduced | incremental | P=sparse_suffix | G=direct | imp12+
    UNSAT | IdleRange(P*)=None | time=0.188886s | config=R-SS-DE-ST-IRP-IS-CD-IC12P
[92/960] ticf-13crafa.prec25 | reduced | multiple | P=sparse_suffix | G=direct | imp12+
    UNSAT | IdleRange(P*)=None | time=0.183343s | config=R-SS-DE-ST-IRP-NIS-CD-IC12P
[93/960] ticf-13crafa.prec25 | reduced | maxsat | P=sparse_suffix | G=direct | imp12+
[MaxSAT/UWrMaxSAT] running /home/dclng566/solver-build/uwrmaxsat/build/release/bin/uwrmaxsat with timeout=7199.6s
    UNSAT | IdleRange(P*)=None | time=0.377021s | config=R-SS-DE-ST-IRP-UW-IC12P
[94/960] ticf-13crafa.prec25 | reduced | incremental | P=sparse_suffix | G=distance_closure | imp12+
    UNSAT | IdleRange(P*)=None | time=0.18846s | config=R-SS-DC-ST-IRP-IS-CD-IC12P
[95/960] ticf-13crafa.prec25 | reduced | multiple | P=sparse_suffix | G=distance_closure | imp12+
    UNSAT | IdleRange(P*)=None | time=0.191885s | config=R-SS-DC-ST-IRP-NIS-CD-IC12P
[96/960] ticf-13crafa.prec25 | reduced | maxsat | P=sparse_suffix | G=distance_closure | imp12+
[MaxSAT/UWrMaxSAT] running /home/dclng566/solver-build/uwrmaxsat/build/release/bin/uwrmaxsat with timeout=7199.6s
    UNSAT | IdleRange(P*)=None | time=0.368696s | config=R-SS-DC-ST-IRP-UW-IC12P
    Excel: /home/dclng566/projects/Business-Meeting-Scheduling-Problem/output/ic12p-gcp-ic12p-20260723T023309Z/main/excel_data_table08_prec/ticf-13crafa.prec25.xlsx
Instance forumt-14.prec15: P×G=pairwise+direct, pairwise+distance_closure, sparse_suffix+direct, sparse_suffix+distance_closure
[97/960] forumt-14.prec15 | full | incremental | P=pairwise | G=direct | imp12+
[IncrementalSAT] initial IdleRange(P*)=7
[IncrementalSAT] IdleRange(P*) <= 3: SAT
[IncrementalSAT] IdleRange(P*) <= 1: UNSAT
[IncrementalSAT] IdleRange(P*) <= 2: SAT
    SAT | IdleRange(P*)=2 | time=0.25579s | config=F-PW-DE-ST-IRP-IS-CD-IC12P
[98/960] forumt-14.prec15 | full | multiple | P=pairwise | G=direct | imp12+
[MultipleSAT] initial IdleRange(P*)=7
[MultipleSAT] IdleRange(P*) <= 3: SAT
[MultipleSAT] IdleRange(P*) <= 1: UNSAT
[MultipleSAT] IdleRange(P*) <= 2: SAT
    SAT | IdleRange(P*)=2 | time=0.341172s | config=F-PW-DE-ST-IRP-NIS-CD-IC12P
[99/960] forumt-14.prec15 | full | maxsat | P=pairwise | G=direct | imp12+
[MaxSAT/UWrMaxSAT] running /home/dclng566/solver-build/uwrmaxsat/build/release/bin/uwrmaxsat with timeout=7199.55s
[MaxSAT/UWrMaxSAT] optimum IdleRange(P*)=2 (cost=2)
[MaxSAT/UWrMaxSAT] process exit code=30
    SAT | IdleRange(P*)=2 | time=0.496954s | config=F-PW-DE-ST-IRP-UW-IC12P
[100/960] forumt-14.prec15 | full | incremental | P=pairwise | G=distance_closure | imp12+
[IncrementalSAT] initial IdleRange(P*)=6
[IncrementalSAT] IdleRange(P*) <= 2: SAT
[IncrementalSAT] IdleRange(P*) <= 0: UNSAT
[IncrementalSAT] IdleRange(P*) <= 1: UNSAT
    SAT | IdleRange(P*)=2 | time=0.256416s | config=F-PW-DC-ST-IRP-IS-CD-IC12P
[101/960] forumt-14.prec15 | full | multiple | P=pairwise | G=distance_closure | imp12+
[MultipleSAT] initial IdleRange(P*)=6
[MultipleSAT] IdleRange(P*) <= 2: SAT
[MultipleSAT] IdleRange(P*) <= 0: UNSAT
[MultipleSAT] IdleRange(P*) <= 1: UNSAT
    SAT | IdleRange(P*)=2 | time=0.343247s | config=F-PW-DC-ST-IRP-NIS-CD-IC12P
[102/960] forumt-14.prec15 | full | maxsat | P=pairwise | G=distance_closure | imp12+
[MaxSAT/UWrMaxSAT] running /home/dclng566/solver-build/uwrmaxsat/build/release/bin/uwrmaxsat with timeout=7199.54s
[MaxSAT/UWrMaxSAT] optimum IdleRange(P*)=2 (cost=2)
[MaxSAT/UWrMaxSAT] process exit code=30
    SAT | IdleRange(P*)=2 | time=0.512915s | config=F-PW-DC-ST-IRP-UW-IC12P
[103/960] forumt-14.prec15 | full | incremental | P=sparse_suffix | G=direct | imp12+
[IncrementalSAT] initial IdleRange(P*)=6
[IncrementalSAT] IdleRange(P*) <= 2: SAT
[IncrementalSAT] IdleRange(P*) <= 0: UNSAT
[IncrementalSAT] IdleRange(P*) <= 1: UNSAT
    SAT | IdleRange(P*)=2 | time=0.254828s | config=F-SS-DE-ST-IRP-IS-CD-IC12P
[104/960] forumt-14.prec15 | full | multiple | P=sparse_suffix | G=direct | imp12+
[MultipleSAT] initial IdleRange(P*)=6
[MultipleSAT] IdleRange(P*) <= 2: SAT
[MultipleSAT] IdleRange(P*) <= 0: UNSAT
[MultipleSAT] IdleRange(P*) <= 1: UNSAT
    SAT | IdleRange(P*)=2 | time=0.331084s | config=F-SS-DE-ST-IRP-NIS-CD-IC12P
[105/960] forumt-14.prec15 | full | maxsat | P=sparse_suffix | G=direct | imp12+
[MaxSAT/UWrMaxSAT] running /home/dclng566/solver-build/uwrmaxsat/build/release/bin/uwrmaxsat with timeout=7199.54s
[MaxSAT/UWrMaxSAT] optimum IdleRange(P*)=2 (cost=2)
[MaxSAT/UWrMaxSAT] process exit code=30
    SAT | IdleRange(P*)=2 | time=0.489407s | config=F-SS-DE-ST-IRP-UW-IC12P
[106/960] forumt-14.prec15 | full | incremental | P=sparse_suffix | G=distance_closure | imp12+
[IncrementalSAT] initial IdleRange(P*)=7
[IncrementalSAT] IdleRange(P*) <= 3: SAT
[IncrementalSAT] IdleRange(P*) <= 1: UNSAT
[IncrementalSAT] IdleRange(P*) <= 2: SAT
    SAT | IdleRange(P*)=2 | time=0.252665s | config=F-SS-DC-ST-IRP-IS-CD-IC12P
[107/960] forumt-14.prec15 | full | multiple | P=sparse_suffix | G=distance_closure | imp12+
[MultipleSAT] initial IdleRange(P*)=7
[MultipleSAT] IdleRange(P*) <= 3: SAT
[MultipleSAT] IdleRange(P*) <= 1: UNSAT
[MultipleSAT] IdleRange(P*) <= 2: SAT
    SAT | IdleRange(P*)=2 | time=0.333753s | config=F-SS-DC-ST-IRP-NIS-CD-IC12P
[108/960] forumt-14.prec15 | full | maxsat | P=sparse_suffix | G=distance_closure | imp12+
[MaxSAT/UWrMaxSAT] running /home/dclng566/solver-build/uwrmaxsat/build/release/bin/uwrmaxsat with timeout=7199.54s
[MaxSAT/UWrMaxSAT] optimum IdleRange(P*)=2 (cost=2)
[MaxSAT/UWrMaxSAT] process exit code=30
    SAT | IdleRange(P*)=2 | time=0.488155s | config=F-SS-DC-ST-IRP-UW-IC12P
[109/960] forumt-14.prec15 | reduced | incremental | P=pairwise | G=direct | imp12+
[IncrementalSAT] initial IdleRange(P*)=6
[IncrementalSAT] IdleRange(P*) <= 2: SAT
[IncrementalSAT] IdleRange(P*) <= 0: UNSAT
[IncrementalSAT] IdleRange(P*) <= 1: UNSAT
    SAT | IdleRange(P*)=2 | time=0.240718s | config=R-PW-DE-ST-IRP-IS-CD-IC12P
[110/960] forumt-14.prec15 | reduced | multiple | P=pairwise | G=direct | imp12+
[MultipleSAT] initial IdleRange(P*)=6
[MultipleSAT] IdleRange(P*) <= 2: SAT
[MultipleSAT] IdleRange(P*) <= 0: UNSAT
[MultipleSAT] IdleRange(P*) <= 1: UNSAT
    SAT | IdleRange(P*)=2 | time=0.311195s | config=R-PW-DE-ST-IRP-NIS-CD-IC12P
[111/960] forumt-14.prec15 | reduced | maxsat | P=pairwise | G=direct | imp12+
[MaxSAT/UWrMaxSAT] running /home/dclng566/solver-build/uwrmaxsat/build/release/bin/uwrmaxsat with timeout=7199.55s
[MaxSAT/UWrMaxSAT] optimum IdleRange(P*)=2 (cost=2)
[MaxSAT/UWrMaxSAT] process exit code=30
    SAT | IdleRange(P*)=2 | time=0.455218s | config=R-PW-DE-ST-IRP-UW-IC12P
[112/960] forumt-14.prec15 | reduced | incremental | P=pairwise | G=distance_closure | imp12+
[IncrementalSAT] initial IdleRange(P*)=5
[IncrementalSAT] IdleRange(P*) <= 2: SAT
[IncrementalSAT] IdleRange(P*) <= 0: UNSAT
[IncrementalSAT] IdleRange(P*) <= 1: UNSAT
    SAT | IdleRange(P*)=2 | time=0.240974s | config=R-PW-DC-ST-IRP-IS-CD-IC12P
[113/960] forumt-14.prec15 | reduced | multiple | P=pairwise | G=distance_closure | imp12+
[MultipleSAT] initial IdleRange(P*)=5
[MultipleSAT] IdleRange(P*) <= 2: SAT
[MultipleSAT] IdleRange(P*) <= 0: UNSAT
[MultipleSAT] IdleRange(P*) <= 1: UNSAT
    SAT | IdleRange(P*)=2 | time=0.309941s | config=R-PW-DC-ST-IRP-NIS-CD-IC12P
[114/960] forumt-14.prec15 | reduced | maxsat | P=pairwise | G=distance_closure | imp12+
[MaxSAT/UWrMaxSAT] running /home/dclng566/solver-build/uwrmaxsat/build/release/bin/uwrmaxsat with timeout=7199.55s
[MaxSAT/UWrMaxSAT] optimum IdleRange(P*)=2 (cost=2)
[MaxSAT/UWrMaxSAT] process exit code=30
    SAT | IdleRange(P*)=2 | time=0.45398s | config=R-PW-DC-ST-IRP-UW-IC12P
[115/960] forumt-14.prec15 | reduced | incremental | P=sparse_suffix | G=direct | imp12+
[IncrementalSAT] initial IdleRange(P*)=7
[IncrementalSAT] IdleRange(P*) <= 3: SAT
[IncrementalSAT] IdleRange(P*) <= 1: UNSAT
[IncrementalSAT] IdleRange(P*) <= 2: SAT
    SAT | IdleRange(P*)=2 | time=0.247799s | config=R-SS-DE-ST-IRP-IS-CD-IC12P
[116/960] forumt-14.prec15 | reduced | multiple | P=sparse_suffix | G=direct | imp12+
[MultipleSAT] initial IdleRange(P*)=7
[MultipleSAT] IdleRange(P*) <= 3: SAT
[MultipleSAT] IdleRange(P*) <= 1: UNSAT
[MultipleSAT] IdleRange(P*) <= 2: SAT
    SAT | IdleRange(P*)=2 | time=0.314067s | config=R-SS-DE-ST-IRP-NIS-CD-IC12P
[117/960] forumt-14.prec15 | reduced | maxsat | P=sparse_suffix | G=direct | imp12+
[MaxSAT/UWrMaxSAT] running /home/dclng566/solver-build/uwrmaxsat/build/release/bin/uwrmaxsat with timeout=7199.55s
[MaxSAT/UWrMaxSAT] optimum IdleRange(P*)=2 (cost=2)
[MaxSAT/UWrMaxSAT] process exit code=30
    SAT | IdleRange(P*)=2 | time=0.472756s | config=R-SS-DE-ST-IRP-UW-IC12P
[118/960] forumt-14.prec15 | reduced | incremental | P=sparse_suffix | G=distance_closure | imp12+
[IncrementalSAT] initial IdleRange(P*)=7
[IncrementalSAT] IdleRange(P*) <= 3: SAT
[IncrementalSAT] IdleRange(P*) <= 1: UNSAT
[IncrementalSAT] IdleRange(P*) <= 2: SAT
    SAT | IdleRange(P*)=2 | time=0.253064s | config=R-SS-DC-ST-IRP-IS-CD-IC12P
[119/960] forumt-14.prec15 | reduced | multiple | P=sparse_suffix | G=distance_closure | imp12+
[MultipleSAT] initial IdleRange(P*)=7
[MultipleSAT] IdleRange(P*) <= 3: SAT
[MultipleSAT] IdleRange(P*) <= 1: UNSAT
[MultipleSAT] IdleRange(P*) <= 2: SAT
    SAT | IdleRange(P*)=2 | time=0.314066s | config=R-SS-DC-ST-IRP-NIS-CD-IC12P
[120/960] forumt-14.prec15 | reduced | maxsat | P=sparse_suffix | G=distance_closure | imp12+
[MaxSAT/UWrMaxSAT] running /home/dclng566/solver-build/uwrmaxsat/build/release/bin/uwrmaxsat with timeout=7199.55s
[MaxSAT/UWrMaxSAT] optimum IdleRange(P*)=2 (cost=2)
[MaxSAT/UWrMaxSAT] process exit code=30
    SAT | IdleRange(P*)=2 | time=0.45866s | config=R-SS-DC-ST-IRP-UW-IC12P
    Excel: /home/dclng566/projects/Business-Meeting-Scheduling-Problem/output/ic12p-gcp-ic12p-20260723T023309Z/main/excel_data_table08_prec/forumt-14.prec15.xlsx
Instance forumt-14crafc.prec15: P×G=pairwise+direct, pairwise+distance_closure, sparse_suffix+direct, sparse_suffix+distance_closure
[121/960] forumt-14crafc.prec15 | full | incremental | P=pairwise | G=direct | imp12+
[IncrementalSAT] initial IdleRange(P*)=6
[IncrementalSAT] IdleRange(P*) <= 2: SAT
[IncrementalSAT] IdleRange(P*) <= 0: UNSAT
[IncrementalSAT] IdleRange(P*) <= 1: UNSAT
    SAT | IdleRange(P*)=2 | time=0.280517s | config=F-PW-DE-ST-IRP-IS-CD-IC12P
[122/960] forumt-14crafc.prec15 | full | multiple | P=pairwise | G=direct | imp12+
[MultipleSAT] initial IdleRange(P*)=6
[MultipleSAT] IdleRange(P*) <= 2: SAT
[MultipleSAT] IdleRange(P*) <= 0: UNSAT
[MultipleSAT] IdleRange(P*) <= 1: UNSAT
    SAT | IdleRange(P*)=2 | time=0.348726s | config=F-PW-DE-ST-IRP-NIS-CD-IC12P
[123/960] forumt-14crafc.prec15 | full | maxsat | P=pairwise | G=direct | imp12+
[MaxSAT/UWrMaxSAT] running /home/dclng566/solver-build/uwrmaxsat/build/release/bin/uwrmaxsat with timeout=7199.55s
[MaxSAT/UWrMaxSAT] optimum IdleRange(P*)=2 (cost=2)
[MaxSAT/UWrMaxSAT] process exit code=30
    SAT | IdleRange(P*)=2 | time=0.50353s | config=F-PW-DE-ST-IRP-UW-IC12P
[124/960] forumt-14crafc.prec15 | full | incremental | P=pairwise | G=distance_closure | imp12+
[IncrementalSAT] initial IdleRange(P*)=5
[IncrementalSAT] IdleRange(P*) <= 2: SAT
[IncrementalSAT] IdleRange(P*) <= 0: UNSAT
[IncrementalSAT] IdleRange(P*) <= 1: UNSAT
    SAT | IdleRange(P*)=2 | time=0.260153s | config=F-PW-DC-ST-IRP-IS-CD-IC12P
[125/960] forumt-14crafc.prec15 | full | multiple | P=pairwise | G=distance_closure | imp12+
[MultipleSAT] initial IdleRange(P*)=5
[MultipleSAT] IdleRange(P*) <= 2: SAT
[MultipleSAT] IdleRange(P*) <= 0: UNSAT
[MultipleSAT] IdleRange(P*) <= 1: UNSAT
    SAT | IdleRange(P*)=2 | time=0.351031s | config=F-PW-DC-ST-IRP-NIS-CD-IC12P
[126/960] forumt-14crafc.prec15 | full | maxsat | P=pairwise | G=distance_closure | imp12+
[MaxSAT/UWrMaxSAT] running /home/dclng566/solver-build/uwrmaxsat/build/release/bin/uwrmaxsat with timeout=7199.54s
[MaxSAT/UWrMaxSAT] optimum IdleRange(P*)=2 (cost=2)
[MaxSAT/UWrMaxSAT] process exit code=30
    SAT | IdleRange(P*)=2 | time=0.50665s | config=F-PW-DC-ST-IRP-UW-IC12P
[127/960] forumt-14crafc.prec15 | full | incremental | P=sparse_suffix | G=direct | imp12+
[IncrementalSAT] initial IdleRange(P*)=5
[IncrementalSAT] IdleRange(P*) <= 2: SAT
[IncrementalSAT] IdleRange(P*) <= 0: UNSAT
[IncrementalSAT] IdleRange(P*) <= 1: UNSAT
    SAT | IdleRange(P*)=2 | time=0.257429s | config=F-SS-DE-ST-IRP-IS-CD-IC12P
[128/960] forumt-14crafc.prec15 | full | multiple | P=sparse_suffix | G=direct | imp12+
[MultipleSAT] initial IdleRange(P*)=5
[MultipleSAT] IdleRange(P*) <= 2: SAT
[MultipleSAT] IdleRange(P*) <= 0: UNSAT
[MultipleSAT] IdleRange(P*) <= 1: UNSAT
    SAT | IdleRange(P*)=2 | time=0.337553s | config=F-SS-DE-ST-IRP-NIS-CD-IC12P
[129/960] forumt-14crafc.prec15 | full | maxsat | P=sparse_suffix | G=direct | imp12+
[MaxSAT/UWrMaxSAT] running /home/dclng566/solver-build/uwrmaxsat/build/release/bin/uwrmaxsat with timeout=7199.54s
[MaxSAT/UWrMaxSAT] optimum IdleRange(P*)=2 (cost=2)
[MaxSAT/UWrMaxSAT] process exit code=30
    SAT | IdleRange(P*)=2 | time=0.524735s | config=F-SS-DE-ST-IRP-UW-IC12P
[130/960] forumt-14crafc.prec15 | full | incremental | P=sparse_suffix | G=distance_closure | imp12+
[IncrementalSAT] initial IdleRange(P*)=7
[IncrementalSAT] IdleRange(P*) <= 3: SAT
[IncrementalSAT] IdleRange(P*) <= 1: UNSAT
[IncrementalSAT] IdleRange(P*) <= 2: SAT
    SAT | IdleRange(P*)=2 | time=0.268281s | config=F-SS-DC-ST-IRP-IS-CD-IC12P
[131/960] forumt-14crafc.prec15 | full | multiple | P=sparse_suffix | G=distance_closure | imp12+
[MultipleSAT] initial IdleRange(P*)=7
[MultipleSAT] IdleRange(P*) <= 3: SAT
[MultipleSAT] IdleRange(P*) <= 1: UNSAT
[MultipleSAT] IdleRange(P*) <= 2: SAT
    SAT | IdleRange(P*)=2 | time=0.343418s | config=F-SS-DC-ST-IRP-NIS-CD-IC12P
[132/960] forumt-14crafc.prec15 | full | maxsat | P=sparse_suffix | G=distance_closure | imp12+
[MaxSAT/UWrMaxSAT] running /home/dclng566/solver-build/uwrmaxsat/build/release/bin/uwrmaxsat with timeout=7199.55s
[MaxSAT/UWrMaxSAT] optimum IdleRange(P*)=2 (cost=2)
[MaxSAT/UWrMaxSAT] process exit code=30
    SAT | IdleRange(P*)=2 | time=0.500623s | config=F-SS-DC-ST-IRP-UW-IC12P
[133/960] forumt-14crafc.prec15 | reduced | incremental | P=pairwise | G=direct | imp12+
[IncrementalSAT] initial IdleRange(P*)=5
[IncrementalSAT] IdleRange(P*) <= 2: SAT
[IncrementalSAT] IdleRange(P*) <= 0: UNSAT
[IncrementalSAT] IdleRange(P*) <= 1: UNSAT
    SAT | IdleRange(P*)=2 | time=0.262082s | config=R-PW-DE-ST-IRP-IS-CD-IC12P
[134/960] forumt-14crafc.prec15 | reduced | multiple | P=pairwise | G=direct | imp12+
[MultipleSAT] initial IdleRange(P*)=5
[MultipleSAT] IdleRange(P*) <= 2: SAT
[MultipleSAT] IdleRange(P*) <= 0: UNSAT
[MultipleSAT] IdleRange(P*) <= 1: UNSAT
    SAT | IdleRange(P*)=2 | time=0.3445s | config=R-PW-DE-ST-IRP-NIS-CD-IC12P
[135/960] forumt-14crafc.prec15 | reduced | maxsat | P=pairwise | G=direct | imp12+
[MaxSAT/UWrMaxSAT] running /home/dclng566/solver-build/uwrmaxsat/build/release/bin/uwrmaxsat with timeout=7199.55s
[MaxSAT/UWrMaxSAT] optimum IdleRange(P*)=2 (cost=2)
[MaxSAT/UWrMaxSAT] process exit code=30
    SAT | IdleRange(P*)=2 | time=0.458745s | config=R-PW-DE-ST-IRP-UW-IC12P
[136/960] forumt-14crafc.prec15 | reduced | incremental | P=pairwise | G=distance_closure | imp12+
[IncrementalSAT] initial IdleRange(P*)=5
[IncrementalSAT] IdleRange(P*) <= 2: SAT
[IncrementalSAT] IdleRange(P*) <= 0: UNSAT
[IncrementalSAT] IdleRange(P*) <= 1: UNSAT
    SAT | IdleRange(P*)=2 | time=0.256273s | config=R-PW-DC-ST-IRP-IS-CD-IC12P
[137/960] forumt-14crafc.prec15 | reduced | multiple | P=pairwise | G=distance_closure | imp12+
[MultipleSAT] initial IdleRange(P*)=5
[MultipleSAT] IdleRange(P*) <= 2: SAT
[MultipleSAT] IdleRange(P*) <= 0: UNSAT
[MultipleSAT] IdleRange(P*) <= 1: UNSAT
    SAT | IdleRange(P*)=2 | time=0.334081s | config=R-PW-DC-ST-IRP-NIS-CD-IC12P
[138/960] forumt-14crafc.prec15 | reduced | maxsat | P=pairwise | G=distance_closure | imp12+
[MaxSAT/UWrMaxSAT] running /home/dclng566/solver-build/uwrmaxsat/build/release/bin/uwrmaxsat with timeout=7199.55s
[MaxSAT/UWrMaxSAT] optimum IdleRange(P*)=2 (cost=2)
[MaxSAT/UWrMaxSAT] process exit code=30
    SAT | IdleRange(P*)=2 | time=0.454133s | config=R-PW-DC-ST-IRP-UW-IC12P
[139/960] forumt-14crafc.prec15 | reduced | incremental | P=sparse_suffix | G=direct | imp12+
[IncrementalSAT] initial IdleRange(P*)=6
[IncrementalSAT] IdleRange(P*) <= 2: SAT
[IncrementalSAT] IdleRange(P*) <= 0: UNSAT
[IncrementalSAT] IdleRange(P*) <= 1: UNSAT
    SAT | IdleRange(P*)=2 | time=0.246606s | config=R-SS-DE-ST-IRP-IS-CD-IC12P
[140/960] forumt-14crafc.prec15 | reduced | multiple | P=sparse_suffix | G=direct | imp12+
[MultipleSAT] initial IdleRange(P*)=6
[MultipleSAT] IdleRange(P*) <= 2: SAT
[MultipleSAT] IdleRange(P*) <= 0: UNSAT
[MultipleSAT] IdleRange(P*) <= 1: UNSAT
    SAT | IdleRange(P*)=2 | time=0.327957s | config=R-SS-DE-ST-IRP-NIS-CD-IC12P
[141/960] forumt-14crafc.prec15 | reduced | maxsat | P=sparse_suffix | G=direct | imp12+
[MaxSAT/UWrMaxSAT] running /home/dclng566/solver-build/uwrmaxsat/build/release/bin/uwrmaxsat with timeout=7199.55s
[MaxSAT/UWrMaxSAT] optimum IdleRange(P*)=2 (cost=2)
[MaxSAT/UWrMaxSAT] process exit code=30
    SAT | IdleRange(P*)=2 | time=0.462896s | config=R-SS-DE-ST-IRP-UW-IC12P
[142/960] forumt-14crafc.prec15 | reduced | incremental | P=sparse_suffix | G=distance_closure | imp12+
[IncrementalSAT] initial IdleRange(P*)=7
[IncrementalSAT] IdleRange(P*) <= 3: SAT
[IncrementalSAT] IdleRange(P*) <= 1: UNSAT
[IncrementalSAT] IdleRange(P*) <= 2: SAT
    SAT | IdleRange(P*)=2 | time=0.248577s | config=R-SS-DC-ST-IRP-IS-CD-IC12P
[143/960] forumt-14crafc.prec15 | reduced | multiple | P=sparse_suffix | G=distance_closure | imp12+
[MultipleSAT] initial IdleRange(P*)=7
[MultipleSAT] IdleRange(P*) <= 3: SAT
[MultipleSAT] IdleRange(P*) <= 1: UNSAT
[MultipleSAT] IdleRange(P*) <= 2: SAT
    SAT | IdleRange(P*)=2 | time=0.339183s | config=R-SS-DC-ST-IRP-NIS-CD-IC12P
[144/960] forumt-14crafc.prec15 | reduced | maxsat | P=sparse_suffix | G=distance_closure | imp12+
[MaxSAT/UWrMaxSAT] running /home/dclng566/solver-build/uwrmaxsat/build/release/bin/uwrmaxsat with timeout=7199.55s
[MaxSAT/UWrMaxSAT] optimum IdleRange(P*)=2 (cost=2)
[MaxSAT/UWrMaxSAT] process exit code=30
    SAT | IdleRange(P*)=2 | time=0.493931s | config=R-SS-DC-ST-IRP-UW-IC12P
    Excel: /home/dclng566/projects/Business-Meeting-Scheduling-Problem/output/ic12p-gcp-ic12p-20260723T023309Z/main/excel_data_table08_prec/forumt-14crafc.prec15.xlsx
Instance forum-13crafb.prec25: P×G=pairwise+direct, pairwise+distance_closure, sparse_suffix+direct, sparse_suffix+distance_closure
[145/960] forum-13crafb.prec25 | full | incremental | P=pairwise | G=direct | imp12+
    UNSAT | IdleRange(P*)=None | time=0.346884s | config=F-PW-DE-ST-IRP-IS-CD-IC12P
[146/960] forum-13crafb.prec25 | full | multiple | P=pairwise | G=direct | imp12+
    UNSAT | IdleRange(P*)=None | time=0.345492s | config=F-PW-DE-ST-IRP-NIS-CD-IC12P
[147/960] forum-13crafb.prec25 | full | maxsat | P=pairwise | G=direct | imp12+
[MaxSAT/UWrMaxSAT] running /home/dclng566/solver-build/uwrmaxsat/build/release/bin/uwrmaxsat with timeout=7199.51s
    UNSAT | IdleRange(P*)=None | time=1.066343s | config=F-PW-DE-ST-IRP-UW-IC12P
[148/960] forum-13crafb.prec25 | full | incremental | P=pairwise | G=distance_closure | imp12+
    UNSAT | IdleRange(P*)=None | time=0.346434s | config=F-PW-DC-ST-IRP-IS-CD-IC12P
[149/960] forum-13crafb.prec25 | full | multiple | P=pairwise | G=distance_closure | imp12+
    UNSAT | IdleRange(P*)=None | time=0.347661s | config=F-PW-DC-ST-IRP-NIS-CD-IC12P
[150/960] forum-13crafb.prec25 | full | maxsat | P=pairwise | G=distance_closure | imp12+
[MaxSAT/UWrMaxSAT] running /home/dclng566/solver-build/uwrmaxsat/build/release/bin/uwrmaxsat with timeout=7199.51s
    UNSAT | IdleRange(P*)=None | time=1.074168s | config=F-PW-DC-ST-IRP-UW-IC12P
[151/960] forum-13crafb.prec25 | full | incremental | P=sparse_suffix | G=direct | imp12+
    UNSAT | IdleRange(P*)=None | time=0.318823s | config=F-SS-DE-ST-IRP-IS-CD-IC12P
[152/960] forum-13crafb.prec25 | full | multiple | P=sparse_suffix | G=direct | imp12+
    UNSAT | IdleRange(P*)=None | time=0.325469s | config=F-SS-DE-ST-IRP-NIS-CD-IC12P
[153/960] forum-13crafb.prec25 | full | maxsat | P=sparse_suffix | G=direct | imp12+
[MaxSAT/UWrMaxSAT] running /home/dclng566/solver-build/uwrmaxsat/build/release/bin/uwrmaxsat with timeout=7199.52s
    UNSAT | IdleRange(P*)=None | time=1.035777s | config=F-SS-DE-ST-IRP-UW-IC12P
[154/960] forum-13crafb.prec25 | full | incremental | P=sparse_suffix | G=distance_closure | imp12+
    UNSAT | IdleRange(P*)=None | time=0.320764s | config=F-SS-DC-ST-IRP-IS-CD-IC12P
[155/960] forum-13crafb.prec25 | full | multiple | P=sparse_suffix | G=distance_closure | imp12+
    UNSAT | IdleRange(P*)=None | time=0.310458s | config=F-SS-DC-ST-IRP-NIS-CD-IC12P
[156/960] forum-13crafb.prec25 | full | maxsat | P=sparse_suffix | G=distance_closure | imp12+
[MaxSAT/UWrMaxSAT] running /home/dclng566/solver-build/uwrmaxsat/build/release/bin/uwrmaxsat with timeout=7199.53s
    UNSAT | IdleRange(P*)=None | time=1.017766s | config=F-SS-DC-ST-IRP-UW-IC12P
[157/960] forum-13crafb.prec25 | reduced | incremental | P=pairwise | G=direct | imp12+
    UNSAT | IdleRange(P*)=None | time=0.227286s | config=R-PW-DE-ST-IRP-IS-CD-IC12P
[158/960] forum-13crafb.prec25 | reduced | multiple | P=pairwise | G=direct | imp12+
    UNSAT | IdleRange(P*)=None | time=0.225401s | config=R-PW-DE-ST-IRP-NIS-CD-IC12P
[159/960] forum-13crafb.prec25 | reduced | maxsat | P=pairwise | G=direct | imp12+
[MaxSAT/UWrMaxSAT] running /home/dclng566/solver-build/uwrmaxsat/build/release/bin/uwrmaxsat with timeout=7199.57s
    UNSAT | IdleRange(P*)=None | time=0.454494s | config=R-PW-DE-ST-IRP-UW-IC12P
[160/960] forum-13crafb.prec25 | reduced | incremental | P=pairwise | G=distance_closure | imp12+
    UNSAT | IdleRange(P*)=None | time=0.229505s | config=R-PW-DC-ST-IRP-IS-CD-IC12P
[161/960] forum-13crafb.prec25 | reduced | multiple | P=pairwise | G=distance_closure | imp12+
    UNSAT | IdleRange(P*)=None | time=0.22562s | config=R-PW-DC-ST-IRP-NIS-CD-IC12P
[162/960] forum-13crafb.prec25 | reduced | maxsat | P=pairwise | G=distance_closure | imp12+
[MaxSAT/UWrMaxSAT] running /home/dclng566/solver-build/uwrmaxsat/build/release/bin/uwrmaxsat with timeout=7199.57s
    UNSAT | IdleRange(P*)=None | time=0.457904s | config=R-PW-DC-ST-IRP-UW-IC12P
[163/960] forum-13crafb.prec25 | reduced | incremental | P=sparse_suffix | G=direct | imp12+
    UNSAT | IdleRange(P*)=None | time=0.227906s | config=R-SS-DE-ST-IRP-IS-CD-IC12P
[164/960] forum-13crafb.prec25 | reduced | multiple | P=sparse_suffix | G=direct | imp12+
    UNSAT | IdleRange(P*)=None | time=0.219412s | config=R-SS-DE-ST-IRP-NIS-CD-IC12P
[165/960] forum-13crafb.prec25 | reduced | maxsat | P=sparse_suffix | G=direct | imp12+
[MaxSAT/UWrMaxSAT] running /home/dclng566/solver-build/uwrmaxsat/build/release/bin/uwrmaxsat with timeout=7199.58s
    UNSAT | IdleRange(P*)=None | time=0.445446s | config=R-SS-DE-ST-IRP-UW-IC12P
[166/960] forum-13crafb.prec25 | reduced | incremental | P=sparse_suffix | G=distance_closure | imp12+
    UNSAT | IdleRange(P*)=None | time=0.227136s | config=R-SS-DC-ST-IRP-IS-CD-IC12P
[167/960] forum-13crafb.prec25 | reduced | multiple | P=sparse_suffix | G=distance_closure | imp12+
    UNSAT | IdleRange(P*)=None | time=0.22014s | config=R-SS-DC-ST-IRP-NIS-CD-IC12P
[168/960] forum-13crafb.prec25 | reduced | maxsat | P=sparse_suffix | G=distance_closure | imp12+
[MaxSAT/UWrMaxSAT] running /home/dclng566/solver-build/uwrmaxsat/build/release/bin/uwrmaxsat with timeout=7199.57s
    UNSAT | IdleRange(P*)=None | time=0.459381s | config=R-SS-DC-ST-IRP-UW-IC12P
    Excel: /home/dclng566/projects/Business-Meeting-Scheduling-Problem/output/ic12p-gcp-ic12p-20260723T023309Z/main/excel_data_table08_prec/forum-13crafb.prec25.xlsx
Instance forum-13.prec25: P×G=pairwise+direct, pairwise+distance_closure, sparse_suffix+direct, sparse_suffix+distance_closure
[169/960] forum-13.prec25 | full | incremental | P=pairwise | G=direct | imp12+
    UNSAT | IdleRange(P*)=None | time=0.278177s | config=F-PW-DE-ST-IRP-IS-CD-IC12P
[170/960] forum-13.prec25 | full | multiple | P=pairwise | G=direct | imp12+
    UNSAT | IdleRange(P*)=None | time=0.2798s | config=F-PW-DE-ST-IRP-NIS-CD-IC12P
[171/960] forum-13.prec25 | full | maxsat | P=pairwise | G=direct | imp12+
[MaxSAT/UWrMaxSAT] running /home/dclng566/solver-build/uwrmaxsat/build/release/bin/uwrmaxsat with timeout=7199.56s
    UNSAT | IdleRange(P*)=None | time=0.908621s | config=F-PW-DE-ST-IRP-UW-IC12P
[172/960] forum-13.prec25 | full | incremental | P=pairwise | G=distance_closure | imp12+
    UNSAT | IdleRange(P*)=None | time=0.277304s | config=F-PW-DC-ST-IRP-IS-CD-IC12P
[173/960] forum-13.prec25 | full | multiple | P=pairwise | G=distance_closure | imp12+
    UNSAT | IdleRange(P*)=None | time=0.263377s | config=F-PW-DC-ST-IRP-NIS-CD-IC12P
[174/960] forum-13.prec25 | full | maxsat | P=pairwise | G=distance_closure | imp12+
[MaxSAT/UWrMaxSAT] running /home/dclng566/solver-build/uwrmaxsat/build/release/bin/uwrmaxsat with timeout=7199.57s
    UNSAT | IdleRange(P*)=None | time=0.895222s | config=F-PW-DC-ST-IRP-UW-IC12P
[175/960] forum-13.prec25 | full | incremental | P=sparse_suffix | G=direct | imp12+
    UNSAT | IdleRange(P*)=None | time=0.263465s | config=F-SS-DE-ST-IRP-IS-CD-IC12P
[176/960] forum-13.prec25 | full | multiple | P=sparse_suffix | G=direct | imp12+
    UNSAT | IdleRange(P*)=None | time=0.261837s | config=F-SS-DE-ST-IRP-NIS-CD-IC12P
[177/960] forum-13.prec25 | full | maxsat | P=sparse_suffix | G=direct | imp12+
[MaxSAT/UWrMaxSAT] running /home/dclng566/solver-build/uwrmaxsat/build/release/bin/uwrmaxsat with timeout=7199.57s
    UNSAT | IdleRange(P*)=None | time=0.881773s | config=F-SS-DE-ST-IRP-UW-IC12P
[178/960] forum-13.prec25 | full | incremental | P=sparse_suffix | G=distance_closure | imp12+
    UNSAT | IdleRange(P*)=None | time=0.271647s | config=F-SS-DC-ST-IRP-IS-CD-IC12P
[179/960] forum-13.prec25 | full | multiple | P=sparse_suffix | G=distance_closure | imp12+
    UNSAT | IdleRange(P*)=None | time=0.267925s | config=F-SS-DC-ST-IRP-NIS-CD-IC12P
[180/960] forum-13.prec25 | full | maxsat | P=sparse_suffix | G=distance_closure | imp12+
[MaxSAT/UWrMaxSAT] running /home/dclng566/solver-build/uwrmaxsat/build/release/bin/uwrmaxsat with timeout=7199.57s
    UNSAT | IdleRange(P*)=None | time=0.891577s | config=F-SS-DC-ST-IRP-UW-IC12P
[181/960] forum-13.prec25 | reduced | incremental | P=pairwise | G=direct | imp12+
    UNSAT | IdleRange(P*)=None | time=0.1878s | config=R-PW-DE-ST-IRP-IS-CD-IC12P
[182/960] forum-13.prec25 | reduced | multiple | P=pairwise | G=direct | imp12+
    UNSAT | IdleRange(P*)=None | time=0.196405s | config=R-PW-DE-ST-IRP-NIS-CD-IC12P
[183/960] forum-13.prec25 | reduced | maxsat | P=pairwise | G=direct | imp12+
[MaxSAT/UWrMaxSAT] running /home/dclng566/solver-build/uwrmaxsat/build/release/bin/uwrmaxsat with timeout=7199.6s
    UNSAT | IdleRange(P*)=None | time=0.381158s | config=R-PW-DE-ST-IRP-UW-IC12P
[184/960] forum-13.prec25 | reduced | incremental | P=pairwise | G=distance_closure | imp12+
    UNSAT | IdleRange(P*)=None | time=0.192784s | config=R-PW-DC-ST-IRP-IS-CD-IC12P
[185/960] forum-13.prec25 | reduced | multiple | P=pairwise | G=distance_closure | imp12+
    UNSAT | IdleRange(P*)=None | time=0.18199s | config=R-PW-DC-ST-IRP-NIS-CD-IC12P
[186/960] forum-13.prec25 | reduced | maxsat | P=pairwise | G=distance_closure | imp12+
[MaxSAT/UWrMaxSAT] running /home/dclng566/solver-build/uwrmaxsat/build/release/bin/uwrmaxsat with timeout=7199.6s
    UNSAT | IdleRange(P*)=None | time=0.380594s | config=R-PW-DC-ST-IRP-UW-IC12P
[187/960] forum-13.prec25 | reduced | incremental | P=sparse_suffix | G=direct | imp12+
    UNSAT | IdleRange(P*)=None | time=0.186225s | config=R-SS-DE-ST-IRP-IS-CD-IC12P
[188/960] forum-13.prec25 | reduced | multiple | P=sparse_suffix | G=direct | imp12+
    UNSAT | IdleRange(P*)=None | time=0.181373s | config=R-SS-DE-ST-IRP-NIS-CD-IC12P
[189/960] forum-13.prec25 | reduced | maxsat | P=sparse_suffix | G=direct | imp12+
[MaxSAT/UWrMaxSAT] running /home/dclng566/solver-build/uwrmaxsat/build/release/bin/uwrmaxsat with timeout=7199.61s
    UNSAT | IdleRange(P*)=None | time=0.362023s | config=R-SS-DE-ST-IRP-UW-IC12P
[190/960] forum-13.prec25 | reduced | incremental | P=sparse_suffix | G=distance_closure | imp12+
    UNSAT | IdleRange(P*)=None | time=0.181943s | config=R-SS-DC-ST-IRP-IS-CD-IC12P
[191/960] forum-13.prec25 | reduced | multiple | P=sparse_suffix | G=distance_closure | imp12+
    UNSAT | IdleRange(P*)=None | time=0.191189s | config=R-SS-DC-ST-IRP-NIS-CD-IC12P
[192/960] forum-13.prec25 | reduced | maxsat | P=sparse_suffix | G=distance_closure | imp12+
[MaxSAT/UWrMaxSAT] running /home/dclng566/solver-build/uwrmaxsat/build/release/bin/uwrmaxsat with timeout=7199.6s
    UNSAT | IdleRange(P*)=None | time=0.377891s | config=R-SS-DC-ST-IRP-UW-IC12P
    Excel: /home/dclng566/projects/Business-Meeting-Scheduling-Problem/output/ic12p-gcp-ic12p-20260723T023309Z/main/excel_data_table08_prec/forum-13.prec25.xlsx
Instance tic-14crafd.prec15: P×G=pairwise+direct, pairwise+distance_closure, sparse_suffix+direct, sparse_suffix+distance_closure
[193/960] tic-14crafd.prec15 | full | incremental | P=pairwise | G=direct | imp12+
[IncrementalSAT] initial IdleRange(P*)=5
[IncrementalSAT] IdleRange(P*) <= 2: SAT
[IncrementalSAT] IdleRange(P*) <= 0: SAT
    SAT | IdleRange(P*)=0 | time=0.376287s | config=F-PW-DE-ST-IRP-IS-CD-IC12P
[194/960] tic-14crafd.prec15 | full | multiple | P=pairwise | G=direct | imp12+
[MultipleSAT] initial IdleRange(P*)=5
[MultipleSAT] IdleRange(P*) <= 2: SAT
[MultipleSAT] IdleRange(P*) <= 0: SAT
    SAT | IdleRange(P*)=0 | time=0.415111s | config=F-PW-DE-ST-IRP-NIS-CD-IC12P
[195/960] tic-14crafd.prec15 | full | maxsat | P=pairwise | G=direct | imp12+
[MaxSAT/UWrMaxSAT] running /home/dclng566/solver-build/uwrmaxsat/build/release/bin/uwrmaxsat with timeout=7199.53s
[MaxSAT/UWrMaxSAT] optimum IdleRange(P*)=0 (cost=0)
[MaxSAT/UWrMaxSAT] process exit code=30
    SAT | IdleRange(P*)=0 | time=0.565213s | config=F-PW-DE-ST-IRP-UW-IC12P
[196/960] tic-14crafd.prec15 | full | incremental | P=pairwise | G=distance_closure | imp12+
[IncrementalSAT] initial IdleRange(P*)=5
[IncrementalSAT] IdleRange(P*) <= 2: SAT
[IncrementalSAT] IdleRange(P*) <= 0: SAT
    SAT | IdleRange(P*)=0 | time=0.358866s | config=F-PW-DC-ST-IRP-IS-CD-IC12P
[197/960] tic-14crafd.prec15 | full | multiple | P=pairwise | G=distance_closure | imp12+
[MultipleSAT] initial IdleRange(P*)=5
[MultipleSAT] IdleRange(P*) <= 2: SAT
[MultipleSAT] IdleRange(P*) <= 0: SAT
    SAT | IdleRange(P*)=0 | time=0.422917s | config=F-PW-DC-ST-IRP-NIS-CD-IC12P
[198/960] tic-14crafd.prec15 | full | maxsat | P=pairwise | G=distance_closure | imp12+
[MaxSAT/UWrMaxSAT] running /home/dclng566/solver-build/uwrmaxsat/build/release/bin/uwrmaxsat with timeout=7199.53s
[MaxSAT/UWrMaxSAT] optimum IdleRange(P*)=0 (cost=0)
[MaxSAT/UWrMaxSAT] process exit code=30
    SAT | IdleRange(P*)=0 | time=0.555994s | config=F-PW-DC-ST-IRP-UW-IC12P
[199/960] tic-14crafd.prec15 | full | incremental | P=sparse_suffix | G=direct | imp12+
[IncrementalSAT] initial IdleRange(P*)=6
[IncrementalSAT] IdleRange(P*) <= 2: SAT
[IncrementalSAT] IdleRange(P*) <= 0: SAT
    SAT | IdleRange(P*)=0 | time=0.380897s | config=F-SS-DE-ST-IRP-IS-CD-IC12P
[200/960] tic-14crafd.prec15 | full | multiple | P=sparse_suffix | G=direct | imp12+
[MultipleSAT] initial IdleRange(P*)=6
[MultipleSAT] IdleRange(P*) <= 2: SAT
[MultipleSAT] IdleRange(P*) <= 0: SAT
    SAT | IdleRange(P*)=0 | time=0.402958s | config=F-SS-DE-ST-IRP-NIS-CD-IC12P
[201/960] tic-14crafd.prec15 | full | maxsat | P=sparse_suffix | G=direct | imp12+
[MaxSAT/UWrMaxSAT] running /home/dclng566/solver-build/uwrmaxsat/build/release/bin/uwrmaxsat with timeout=7199.53s
[MaxSAT/UWrMaxSAT] optimum IdleRange(P*)=0 (cost=0)
[MaxSAT/UWrMaxSAT] process exit code=30
    SAT | IdleRange(P*)=0 | time=0.550276s | config=F-SS-DE-ST-IRP-UW-IC12P
[202/960] tic-14crafd.prec15 | full | incremental | P=sparse_suffix | G=distance_closure | imp12+
[IncrementalSAT] initial IdleRange(P*)=6
[IncrementalSAT] IdleRange(P*) <= 2: SAT
[IncrementalSAT] IdleRange(P*) <= 0: SAT
    SAT | IdleRange(P*)=0 | time=0.307725s | config=F-SS-DC-ST-IRP-IS-CD-IC12P
[203/960] tic-14crafd.prec15 | full | multiple | P=sparse_suffix | G=distance_closure | imp12+
[MultipleSAT] initial IdleRange(P*)=6
[MultipleSAT] IdleRange(P*) <= 2: SAT
[MultipleSAT] IdleRange(P*) <= 0: SAT
    SAT | IdleRange(P*)=0 | time=0.404043s | config=F-SS-DC-ST-IRP-NIS-CD-IC12P
[204/960] tic-14crafd.prec15 | full | maxsat | P=sparse_suffix | G=distance_closure | imp12+
[MaxSAT/UWrMaxSAT] running /home/dclng566/solver-build/uwrmaxsat/build/release/bin/uwrmaxsat with timeout=7199.53s
[MaxSAT/UWrMaxSAT] optimum IdleRange(P*)=0 (cost=0)
[MaxSAT/UWrMaxSAT] process exit code=30
    SAT | IdleRange(P*)=0 | time=0.546328s | config=F-SS-DC-ST-IRP-UW-IC12P
[205/960] tic-14crafd.prec15 | reduced | incremental | P=pairwise | G=direct | imp12+
[IncrementalSAT] initial IdleRange(P*)=6
[IncrementalSAT] IdleRange(P*) <= 2: SAT
[IncrementalSAT] IdleRange(P*) <= 0: SAT
    SAT | IdleRange(P*)=0 | time=0.353759s | config=R-PW-DE-ST-IRP-IS-CD-IC12P
[206/960] tic-14crafd.prec15 | reduced | multiple | P=pairwise | G=direct | imp12+
[MultipleSAT] initial IdleRange(P*)=6
[MultipleSAT] IdleRange(P*) <= 2: SAT
[MultipleSAT] IdleRange(P*) <= 0: SAT
    SAT | IdleRange(P*)=0 | time=0.413757s | config=R-PW-DE-ST-IRP-NIS-CD-IC12P
[207/960] tic-14crafd.prec15 | reduced | maxsat | P=pairwise | G=direct | imp12+
[MaxSAT/UWrMaxSAT] running /home/dclng566/solver-build/uwrmaxsat/build/release/bin/uwrmaxsat with timeout=7199.53s
[MaxSAT/UWrMaxSAT] optimum IdleRange(P*)=0 (cost=0)
[MaxSAT/UWrMaxSAT] process exit code=30
    SAT | IdleRange(P*)=0 | time=0.541999s | config=R-PW-DE-ST-IRP-UW-IC12P
[208/960] tic-14crafd.prec15 | reduced | incremental | P=pairwise | G=distance_closure | imp12+
[IncrementalSAT] initial IdleRange(P*)=6
[IncrementalSAT] IdleRange(P*) <= 2: SAT
[IncrementalSAT] IdleRange(P*) <= 0: SAT
    SAT | IdleRange(P*)=0 | time=0.335387s | config=R-PW-DC-ST-IRP-IS-CD-IC12P
[209/960] tic-14crafd.prec15 | reduced | multiple | P=pairwise | G=distance_closure | imp12+
[MultipleSAT] initial IdleRange(P*)=6
[MultipleSAT] IdleRange(P*) <= 2: SAT
[MultipleSAT] IdleRange(P*) <= 0: SAT
    SAT | IdleRange(P*)=0 | time=0.394104s | config=R-PW-DC-ST-IRP-NIS-CD-IC12P
[210/960] tic-14crafd.prec15 | reduced | maxsat | P=pairwise | G=distance_closure | imp12+
[MaxSAT/UWrMaxSAT] running /home/dclng566/solver-build/uwrmaxsat/build/release/bin/uwrmaxsat with timeout=7199.53s
[MaxSAT/UWrMaxSAT] optimum IdleRange(P*)=0 (cost=0)
[MaxSAT/UWrMaxSAT] process exit code=30
    SAT | IdleRange(P*)=0 | time=0.566796s | config=R-PW-DC-ST-IRP-UW-IC12P
[211/960] tic-14crafd.prec15 | reduced | incremental | P=sparse_suffix | G=direct | imp12+
[IncrementalSAT] initial IdleRange(P*)=6
[IncrementalSAT] IdleRange(P*) <= 2: SAT
[IncrementalSAT] IdleRange(P*) <= 0: SAT
    SAT | IdleRange(P*)=0 | time=0.371894s | config=R-SS-DE-ST-IRP-IS-CD-IC12P
[212/960] tic-14crafd.prec15 | reduced | multiple | P=sparse_suffix | G=direct | imp12+
[MultipleSAT] initial IdleRange(P*)=6
[MultipleSAT] IdleRange(P*) <= 2: SAT
[MultipleSAT] IdleRange(P*) <= 0: SAT
    SAT | IdleRange(P*)=0 | time=0.393498s | config=R-SS-DE-ST-IRP-NIS-CD-IC12P
[213/960] tic-14crafd.prec15 | reduced | maxsat | P=sparse_suffix | G=direct | imp12+
[MaxSAT/UWrMaxSAT] running /home/dclng566/solver-build/uwrmaxsat/build/release/bin/uwrmaxsat with timeout=7199.53s
[MaxSAT/UWrMaxSAT] optimum IdleRange(P*)=0 (cost=0)
[MaxSAT/UWrMaxSAT] process exit code=30
    SAT | IdleRange(P*)=0 | time=0.560584s | config=R-SS-DE-ST-IRP-UW-IC12P
[214/960] tic-14crafd.prec15 | reduced | incremental | P=sparse_suffix | G=distance_closure | imp12+
[IncrementalSAT] initial IdleRange(P*)=5
[IncrementalSAT] IdleRange(P*) <= 2: SAT
[IncrementalSAT] IdleRange(P*) <= 0: SAT
    SAT | IdleRange(P*)=0 | time=0.338309s | config=R-SS-DC-ST-IRP-IS-CD-IC12P
[215/960] tic-14crafd.prec15 | reduced | multiple | P=sparse_suffix | G=distance_closure | imp12+
[MultipleSAT] initial IdleRange(P*)=5
[MultipleSAT] IdleRange(P*) <= 2: SAT
[MultipleSAT] IdleRange(P*) <= 0: SAT
    SAT | IdleRange(P*)=0 | time=0.407478s | config=R-SS-DC-ST-IRP-NIS-CD-IC12P
[216/960] tic-14crafd.prec15 | reduced | maxsat | P=sparse_suffix | G=distance_closure | imp12+
[MaxSAT/UWrMaxSAT] running /home/dclng566/solver-build/uwrmaxsat/build/release/bin/uwrmaxsat with timeout=7199.53s
[MaxSAT/UWrMaxSAT] optimum IdleRange(P*)=0 (cost=0)
[MaxSAT/UWrMaxSAT] process exit code=30
    SAT | IdleRange(P*)=0 | time=0.555722s | config=R-SS-DC-ST-IRP-UW-IC12P
    Excel: /home/dclng566/projects/Business-Meeting-Scheduling-Problem/output/ic12p-gcp-ic12p-20260723T023309Z/main/excel_data_table08_prec/tic-14crafd.prec15.xlsx
Instance tic-14crafa.prec15: P×G=pairwise+direct, pairwise+distance_closure, sparse_suffix+direct, sparse_suffix+distance_closure
[217/960] tic-14crafa.prec15 | full | incremental | P=pairwise | G=direct | imp12+
[IncrementalSAT] initial IdleRange(P*)=6
[IncrementalSAT] IdleRange(P*) <= 2: SAT
[IncrementalSAT] IdleRange(P*) <= 0: SAT
    SAT | IdleRange(P*)=0 | time=0.403855s | config=F-PW-DE-ST-IRP-IS-CD-IC12P
[218/960] tic-14crafa.prec15 | full | multiple | P=pairwise | G=direct | imp12+
[MultipleSAT] initial IdleRange(P*)=6
[MultipleSAT] IdleRange(P*) <= 2: SAT
[MultipleSAT] IdleRange(P*) <= 0: SAT
    SAT | IdleRange(P*)=0 | time=0.43283s | config=F-PW-DE-ST-IRP-NIS-CD-IC12P
[219/960] tic-14crafa.prec15 | full | maxsat | P=pairwise | G=direct | imp12+
[MaxSAT/UWrMaxSAT] running /home/dclng566/solver-build/uwrmaxsat/build/release/bin/uwrmaxsat with timeout=7199.54s
[MaxSAT/UWrMaxSAT] optimum IdleRange(P*)=0 (cost=0)
[MaxSAT/UWrMaxSAT] process exit code=30
    SAT | IdleRange(P*)=0 | time=0.563464s | config=F-PW-DE-ST-IRP-UW-IC12P
[220/960] tic-14crafa.prec15 | full | incremental | P=pairwise | G=distance_closure | imp12+
[IncrementalSAT] initial IdleRange(P*)=7
[IncrementalSAT] IdleRange(P*) <= 3: SAT
[IncrementalSAT] IdleRange(P*) <= 1: SAT
[IncrementalSAT] IdleRange(P*) <= 0: SAT
    SAT | IdleRange(P*)=0 | time=0.370156s | config=F-PW-DC-ST-IRP-IS-CD-IC12P
[221/960] tic-14crafa.prec15 | full | multiple | P=pairwise | G=distance_closure | imp12+
[MultipleSAT] initial IdleRange(P*)=7
[MultipleSAT] IdleRange(P*) <= 3: SAT
[MultipleSAT] IdleRange(P*) <= 1: SAT
[MultipleSAT] IdleRange(P*) <= 0: SAT
    SAT | IdleRange(P*)=0 | time=0.466825s | config=F-PW-DC-ST-IRP-NIS-CD-IC12P
[222/960] tic-14crafa.prec15 | full | maxsat | P=pairwise | G=distance_closure | imp12+
[MaxSAT/UWrMaxSAT] running /home/dclng566/solver-build/uwrmaxsat/build/release/bin/uwrmaxsat with timeout=7199.54s
[MaxSAT/UWrMaxSAT] optimum IdleRange(P*)=0 (cost=0)
[MaxSAT/UWrMaxSAT] process exit code=30
    SAT | IdleRange(P*)=0 | time=0.570716s | config=F-PW-DC-ST-IRP-UW-IC12P
[223/960] tic-14crafa.prec15 | full | incremental | P=sparse_suffix | G=direct | imp12+
[IncrementalSAT] initial IdleRange(P*)=7
[IncrementalSAT] IdleRange(P*) <= 3: SAT
[IncrementalSAT] IdleRange(P*) <= 1: SAT
[IncrementalSAT] IdleRange(P*) <= 0: SAT
    SAT | IdleRange(P*)=0 | time=0.389937s | config=F-SS-DE-ST-IRP-IS-CD-IC12P
[224/960] tic-14crafa.prec15 | full | multiple | P=sparse_suffix | G=direct | imp12+
[MultipleSAT] initial IdleRange(P*)=7
[MultipleSAT] IdleRange(P*) <= 3: SAT
[MultipleSAT] IdleRange(P*) <= 1: SAT
[MultipleSAT] IdleRange(P*) <= 0: SAT
    SAT | IdleRange(P*)=0 | time=0.473238s | config=F-SS-DE-ST-IRP-NIS-CD-IC12P
[225/960] tic-14crafa.prec15 | full | maxsat | P=sparse_suffix | G=direct | imp12+
[MaxSAT/UWrMaxSAT] running /home/dclng566/solver-build/uwrmaxsat/build/release/bin/uwrmaxsat with timeout=7199.54s
[MaxSAT/UWrMaxSAT] optimum IdleRange(P*)=0 (cost=0)
[MaxSAT/UWrMaxSAT] process exit code=30
    SAT | IdleRange(P*)=0 | time=0.573225s | config=F-SS-DE-ST-IRP-UW-IC12P
[226/960] tic-14crafa.prec15 | full | incremental | P=sparse_suffix | G=distance_closure | imp12+
[IncrementalSAT] initial IdleRange(P*)=6
[IncrementalSAT] IdleRange(P*) <= 2: SAT
[IncrementalSAT] IdleRange(P*) <= 0: SAT
    SAT | IdleRange(P*)=0 | time=0.379647s | config=F-SS-DC-ST-IRP-IS-CD-IC12P
[227/960] tic-14crafa.prec15 | full | multiple | P=sparse_suffix | G=distance_closure | imp12+
[MultipleSAT] initial IdleRange(P*)=6
[MultipleSAT] IdleRange(P*) <= 2: SAT
[MultipleSAT] IdleRange(P*) <= 0: SAT
    SAT | IdleRange(P*)=0 | time=0.422855s | config=F-SS-DC-ST-IRP-NIS-CD-IC12P
[228/960] tic-14crafa.prec15 | full | maxsat | P=sparse_suffix | G=distance_closure | imp12+
[MaxSAT/UWrMaxSAT] running /home/dclng566/solver-build/uwrmaxsat/build/release/bin/uwrmaxsat with timeout=7199.54s
[MaxSAT/UWrMaxSAT] optimum IdleRange(P*)=0 (cost=0)
[MaxSAT/UWrMaxSAT] process exit code=30
    SAT | IdleRange(P*)=0 | time=0.577455s | config=F-SS-DC-ST-IRP-UW-IC12P
[229/960] tic-14crafa.prec15 | reduced | incremental | P=pairwise | G=direct | imp12+
[IncrementalSAT] initial IdleRange(P*)=6
[IncrementalSAT] IdleRange(P*) <= 2: SAT
[IncrementalSAT] IdleRange(P*) <= 0: SAT
    SAT | IdleRange(P*)=0 | time=0.35909s | config=R-PW-DE-ST-IRP-IS-CD-IC12P
[230/960] tic-14crafa.prec15 | reduced | multiple | P=pairwise | G=direct | imp12+
[MultipleSAT] initial IdleRange(P*)=6
[MultipleSAT] IdleRange(P*) <= 2: SAT
[MultipleSAT] IdleRange(P*) <= 0: SAT
    SAT | IdleRange(P*)=0 | time=0.407139s | config=R-PW-DE-ST-IRP-NIS-CD-IC12P
[231/960] tic-14crafa.prec15 | reduced | maxsat | P=pairwise | G=direct | imp12+
[MaxSAT/UWrMaxSAT] running /home/dclng566/solver-build/uwrmaxsat/build/release/bin/uwrmaxsat with timeout=7199.53s
[MaxSAT/UWrMaxSAT] optimum IdleRange(P*)=0 (cost=0)
[MaxSAT/UWrMaxSAT] process exit code=30
    SAT | IdleRange(P*)=0 | time=0.57388s | config=R-PW-DE-ST-IRP-UW-IC12P
[232/960] tic-14crafa.prec15 | reduced | incremental | P=pairwise | G=distance_closure | imp12+
[IncrementalSAT] initial IdleRange(P*)=7
[IncrementalSAT] IdleRange(P*) <= 3: SAT
[IncrementalSAT] IdleRange(P*) <= 1: SAT
[IncrementalSAT] IdleRange(P*) <= 0: SAT
    SAT | IdleRange(P*)=0 | time=0.364426s | config=R-PW-DC-ST-IRP-IS-CD-IC12P
[233/960] tic-14crafa.prec15 | reduced | multiple | P=pairwise | G=distance_closure | imp12+
[MultipleSAT] initial IdleRange(P*)=7
[MultipleSAT] IdleRange(P*) <= 3: SAT
[MultipleSAT] IdleRange(P*) <= 1: SAT
[MultipleSAT] IdleRange(P*) <= 0: SAT
    SAT | IdleRange(P*)=0 | time=0.450656s | config=R-PW-DC-ST-IRP-NIS-CD-IC12P
[234/960] tic-14crafa.prec15 | reduced | maxsat | P=pairwise | G=distance_closure | imp12+
[MaxSAT/UWrMaxSAT] running /home/dclng566/solver-build/uwrmaxsat/build/release/bin/uwrmaxsat with timeout=7199.54s
[MaxSAT/UWrMaxSAT] optimum IdleRange(P*)=0 (cost=0)
[MaxSAT/UWrMaxSAT] process exit code=30
    SAT | IdleRange(P*)=0 | time=0.615437s | config=R-PW-DC-ST-IRP-UW-IC12P
[235/960] tic-14crafa.prec15 | reduced | incremental | P=sparse_suffix | G=direct | imp12+
[IncrementalSAT] initial IdleRange(P*)=7
[IncrementalSAT] IdleRange(P*) <= 3: SAT
[IncrementalSAT] IdleRange(P*) <= 1: SAT
[IncrementalSAT] IdleRange(P*) <= 0: SAT
    SAT | IdleRange(P*)=0 | time=0.338417s | config=R-SS-DE-ST-IRP-IS-CD-IC12P
[236/960] tic-14crafa.prec15 | reduced | multiple | P=sparse_suffix | G=direct | imp12+
[MultipleSAT] initial IdleRange(P*)=7
[MultipleSAT] IdleRange(P*) <= 3: SAT
[MultipleSAT] IdleRange(P*) <= 1: SAT
[MultipleSAT] IdleRange(P*) <= 0: SAT
    SAT | IdleRange(P*)=0 | time=0.374798s | config=R-SS-DE-ST-IRP-NIS-CD-IC12P
[237/960] tic-14crafa.prec15 | reduced | maxsat | P=sparse_suffix | G=direct | imp12+
[MaxSAT/UWrMaxSAT] running /home/dclng566/solver-build/uwrmaxsat/build/release/bin/uwrmaxsat with timeout=7199.54s
[MaxSAT/UWrMaxSAT] optimum IdleRange(P*)=0 (cost=0)
[MaxSAT/UWrMaxSAT] process exit code=30
    SAT | IdleRange(P*)=0 | time=0.563148s | config=R-SS-DE-ST-IRP-UW-IC12P
[238/960] tic-14crafa.prec15 | reduced | incremental | P=sparse_suffix | G=distance_closure | imp12+
[IncrementalSAT] initial IdleRange(P*)=7
[IncrementalSAT] IdleRange(P*) <= 3: SAT
[IncrementalSAT] IdleRange(P*) <= 1: SAT
[IncrementalSAT] IdleRange(P*) <= 0: SAT
    SAT | IdleRange(P*)=0 | time=0.35014s | config=R-SS-DC-ST-IRP-IS-CD-IC12P
[239/960] tic-14crafa.prec15 | reduced | multiple | P=sparse_suffix | G=distance_closure | imp12+
[MultipleSAT] initial IdleRange(P*)=7
[MultipleSAT] IdleRange(P*) <= 3: SAT
[MultipleSAT] IdleRange(P*) <= 1: SAT
[MultipleSAT] IdleRange(P*) <= 0: SAT
    SAT | IdleRange(P*)=0 | time=0.407794s | config=R-SS-DC-ST-IRP-NIS-CD-IC12P
[240/960] tic-14crafa.prec15 | reduced | maxsat | P=sparse_suffix | G=distance_closure | imp12+
[MaxSAT/UWrMaxSAT] running /home/dclng566/solver-build/uwrmaxsat/build/release/bin/uwrmaxsat with timeout=7199.54s
[MaxSAT/UWrMaxSAT] optimum IdleRange(P*)=0 (cost=0)
[MaxSAT/UWrMaxSAT] process exit code=30
    SAT | IdleRange(P*)=0 | time=0.575207s | config=R-SS-DC-ST-IRP-UW-IC12P
    Excel: /home/dclng566/projects/Business-Meeting-Scheduling-Problem/output/ic12p-gcp-ic12p-20260723T023309Z/main/excel_data_table08_prec/tic-14crafa.prec15.xlsx
Instance tic-14crafd.prec25: P×G=pairwise+direct, pairwise+distance_closure, sparse_suffix+direct, sparse_suffix+distance_closure
[241/960] tic-14crafd.prec25 | full | incremental | P=pairwise | G=direct | imp12+
[IncrementalSAT] initial IdleRange(P*)=7
[IncrementalSAT] IdleRange(P*) <= 3: SAT
[IncrementalSAT] IdleRange(P*) <= 1: SAT
[IncrementalSAT] IdleRange(P*) <= 0: SAT
    SAT | IdleRange(P*)=0 | time=0.737873s | config=F-PW-DE-ST-IRP-IS-CD-IC12P
[242/960] tic-14crafd.prec25 | full | multiple | P=pairwise | G=direct | imp12+
[MultipleSAT] initial IdleRange(P*)=7
[MultipleSAT] IdleRange(P*) <= 3: SAT
[MultipleSAT] IdleRange(P*) <= 1: SAT
[MultipleSAT] IdleRange(P*) <= 0: SAT
    SAT | IdleRange(P*)=0 | time=0.657961s | config=F-PW-DE-ST-IRP-NIS-CD-IC12P
[243/960] tic-14crafd.prec25 | full | maxsat | P=pairwise | G=direct | imp12+
[MaxSAT/UWrMaxSAT] running /home/dclng566/solver-build/uwrmaxsat/build/release/bin/uwrmaxsat with timeout=7199.55s
[MaxSAT/UWrMaxSAT] optimum IdleRange(P*)=0 (cost=0)
[MaxSAT/UWrMaxSAT] process exit code=30
    SAT | IdleRange(P*)=0 | time=0.878853s | config=F-PW-DE-ST-IRP-UW-IC12P
[244/960] tic-14crafd.prec25 | full | incremental | P=pairwise | G=distance_closure | imp12+
[IncrementalSAT] initial IdleRange(P*)=8
[IncrementalSAT] IdleRange(P*) <= 3: SAT
[IncrementalSAT] IdleRange(P*) <= 1: SAT
[IncrementalSAT] IdleRange(P*) <= 0: SAT
    SAT | IdleRange(P*)=0 | time=0.992519s | config=F-PW-DC-ST-IRP-IS-CD-IC12P
[245/960] tic-14crafd.prec25 | full | multiple | P=pairwise | G=distance_closure | imp12+
[MultipleSAT] initial IdleRange(P*)=8
[MultipleSAT] IdleRange(P*) <= 3: SAT
[MultipleSAT] IdleRange(P*) <= 1: SAT
[MultipleSAT] IdleRange(P*) <= 0: SAT
    SAT | IdleRange(P*)=0 | time=0.568094s | config=F-PW-DC-ST-IRP-NIS-CD-IC12P
[246/960] tic-14crafd.prec25 | full | maxsat | P=pairwise | G=distance_closure | imp12+
[MaxSAT/UWrMaxSAT] running /home/dclng566/solver-build/uwrmaxsat/build/release/bin/uwrmaxsat with timeout=7199.54s
[MaxSAT/UWrMaxSAT] optimum IdleRange(P*)=0 (cost=0)
[MaxSAT/UWrMaxSAT] process exit code=30
    SAT | IdleRange(P*)=0 | time=1.492738s | config=F-PW-DC-ST-IRP-UW-IC12P
[247/960] tic-14crafd.prec25 | full | incremental | P=sparse_suffix | G=direct | imp12+
[IncrementalSAT] initial IdleRange(P*)=7
[IncrementalSAT] IdleRange(P*) <= 3: SAT
[IncrementalSAT] IdleRange(P*) <= 1: SAT
[IncrementalSAT] IdleRange(P*) <= 0: SAT
    SAT | IdleRange(P*)=0 | time=1.694954s | config=F-SS-DE-ST-IRP-IS-CD-IC12P
[248/960] tic-14crafd.prec25 | full | multiple | P=sparse_suffix | G=direct | imp12+
[MultipleSAT] initial IdleRange(P*)=7
[MultipleSAT] IdleRange(P*) <= 3: SAT
[MultipleSAT] IdleRange(P*) <= 1: SAT
[MultipleSAT] IdleRange(P*) <= 0: SAT
    SAT | IdleRange(P*)=0 | time=1.008163s | config=F-SS-DE-ST-IRP-NIS-CD-IC12P
[249/960] tic-14crafd.prec25 | full | maxsat | P=sparse_suffix | G=direct | imp12+
[MaxSAT/UWrMaxSAT] running /home/dclng566/solver-build/uwrmaxsat/build/release/bin/uwrmaxsat with timeout=7199.54s
[MaxSAT/UWrMaxSAT] optimum IdleRange(P*)=0 (cost=0)
[MaxSAT/UWrMaxSAT] process exit code=30
    SAT | IdleRange(P*)=0 | time=0.571654s | config=F-SS-DE-ST-IRP-UW-IC12P
[250/960] tic-14crafd.prec25 | full | incremental | P=sparse_suffix | G=distance_closure | imp12+
[IncrementalSAT] initial IdleRange(P*)=6
[IncrementalSAT] IdleRange(P*) <= 2: SAT
[IncrementalSAT] IdleRange(P*) <= 0: SAT
    SAT | IdleRange(P*)=0 | time=0.37344s | config=F-SS-DC-ST-IRP-IS-CD-IC12P
[251/960] tic-14crafd.prec25 | full | multiple | P=sparse_suffix | G=distance_closure | imp12+
[MultipleSAT] initial IdleRange(P*)=6
[MultipleSAT] IdleRange(P*) <= 2: SAT
[MultipleSAT] IdleRange(P*) <= 0: SAT
    SAT | IdleRange(P*)=0 | time=0.475073s | config=F-SS-DC-ST-IRP-NIS-CD-IC12P
[252/960] tic-14crafd.prec25 | full | maxsat | P=sparse_suffix | G=distance_closure | imp12+
[MaxSAT/UWrMaxSAT] running /home/dclng566/solver-build/uwrmaxsat/build/release/bin/uwrmaxsat with timeout=7199.54s
[MaxSAT/UWrMaxSAT] optimum IdleRange(P*)=0 (cost=0)
[MaxSAT/UWrMaxSAT] process exit code=30
    SAT | IdleRange(P*)=0 | time=0.870641s | config=F-SS-DC-ST-IRP-UW-IC12P
[253/960] tic-14crafd.prec25 | reduced | incremental | P=pairwise | G=direct | imp12+
[IncrementalSAT] initial IdleRange(P*)=5
[IncrementalSAT] IdleRange(P*) <= 2: SAT
[IncrementalSAT] IdleRange(P*) <= 0: SAT
    SAT | IdleRange(P*)=0 | time=0.831083s | config=R-PW-DE-ST-IRP-IS-CD-IC12P
[254/960] tic-14crafd.prec25 | reduced | multiple | P=pairwise | G=direct | imp12+
[MultipleSAT] initial IdleRange(P*)=5
[MultipleSAT] IdleRange(P*) <= 2: SAT
[MultipleSAT] IdleRange(P*) <= 0: SAT
    SAT | IdleRange(P*)=0 | time=0.541058s | config=R-PW-DE-ST-IRP-NIS-CD-IC12P
[255/960] tic-14crafd.prec25 | reduced | maxsat | P=pairwise | G=direct | imp12+
[MaxSAT/UWrMaxSAT] running /home/dclng566/solver-build/uwrmaxsat/build/release/bin/uwrmaxsat with timeout=7199.55s
[MaxSAT/UWrMaxSAT] optimum IdleRange(P*)=0 (cost=0)
[MaxSAT/UWrMaxSAT] process exit code=30
    SAT | IdleRange(P*)=0 | time=0.812892s | config=R-PW-DE-ST-IRP-UW-IC12P
[256/960] tic-14crafd.prec25 | reduced | incremental | P=pairwise | G=distance_closure | imp12+
[IncrementalSAT] initial IdleRange(P*)=5
[IncrementalSAT] IdleRange(P*) <= 2: SAT
[IncrementalSAT] IdleRange(P*) <= 0: SAT
    SAT | IdleRange(P*)=0 | time=0.370903s | config=R-PW-DC-ST-IRP-IS-CD-IC12P
[257/960] tic-14crafd.prec25 | reduced | multiple | P=pairwise | G=distance_closure | imp12+
[MultipleSAT] initial IdleRange(P*)=5
[MultipleSAT] IdleRange(P*) <= 2: SAT
[MultipleSAT] IdleRange(P*) <= 0: SAT
    SAT | IdleRange(P*)=0 | time=0.496055s | config=R-PW-DC-ST-IRP-NIS-CD-IC12P
[258/960] tic-14crafd.prec25 | reduced | maxsat | P=pairwise | G=distance_closure | imp12+
[MaxSAT/UWrMaxSAT] running /home/dclng566/solver-build/uwrmaxsat/build/release/bin/uwrmaxsat with timeout=7199.54s
[MaxSAT/UWrMaxSAT] optimum IdleRange(P*)=0 (cost=0)
[MaxSAT/UWrMaxSAT] process exit code=30
    SAT | IdleRange(P*)=0 | time=1.953402s | config=R-PW-DC-ST-IRP-UW-IC12P
[259/960] tic-14crafd.prec25 | reduced | incremental | P=sparse_suffix | G=direct | imp12+
[IncrementalSAT] initial IdleRange(P*)=5
[IncrementalSAT] IdleRange(P*) <= 2: SAT
[IncrementalSAT] IdleRange(P*) <= 0: SAT
    SAT | IdleRange(P*)=0 | time=0.452633s | config=R-SS-DE-ST-IRP-IS-CD-IC12P
[260/960] tic-14crafd.prec25 | reduced | multiple | P=sparse_suffix | G=direct | imp12+
[MultipleSAT] initial IdleRange(P*)=5
[MultipleSAT] IdleRange(P*) <= 2: SAT
[MultipleSAT] IdleRange(P*) <= 0: SAT
    SAT | IdleRange(P*)=0 | time=0.427754s | config=R-SS-DE-ST-IRP-NIS-CD-IC12P
[261/960] tic-14crafd.prec25 | reduced | maxsat | P=sparse_suffix | G=direct | imp12+
[MaxSAT/UWrMaxSAT] running /home/dclng566/solver-build/uwrmaxsat/build/release/bin/uwrmaxsat with timeout=7199.55s
[MaxSAT/UWrMaxSAT] optimum IdleRange(P*)=0 (cost=0)
[MaxSAT/UWrMaxSAT] process exit code=30
    SAT | IdleRange(P*)=0 | time=0.838759s | config=R-SS-DE-ST-IRP-UW-IC12P
[262/960] tic-14crafd.prec25 | reduced | incremental | P=sparse_suffix | G=distance_closure | imp12+
[IncrementalSAT] initial IdleRange(P*)=6
[IncrementalSAT] IdleRange(P*) <= 2: SAT
[IncrementalSAT] IdleRange(P*) <= 0: SAT
    SAT | IdleRange(P*)=0 | time=0.937081s | config=R-SS-DC-ST-IRP-IS-CD-IC12P
[263/960] tic-14crafd.prec25 | reduced | multiple | P=sparse_suffix | G=distance_closure | imp12+
[MultipleSAT] initial IdleRange(P*)=6
[MultipleSAT] IdleRange(P*) <= 2: SAT
[MultipleSAT] IdleRange(P*) <= 0: SAT
    SAT | IdleRange(P*)=0 | time=0.478735s | config=R-SS-DC-ST-IRP-NIS-CD-IC12P
[264/960] tic-14crafd.prec25 | reduced | maxsat | P=sparse_suffix | G=distance_closure | imp12+
[MaxSAT/UWrMaxSAT] running /home/dclng566/solver-build/uwrmaxsat/build/release/bin/uwrmaxsat with timeout=7199.55s
[MaxSAT/UWrMaxSAT] optimum IdleRange(P*)=0 (cost=0)
[MaxSAT/UWrMaxSAT] process exit code=30
    SAT | IdleRange(P*)=0 | time=0.545204s | config=R-SS-DC-ST-IRP-UW-IC12P
    Excel: /home/dclng566/projects/Business-Meeting-Scheduling-Problem/output/ic12p-gcp-ic12p-20260723T023309Z/main/excel_data_table08_prec/tic-14crafd.prec25.xlsx
Instance tic-12crafc.prec15: P×G=pairwise+direct, pairwise+distance_closure, sparse_suffix+direct, sparse_suffix+distance_closure
[265/960] tic-12crafc.prec15 | full | incremental | P=pairwise | G=direct | imp12+
[IncrementalSAT] initial IdleRange(P*)=6
[IncrementalSAT] IdleRange(P*) <= 2: SAT
[IncrementalSAT] IdleRange(P*) <= 0: SAT
    SAT | IdleRange(P*)=0 | time=0.126432s | config=F-PW-DE-ST-IRP-IS-CD-IC12P
[266/960] tic-12crafc.prec15 | full | multiple | P=pairwise | G=direct | imp12+
[MultipleSAT] initial IdleRange(P*)=6
[MultipleSAT] IdleRange(P*) <= 2: SAT
[MultipleSAT] IdleRange(P*) <= 0: SAT
    SAT | IdleRange(P*)=0 | time=0.149182s | config=F-PW-DE-ST-IRP-NIS-CD-IC12P
[267/960] tic-12crafc.prec15 | full | maxsat | P=pairwise | G=direct | imp12+
[MaxSAT/UWrMaxSAT] running /home/dclng566/solver-build/uwrmaxsat/build/release/bin/uwrmaxsat with timeout=7199.67s
[MaxSAT/UWrMaxSAT] optimum IdleRange(P*)=0 (cost=0)
[MaxSAT/UWrMaxSAT] process exit code=30
    SAT | IdleRange(P*)=0 | time=0.218071s | config=F-PW-DE-ST-IRP-UW-IC12P
[268/960] tic-12crafc.prec15 | full | incremental | P=pairwise | G=distance_closure | imp12+
[IncrementalSAT] initial IdleRange(P*)=5
[IncrementalSAT] IdleRange(P*) <= 2: SAT
[IncrementalSAT] IdleRange(P*) <= 0: SAT
    SAT | IdleRange(P*)=0 | time=0.111735s | config=F-PW-DC-ST-IRP-IS-CD-IC12P
[269/960] tic-12crafc.prec15 | full | multiple | P=pairwise | G=distance_closure | imp12+
[MultipleSAT] initial IdleRange(P*)=5
[MultipleSAT] IdleRange(P*) <= 2: SAT
[MultipleSAT] IdleRange(P*) <= 0: SAT
    SAT | IdleRange(P*)=0 | time=0.147265s | config=F-PW-DC-ST-IRP-NIS-CD-IC12P
[270/960] tic-12crafc.prec15 | full | maxsat | P=pairwise | G=distance_closure | imp12+
[MaxSAT/UWrMaxSAT] running /home/dclng566/solver-build/uwrmaxsat/build/release/bin/uwrmaxsat with timeout=7199.67s
[MaxSAT/UWrMaxSAT] optimum IdleRange(P*)=0 (cost=0)
[MaxSAT/UWrMaxSAT] process exit code=30
    SAT | IdleRange(P*)=0 | time=0.220829s | config=F-PW-DC-ST-IRP-UW-IC12P
[271/960] tic-12crafc.prec15 | full | incremental | P=sparse_suffix | G=direct | imp12+
[IncrementalSAT] initial IdleRange(P*)=5
[IncrementalSAT] IdleRange(P*) <= 2: SAT
[IncrementalSAT] IdleRange(P*) <= 0: SAT
    SAT | IdleRange(P*)=0 | time=0.11452s | config=F-SS-DE-ST-IRP-IS-CD-IC12P
[272/960] tic-12crafc.prec15 | full | multiple | P=sparse_suffix | G=direct | imp12+
[MultipleSAT] initial IdleRange(P*)=5
[MultipleSAT] IdleRange(P*) <= 2: SAT
[MultipleSAT] IdleRange(P*) <= 0: SAT
    SAT | IdleRange(P*)=0 | time=0.135618s | config=F-SS-DE-ST-IRP-NIS-CD-IC12P
[273/960] tic-12crafc.prec15 | full | maxsat | P=sparse_suffix | G=direct | imp12+
[MaxSAT/UWrMaxSAT] running /home/dclng566/solver-build/uwrmaxsat/build/release/bin/uwrmaxsat with timeout=7199.67s
[MaxSAT/UWrMaxSAT] optimum IdleRange(P*)=0 (cost=0)
[MaxSAT/UWrMaxSAT] process exit code=30
    SAT | IdleRange(P*)=0 | time=0.20666s | config=F-SS-DE-ST-IRP-UW-IC12P
[274/960] tic-12crafc.prec15 | full | incremental | P=sparse_suffix | G=distance_closure | imp12+
[IncrementalSAT] initial IdleRange(P*)=4
[IncrementalSAT] IdleRange(P*) <= 1: SAT
[IncrementalSAT] IdleRange(P*) <= 0: SAT
    SAT | IdleRange(P*)=0 | time=0.120191s | config=F-SS-DC-ST-IRP-IS-CD-IC12P
[275/960] tic-12crafc.prec15 | full | multiple | P=sparse_suffix | G=distance_closure | imp12+
[MultipleSAT] initial IdleRange(P*)=4
[MultipleSAT] IdleRange(P*) <= 1: SAT
[MultipleSAT] IdleRange(P*) <= 0: SAT
    SAT | IdleRange(P*)=0 | time=0.154636s | config=F-SS-DC-ST-IRP-NIS-CD-IC12P
[276/960] tic-12crafc.prec15 | full | maxsat | P=sparse_suffix | G=distance_closure | imp12+
[MaxSAT/UWrMaxSAT] running /home/dclng566/solver-build/uwrmaxsat/build/release/bin/uwrmaxsat with timeout=7199.67s
[MaxSAT/UWrMaxSAT] optimum IdleRange(P*)=0 (cost=0)
[MaxSAT/UWrMaxSAT] process exit code=30
    SAT | IdleRange(P*)=0 | time=0.208902s | config=F-SS-DC-ST-IRP-UW-IC12P
[277/960] tic-12crafc.prec15 | reduced | incremental | P=pairwise | G=direct | imp12+
[IncrementalSAT] initial IdleRange(P*)=6
[IncrementalSAT] IdleRange(P*) <= 2: SAT
[IncrementalSAT] IdleRange(P*) <= 0: SAT
    SAT | IdleRange(P*)=0 | time=0.105038s | config=R-PW-DE-ST-IRP-IS-CD-IC12P
[278/960] tic-12crafc.prec15 | reduced | multiple | P=pairwise | G=direct | imp12+
[MultipleSAT] initial IdleRange(P*)=6
[MultipleSAT] IdleRange(P*) <= 2: SAT
[MultipleSAT] IdleRange(P*) <= 0: SAT
    SAT | IdleRange(P*)=0 | time=0.158816s | config=R-PW-DE-ST-IRP-NIS-CD-IC12P
[279/960] tic-12crafc.prec15 | reduced | maxsat | P=pairwise | G=direct | imp12+
[MaxSAT/UWrMaxSAT] running /home/dclng566/solver-build/uwrmaxsat/build/release/bin/uwrmaxsat with timeout=7199.67s
[MaxSAT/UWrMaxSAT] optimum IdleRange(P*)=0 (cost=0)
[MaxSAT/UWrMaxSAT] process exit code=30
    SAT | IdleRange(P*)=0 | time=0.208494s | config=R-PW-DE-ST-IRP-UW-IC12P
[280/960] tic-12crafc.prec15 | reduced | incremental | P=pairwise | G=distance_closure | imp12+
[IncrementalSAT] initial IdleRange(P*)=6
[IncrementalSAT] IdleRange(P*) <= 2: SAT
[IncrementalSAT] IdleRange(P*) <= 0: SAT
    SAT | IdleRange(P*)=0 | time=0.106462s | config=R-PW-DC-ST-IRP-IS-CD-IC12P
[281/960] tic-12crafc.prec15 | reduced | multiple | P=pairwise | G=distance_closure | imp12+
[MultipleSAT] initial IdleRange(P*)=6
[MultipleSAT] IdleRange(P*) <= 2: SAT
[MultipleSAT] IdleRange(P*) <= 0: SAT
    SAT | IdleRange(P*)=0 | time=0.143274s | config=R-PW-DC-ST-IRP-NIS-CD-IC12P
[282/960] tic-12crafc.prec15 | reduced | maxsat | P=pairwise | G=distance_closure | imp12+
[MaxSAT/UWrMaxSAT] running /home/dclng566/solver-build/uwrmaxsat/build/release/bin/uwrmaxsat with timeout=7199.68s
[MaxSAT/UWrMaxSAT] optimum IdleRange(P*)=0 (cost=0)
[MaxSAT/UWrMaxSAT] process exit code=30
    SAT | IdleRange(P*)=0 | time=0.197808s | config=R-PW-DC-ST-IRP-UW-IC12P
[283/960] tic-12crafc.prec15 | reduced | incremental | P=sparse_suffix | G=direct | imp12+
[IncrementalSAT] initial IdleRange(P*)=5
[IncrementalSAT] IdleRange(P*) <= 2: SAT
[IncrementalSAT] IdleRange(P*) <= 0: SAT
    SAT | IdleRange(P*)=0 | time=0.102527s | config=R-SS-DE-ST-IRP-IS-CD-IC12P
[284/960] tic-12crafc.prec15 | reduced | multiple | P=sparse_suffix | G=direct | imp12+
[MultipleSAT] initial IdleRange(P*)=5
[MultipleSAT] IdleRange(P*) <= 2: SAT
[MultipleSAT] IdleRange(P*) <= 0: SAT
    SAT | IdleRange(P*)=0 | time=0.124387s | config=R-SS-DE-ST-IRP-NIS-CD-IC12P
[285/960] tic-12crafc.prec15 | reduced | maxsat | P=sparse_suffix | G=direct | imp12+
[MaxSAT/UWrMaxSAT] running /home/dclng566/solver-build/uwrmaxsat/build/release/bin/uwrmaxsat with timeout=7199.68s
[MaxSAT/UWrMaxSAT] optimum IdleRange(P*)=0 (cost=0)
[MaxSAT/UWrMaxSAT] process exit code=30
    SAT | IdleRange(P*)=0 | time=0.205048s | config=R-SS-DE-ST-IRP-UW-IC12P
[286/960] tic-12crafc.prec15 | reduced | incremental | P=sparse_suffix | G=distance_closure | imp12+
[IncrementalSAT] initial IdleRange(P*)=5
[IncrementalSAT] IdleRange(P*) <= 2: SAT
[IncrementalSAT] IdleRange(P*) <= 0: SAT
    SAT | IdleRange(P*)=0 | time=0.117916s | config=R-SS-DC-ST-IRP-IS-CD-IC12P
[287/960] tic-12crafc.prec15 | reduced | multiple | P=sparse_suffix | G=distance_closure | imp12+
[MultipleSAT] initial IdleRange(P*)=5
[MultipleSAT] IdleRange(P*) <= 2: SAT
[MultipleSAT] IdleRange(P*) <= 0: SAT
    SAT | IdleRange(P*)=0 | time=0.141979s | config=R-SS-DC-ST-IRP-NIS-CD-IC12P
[288/960] tic-12crafc.prec15 | reduced | maxsat | P=sparse_suffix | G=distance_closure | imp12+
[MaxSAT/UWrMaxSAT] running /home/dclng566/solver-build/uwrmaxsat/build/release/bin/uwrmaxsat with timeout=7199.67s
[MaxSAT/UWrMaxSAT] optimum IdleRange(P*)=0 (cost=0)
[MaxSAT/UWrMaxSAT] process exit code=30
    SAT | IdleRange(P*)=0 | time=0.201081s | config=R-SS-DC-ST-IRP-UW-IC12P
    Excel: /home/dclng566/projects/Business-Meeting-Scheduling-Problem/output/ic12p-gcp-ic12p-20260723T023309Z/main/excel_data_table08_prec/tic-12crafc.prec15.xlsx
Instance tic-14crafc.prec25: P×G=pairwise+direct, pairwise+distance_closure, sparse_suffix+direct, sparse_suffix+distance_closure
[289/960] tic-14crafc.prec25 | full | incremental | P=pairwise | G=direct | imp12+
[IncrementalSAT] initial IdleRange(P*)=6
[IncrementalSAT] IdleRange(P*) <= 2: SAT
[IncrementalSAT] IdleRange(P*) <= 0: SAT
    SAT | IdleRange(P*)=0 | time=0.378889s | config=F-PW-DE-ST-IRP-IS-CD-IC12P
[290/960] tic-14crafc.prec25 | full | multiple | P=pairwise | G=direct | imp12+
[MultipleSAT] initial IdleRange(P*)=6
[MultipleSAT] IdleRange(P*) <= 2: SAT
[MultipleSAT] IdleRange(P*) <= 0: SAT
    SAT | IdleRange(P*)=0 | time=0.415161s | config=F-PW-DE-ST-IRP-NIS-CD-IC12P
[291/960] tic-14crafc.prec25 | full | maxsat | P=pairwise | G=direct | imp12+
[MaxSAT/UWrMaxSAT] running /home/dclng566/solver-build/uwrmaxsat/build/release/bin/uwrmaxsat with timeout=7199.55s
[MaxSAT/UWrMaxSAT] optimum IdleRange(P*)=0 (cost=0)
[MaxSAT/UWrMaxSAT] process exit code=30
    SAT | IdleRange(P*)=0 | time=0.899546s | config=F-PW-DE-ST-IRP-UW-IC12P
[292/960] tic-14crafc.prec25 | full | incremental | P=pairwise | G=distance_closure | imp12+
[IncrementalSAT] initial IdleRange(P*)=5
[IncrementalSAT] IdleRange(P*) <= 2: SAT
[IncrementalSAT] IdleRange(P*) <= 0: SAT
    SAT | IdleRange(P*)=0 | time=0.469367s | config=F-PW-DC-ST-IRP-IS-CD-IC12P
[293/960] tic-14crafc.prec25 | full | multiple | P=pairwise | G=distance_closure | imp12+
[MultipleSAT] initial IdleRange(P*)=5
[MultipleSAT] IdleRange(P*) <= 2: SAT
[MultipleSAT] IdleRange(P*) <= 0: SAT
    SAT | IdleRange(P*)=0 | time=0.433933s | config=F-PW-DC-ST-IRP-NIS-CD-IC12P
[294/960] tic-14crafc.prec25 | full | maxsat | P=pairwise | G=distance_closure | imp12+
[MaxSAT/UWrMaxSAT] running /home/dclng566/solver-build/uwrmaxsat/build/release/bin/uwrmaxsat with timeout=7199.55s
[MaxSAT/UWrMaxSAT] optimum IdleRange(P*)=0 (cost=0)
[MaxSAT/UWrMaxSAT] process exit code=30
    SAT | IdleRange(P*)=0 | time=0.596433s | config=F-PW-DC-ST-IRP-UW-IC12P
[295/960] tic-14crafc.prec25 | full | incremental | P=sparse_suffix | G=direct | imp12+
[IncrementalSAT] initial IdleRange(P*)=6
[IncrementalSAT] IdleRange(P*) <= 2: SAT
[IncrementalSAT] IdleRange(P*) <= 0: SAT
    SAT | IdleRange(P*)=0 | time=0.394576s | config=F-SS-DE-ST-IRP-IS-CD-IC12P
[296/960] tic-14crafc.prec25 | full | multiple | P=sparse_suffix | G=direct | imp12+
[MultipleSAT] initial IdleRange(P*)=6
[MultipleSAT] IdleRange(P*) <= 2: SAT
[MultipleSAT] IdleRange(P*) <= 0: SAT
    SAT | IdleRange(P*)=0 | time=0.501955s | config=F-SS-DE-ST-IRP-NIS-CD-IC12P
[297/960] tic-14crafc.prec25 | full | maxsat | P=sparse_suffix | G=direct | imp12+
[MaxSAT/UWrMaxSAT] running /home/dclng566/solver-build/uwrmaxsat/build/release/bin/uwrmaxsat with timeout=7199.55s
[MaxSAT/UWrMaxSAT] optimum IdleRange(P*)=0 (cost=0)
[MaxSAT/UWrMaxSAT] process exit code=30
    SAT | IdleRange(P*)=0 | time=1.59873s | config=F-SS-DE-ST-IRP-UW-IC12P
[298/960] tic-14crafc.prec25 | full | incremental | P=sparse_suffix | G=distance_closure | imp12+
[IncrementalSAT] initial IdleRange(P*)=7
[IncrementalSAT] IdleRange(P*) <= 3: SAT
[IncrementalSAT] IdleRange(P*) <= 1: SAT
[IncrementalSAT] IdleRange(P*) <= 0: SAT
    SAT | IdleRange(P*)=0 | time=0.854523s | config=F-SS-DC-ST-IRP-IS-CD-IC12P
[299/960] tic-14crafc.prec25 | full | multiple | P=sparse_suffix | G=distance_closure | imp12+
[MultipleSAT] initial IdleRange(P*)=7
[MultipleSAT] IdleRange(P*) <= 3: SAT
[MultipleSAT] IdleRange(P*) <= 1: SAT
[MultipleSAT] IdleRange(P*) <= 0: SAT
    SAT | IdleRange(P*)=0 | time=2.003966s | config=F-SS-DC-ST-IRP-NIS-CD-IC12P
[300/960] tic-14crafc.prec25 | full | maxsat | P=sparse_suffix | G=distance_closure | imp12+
[MaxSAT/UWrMaxSAT] running /home/dclng566/solver-build/uwrmaxsat/build/release/bin/uwrmaxsat with timeout=7199.55s
[MaxSAT/UWrMaxSAT] optimum IdleRange(P*)=0 (cost=0)
[MaxSAT/UWrMaxSAT] process exit code=30
    SAT | IdleRange(P*)=0 | time=0.955992s | config=F-SS-DC-ST-IRP-UW-IC12P
[301/960] tic-14crafc.prec25 | reduced | incremental | P=pairwise | G=direct | imp12+
[IncrementalSAT] initial IdleRange(P*)=6
[IncrementalSAT] IdleRange(P*) <= 2: SAT
[IncrementalSAT] IdleRange(P*) <= 0: SAT
    SAT | IdleRange(P*)=0 | time=0.891483s | config=R-PW-DE-ST-IRP-IS-CD-IC12P
[302/960] tic-14crafc.prec25 | reduced | multiple | P=pairwise | G=direct | imp12+
[MultipleSAT] initial IdleRange(P*)=6
[MultipleSAT] IdleRange(P*) <= 2: SAT
[MultipleSAT] IdleRange(P*) <= 0: SAT
    SAT | IdleRange(P*)=0 | time=0.527231s | config=R-PW-DE-ST-IRP-NIS-CD-IC12P
[303/960] tic-14crafc.prec25 | reduced | maxsat | P=pairwise | G=direct | imp12+
[MaxSAT/UWrMaxSAT] running /home/dclng566/solver-build/uwrmaxsat/build/release/bin/uwrmaxsat with timeout=7199.55s
[MaxSAT/UWrMaxSAT] optimum IdleRange(P*)=0 (cost=0)
[MaxSAT/UWrMaxSAT] process exit code=30
    SAT | IdleRange(P*)=0 | time=0.939979s | config=R-PW-DE-ST-IRP-UW-IC12P
[304/960] tic-14crafc.prec25 | reduced | incremental | P=pairwise | G=distance_closure | imp12+
[IncrementalSAT] initial IdleRange(P*)=7
[IncrementalSAT] IdleRange(P*) <= 3: SAT
[IncrementalSAT] IdleRange(P*) <= 1: SAT
[IncrementalSAT] IdleRange(P*) <= 0: SAT
    SAT | IdleRange(P*)=0 | time=1.104612s | config=R-PW-DC-ST-IRP-IS-CD-IC12P
[305/960] tic-14crafc.prec25 | reduced | multiple | P=pairwise | G=distance_closure | imp12+
[MultipleSAT] initial IdleRange(P*)=7
[MultipleSAT] IdleRange(P*) <= 3: SAT
[MultipleSAT] IdleRange(P*) <= 1: SAT
[MultipleSAT] IdleRange(P*) <= 0: SAT
    SAT | IdleRange(P*)=0 | time=0.578067s | config=R-PW-DC-ST-IRP-NIS-CD-IC12P
[306/960] tic-14crafc.prec25 | reduced | maxsat | P=pairwise | G=distance_closure | imp12+
[MaxSAT/UWrMaxSAT] running /home/dclng566/solver-build/uwrmaxsat/build/release/bin/uwrmaxsat with timeout=7199.56s
[MaxSAT/UWrMaxSAT] optimum IdleRange(P*)=0 (cost=0)
[MaxSAT/UWrMaxSAT] process exit code=30
    SAT | IdleRange(P*)=0 | time=0.890754s | config=R-PW-DC-ST-IRP-UW-IC12P
[307/960] tic-14crafc.prec25 | reduced | incremental | P=sparse_suffix | G=direct | imp12+
[IncrementalSAT] initial IdleRange(P*)=6
[IncrementalSAT] IdleRange(P*) <= 2: SAT
[IncrementalSAT] IdleRange(P*) <= 0: SAT
    SAT | IdleRange(P*)=0 | time=0.386987s | config=R-SS-DE-ST-IRP-IS-CD-IC12P
[308/960] tic-14crafc.prec25 | reduced | multiple | P=sparse_suffix | G=direct | imp12+
[MultipleSAT] initial IdleRange(P*)=6
[MultipleSAT] IdleRange(P*) <= 2: SAT
[MultipleSAT] IdleRange(P*) <= 0: SAT
    SAT | IdleRange(P*)=0 | time=0.497499s | config=R-SS-DE-ST-IRP-NIS-CD-IC12P
[309/960] tic-14crafc.prec25 | reduced | maxsat | P=sparse_suffix | G=direct | imp12+
[MaxSAT/UWrMaxSAT] running /home/dclng566/solver-build/uwrmaxsat/build/release/bin/uwrmaxsat with timeout=7199.56s
[MaxSAT/UWrMaxSAT] optimum IdleRange(P*)=0 (cost=0)
[MaxSAT/UWrMaxSAT] process exit code=30
    SAT | IdleRange(P*)=0 | time=0.872019s | config=R-SS-DE-ST-IRP-UW-IC12P
[310/960] tic-14crafc.prec25 | reduced | incremental | P=sparse_suffix | G=distance_closure | imp12+
[IncrementalSAT] initial IdleRange(P*)=5
[IncrementalSAT] IdleRange(P*) <= 2: SAT
[IncrementalSAT] IdleRange(P*) <= 0: SAT
    SAT | IdleRange(P*)=0 | time=0.381849s | config=R-SS-DC-ST-IRP-IS-CD-IC12P
[311/960] tic-14crafc.prec25 | reduced | multiple | P=sparse_suffix | G=distance_closure | imp12+
[MultipleSAT] initial IdleRange(P*)=5
[MultipleSAT] IdleRange(P*) <= 2: SAT
[MultipleSAT] IdleRange(P*) <= 0: SAT
    SAT | IdleRange(P*)=0 | time=0.506621s | config=R-SS-DC-ST-IRP-NIS-CD-IC12P
[312/960] tic-14crafc.prec25 | reduced | maxsat | P=sparse_suffix | G=distance_closure | imp12+
[MaxSAT/UWrMaxSAT] running /home/dclng566/solver-build/uwrmaxsat/build/release/bin/uwrmaxsat with timeout=7199.55s
[MaxSAT/UWrMaxSAT] optimum IdleRange(P*)=0 (cost=0)
[MaxSAT/UWrMaxSAT] process exit code=30
    SAT | IdleRange(P*)=0 | time=0.953061s | config=R-SS-DC-ST-IRP-UW-IC12P
    Excel: /home/dclng566/projects/Business-Meeting-Scheduling-Problem/output/ic12p-gcp-ic12p-20260723T023309Z/main/excel_data_table08_prec/tic-14crafc.prec25.xlsx
Instance ticf-13crafa.prec15: P×G=pairwise+direct, pairwise+distance_closure, sparse_suffix+direct, sparse_suffix+distance_closure
[313/960] ticf-13crafa.prec15 | full | incremental | P=pairwise | G=direct | imp12+
[IncrementalSAT] initial IdleRange(P*)=18
[IncrementalSAT] IdleRange(P*) <= 8: SAT
[IncrementalSAT] IdleRange(P*) <= 3: SAT
[IncrementalSAT] IdleRange(P*) <= 1: SAT
[IncrementalSAT] IdleRange(P*) <= 0: SAT
    SAT | IdleRange(P*)=0 | time=0.660345s | config=F-PW-DE-ST-IRP-IS-CD-IC12P
[314/960] ticf-13crafa.prec15 | full | multiple | P=pairwise | G=direct | imp12+
[MultipleSAT] initial IdleRange(P*)=18
[MultipleSAT] IdleRange(P*) <= 8: SAT
[MultipleSAT] IdleRange(P*) <= 3: SAT
[MultipleSAT] IdleRange(P*) <= 1: SAT
[MultipleSAT] IdleRange(P*) <= 0: SAT
    SAT | IdleRange(P*)=0 | time=0.981912s | config=F-PW-DE-ST-IRP-NIS-CD-IC12P
[315/960] ticf-13crafa.prec15 | full | maxsat | P=pairwise | G=direct | imp12+
[MaxSAT/UWrMaxSAT] running /home/dclng566/solver-build/uwrmaxsat/build/release/bin/uwrmaxsat with timeout=7199.44s
[MaxSAT/UWrMaxSAT] optimum IdleRange(P*)=0 (cost=0)
[MaxSAT/UWrMaxSAT] process exit code=30
    SAT | IdleRange(P*)=0 | time=0.848475s | config=F-PW-DE-ST-IRP-UW-IC12P
[316/960] ticf-13crafa.prec15 | full | incremental | P=pairwise | G=distance_closure | imp12+
[IncrementalSAT] initial IdleRange(P*)=18
[IncrementalSAT] IdleRange(P*) <= 8: SAT
[IncrementalSAT] IdleRange(P*) <= 3: SAT
[IncrementalSAT] IdleRange(P*) <= 1: SAT
[IncrementalSAT] IdleRange(P*) <= 0: SAT
    SAT | IdleRange(P*)=0 | time=0.65341s | config=F-PW-DC-ST-IRP-IS-CD-IC12P
[317/960] ticf-13crafa.prec15 | full | multiple | P=pairwise | G=distance_closure | imp12+
[MultipleSAT] initial IdleRange(P*)=18
[MultipleSAT] IdleRange(P*) <= 8: SAT
[MultipleSAT] IdleRange(P*) <= 3: SAT
[MultipleSAT] IdleRange(P*) <= 1: SAT
[MultipleSAT] IdleRange(P*) <= 0: SAT
    SAT | IdleRange(P*)=0 | time=0.986021s | config=F-PW-DC-ST-IRP-NIS-CD-IC12P
[318/960] ticf-13crafa.prec15 | full | maxsat | P=pairwise | G=distance_closure | imp12+
[MaxSAT/UWrMaxSAT] running /home/dclng566/solver-build/uwrmaxsat/build/release/bin/uwrmaxsat with timeout=7199.44s
[MaxSAT/UWrMaxSAT] optimum IdleRange(P*)=0 (cost=0)
[MaxSAT/UWrMaxSAT] process exit code=30
    SAT | IdleRange(P*)=0 | time=0.842409s | config=F-PW-DC-ST-IRP-UW-IC12P
[319/960] ticf-13crafa.prec15 | full | incremental | P=sparse_suffix | G=direct | imp12+
[IncrementalSAT] initial IdleRange(P*)=18
[IncrementalSAT] IdleRange(P*) <= 8: SAT
[IncrementalSAT] IdleRange(P*) <= 3: SAT
[IncrementalSAT] IdleRange(P*) <= 1: SAT
[IncrementalSAT] IdleRange(P*) <= 0: SAT
    SAT | IdleRange(P*)=0 | time=0.629942s | config=F-SS-DE-ST-IRP-IS-CD-IC12P
[320/960] ticf-13crafa.prec15 | full | multiple | P=sparse_suffix | G=direct | imp12+
[MultipleSAT] initial IdleRange(P*)=18
[MultipleSAT] IdleRange(P*) <= 8: SAT
[MultipleSAT] IdleRange(P*) <= 3: SAT
[MultipleSAT] IdleRange(P*) <= 1: SAT
[MultipleSAT] IdleRange(P*) <= 0: SAT
    SAT | IdleRange(P*)=0 | time=0.935851s | config=F-SS-DE-ST-IRP-NIS-CD-IC12P
[321/960] ticf-13crafa.prec15 | full | maxsat | P=sparse_suffix | G=direct | imp12+
[MaxSAT/UWrMaxSAT] running /home/dclng566/solver-build/uwrmaxsat/build/release/bin/uwrmaxsat with timeout=7199.43s
[MaxSAT/UWrMaxSAT] optimum IdleRange(P*)=0 (cost=0)
[MaxSAT/UWrMaxSAT] process exit code=30
    SAT | IdleRange(P*)=0 | time=0.865334s | config=F-SS-DE-ST-IRP-UW-IC12P
[322/960] ticf-13crafa.prec15 | full | incremental | P=sparse_suffix | G=distance_closure | imp12+
[IncrementalSAT] initial IdleRange(P*)=18
[IncrementalSAT] IdleRange(P*) <= 8: SAT
[IncrementalSAT] IdleRange(P*) <= 3: SAT
[IncrementalSAT] IdleRange(P*) <= 1: SAT
[IncrementalSAT] IdleRange(P*) <= 0: SAT
    SAT | IdleRange(P*)=0 | time=0.627689s | config=F-SS-DC-ST-IRP-IS-CD-IC12P
[323/960] ticf-13crafa.prec15 | full | multiple | P=sparse_suffix | G=distance_closure | imp12+
[MultipleSAT] initial IdleRange(P*)=18
[MultipleSAT] IdleRange(P*) <= 8: SAT
[MultipleSAT] IdleRange(P*) <= 3: SAT
[MultipleSAT] IdleRange(P*) <= 1: SAT
[MultipleSAT] IdleRange(P*) <= 0: SAT
    SAT | IdleRange(P*)=0 | time=0.926307s | config=F-SS-DC-ST-IRP-NIS-CD-IC12P
[324/960] ticf-13crafa.prec15 | full | maxsat | P=sparse_suffix | G=distance_closure | imp12+
[MaxSAT/UWrMaxSAT] running /home/dclng566/solver-build/uwrmaxsat/build/release/bin/uwrmaxsat with timeout=7199.44s
[MaxSAT/UWrMaxSAT] optimum IdleRange(P*)=0 (cost=0)
[MaxSAT/UWrMaxSAT] process exit code=30
    SAT | IdleRange(P*)=0 | time=0.853738s | config=F-SS-DC-ST-IRP-UW-IC12P
[325/960] ticf-13crafa.prec15 | reduced | incremental | P=pairwise | G=direct | imp12+
[IncrementalSAT] initial IdleRange(P*)=19
[IncrementalSAT] IdleRange(P*) <= 9: SAT
[IncrementalSAT] IdleRange(P*) <= 4: SAT
[IncrementalSAT] IdleRange(P*) <= 1: SAT
[IncrementalSAT] IdleRange(P*) <= 0: SAT
    SAT | IdleRange(P*)=0 | time=0.449482s | config=R-PW-DE-ST-IRP-IS-CD-IC12P
[326/960] ticf-13crafa.prec15 | reduced | multiple | P=pairwise | G=direct | imp12+
[MultipleSAT] initial IdleRange(P*)=19
[MultipleSAT] IdleRange(P*) <= 9: SAT
[MultipleSAT] IdleRange(P*) <= 4: SAT
[MultipleSAT] IdleRange(P*) <= 1: SAT
[MultipleSAT] IdleRange(P*) <= 0: SAT
    SAT | IdleRange(P*)=0 | time=0.728624s | config=R-PW-DE-ST-IRP-NIS-CD-IC12P
[327/960] ticf-13crafa.prec15 | reduced | maxsat | P=pairwise | G=direct | imp12+
[MaxSAT/UWrMaxSAT] running /home/dclng566/solver-build/uwrmaxsat/build/release/bin/uwrmaxsat with timeout=7199.47s
[MaxSAT/UWrMaxSAT] optimum IdleRange(P*)=0 (cost=0)
[MaxSAT/UWrMaxSAT] process exit code=30
    SAT | IdleRange(P*)=0 | time=0.61158s | config=R-PW-DE-ST-IRP-UW-IC12P
[328/960] ticf-13crafa.prec15 | reduced | incremental | P=pairwise | G=distance_closure | imp12+
[IncrementalSAT] initial IdleRange(P*)=19
[IncrementalSAT] IdleRange(P*) <= 9: SAT
[IncrementalSAT] IdleRange(P*) <= 4: SAT
[IncrementalSAT] IdleRange(P*) <= 1: SAT
[IncrementalSAT] IdleRange(P*) <= 0: SAT
    SAT | IdleRange(P*)=0 | time=0.451321s | config=R-PW-DC-ST-IRP-IS-CD-IC12P
[329/960] ticf-13crafa.prec15 | reduced | multiple | P=pairwise | G=distance_closure | imp12+
[MultipleSAT] initial IdleRange(P*)=19
[MultipleSAT] IdleRange(P*) <= 9: SAT
[MultipleSAT] IdleRange(P*) <= 4: SAT
[MultipleSAT] IdleRange(P*) <= 1: SAT
[MultipleSAT] IdleRange(P*) <= 0: SAT
    SAT | IdleRange(P*)=0 | time=0.72733s | config=R-PW-DC-ST-IRP-NIS-CD-IC12P
[330/960] ticf-13crafa.prec15 | reduced | maxsat | P=pairwise | G=distance_closure | imp12+
[MaxSAT/UWrMaxSAT] running /home/dclng566/solver-build/uwrmaxsat/build/release/bin/uwrmaxsat with timeout=7199.46s
[MaxSAT/UWrMaxSAT] optimum IdleRange(P*)=0 (cost=0)
[MaxSAT/UWrMaxSAT] process exit code=30
    SAT | IdleRange(P*)=0 | time=0.610468s | config=R-PW-DC-ST-IRP-UW-IC12P
[331/960] ticf-13crafa.prec15 | reduced | incremental | P=sparse_suffix | G=direct | imp12+
[IncrementalSAT] initial IdleRange(P*)=19
[IncrementalSAT] IdleRange(P*) <= 9: SAT
[IncrementalSAT] IdleRange(P*) <= 4: SAT
[IncrementalSAT] IdleRange(P*) <= 1: SAT
[IncrementalSAT] IdleRange(P*) <= 0: SAT
    SAT | IdleRange(P*)=0 | time=0.456679s | config=R-SS-DE-ST-IRP-IS-CD-IC12P
[332/960] ticf-13crafa.prec15 | reduced | multiple | P=sparse_suffix | G=direct | imp12+
[MultipleSAT] initial IdleRange(P*)=19
[MultipleSAT] IdleRange(P*) <= 9: SAT
[MultipleSAT] IdleRange(P*) <= 4: SAT
[MultipleSAT] IdleRange(P*) <= 1: SAT
[MultipleSAT] IdleRange(P*) <= 0: SAT
    SAT | IdleRange(P*)=0 | time=0.747693s | config=R-SS-DE-ST-IRP-NIS-CD-IC12P
[333/960] ticf-13crafa.prec15 | reduced | maxsat | P=sparse_suffix | G=direct | imp12+
[MaxSAT/UWrMaxSAT] running /home/dclng566/solver-build/uwrmaxsat/build/release/bin/uwrmaxsat with timeout=7199.47s
[MaxSAT/UWrMaxSAT] optimum IdleRange(P*)=0 (cost=0)
[MaxSAT/UWrMaxSAT] process exit code=30
    SAT | IdleRange(P*)=0 | time=0.649754s | config=R-SS-DE-ST-IRP-UW-IC12P
[334/960] ticf-13crafa.prec15 | reduced | incremental | P=sparse_suffix | G=distance_closure | imp12+
[IncrementalSAT] initial IdleRange(P*)=19
[IncrementalSAT] IdleRange(P*) <= 9: SAT
[IncrementalSAT] IdleRange(P*) <= 4: SAT
[IncrementalSAT] IdleRange(P*) <= 1: SAT
[IncrementalSAT] IdleRange(P*) <= 0: SAT
    SAT | IdleRange(P*)=0 | time=0.449486s | config=R-SS-DC-ST-IRP-IS-CD-IC12P
[335/960] ticf-13crafa.prec15 | reduced | multiple | P=sparse_suffix | G=distance_closure | imp12+
[MultipleSAT] initial IdleRange(P*)=19
[MultipleSAT] IdleRange(P*) <= 9: SAT
[MultipleSAT] IdleRange(P*) <= 4: SAT
[MultipleSAT] IdleRange(P*) <= 1: SAT
[MultipleSAT] IdleRange(P*) <= 0: SAT
    SAT | IdleRange(P*)=0 | time=0.722334s | config=R-SS-DC-ST-IRP-NIS-CD-IC12P
[336/960] ticf-13crafa.prec15 | reduced | maxsat | P=sparse_suffix | G=distance_closure | imp12+
[MaxSAT/UWrMaxSAT] running /home/dclng566/solver-build/uwrmaxsat/build/release/bin/uwrmaxsat with timeout=7199.47s
[MaxSAT/UWrMaxSAT] optimum IdleRange(P*)=0 (cost=0)
[MaxSAT/UWrMaxSAT] process exit code=30
    SAT | IdleRange(P*)=0 | time=0.649535s | config=R-SS-DC-ST-IRP-UW-IC12P
    Excel: /home/dclng566/projects/Business-Meeting-Scheduling-Problem/output/ic12p-gcp-ic12p-20260723T023309Z/main/excel_data_table08_prec/ticf-13crafa.prec15.xlsx
Instance forum-13crafc.prec25: P×G=pairwise+direct, pairwise+distance_closure, sparse_suffix+direct, sparse_suffix+distance_closure
[337/960] forum-13crafc.prec25 | full | incremental | P=pairwise | G=direct | imp12+
    UNSAT | IdleRange(P*)=None | time=0.279993s | config=F-PW-DE-ST-IRP-IS-CD-IC12P
[338/960] forum-13crafc.prec25 | full | multiple | P=pairwise | G=direct | imp12+
    UNSAT | IdleRange(P*)=None | time=0.279134s | config=F-PW-DE-ST-IRP-NIS-CD-IC12P
[339/960] forum-13crafc.prec25 | full | maxsat | P=pairwise | G=direct | imp12+
[MaxSAT/UWrMaxSAT] running /home/dclng566/solver-build/uwrmaxsat/build/release/bin/uwrmaxsat with timeout=7199.57s
    UNSAT | IdleRange(P*)=None | time=0.898311s | config=F-PW-DE-ST-IRP-UW-IC12P
[340/960] forum-13crafc.prec25 | full | incremental | P=pairwise | G=distance_closure | imp12+
    UNSAT | IdleRange(P*)=None | time=0.273116s | config=F-PW-DC-ST-IRP-IS-CD-IC12P
[341/960] forum-13crafc.prec25 | full | multiple | P=pairwise | G=distance_closure | imp12+
    UNSAT | IdleRange(P*)=None | time=0.269347s | config=F-PW-DC-ST-IRP-NIS-CD-IC12P
[342/960] forum-13crafc.prec25 | full | maxsat | P=pairwise | G=distance_closure | imp12+
[MaxSAT/UWrMaxSAT] running /home/dclng566/solver-build/uwrmaxsat/build/release/bin/uwrmaxsat with timeout=7199.57s
    UNSAT | IdleRange(P*)=None | time=0.897543s | config=F-PW-DC-ST-IRP-UW-IC12P
[343/960] forum-13crafc.prec25 | full | incremental | P=sparse_suffix | G=direct | imp12+
    UNSAT | IdleRange(P*)=None | time=0.270384s | config=F-SS-DE-ST-IRP-IS-CD-IC12P
[344/960] forum-13crafc.prec25 | full | multiple | P=sparse_suffix | G=direct | imp12+
    UNSAT | IdleRange(P*)=None | time=0.262625s | config=F-SS-DE-ST-IRP-NIS-CD-IC12P
[345/960] forum-13crafc.prec25 | full | maxsat | P=sparse_suffix | G=direct | imp12+
[MaxSAT/UWrMaxSAT] running /home/dclng566/solver-build/uwrmaxsat/build/release/bin/uwrmaxsat with timeout=7199.57s
    UNSAT | IdleRange(P*)=None | time=0.87483s | config=F-SS-DE-ST-IRP-UW-IC12P
[346/960] forum-13crafc.prec25 | full | incremental | P=sparse_suffix | G=distance_closure | imp12+
    UNSAT | IdleRange(P*)=None | time=0.265393s | config=F-SS-DC-ST-IRP-IS-CD-IC12P
[347/960] forum-13crafc.prec25 | full | multiple | P=sparse_suffix | G=distance_closure | imp12+
    UNSAT | IdleRange(P*)=None | time=0.26557s | config=F-SS-DC-ST-IRP-NIS-CD-IC12P
[348/960] forum-13crafc.prec25 | full | maxsat | P=sparse_suffix | G=distance_closure | imp12+
[MaxSAT/UWrMaxSAT] running /home/dclng566/solver-build/uwrmaxsat/build/release/bin/uwrmaxsat with timeout=7199.58s
    UNSAT | IdleRange(P*)=None | time=0.869865s | config=F-SS-DC-ST-IRP-UW-IC12P
[349/960] forum-13crafc.prec25 | reduced | incremental | P=pairwise | G=direct | imp12+
    UNSAT | IdleRange(P*)=None | time=0.188602s | config=R-PW-DE-ST-IRP-IS-CD-IC12P
[350/960] forum-13crafc.prec25 | reduced | multiple | P=pairwise | G=direct | imp12+
    UNSAT | IdleRange(P*)=None | time=0.198353s | config=R-PW-DE-ST-IRP-NIS-CD-IC12P
[351/960] forum-13crafc.prec25 | reduced | maxsat | P=pairwise | G=direct | imp12+
[MaxSAT/UWrMaxSAT] running /home/dclng566/solver-build/uwrmaxsat/build/release/bin/uwrmaxsat with timeout=7199.6s
    UNSAT | IdleRange(P*)=None | time=0.372903s | config=R-PW-DE-ST-IRP-UW-IC12P
[352/960] forum-13crafc.prec25 | reduced | incremental | P=pairwise | G=distance_closure | imp12+
    UNSAT | IdleRange(P*)=None | time=0.185244s | config=R-PW-DC-ST-IRP-IS-CD-IC12P
[353/960] forum-13crafc.prec25 | reduced | multiple | P=pairwise | G=distance_closure | imp12+
    UNSAT | IdleRange(P*)=None | time=0.185241s | config=R-PW-DC-ST-IRP-NIS-CD-IC12P
[354/960] forum-13crafc.prec25 | reduced | maxsat | P=pairwise | G=distance_closure | imp12+
[MaxSAT/UWrMaxSAT] running /home/dclng566/solver-build/uwrmaxsat/build/release/bin/uwrmaxsat with timeout=7199.59s
    UNSAT | IdleRange(P*)=None | time=0.387468s | config=R-PW-DC-ST-IRP-UW-IC12P
[355/960] forum-13crafc.prec25 | reduced | incremental | P=sparse_suffix | G=direct | imp12+
    UNSAT | IdleRange(P*)=None | time=0.191655s | config=R-SS-DE-ST-IRP-IS-CD-IC12P
[356/960] forum-13crafc.prec25 | reduced | multiple | P=sparse_suffix | G=direct | imp12+
    UNSAT | IdleRange(P*)=None | time=0.190892s | config=R-SS-DE-ST-IRP-NIS-CD-IC12P
[357/960] forum-13crafc.prec25 | reduced | maxsat | P=sparse_suffix | G=direct | imp12+
[MaxSAT/UWrMaxSAT] running /home/dclng566/solver-build/uwrmaxsat/build/release/bin/uwrmaxsat with timeout=7199.6s
    UNSAT | IdleRange(P*)=None | time=0.373693s | config=R-SS-DE-ST-IRP-UW-IC12P
[358/960] forum-13crafc.prec25 | reduced | incremental | P=sparse_suffix | G=distance_closure | imp12+
    UNSAT | IdleRange(P*)=None | time=0.192262s | config=R-SS-DC-ST-IRP-IS-CD-IC12P
[359/960] forum-13crafc.prec25 | reduced | multiple | P=sparse_suffix | G=distance_closure | imp12+
    UNSAT | IdleRange(P*)=None | time=0.193372s | config=R-SS-DC-ST-IRP-NIS-CD-IC12P
[360/960] forum-13crafc.prec25 | reduced | maxsat | P=sparse_suffix | G=distance_closure | imp12+
[MaxSAT/UWrMaxSAT] running /home/dclng566/solver-build/uwrmaxsat/build/release/bin/uwrmaxsat with timeout=7199.6s
    UNSAT | IdleRange(P*)=None | time=0.370551s | config=R-SS-DC-ST-IRP-UW-IC12P
    Excel: /home/dclng566/projects/Business-Meeting-Scheduling-Problem/output/ic12p-gcp-ic12p-20260723T023309Z/main/excel_data_table08_prec/forum-13crafc.prec25.xlsx
Instance forum-14.prec25: P×G=pairwise+direct, pairwise+distance_closure, sparse_suffix+direct, sparse_suffix+distance_closure
[361/960] forum-14.prec25 | full | incremental | P=pairwise | G=direct | imp12+
    UNSAT | IdleRange(P*)=None | time=0.559979s | config=F-PW-DE-ST-IRP-IS-CD-IC12P
[362/960] forum-14.prec25 | full | multiple | P=pairwise | G=direct | imp12+
    UNSAT | IdleRange(P*)=None | time=0.566223s | config=F-PW-DE-ST-IRP-NIS-CD-IC12P
[363/960] forum-14.prec25 | full | maxsat | P=pairwise | G=direct | imp12+
[MaxSAT/UWrMaxSAT] running /home/dclng566/solver-build/uwrmaxsat/build/release/bin/uwrmaxsat with timeout=7199.39s
    UNSAT | IdleRange(P*)=None | time=1.504527s | config=F-PW-DE-ST-IRP-UW-IC12P
[364/960] forum-14.prec25 | full | incremental | P=pairwise | G=distance_closure | imp12+
    UNSAT | IdleRange(P*)=None | time=0.590321s | config=F-PW-DC-ST-IRP-IS-CD-IC12P
[365/960] forum-14.prec25 | full | multiple | P=pairwise | G=distance_closure | imp12+
    UNSAT | IdleRange(P*)=None | time=0.586981s | config=F-PW-DC-ST-IRP-NIS-CD-IC12P
[366/960] forum-14.prec25 | full | maxsat | P=pairwise | G=distance_closure | imp12+
[MaxSAT/UWrMaxSAT] running /home/dclng566/solver-build/uwrmaxsat/build/release/bin/uwrmaxsat with timeout=7199.38s
    UNSAT | IdleRange(P*)=None | time=1.563047s | config=F-PW-DC-ST-IRP-UW-IC12P
[367/960] forum-14.prec25 | full | incremental | P=sparse_suffix | G=direct | imp12+
    UNSAT | IdleRange(P*)=None | time=0.554784s | config=F-SS-DE-ST-IRP-IS-CD-IC12P
[368/960] forum-14.prec25 | full | multiple | P=sparse_suffix | G=direct | imp12+
    UNSAT | IdleRange(P*)=None | time=0.556641s | config=F-SS-DE-ST-IRP-NIS-CD-IC12P
[369/960] forum-14.prec25 | full | maxsat | P=sparse_suffix | G=direct | imp12+
[MaxSAT/UWrMaxSAT] running /home/dclng566/solver-build/uwrmaxsat/build/release/bin/uwrmaxsat with timeout=7199.42s
    UNSAT | IdleRange(P*)=None | time=1.485719s | config=F-SS-DE-ST-IRP-UW-IC12P
[370/960] forum-14.prec25 | full | incremental | P=sparse_suffix | G=distance_closure | imp12+
    UNSAT | IdleRange(P*)=None | time=0.529727s | config=F-SS-DC-ST-IRP-IS-CD-IC12P
[371/960] forum-14.prec25 | full | multiple | P=sparse_suffix | G=distance_closure | imp12+
    UNSAT | IdleRange(P*)=None | time=0.530908s | config=F-SS-DC-ST-IRP-NIS-CD-IC12P
[372/960] forum-14.prec25 | full | maxsat | P=sparse_suffix | G=distance_closure | imp12+
[MaxSAT/UWrMaxSAT] running /home/dclng566/solver-build/uwrmaxsat/build/release/bin/uwrmaxsat with timeout=7199.42s
    UNSAT | IdleRange(P*)=None | time=1.478724s | config=F-SS-DC-ST-IRP-UW-IC12P
[373/960] forum-14.prec25 | reduced | incremental | P=pairwise | G=direct | imp12+
    UNSAT | IdleRange(P*)=None | time=0.350514s | config=R-PW-DE-ST-IRP-IS-CD-IC12P
[374/960] forum-14.prec25 | reduced | multiple | P=pairwise | G=direct | imp12+
    UNSAT | IdleRange(P*)=None | time=0.349048s | config=R-PW-DE-ST-IRP-NIS-CD-IC12P
[375/960] forum-14.prec25 | reduced | maxsat | P=pairwise | G=direct | imp12+
[MaxSAT/UWrMaxSAT] running /home/dclng566/solver-build/uwrmaxsat/build/release/bin/uwrmaxsat with timeout=7199.47s
    UNSAT | IdleRange(P*)=None | time=0.691506s | config=R-PW-DE-ST-IRP-UW-IC12P
[376/960] forum-14.prec25 | reduced | incremental | P=pairwise | G=distance_closure | imp12+
    UNSAT | IdleRange(P*)=None | time=0.352656s | config=R-PW-DC-ST-IRP-IS-CD-IC12P
[377/960] forum-14.prec25 | reduced | multiple | P=pairwise | G=distance_closure | imp12+
    UNSAT | IdleRange(P*)=None | time=0.353725s | config=R-PW-DC-ST-IRP-NIS-CD-IC12P
[378/960] forum-14.prec25 | reduced | maxsat | P=pairwise | G=distance_closure | imp12+
[MaxSAT/UWrMaxSAT] running /home/dclng566/solver-build/uwrmaxsat/build/release/bin/uwrmaxsat with timeout=7199.47s
    UNSAT | IdleRange(P*)=None | time=0.690966s | config=R-PW-DC-ST-IRP-UW-IC12P
[379/960] forum-14.prec25 | reduced | incremental | P=sparse_suffix | G=direct | imp12+
    UNSAT | IdleRange(P*)=None | time=0.340596s | config=R-SS-DE-ST-IRP-IS-CD-IC12P
[380/960] forum-14.prec25 | reduced | multiple | P=sparse_suffix | G=direct | imp12+
    UNSAT | IdleRange(P*)=None | time=0.336008s | config=R-SS-DE-ST-IRP-NIS-CD-IC12P
[381/960] forum-14.prec25 | reduced | maxsat | P=sparse_suffix | G=direct | imp12+
[MaxSAT/UWrMaxSAT] running /home/dclng566/solver-build/uwrmaxsat/build/release/bin/uwrmaxsat with timeout=7199.47s
    UNSAT | IdleRange(P*)=None | time=0.689345s | config=R-SS-DE-ST-IRP-UW-IC12P
[382/960] forum-14.prec25 | reduced | incremental | P=sparse_suffix | G=distance_closure | imp12+
    UNSAT | IdleRange(P*)=None | time=0.343163s | config=R-SS-DC-ST-IRP-IS-CD-IC12P
[383/960] forum-14.prec25 | reduced | multiple | P=sparse_suffix | G=distance_closure | imp12+
    UNSAT | IdleRange(P*)=None | time=0.334045s | config=R-SS-DC-ST-IRP-NIS-CD-IC12P
[384/960] forum-14.prec25 | reduced | maxsat | P=sparse_suffix | G=distance_closure | imp12+
[MaxSAT/UWrMaxSAT] running /home/dclng566/solver-build/uwrmaxsat/build/release/bin/uwrmaxsat with timeout=7199.48s
    UNSAT | IdleRange(P*)=None | time=0.677763s | config=R-SS-DC-ST-IRP-UW-IC12P
    Excel: /home/dclng566/projects/Business-Meeting-Scheduling-Problem/output/ic12p-gcp-ic12p-20260723T023309Z/main/excel_data_table08_prec/forum-14.prec25.xlsx
Instance tic-13.prec15: P×G=pairwise+direct, pairwise+distance_closure, sparse_suffix+direct, sparse_suffix+distance_closure
[385/960] tic-13.prec15 | full | incremental | P=pairwise | G=direct | imp12+
[IncrementalSAT] initial IdleRange(P*)=6
[IncrementalSAT] IdleRange(P*) <= 2: SAT
[IncrementalSAT] IdleRange(P*) <= 0: SAT
    SAT | IdleRange(P*)=0 | time=0.256871s | config=F-PW-DE-ST-IRP-IS-CD-IC12P
[386/960] tic-13.prec15 | full | multiple | P=pairwise | G=direct | imp12+
[MultipleSAT] initial IdleRange(P*)=6
[MultipleSAT] IdleRange(P*) <= 2: SAT
[MultipleSAT] IdleRange(P*) <= 0: SAT
    SAT | IdleRange(P*)=0 | time=0.30304s | config=F-PW-DE-ST-IRP-NIS-CD-IC12P
[387/960] tic-13.prec15 | full | maxsat | P=pairwise | G=direct | imp12+
[MaxSAT/UWrMaxSAT] running /home/dclng566/solver-build/uwrmaxsat/build/release/bin/uwrmaxsat with timeout=7199.59s
[MaxSAT/UWrMaxSAT] optimum IdleRange(P*)=0 (cost=0)
[MaxSAT/UWrMaxSAT] process exit code=30
    SAT | IdleRange(P*)=0 | time=0.464588s | config=F-PW-DE-ST-IRP-UW-IC12P
[388/960] tic-13.prec15 | full | incremental | P=pairwise | G=distance_closure | imp12+
[IncrementalSAT] initial IdleRange(P*)=6
[IncrementalSAT] IdleRange(P*) <= 2: SAT
[IncrementalSAT] IdleRange(P*) <= 0: SAT
    SAT | IdleRange(P*)=0 | time=0.282182s | config=F-PW-DC-ST-IRP-IS-CD-IC12P
[389/960] tic-13.prec15 | full | multiple | P=pairwise | G=distance_closure | imp12+
[MultipleSAT] initial IdleRange(P*)=6
[MultipleSAT] IdleRange(P*) <= 2: SAT
[MultipleSAT] IdleRange(P*) <= 0: SAT
    SAT | IdleRange(P*)=0 | time=0.329722s | config=F-PW-DC-ST-IRP-NIS-CD-IC12P
[390/960] tic-13.prec15 | full | maxsat | P=pairwise | G=distance_closure | imp12+
[MaxSAT/UWrMaxSAT] running /home/dclng566/solver-build/uwrmaxsat/build/release/bin/uwrmaxsat with timeout=7199.59s
[MaxSAT/UWrMaxSAT] optimum IdleRange(P*)=0 (cost=0)
[MaxSAT/UWrMaxSAT] process exit code=30
    SAT | IdleRange(P*)=0 | time=0.459496s | config=F-PW-DC-ST-IRP-UW-IC12P
[391/960] tic-13.prec15 | full | incremental | P=sparse_suffix | G=direct | imp12+
[IncrementalSAT] initial IdleRange(P*)=5
[IncrementalSAT] IdleRange(P*) <= 2: SAT
[IncrementalSAT] IdleRange(P*) <= 0: SAT
    SAT | IdleRange(P*)=0 | time=0.269979s | config=F-SS-DE-ST-IRP-IS-CD-IC12P
[392/960] tic-13.prec15 | full | multiple | P=sparse_suffix | G=direct | imp12+
[MultipleSAT] initial IdleRange(P*)=5
[MultipleSAT] IdleRange(P*) <= 2: SAT
[MultipleSAT] IdleRange(P*) <= 0: SAT
    SAT | IdleRange(P*)=0 | time=0.318406s | config=F-SS-DE-ST-IRP-NIS-CD-IC12P
[393/960] tic-13.prec15 | full | maxsat | P=sparse_suffix | G=direct | imp12+
[MaxSAT/UWrMaxSAT] running /home/dclng566/solver-build/uwrmaxsat/build/release/bin/uwrmaxsat with timeout=7199.6s
[MaxSAT/UWrMaxSAT] optimum IdleRange(P*)=0 (cost=0)
[MaxSAT/UWrMaxSAT] process exit code=30
    SAT | IdleRange(P*)=0 | time=0.454997s | config=F-SS-DE-ST-IRP-UW-IC12P
[394/960] tic-13.prec15 | full | incremental | P=sparse_suffix | G=distance_closure | imp12+
[IncrementalSAT] initial IdleRange(P*)=6
[IncrementalSAT] IdleRange(P*) <= 2: SAT
[IncrementalSAT] IdleRange(P*) <= 0: SAT
    SAT | IdleRange(P*)=0 | time=0.262698s | config=F-SS-DC-ST-IRP-IS-CD-IC12P
[395/960] tic-13.prec15 | full | multiple | P=sparse_suffix | G=distance_closure | imp12+
[MultipleSAT] initial IdleRange(P*)=6
[MultipleSAT] IdleRange(P*) <= 2: SAT
[MultipleSAT] IdleRange(P*) <= 0: SAT
    SAT | IdleRange(P*)=0 | time=0.320643s | config=F-SS-DC-ST-IRP-NIS-CD-IC12P
[396/960] tic-13.prec15 | full | maxsat | P=sparse_suffix | G=distance_closure | imp12+
[MaxSAT/UWrMaxSAT] running /home/dclng566/solver-build/uwrmaxsat/build/release/bin/uwrmaxsat with timeout=7199.59s
[MaxSAT/UWrMaxSAT] optimum IdleRange(P*)=0 (cost=0)
[MaxSAT/UWrMaxSAT] process exit code=30
    SAT | IdleRange(P*)=0 | time=0.460801s | config=F-SS-DC-ST-IRP-UW-IC12P
[397/960] tic-13.prec15 | reduced | incremental | P=pairwise | G=direct | imp12+
[IncrementalSAT] initial IdleRange(P*)=6
[IncrementalSAT] IdleRange(P*) <= 2: SAT
[IncrementalSAT] IdleRange(P*) <= 0: SAT
    SAT | IdleRange(P*)=0 | time=0.260756s | config=R-PW-DE-ST-IRP-IS-CD-IC12P
[398/960] tic-13.prec15 | reduced | multiple | P=pairwise | G=direct | imp12+
[MultipleSAT] initial IdleRange(P*)=6
[MultipleSAT] IdleRange(P*) <= 2: SAT
[MultipleSAT] IdleRange(P*) <= 0: SAT
    SAT | IdleRange(P*)=0 | time=0.349901s | config=R-PW-DE-ST-IRP-NIS-CD-IC12P
[399/960] tic-13.prec15 | reduced | maxsat | P=pairwise | G=direct | imp12+
[MaxSAT/UWrMaxSAT] running /home/dclng566/solver-build/uwrmaxsat/build/release/bin/uwrmaxsat with timeout=7199.6s
[MaxSAT/UWrMaxSAT] optimum IdleRange(P*)=0 (cost=0)
[MaxSAT/UWrMaxSAT] process exit code=30
    SAT | IdleRange(P*)=0 | time=0.452903s | config=R-PW-DE-ST-IRP-UW-IC12P
[400/960] tic-13.prec15 | reduced | incremental | P=pairwise | G=distance_closure | imp12+
[IncrementalSAT] initial IdleRange(P*)=6
[IncrementalSAT] IdleRange(P*) <= 2: SAT
[IncrementalSAT] IdleRange(P*) <= 0: SAT
    SAT | IdleRange(P*)=0 | time=0.269576s | config=R-PW-DC-ST-IRP-IS-CD-IC12P
[401/960] tic-13.prec15 | reduced | multiple | P=pairwise | G=distance_closure | imp12+
[MultipleSAT] initial IdleRange(P*)=6
[MultipleSAT] IdleRange(P*) <= 2: SAT
[MultipleSAT] IdleRange(P*) <= 0: SAT
    SAT | IdleRange(P*)=0 | time=0.298285s | config=R-PW-DC-ST-IRP-NIS-CD-IC12P
[402/960] tic-13.prec15 | reduced | maxsat | P=pairwise | G=distance_closure | imp12+
[MaxSAT/UWrMaxSAT] running /home/dclng566/solver-build/uwrmaxsat/build/release/bin/uwrmaxsat with timeout=7199.59s
[MaxSAT/UWrMaxSAT] optimum IdleRange(P*)=0 (cost=0)
[MaxSAT/UWrMaxSAT] process exit code=30
    SAT | IdleRange(P*)=0 | time=0.452606s | config=R-PW-DC-ST-IRP-UW-IC12P
[403/960] tic-13.prec15 | reduced | incremental | P=sparse_suffix | G=direct | imp12+
[IncrementalSAT] initial IdleRange(P*)=6
[IncrementalSAT] IdleRange(P*) <= 2: SAT
[IncrementalSAT] IdleRange(P*) <= 0: SAT
    SAT | IdleRange(P*)=0 | time=0.289731s | config=R-SS-DE-ST-IRP-IS-CD-IC12P
[404/960] tic-13.prec15 | reduced | multiple | P=sparse_suffix | G=direct | imp12+
[MultipleSAT] initial IdleRange(P*)=6
[MultipleSAT] IdleRange(P*) <= 2: SAT
[MultipleSAT] IdleRange(P*) <= 0: SAT
    SAT | IdleRange(P*)=0 | time=0.331998s | config=R-SS-DE-ST-IRP-NIS-CD-IC12P
[405/960] tic-13.prec15 | reduced | maxsat | P=sparse_suffix | G=direct | imp12+
[MaxSAT/UWrMaxSAT] running /home/dclng566/solver-build/uwrmaxsat/build/release/bin/uwrmaxsat with timeout=7199.59s
[MaxSAT/UWrMaxSAT] optimum IdleRange(P*)=0 (cost=0)
[MaxSAT/UWrMaxSAT] process exit code=30
    SAT | IdleRange(P*)=0 | time=0.415935s | config=R-SS-DE-ST-IRP-UW-IC12P
[406/960] tic-13.prec15 | reduced | incremental | P=sparse_suffix | G=distance_closure | imp12+
[IncrementalSAT] initial IdleRange(P*)=6
[IncrementalSAT] IdleRange(P*) <= 2: SAT
[IncrementalSAT] IdleRange(P*) <= 0: SAT
    SAT | IdleRange(P*)=0 | time=0.344033s | config=R-SS-DC-ST-IRP-IS-CD-IC12P
[407/960] tic-13.prec15 | reduced | multiple | P=sparse_suffix | G=distance_closure | imp12+
[MultipleSAT] initial IdleRange(P*)=6
[MultipleSAT] IdleRange(P*) <= 2: SAT
[MultipleSAT] IdleRange(P*) <= 0: SAT
    SAT | IdleRange(P*)=0 | time=0.309981s | config=R-SS-DC-ST-IRP-NIS-CD-IC12P
[408/960] tic-13.prec15 | reduced | maxsat | P=sparse_suffix | G=distance_closure | imp12+
[MaxSAT/UWrMaxSAT] running /home/dclng566/solver-build/uwrmaxsat/build/release/bin/uwrmaxsat with timeout=7199.59s
[MaxSAT/UWrMaxSAT] optimum IdleRange(P*)=0 (cost=0)
[MaxSAT/UWrMaxSAT] process exit code=30
    SAT | IdleRange(P*)=0 | time=0.45761s | config=R-SS-DC-ST-IRP-UW-IC12P
    Excel: /home/dclng566/projects/Business-Meeting-Scheduling-Problem/output/ic12p-gcp-ic12p-20260723T023309Z/main/excel_data_table08_prec/tic-13.prec15.xlsx
Instance tic-13crafc.prec25: P×G=pairwise+direct, pairwise+distance_closure, sparse_suffix+direct, sparse_suffix+distance_closure
[409/960] tic-13crafc.prec25 | full | incremental | P=pairwise | G=direct | imp12+
[IncrementalSAT] initial IdleRange(P*)=5
[IncrementalSAT] IdleRange(P*) <= 2: SAT
[IncrementalSAT] IdleRange(P*) <= 0: UNSAT
[IncrementalSAT] IdleRange(P*) <= 1: SAT
    SAT | IdleRange(P*)=1 | time=0.983853s | config=F-PW-DE-ST-IRP-IS-CD-IC12P
[410/960] tic-13crafc.prec25 | full | multiple | P=pairwise | G=direct | imp12+
[MultipleSAT] initial IdleRange(P*)=5
[MultipleSAT] IdleRange(P*) <= 2: SAT
[MultipleSAT] IdleRange(P*) <= 0: UNSAT
[MultipleSAT] IdleRange(P*) <= 1: SAT
    SAT | IdleRange(P*)=1 | time=1.131238s | config=F-PW-DE-ST-IRP-NIS-CD-IC12P
[411/960] tic-13crafc.prec25 | full | maxsat | P=pairwise | G=direct | imp12+
[MaxSAT/UWrMaxSAT] running /home/dclng566/solver-build/uwrmaxsat/build/release/bin/uwrmaxsat with timeout=7199.6s
[MaxSAT/UWrMaxSAT] optimum IdleRange(P*)=1 (cost=1)
[MaxSAT/UWrMaxSAT] process exit code=30
    SAT | IdleRange(P*)=1 | time=1.065719s | config=F-PW-DE-ST-IRP-UW-IC12P
[412/960] tic-13crafc.prec25 | full | incremental | P=pairwise | G=distance_closure | imp12+
[IncrementalSAT] initial IdleRange(P*)=6
[IncrementalSAT] IdleRange(P*) <= 2: SAT
[IncrementalSAT] IdleRange(P*) <= 0: UNSAT
[IncrementalSAT] IdleRange(P*) <= 1: SAT
    SAT | IdleRange(P*)=1 | time=0.555518s | config=F-PW-DC-ST-IRP-IS-CD-IC12P
[413/960] tic-13crafc.prec25 | full | multiple | P=pairwise | G=distance_closure | imp12+
[MultipleSAT] initial IdleRange(P*)=6
[MultipleSAT] IdleRange(P*) <= 2: SAT
[MultipleSAT] IdleRange(P*) <= 0: UNSAT
[MultipleSAT] IdleRange(P*) <= 1: SAT
    SAT | IdleRange(P*)=1 | time=0.41432s | config=F-PW-DC-ST-IRP-NIS-CD-IC12P
[414/960] tic-13crafc.prec25 | full | maxsat | P=pairwise | G=distance_closure | imp12+
[MaxSAT/UWrMaxSAT] running /home/dclng566/solver-build/uwrmaxsat/build/release/bin/uwrmaxsat with timeout=7199.6s
[MaxSAT/UWrMaxSAT] optimum IdleRange(P*)=1 (cost=1)
[MaxSAT/UWrMaxSAT] process exit code=30
    SAT | IdleRange(P*)=1 | time=0.583754s | config=F-PW-DC-ST-IRP-UW-IC12P
[415/960] tic-13crafc.prec25 | full | incremental | P=sparse_suffix | G=direct | imp12+
[IncrementalSAT] initial IdleRange(P*)=5
[IncrementalSAT] IdleRange(P*) <= 2: SAT
[IncrementalSAT] IdleRange(P*) <= 0: UNSAT
[IncrementalSAT] IdleRange(P*) <= 1: SAT
    SAT | IdleRange(P*)=1 | time=0.53711s | config=F-SS-DE-ST-IRP-IS-CD-IC12P
[416/960] tic-13crafc.prec25 | full | multiple | P=sparse_suffix | G=direct | imp12+
[MultipleSAT] initial IdleRange(P*)=5
[MultipleSAT] IdleRange(P*) <= 2: SAT
[MultipleSAT] IdleRange(P*) <= 0: UNSAT
[MultipleSAT] IdleRange(P*) <= 1: SAT
    SAT | IdleRange(P*)=1 | time=0.472974s | config=F-SS-DE-ST-IRP-NIS-CD-IC12P
[417/960] tic-13crafc.prec25 | full | maxsat | P=sparse_suffix | G=direct | imp12+
[MaxSAT/UWrMaxSAT] running /home/dclng566/solver-build/uwrmaxsat/build/release/bin/uwrmaxsat with timeout=7199.6s
[MaxSAT/UWrMaxSAT] optimum IdleRange(P*)=1 (cost=1)
[MaxSAT/UWrMaxSAT] process exit code=30
    SAT | IdleRange(P*)=1 | time=2.049273s | config=F-SS-DE-ST-IRP-UW-IC12P
[418/960] tic-13crafc.prec25 | full | incremental | P=sparse_suffix | G=distance_closure | imp12+
[IncrementalSAT] initial IdleRange(P*)=5
[IncrementalSAT] IdleRange(P*) <= 2: SAT
[IncrementalSAT] IdleRange(P*) <= 0: UNSAT
[IncrementalSAT] IdleRange(P*) <= 1: SAT
    SAT | IdleRange(P*)=1 | time=0.584915s | config=F-SS-DC-ST-IRP-IS-CD-IC12P
[419/960] tic-13crafc.prec25 | full | multiple | P=sparse_suffix | G=distance_closure | imp12+
[MultipleSAT] initial IdleRange(P*)=5
[MultipleSAT] IdleRange(P*) <= 2: SAT
[MultipleSAT] IdleRange(P*) <= 0: UNSAT
[MultipleSAT] IdleRange(P*) <= 1: SAT
    SAT | IdleRange(P*)=1 | time=0.50946s | config=F-SS-DC-ST-IRP-NIS-CD-IC12P
[420/960] tic-13crafc.prec25 | full | maxsat | P=sparse_suffix | G=distance_closure | imp12+
[MaxSAT/UWrMaxSAT] running /home/dclng566/solver-build/uwrmaxsat/build/release/bin/uwrmaxsat with timeout=7199.6s
[MaxSAT/UWrMaxSAT] optimum IdleRange(P*)=1 (cost=1)
[MaxSAT/UWrMaxSAT] process exit code=30
    SAT | IdleRange(P*)=1 | time=1.900743s | config=F-SS-DC-ST-IRP-UW-IC12P
[421/960] tic-13crafc.prec25 | reduced | incremental | P=pairwise | G=direct | imp12+
[IncrementalSAT] initial IdleRange(P*)=5
[IncrementalSAT] IdleRange(P*) <= 2: SAT
[IncrementalSAT] IdleRange(P*) <= 0: UNSAT
[IncrementalSAT] IdleRange(P*) <= 1: SAT
    SAT | IdleRange(P*)=1 | time=0.670959s | config=R-PW-DE-ST-IRP-IS-CD-IC12P
[422/960] tic-13crafc.prec25 | reduced | multiple | P=pairwise | G=direct | imp12+
[MultipleSAT] initial IdleRange(P*)=5
[MultipleSAT] IdleRange(P*) <= 2: SAT
[MultipleSAT] IdleRange(P*) <= 0: UNSAT
[MultipleSAT] IdleRange(P*) <= 1: SAT
    SAT | IdleRange(P*)=1 | time=0.472261s | config=R-PW-DE-ST-IRP-NIS-CD-IC12P
[423/960] tic-13crafc.prec25 | reduced | maxsat | P=pairwise | G=direct | imp12+
[MaxSAT/UWrMaxSAT] running /home/dclng566/solver-build/uwrmaxsat/build/release/bin/uwrmaxsat with timeout=7199.61s
[MaxSAT/UWrMaxSAT] optimum IdleRange(P*)=1 (cost=1)
[MaxSAT/UWrMaxSAT] process exit code=30
    SAT | IdleRange(P*)=1 | time=0.544278s | config=R-PW-DE-ST-IRP-UW-IC12P
[424/960] tic-13crafc.prec25 | reduced | incremental | P=pairwise | G=distance_closure | imp12+
[IncrementalSAT] initial IdleRange(P*)=5
[IncrementalSAT] IdleRange(P*) <= 2: SAT
[IncrementalSAT] IdleRange(P*) <= 0: UNSAT
[IncrementalSAT] IdleRange(P*) <= 1: SAT
    SAT | IdleRange(P*)=1 | time=0.834929s | config=R-PW-DC-ST-IRP-IS-CD-IC12P
[425/960] tic-13crafc.prec25 | reduced | multiple | P=pairwise | G=distance_closure | imp12+
[MultipleSAT] initial IdleRange(P*)=5
[MultipleSAT] IdleRange(P*) <= 2: SAT
[MultipleSAT] IdleRange(P*) <= 0: UNSAT
[MultipleSAT] IdleRange(P*) <= 1: SAT
    SAT | IdleRange(P*)=1 | time=0.397964s | config=R-PW-DC-ST-IRP-NIS-CD-IC12P
[426/960] tic-13crafc.prec25 | reduced | maxsat | P=pairwise | G=distance_closure | imp12+
[MaxSAT/UWrMaxSAT] running /home/dclng566/solver-build/uwrmaxsat/build/release/bin/uwrmaxsat with timeout=7199.61s
[MaxSAT/UWrMaxSAT] optimum IdleRange(P*)=1 (cost=1)
[MaxSAT/UWrMaxSAT] process exit code=30
    SAT | IdleRange(P*)=1 | time=0.839817s | config=R-PW-DC-ST-IRP-UW-IC12P
[427/960] tic-13crafc.prec25 | reduced | incremental | P=sparse_suffix | G=direct | imp12+
[IncrementalSAT] initial IdleRange(P*)=5
[IncrementalSAT] IdleRange(P*) <= 2: SAT
[IncrementalSAT] IdleRange(P*) <= 0: UNSAT
[IncrementalSAT] IdleRange(P*) <= 1: SAT
    SAT | IdleRange(P*)=1 | time=0.582877s | config=R-SS-DE-ST-IRP-IS-CD-IC12P
[428/960] tic-13crafc.prec25 | reduced | multiple | P=sparse_suffix | G=direct | imp12+
[MultipleSAT] initial IdleRange(P*)=5
[MultipleSAT] IdleRange(P*) <= 2: SAT
[MultipleSAT] IdleRange(P*) <= 0: UNSAT
[MultipleSAT] IdleRange(P*) <= 1: SAT
    SAT | IdleRange(P*)=1 | time=0.509858s | config=R-SS-DE-ST-IRP-NIS-CD-IC12P
[429/960] tic-13crafc.prec25 | reduced | maxsat | P=sparse_suffix | G=direct | imp12+
[MaxSAT/UWrMaxSAT] running /home/dclng566/solver-build/uwrmaxsat/build/release/bin/uwrmaxsat with timeout=7199.61s
[MaxSAT/UWrMaxSAT] optimum IdleRange(P*)=1 (cost=1)
[MaxSAT/UWrMaxSAT] process exit code=30
    SAT | IdleRange(P*)=1 | time=0.937794s | config=R-SS-DE-ST-IRP-UW-IC12P
[430/960] tic-13crafc.prec25 | reduced | incremental | P=sparse_suffix | G=distance_closure | imp12+
[IncrementalSAT] initial IdleRange(P*)=6
[IncrementalSAT] IdleRange(P*) <= 2: SAT
[IncrementalSAT] IdleRange(P*) <= 0: UNSAT
[IncrementalSAT] IdleRange(P*) <= 1: SAT
    SAT | IdleRange(P*)=1 | time=0.333926s | config=R-SS-DC-ST-IRP-IS-CD-IC12P
[431/960] tic-13crafc.prec25 | reduced | multiple | P=sparse_suffix | G=distance_closure | imp12+
[MultipleSAT] initial IdleRange(P*)=6
[MultipleSAT] IdleRange(P*) <= 2: SAT
[MultipleSAT] IdleRange(P*) <= 0: UNSAT
[MultipleSAT] IdleRange(P*) <= 1: SAT
    SAT | IdleRange(P*)=1 | time=1.046537s | config=R-SS-DC-ST-IRP-NIS-CD-IC12P
[432/960] tic-13crafc.prec25 | reduced | maxsat | P=sparse_suffix | G=distance_closure | imp12+
[MaxSAT/UWrMaxSAT] running /home/dclng566/solver-build/uwrmaxsat/build/release/bin/uwrmaxsat with timeout=7199.61s
[MaxSAT/UWrMaxSAT] optimum IdleRange(P*)=1 (cost=1)
[MaxSAT/UWrMaxSAT] process exit code=30
    SAT | IdleRange(P*)=1 | time=0.956416s | config=R-SS-DC-ST-IRP-UW-IC12P
    Excel: /home/dclng566/projects/Business-Meeting-Scheduling-Problem/output/ic12p-gcp-ic12p-20260723T023309Z/main/excel_data_table08_prec/tic-13crafc.prec25.xlsx
Instance forumt-14crafe.prec15: P×G=pairwise+direct, pairwise+distance_closure, sparse_suffix+direct, sparse_suffix+distance_closure
[433/960] forumt-14crafe.prec15 | full | incremental | P=pairwise | G=direct | imp12+
[IncrementalSAT] initial IdleRange(P*)=6
[IncrementalSAT] IdleRange(P*) <= 2: SAT
[IncrementalSAT] IdleRange(P*) <= 0: UNSAT
[IncrementalSAT] IdleRange(P*) <= 1: UNSAT
    SAT | IdleRange(P*)=2 | time=0.544003s | config=F-PW-DE-ST-IRP-IS-CD-IC12P
[434/960] forumt-14crafe.prec15 | full | multiple | P=pairwise | G=direct | imp12+
[MultipleSAT] initial IdleRange(P*)=6
[MultipleSAT] IdleRange(P*) <= 2: SAT
[MultipleSAT] IdleRange(P*) <= 0: UNSAT
[MultipleSAT] IdleRange(P*) <= 1: UNSAT
    SAT | IdleRange(P*)=2 | time=0.534305s | config=F-PW-DE-ST-IRP-NIS-CD-IC12P
[435/960] forumt-14crafe.prec15 | full | maxsat | P=pairwise | G=direct | imp12+
[MaxSAT/UWrMaxSAT] running /home/dclng566/solver-build/uwrmaxsat/build/release/bin/uwrmaxsat with timeout=7199.53s
[MaxSAT/UWrMaxSAT] optimum IdleRange(P*)=2 (cost=2)
[MaxSAT/UWrMaxSAT] process exit code=30
    SAT | IdleRange(P*)=2 | time=0.899565s | config=F-PW-DE-ST-IRP-UW-IC12P
[436/960] forumt-14crafe.prec15 | full | incremental | P=pairwise | G=distance_closure | imp12+
[IncrementalSAT] initial IdleRange(P*)=6
[IncrementalSAT] IdleRange(P*) <= 2: SAT
[IncrementalSAT] IdleRange(P*) <= 0: UNSAT
[IncrementalSAT] IdleRange(P*) <= 1: UNSAT
    SAT | IdleRange(P*)=2 | time=0.363129s | config=F-PW-DC-ST-IRP-IS-CD-IC12P
[437/960] forumt-14crafe.prec15 | full | multiple | P=pairwise | G=distance_closure | imp12+
[MultipleSAT] initial IdleRange(P*)=6
[MultipleSAT] IdleRange(P*) <= 2: SAT
[MultipleSAT] IdleRange(P*) <= 0: UNSAT
[MultipleSAT] IdleRange(P*) <= 1: UNSAT
    SAT | IdleRange(P*)=2 | time=0.4068s | config=F-PW-DC-ST-IRP-NIS-CD-IC12P
[438/960] forumt-14crafe.prec15 | full | maxsat | P=pairwise | G=distance_closure | imp12+
[MaxSAT/UWrMaxSAT] running /home/dclng566/solver-build/uwrmaxsat/build/release/bin/uwrmaxsat with timeout=7199.54s
[MaxSAT/UWrMaxSAT] optimum IdleRange(P*)=2 (cost=2)
[MaxSAT/UWrMaxSAT] process exit code=30
    SAT | IdleRange(P*)=2 | time=0.614675s | config=F-PW-DC-ST-IRP-UW-IC12P
[439/960] forumt-14crafe.prec15 | full | incremental | P=sparse_suffix | G=direct | imp12+
[IncrementalSAT] initial IdleRange(P*)=6
[IncrementalSAT] IdleRange(P*) <= 2: SAT
[IncrementalSAT] IdleRange(P*) <= 0: UNSAT
[IncrementalSAT] IdleRange(P*) <= 1: UNSAT
    SAT | IdleRange(P*)=2 | time=0.317276s | config=F-SS-DE-ST-IRP-IS-CD-IC12P
[440/960] forumt-14crafe.prec15 | full | multiple | P=sparse_suffix | G=direct | imp12+
[MultipleSAT] initial IdleRange(P*)=6
[MultipleSAT] IdleRange(P*) <= 2: SAT
[MultipleSAT] IdleRange(P*) <= 0: UNSAT
[MultipleSAT] IdleRange(P*) <= 1: UNSAT
    SAT | IdleRange(P*)=2 | time=0.44161s | config=F-SS-DE-ST-IRP-NIS-CD-IC12P
[441/960] forumt-14crafe.prec15 | full | maxsat | P=sparse_suffix | G=direct | imp12+
[MaxSAT/UWrMaxSAT] running /home/dclng566/solver-build/uwrmaxsat/build/release/bin/uwrmaxsat with timeout=7199.54s
[MaxSAT/UWrMaxSAT] optimum IdleRange(P*)=2 (cost=2)
[MaxSAT/UWrMaxSAT] process exit code=30
    SAT | IdleRange(P*)=2 | time=0.716278s | config=F-SS-DE-ST-IRP-UW-IC12P
[442/960] forumt-14crafe.prec15 | full | incremental | P=sparse_suffix | G=distance_closure | imp12+
[IncrementalSAT] initial IdleRange(P*)=5
[IncrementalSAT] IdleRange(P*) <= 2: SAT
[IncrementalSAT] IdleRange(P*) <= 0: UNSAT
[IncrementalSAT] IdleRange(P*) <= 1: UNSAT
    SAT | IdleRange(P*)=2 | time=0.451198s | config=F-SS-DC-ST-IRP-IS-CD-IC12P
[443/960] forumt-14crafe.prec15 | full | multiple | P=sparse_suffix | G=distance_closure | imp12+
[MultipleSAT] initial IdleRange(P*)=5
[MultipleSAT] IdleRange(P*) <= 2: SAT
[MultipleSAT] IdleRange(P*) <= 0: UNSAT
[MultipleSAT] IdleRange(P*) <= 1: UNSAT
    SAT | IdleRange(P*)=2 | time=0.55519s | config=F-SS-DC-ST-IRP-NIS-CD-IC12P
[444/960] forumt-14crafe.prec15 | full | maxsat | P=sparse_suffix | G=distance_closure | imp12+
[MaxSAT/UWrMaxSAT] running /home/dclng566/solver-build/uwrmaxsat/build/release/bin/uwrmaxsat with timeout=7199.54s
[MaxSAT/UWrMaxSAT] optimum IdleRange(P*)=2 (cost=2)
[MaxSAT/UWrMaxSAT] process exit code=30
    SAT | IdleRange(P*)=2 | time=0.624973s | config=F-SS-DC-ST-IRP-UW-IC12P
[445/960] forumt-14crafe.prec15 | reduced | incremental | P=pairwise | G=direct | imp12+
[IncrementalSAT] initial IdleRange(P*)=5
[IncrementalSAT] IdleRange(P*) <= 2: SAT
[IncrementalSAT] IdleRange(P*) <= 0: UNSAT
[IncrementalSAT] IdleRange(P*) <= 1: UNSAT
    SAT | IdleRange(P*)=2 | time=0.372844s | config=R-PW-DE-ST-IRP-IS-CD-IC12P
[446/960] forumt-14crafe.prec15 | reduced | multiple | P=pairwise | G=direct | imp12+
[MultipleSAT] initial IdleRange(P*)=5
[MultipleSAT] IdleRange(P*) <= 2: SAT
[MultipleSAT] IdleRange(P*) <= 0: UNSAT
[MultipleSAT] IdleRange(P*) <= 1: UNSAT
    SAT | IdleRange(P*)=2 | time=0.398517s | config=R-PW-DE-ST-IRP-NIS-CD-IC12P
[447/960] forumt-14crafe.prec15 | reduced | maxsat | P=pairwise | G=direct | imp12+
[MaxSAT/UWrMaxSAT] running /home/dclng566/solver-build/uwrmaxsat/build/release/bin/uwrmaxsat with timeout=7199.54s
[MaxSAT/UWrMaxSAT] optimum IdleRange(P*)=2 (cost=2)
[MaxSAT/UWrMaxSAT] process exit code=30
    SAT | IdleRange(P*)=2 | time=0.573054s | config=R-PW-DE-ST-IRP-UW-IC12P
[448/960] forumt-14crafe.prec15 | reduced | incremental | P=pairwise | G=distance_closure | imp12+
[IncrementalSAT] initial IdleRange(P*)=5
[IncrementalSAT] IdleRange(P*) <= 2: SAT
[IncrementalSAT] IdleRange(P*) <= 0: UNSAT
[IncrementalSAT] IdleRange(P*) <= 1: UNSAT
    SAT | IdleRange(P*)=2 | time=0.41838s | config=R-PW-DC-ST-IRP-IS-CD-IC12P
[449/960] forumt-14crafe.prec15 | reduced | multiple | P=pairwise | G=distance_closure | imp12+
[MultipleSAT] initial IdleRange(P*)=5
[MultipleSAT] IdleRange(P*) <= 2: SAT
[MultipleSAT] IdleRange(P*) <= 0: UNSAT
[MultipleSAT] IdleRange(P*) <= 1: UNSAT
    SAT | IdleRange(P*)=2 | time=0.42936s | config=R-PW-DC-ST-IRP-NIS-CD-IC12P
[450/960] forumt-14crafe.prec15 | reduced | maxsat | P=pairwise | G=distance_closure | imp12+
[MaxSAT/UWrMaxSAT] running /home/dclng566/solver-build/uwrmaxsat/build/release/bin/uwrmaxsat with timeout=7199.54s
[MaxSAT/UWrMaxSAT] optimum IdleRange(P*)=2 (cost=2)
[MaxSAT/UWrMaxSAT] process exit code=30
    SAT | IdleRange(P*)=2 | time=0.500502s | config=R-PW-DC-ST-IRP-UW-IC12P
[451/960] forumt-14crafe.prec15 | reduced | incremental | P=sparse_suffix | G=direct | imp12+
[IncrementalSAT] initial IdleRange(P*)=5
[IncrementalSAT] IdleRange(P*) <= 2: SAT
[IncrementalSAT] IdleRange(P*) <= 0: UNSAT
[IncrementalSAT] IdleRange(P*) <= 1: UNSAT
    SAT | IdleRange(P*)=2 | time=0.393731s | config=R-SS-DE-ST-IRP-IS-CD-IC12P
[452/960] forumt-14crafe.prec15 | reduced | multiple | P=sparse_suffix | G=direct | imp12+
[MultipleSAT] initial IdleRange(P*)=5
[MultipleSAT] IdleRange(P*) <= 2: SAT
[MultipleSAT] IdleRange(P*) <= 0: UNSAT
[MultipleSAT] IdleRange(P*) <= 1: UNSAT
    SAT | IdleRange(P*)=2 | time=0.391156s | config=R-SS-DE-ST-IRP-NIS-CD-IC12P
[453/960] forumt-14crafe.prec15 | reduced | maxsat | P=sparse_suffix | G=direct | imp12+
[MaxSAT/UWrMaxSAT] running /home/dclng566/solver-build/uwrmaxsat/build/release/bin/uwrmaxsat with timeout=7199.54s
[MaxSAT/UWrMaxSAT] optimum IdleRange(P*)=2 (cost=2)
[MaxSAT/UWrMaxSAT] process exit code=30
    SAT | IdleRange(P*)=2 | time=0.724972s | config=R-SS-DE-ST-IRP-UW-IC12P
[454/960] forumt-14crafe.prec15 | reduced | incremental | P=sparse_suffix | G=distance_closure | imp12+
[IncrementalSAT] initial IdleRange(P*)=5
[IncrementalSAT] IdleRange(P*) <= 2: SAT
[IncrementalSAT] IdleRange(P*) <= 0: UNSAT
[IncrementalSAT] IdleRange(P*) <= 1: UNSAT
    SAT | IdleRange(P*)=2 | time=0.784977s | config=R-SS-DC-ST-IRP-IS-CD-IC12P
[455/960] forumt-14crafe.prec15 | reduced | multiple | P=sparse_suffix | G=distance_closure | imp12+
[MultipleSAT] initial IdleRange(P*)=5
[MultipleSAT] IdleRange(P*) <= 2: SAT
[MultipleSAT] IdleRange(P*) <= 0: UNSAT
[MultipleSAT] IdleRange(P*) <= 1: UNSAT
    SAT | IdleRange(P*)=2 | time=0.482906s | config=R-SS-DC-ST-IRP-NIS-CD-IC12P
[456/960] forumt-14crafe.prec15 | reduced | maxsat | P=sparse_suffix | G=distance_closure | imp12+
[MaxSAT/UWrMaxSAT] running /home/dclng566/solver-build/uwrmaxsat/build/release/bin/uwrmaxsat with timeout=7199.54s
[MaxSAT/UWrMaxSAT] optimum IdleRange(P*)=2 (cost=2)
[MaxSAT/UWrMaxSAT] process exit code=30
    SAT | IdleRange(P*)=2 | time=0.574696s | config=R-SS-DC-ST-IRP-UW-IC12P
    Excel: /home/dclng566/projects/Business-Meeting-Scheduling-Problem/output/ic12p-gcp-ic12p-20260723T023309Z/main/excel_data_table08_prec/forumt-14crafe.prec15.xlsx
Instance tic-13.prec25: P×G=pairwise+direct, pairwise+distance_closure, sparse_suffix+direct, sparse_suffix+distance_closure
[457/960] tic-13.prec25 | full | incremental | P=pairwise | G=direct | imp12+
[IncrementalSAT] initial IdleRange(P*)=6
[IncrementalSAT] IdleRange(P*) <= 2: SAT
[IncrementalSAT] IdleRange(P*) <= 0: SAT
    SAT | IdleRange(P*)=0 | time=0.875285s | config=F-PW-DE-ST-IRP-IS-CD-IC12P
[458/960] tic-13.prec25 | full | multiple | P=pairwise | G=direct | imp12+
[MultipleSAT] initial IdleRange(P*)=6
[MultipleSAT] IdleRange(P*) <= 2: SAT
[MultipleSAT] IdleRange(P*) <= 0: SAT
    SAT | IdleRange(P*)=0 | time=0.360312s | config=F-PW-DE-ST-IRP-NIS-CD-IC12P
[459/960] tic-13.prec25 | full | maxsat | P=pairwise | G=direct | imp12+
[MaxSAT/UWrMaxSAT] running /home/dclng566/solver-build/uwrmaxsat/build/release/bin/uwrmaxsat with timeout=7199.6s
[MaxSAT/UWrMaxSAT] optimum IdleRange(P*)=0 (cost=0)
[MaxSAT/UWrMaxSAT] process exit code=30
    SAT | IdleRange(P*)=0 | time=0.825211s | config=F-PW-DE-ST-IRP-UW-IC12P
[460/960] tic-13.prec25 | full | incremental | P=pairwise | G=distance_closure | imp12+
[IncrementalSAT] initial IdleRange(P*)=5
[IncrementalSAT] IdleRange(P*) <= 2: SAT
[IncrementalSAT] IdleRange(P*) <= 0: SAT
    SAT | IdleRange(P*)=0 | time=0.870437s | config=F-PW-DC-ST-IRP-IS-CD-IC12P
[461/960] tic-13.prec25 | full | multiple | P=pairwise | G=distance_closure | imp12+
[MultipleSAT] initial IdleRange(P*)=5
[MultipleSAT] IdleRange(P*) <= 2: SAT
[MultipleSAT] IdleRange(P*) <= 0: SAT
    SAT | IdleRange(P*)=0 | time=0.794306s | config=F-PW-DC-ST-IRP-NIS-CD-IC12P
[462/960] tic-13.prec25 | full | maxsat | P=pairwise | G=distance_closure | imp12+
[MaxSAT/UWrMaxSAT] running /home/dclng566/solver-build/uwrmaxsat/build/release/bin/uwrmaxsat with timeout=7199.6s
[MaxSAT/UWrMaxSAT] optimum IdleRange(P*)=0 (cost=0)
[MaxSAT/UWrMaxSAT] process exit code=30
    SAT | IdleRange(P*)=0 | time=0.821038s | config=F-PW-DC-ST-IRP-UW-IC12P
[463/960] tic-13.prec25 | full | incremental | P=sparse_suffix | G=direct | imp12+
[IncrementalSAT] initial IdleRange(P*)=6
[IncrementalSAT] IdleRange(P*) <= 2: SAT
[IncrementalSAT] IdleRange(P*) <= 0: SAT
    SAT | IdleRange(P*)=0 | time=0.640315s | config=F-SS-DE-ST-IRP-IS-CD-IC12P
[464/960] tic-13.prec25 | full | multiple | P=sparse_suffix | G=direct | imp12+
[MultipleSAT] initial IdleRange(P*)=6
[MultipleSAT] IdleRange(P*) <= 2: SAT
[MultipleSAT] IdleRange(P*) <= 0: SAT
    SAT | IdleRange(P*)=0 | time=0.391455s | config=F-SS-DE-ST-IRP-NIS-CD-IC12P
[465/960] tic-13.prec25 | full | maxsat | P=sparse_suffix | G=direct | imp12+
[MaxSAT/UWrMaxSAT] running /home/dclng566/solver-build/uwrmaxsat/build/release/bin/uwrmaxsat with timeout=7199.6s
[MaxSAT/UWrMaxSAT] optimum IdleRange(P*)=0 (cost=0)
[MaxSAT/UWrMaxSAT] process exit code=30
    SAT | IdleRange(P*)=0 | time=0.502396s | config=F-SS-DE-ST-IRP-UW-IC12P
[466/960] tic-13.prec25 | full | incremental | P=sparse_suffix | G=distance_closure | imp12+
[IncrementalSAT] initial IdleRange(P*)=5
[IncrementalSAT] IdleRange(P*) <= 2: SAT
[IncrementalSAT] IdleRange(P*) <= 0: SAT
    SAT | IdleRange(P*)=0 | time=0.729148s | config=F-SS-DC-ST-IRP-IS-CD-IC12P
[467/960] tic-13.prec25 | full | multiple | P=sparse_suffix | G=distance_closure | imp12+
[MultipleSAT] initial IdleRange(P*)=5
[MultipleSAT] IdleRange(P*) <= 2: SAT
[MultipleSAT] IdleRange(P*) <= 0: SAT
    SAT | IdleRange(P*)=0 | time=0.322059s | config=F-SS-DC-ST-IRP-NIS-CD-IC12P
[468/960] tic-13.prec25 | full | maxsat | P=sparse_suffix | G=distance_closure | imp12+
[MaxSAT/UWrMaxSAT] running /home/dclng566/solver-build/uwrmaxsat/build/release/bin/uwrmaxsat with timeout=7199.61s
[MaxSAT/UWrMaxSAT] optimum IdleRange(P*)=0 (cost=0)
[MaxSAT/UWrMaxSAT] process exit code=30
    SAT | IdleRange(P*)=0 | time=0.499607s | config=F-SS-DC-ST-IRP-UW-IC12P
[469/960] tic-13.prec25 | reduced | incremental | P=pairwise | G=direct | imp12+
[IncrementalSAT] initial IdleRange(P*)=5
[IncrementalSAT] IdleRange(P*) <= 2: SAT
[IncrementalSAT] IdleRange(P*) <= 0: SAT
    SAT | IdleRange(P*)=0 | time=0.682145s | config=R-PW-DE-ST-IRP-IS-CD-IC12P
[470/960] tic-13.prec25 | reduced | multiple | P=pairwise | G=direct | imp12+
[MultipleSAT] initial IdleRange(P*)=5
[MultipleSAT] IdleRange(P*) <= 2: SAT
[MultipleSAT] IdleRange(P*) <= 0: SAT
    SAT | IdleRange(P*)=0 | time=0.375649s | config=R-PW-DE-ST-IRP-NIS-CD-IC12P
[471/960] tic-13.prec25 | reduced | maxsat | P=pairwise | G=direct | imp12+
[MaxSAT/UWrMaxSAT] running /home/dclng566/solver-build/uwrmaxsat/build/release/bin/uwrmaxsat with timeout=7199.61s
[MaxSAT/UWrMaxSAT] optimum IdleRange(P*)=0 (cost=0)
[MaxSAT/UWrMaxSAT] process exit code=30
    SAT | IdleRange(P*)=0 | time=0.437457s | config=R-PW-DE-ST-IRP-UW-IC12P
[472/960] tic-13.prec25 | reduced | incremental | P=pairwise | G=distance_closure | imp12+
[IncrementalSAT] initial IdleRange(P*)=5
[IncrementalSAT] IdleRange(P*) <= 2: SAT
[IncrementalSAT] IdleRange(P*) <= 0: SAT
    SAT | IdleRange(P*)=0 | time=0.303463s | config=R-PW-DC-ST-IRP-IS-CD-IC12P
[473/960] tic-13.prec25 | reduced | multiple | P=pairwise | G=distance_closure | imp12+
[MultipleSAT] initial IdleRange(P*)=5
[MultipleSAT] IdleRange(P*) <= 2: SAT
[MultipleSAT] IdleRange(P*) <= 0: SAT
    SAT | IdleRange(P*)=0 | time=0.37623s | config=R-PW-DC-ST-IRP-NIS-CD-IC12P
[474/960] tic-13.prec25 | reduced | maxsat | P=pairwise | G=distance_closure | imp12+
[MaxSAT/UWrMaxSAT] running /home/dclng566/solver-build/uwrmaxsat/build/release/bin/uwrmaxsat with timeout=7199.61s
[MaxSAT/UWrMaxSAT] optimum IdleRange(P*)=0 (cost=0)
[MaxSAT/UWrMaxSAT] process exit code=30
    SAT | IdleRange(P*)=0 | time=0.467719s | config=R-PW-DC-ST-IRP-UW-IC12P
[475/960] tic-13.prec25 | reduced | incremental | P=sparse_suffix | G=direct | imp12+
[IncrementalSAT] initial IdleRange(P*)=6
[IncrementalSAT] IdleRange(P*) <= 2: SAT
[IncrementalSAT] IdleRange(P*) <= 0: SAT
    SAT | IdleRange(P*)=0 | time=0.699552s | config=R-SS-DE-ST-IRP-IS-CD-IC12P
[476/960] tic-13.prec25 | reduced | multiple | P=sparse_suffix | G=direct | imp12+
[MultipleSAT] initial IdleRange(P*)=6
[MultipleSAT] IdleRange(P*) <= 2: SAT
[MultipleSAT] IdleRange(P*) <= 0: SAT
    SAT | IdleRange(P*)=0 | time=0.395684s | config=R-SS-DE-ST-IRP-NIS-CD-IC12P
[477/960] tic-13.prec25 | reduced | maxsat | P=sparse_suffix | G=direct | imp12+
[MaxSAT/UWrMaxSAT] running /home/dclng566/solver-build/uwrmaxsat/build/release/bin/uwrmaxsat with timeout=7199.61s
[MaxSAT/UWrMaxSAT] optimum IdleRange(P*)=0 (cost=0)
[MaxSAT/UWrMaxSAT] process exit code=30
    SAT | IdleRange(P*)=0 | time=0.723566s | config=R-SS-DE-ST-IRP-UW-IC12P
[478/960] tic-13.prec25 | reduced | incremental | P=sparse_suffix | G=distance_closure | imp12+
[IncrementalSAT] initial IdleRange(P*)=5
[IncrementalSAT] IdleRange(P*) <= 2: SAT
[IncrementalSAT] IdleRange(P*) <= 0: SAT
    SAT | IdleRange(P*)=0 | time=0.301151s | config=R-SS-DC-ST-IRP-IS-CD-IC12P
[479/960] tic-13.prec25 | reduced | multiple | P=sparse_suffix | G=distance_closure | imp12+
[MultipleSAT] initial IdleRange(P*)=5
[MultipleSAT] IdleRange(P*) <= 2: SAT
[MultipleSAT] IdleRange(P*) <= 0: SAT
    SAT | IdleRange(P*)=0 | time=0.351854s | config=R-SS-DC-ST-IRP-NIS-CD-IC12P
[480/960] tic-13.prec25 | reduced | maxsat | P=sparse_suffix | G=distance_closure | imp12+
[MaxSAT/UWrMaxSAT] running /home/dclng566/solver-build/uwrmaxsat/build/release/bin/uwrmaxsat with timeout=7199.61s
[MaxSAT/UWrMaxSAT] optimum IdleRange(P*)=0 (cost=0)
[MaxSAT/UWrMaxSAT] process exit code=30
    SAT | IdleRange(P*)=0 | time=0.73885s | config=R-SS-DC-ST-IRP-UW-IC12P
    Excel: /home/dclng566/projects/Business-Meeting-Scheduling-Problem/output/ic12p-gcp-ic12p-20260723T023309Z/main/excel_data_table08_prec/tic-13.prec25.xlsx
Instance forum-14.prec15: P×G=pairwise+direct, pairwise+distance_closure, sparse_suffix+direct, sparse_suffix+distance_closure
[481/960] forum-14.prec15 | full | incremental | P=pairwise | G=direct | imp12+
[IncrementalSAT] initial IdleRange(P*)=19
[IncrementalSAT] IdleRange(P*) <= 9: SAT
[IncrementalSAT] IdleRange(P*) <= 4: SAT
[IncrementalSAT] IdleRange(P*) <= 1: UNSAT
[IncrementalSAT] IdleRange(P*) <= 2: UNSAT
[IncrementalSAT] IdleRange(P*) <= 3: UNSAT
    SAT | IdleRange(P*)=4 | time=1.770662s | config=F-PW-DE-ST-IRP-IS-CD-IC12P
[482/960] forum-14.prec15 | full | multiple | P=pairwise | G=direct | imp12+
[MultipleSAT] initial IdleRange(P*)=19
[MultipleSAT] IdleRange(P*) <= 9: SAT
[MultipleSAT] IdleRange(P*) <= 4: SAT
[MultipleSAT] IdleRange(P*) <= 1: UNSAT
[MultipleSAT] IdleRange(P*) <= 2: UNSAT
[MultipleSAT] IdleRange(P*) <= 3: UNSAT
    SAT | IdleRange(P*)=4 | time=2.475445s | config=F-PW-DE-ST-IRP-NIS-CD-IC12P
[483/960] forum-14.prec15 | full | maxsat | P=pairwise | G=direct | imp12+
[MaxSAT/UWrMaxSAT] running /home/dclng566/solver-build/uwrmaxsat/build/release/bin/uwrmaxsat with timeout=7198.39s
[MaxSAT/UWrMaxSAT] optimum IdleRange(P*)=4 (cost=4)
[MaxSAT/UWrMaxSAT] process exit code=30
    SAT | IdleRange(P*)=4 | time=2.714637s | config=F-PW-DE-ST-IRP-UW-IC12P
[484/960] forum-14.prec15 | full | incremental | P=pairwise | G=distance_closure | imp12+
[IncrementalSAT] initial IdleRange(P*)=19
[IncrementalSAT] IdleRange(P*) <= 9: SAT
[IncrementalSAT] IdleRange(P*) <= 4: SAT
[IncrementalSAT] IdleRange(P*) <= 1: UNSAT
[IncrementalSAT] IdleRange(P*) <= 2: UNSAT
[IncrementalSAT] IdleRange(P*) <= 3: UNSAT
    SAT | IdleRange(P*)=4 | time=2.83917s | config=F-PW-DC-ST-IRP-IS-CD-IC12P
[485/960] forum-14.prec15 | full | multiple | P=pairwise | G=distance_closure | imp12+
[MultipleSAT] initial IdleRange(P*)=19
[MultipleSAT] IdleRange(P*) <= 9: SAT
[MultipleSAT] IdleRange(P*) <= 4: SAT
[MultipleSAT] IdleRange(P*) <= 1: UNSAT
[MultipleSAT] IdleRange(P*) <= 2: UNSAT
[MultipleSAT] IdleRange(P*) <= 3: UNSAT
    SAT | IdleRange(P*)=4 | time=2.46334s | config=F-PW-DC-ST-IRP-NIS-CD-IC12P
[486/960] forum-14.prec15 | full | maxsat | P=pairwise | G=distance_closure | imp12+
[MaxSAT/UWrMaxSAT] running /home/dclng566/solver-build/uwrmaxsat/build/release/bin/uwrmaxsat with timeout=7198.36s
[MaxSAT/UWrMaxSAT] optimum IdleRange(P*)=4 (cost=4)
[MaxSAT/UWrMaxSAT] process exit code=30
    SAT | IdleRange(P*)=4 | time=2.793037s | config=F-PW-DC-ST-IRP-UW-IC12P
[487/960] forum-14.prec15 | full | incremental | P=sparse_suffix | G=direct | imp12+
[IncrementalSAT] initial IdleRange(P*)=17
[IncrementalSAT] IdleRange(P*) <= 8: SAT
[IncrementalSAT] IdleRange(P*) <= 3: UNSAT
[IncrementalSAT] IdleRange(P*) <= 5: SAT
[IncrementalSAT] IdleRange(P*) <= 4: SAT
    SAT | IdleRange(P*)=4 | time=1.782798s | config=F-SS-DE-ST-IRP-IS-CD-IC12P
[488/960] forum-14.prec15 | full | multiple | P=sparse_suffix | G=direct | imp12+
[MultipleSAT] initial IdleRange(P*)=17
[MultipleSAT] IdleRange(P*) <= 8: SAT
[MultipleSAT] IdleRange(P*) <= 3: UNSAT
[MultipleSAT] IdleRange(P*) <= 5: SAT
[MultipleSAT] IdleRange(P*) <= 4: SAT
    SAT | IdleRange(P*)=4 | time=2.465408s | config=F-SS-DE-ST-IRP-NIS-CD-IC12P
[489/960] forum-14.prec15 | full | maxsat | P=sparse_suffix | G=direct | imp12+
[MaxSAT/UWrMaxSAT] running /home/dclng566/solver-build/uwrmaxsat/build/release/bin/uwrmaxsat with timeout=7198.38s
[MaxSAT/UWrMaxSAT] optimum IdleRange(P*)=4 (cost=4)
[MaxSAT/UWrMaxSAT] process exit code=30
    SAT | IdleRange(P*)=4 | time=2.726143s | config=F-SS-DE-ST-IRP-UW-IC12P
[490/960] forum-14.prec15 | full | incremental | P=sparse_suffix | G=distance_closure | imp12+
[IncrementalSAT] initial IdleRange(P*)=18
[IncrementalSAT] IdleRange(P*) <= 8: SAT
[IncrementalSAT] IdleRange(P*) <= 3: UNSAT
[IncrementalSAT] IdleRange(P*) <= 5: SAT
[IncrementalSAT] IdleRange(P*) <= 4: SAT
    SAT | IdleRange(P*)=4 | time=1.77359s | config=F-SS-DC-ST-IRP-IS-CD-IC12P
[491/960] forum-14.prec15 | full | multiple | P=sparse_suffix | G=distance_closure | imp12+
[MultipleSAT] initial IdleRange(P*)=18
[MultipleSAT] IdleRange(P*) <= 8: SAT
[MultipleSAT] IdleRange(P*) <= 3: UNSAT
[MultipleSAT] IdleRange(P*) <= 5: SAT
[MultipleSAT] IdleRange(P*) <= 4: SAT
    SAT | IdleRange(P*)=4 | time=3.309244s | config=F-SS-DC-ST-IRP-NIS-CD-IC12P
[492/960] forum-14.prec15 | full | maxsat | P=sparse_suffix | G=distance_closure | imp12+
[MaxSAT/UWrMaxSAT] running /home/dclng566/solver-build/uwrmaxsat/build/release/bin/uwrmaxsat with timeout=7198.38s
[MaxSAT/UWrMaxSAT] optimum IdleRange(P*)=4 (cost=4)
[MaxSAT/UWrMaxSAT] process exit code=30
    SAT | IdleRange(P*)=4 | time=2.626858s | config=F-SS-DC-ST-IRP-UW-IC12P
[493/960] forum-14.prec15 | reduced | incremental | P=pairwise | G=direct | imp12+
[IncrementalSAT] initial IdleRange(P*)=20
[IncrementalSAT] IdleRange(P*) <= 9: SAT
[IncrementalSAT] IdleRange(P*) <= 4: SAT
[IncrementalSAT] IdleRange(P*) <= 1: UNSAT
[IncrementalSAT] IdleRange(P*) <= 2: UNSAT
[IncrementalSAT] IdleRange(P*) <= 3: UNSAT
    SAT | IdleRange(P*)=4 | time=1.67015s | config=R-PW-DE-ST-IRP-IS-CD-IC12P
[494/960] forum-14.prec15 | reduced | multiple | P=pairwise | G=direct | imp12+
[MultipleSAT] initial IdleRange(P*)=20
[MultipleSAT] IdleRange(P*) <= 9: SAT
[MultipleSAT] IdleRange(P*) <= 4: SAT
[MultipleSAT] IdleRange(P*) <= 1: UNSAT
[MultipleSAT] IdleRange(P*) <= 2: UNSAT
[MultipleSAT] IdleRange(P*) <= 3: UNSAT
    SAT | IdleRange(P*)=4 | time=2.268927s | config=R-PW-DE-ST-IRP-NIS-CD-IC12P
[495/960] forum-14.prec15 | reduced | maxsat | P=pairwise | G=direct | imp12+
[MaxSAT/UWrMaxSAT] running /home/dclng566/solver-build/uwrmaxsat/build/release/bin/uwrmaxsat with timeout=7198.43s
[MaxSAT/UWrMaxSAT] optimum IdleRange(P*)=4 (cost=4)
[MaxSAT/UWrMaxSAT] process exit code=30
    SAT | IdleRange(P*)=4 | time=2.37118s | config=R-PW-DE-ST-IRP-UW-IC12P
[496/960] forum-14.prec15 | reduced | incremental | P=pairwise | G=distance_closure | imp12+
[IncrementalSAT] initial IdleRange(P*)=20
[IncrementalSAT] IdleRange(P*) <= 9: SAT
[IncrementalSAT] IdleRange(P*) <= 4: SAT
[IncrementalSAT] IdleRange(P*) <= 1: UNSAT
[IncrementalSAT] IdleRange(P*) <= 2: UNSAT
[IncrementalSAT] IdleRange(P*) <= 3: UNSAT
    SAT | IdleRange(P*)=4 | time=1.627834s | config=R-PW-DC-ST-IRP-IS-CD-IC12P
[497/960] forum-14.prec15 | reduced | multiple | P=pairwise | G=distance_closure | imp12+
[MultipleSAT] initial IdleRange(P*)=20
[MultipleSAT] IdleRange(P*) <= 9: SAT
[MultipleSAT] IdleRange(P*) <= 4: SAT
[MultipleSAT] IdleRange(P*) <= 1: UNSAT
[MultipleSAT] IdleRange(P*) <= 2: UNSAT
[MultipleSAT] IdleRange(P*) <= 3: UNSAT
    SAT | IdleRange(P*)=4 | time=2.386616s | config=R-PW-DC-ST-IRP-NIS-CD-IC12P
[498/960] forum-14.prec15 | reduced | maxsat | P=pairwise | G=distance_closure | imp12+
[MaxSAT/UWrMaxSAT] running /home/dclng566/solver-build/uwrmaxsat/build/release/bin/uwrmaxsat with timeout=7198.43s
[MaxSAT/UWrMaxSAT] optimum IdleRange(P*)=4 (cost=4)
[MaxSAT/UWrMaxSAT] process exit code=30
    SAT | IdleRange(P*)=4 | time=2.368009s | config=R-PW-DC-ST-IRP-UW-IC12P
[499/960] forum-14.prec15 | reduced | incremental | P=sparse_suffix | G=direct | imp12+
[IncrementalSAT] initial IdleRange(P*)=19
[IncrementalSAT] IdleRange(P*) <= 9: SAT
[IncrementalSAT] IdleRange(P*) <= 4: SAT
[IncrementalSAT] IdleRange(P*) <= 1: UNSAT
[IncrementalSAT] IdleRange(P*) <= 2: UNSAT
[IncrementalSAT] IdleRange(P*) <= 3: UNSAT
    SAT | IdleRange(P*)=4 | time=1.590374s | config=R-SS-DE-ST-IRP-IS-CD-IC12P
[500/960] forum-14.prec15 | reduced | multiple | P=sparse_suffix | G=direct | imp12+
[MultipleSAT] initial IdleRange(P*)=19
[MultipleSAT] IdleRange(P*) <= 9: SAT
[MultipleSAT] IdleRange(P*) <= 4: SAT
[MultipleSAT] IdleRange(P*) <= 1: UNSAT
[MultipleSAT] IdleRange(P*) <= 2: UNSAT
[MultipleSAT] IdleRange(P*) <= 3: UNSAT
    SAT | IdleRange(P*)=4 | time=2.158662s | config=R-SS-DE-ST-IRP-NIS-CD-IC12P
[501/960] forum-14.prec15 | reduced | maxsat | P=sparse_suffix | G=direct | imp12+
[MaxSAT/UWrMaxSAT] running /home/dclng566/solver-build/uwrmaxsat/build/release/bin/uwrmaxsat with timeout=7198.43s
[MaxSAT/UWrMaxSAT] optimum IdleRange(P*)=4 (cost=4)
[MaxSAT/UWrMaxSAT] process exit code=30
    SAT | IdleRange(P*)=4 | time=2.400821s | config=R-SS-DE-ST-IRP-UW-IC12P
[502/960] forum-14.prec15 | reduced | incremental | P=sparse_suffix | G=distance_closure | imp12+
[IncrementalSAT] initial IdleRange(P*)=19
[IncrementalSAT] IdleRange(P*) <= 9: SAT
[IncrementalSAT] IdleRange(P*) <= 4: SAT
[IncrementalSAT] IdleRange(P*) <= 1: UNSAT
[IncrementalSAT] IdleRange(P*) <= 2: UNSAT
[IncrementalSAT] IdleRange(P*) <= 3: UNSAT
    SAT | IdleRange(P*)=4 | time=1.592242s | config=R-SS-DC-ST-IRP-IS-CD-IC12P
[503/960] forum-14.prec15 | reduced | multiple | P=sparse_suffix | G=distance_closure | imp12+
[MultipleSAT] initial IdleRange(P*)=19
[MultipleSAT] IdleRange(P*) <= 9: SAT
[MultipleSAT] IdleRange(P*) <= 4: SAT
[MultipleSAT] IdleRange(P*) <= 1: UNSAT
[MultipleSAT] IdleRange(P*) <= 2: UNSAT
[MultipleSAT] IdleRange(P*) <= 3: UNSAT
    SAT | IdleRange(P*)=4 | time=2.193092s | config=R-SS-DC-ST-IRP-NIS-CD-IC12P
[504/960] forum-14.prec15 | reduced | maxsat | P=sparse_suffix | G=distance_closure | imp12+
[MaxSAT/UWrMaxSAT] running /home/dclng566/solver-build/uwrmaxsat/build/release/bin/uwrmaxsat with timeout=7198.44s
[MaxSAT/UWrMaxSAT] optimum IdleRange(P*)=4 (cost=4)
[MaxSAT/UWrMaxSAT] process exit code=30
    SAT | IdleRange(P*)=4 | time=2.407015s | config=R-SS-DC-ST-IRP-UW-IC12P
    Excel: /home/dclng566/projects/Business-Meeting-Scheduling-Problem/output/ic12p-gcp-ic12p-20260723T023309Z/main/excel_data_table08_prec/forum-14.prec15.xlsx
Instance ticf-14crafa.prec15: P×G=pairwise+direct, pairwise+distance_closure, sparse_suffix+direct, sparse_suffix+distance_closure
[505/960] ticf-14crafa.prec15 | full | incremental | P=pairwise | G=direct | imp12+
[IncrementalSAT] initial IdleRange(P*)=20
[IncrementalSAT] IdleRange(P*) <= 9: SAT
[IncrementalSAT] IdleRange(P*) <= 4: SAT
[IncrementalSAT] IdleRange(P*) <= 1: SAT
[IncrementalSAT] IdleRange(P*) <= 0: SAT
    SAT | IdleRange(P*)=0 | time=11.378227s | config=F-PW-DE-ST-IRP-IS-CD-IC12P
[506/960] ticf-14crafa.prec15 | full | multiple | P=pairwise | G=direct | imp12+
[MultipleSAT] initial IdleRange(P*)=20
[MultipleSAT] IdleRange(P*) <= 9: SAT
[MultipleSAT] IdleRange(P*) <= 4: SAT
[MultipleSAT] IdleRange(P*) <= 1: SAT
[MultipleSAT] IdleRange(P*) <= 0: SAT
    SAT | IdleRange(P*)=0 | time=9.92925s | config=F-PW-DE-ST-IRP-NIS-CD-IC12P
[507/960] ticf-14crafa.prec15 | full | maxsat | P=pairwise | G=direct | imp12+
[MaxSAT/UWrMaxSAT] running /home/dclng566/solver-build/uwrmaxsat/build/release/bin/uwrmaxsat with timeout=7198.17s
[MaxSAT/UWrMaxSAT] optimum IdleRange(P*)=0 (cost=0)
[MaxSAT/UWrMaxSAT] process exit code=30
    SAT | IdleRange(P*)=0 | time=36.775058s | config=F-PW-DE-ST-IRP-UW-IC12P
[508/960] ticf-14crafa.prec15 | full | incremental | P=pairwise | G=distance_closure | imp12+
[IncrementalSAT] initial IdleRange(P*)=20
[IncrementalSAT] IdleRange(P*) <= 9: SAT
[IncrementalSAT] IdleRange(P*) <= 4: SAT
[IncrementalSAT] IdleRange(P*) <= 1: SAT
[IncrementalSAT] IdleRange(P*) <= 0: SAT
    SAT | IdleRange(P*)=0 | time=25.485032s | config=F-PW-DC-ST-IRP-IS-CD-IC12P
[509/960] ticf-14crafa.prec15 | full | multiple | P=pairwise | G=distance_closure | imp12+
[MultipleSAT] initial IdleRange(P*)=20
[MultipleSAT] IdleRange(P*) <= 9: SAT
[MultipleSAT] IdleRange(P*) <= 4: SAT
[MultipleSAT] IdleRange(P*) <= 1: SAT
[MultipleSAT] IdleRange(P*) <= 0: SAT
    SAT | IdleRange(P*)=0 | time=9.939641s | config=F-PW-DC-ST-IRP-NIS-CD-IC12P
[510/960] ticf-14crafa.prec15 | full | maxsat | P=pairwise | G=distance_closure | imp12+
[MaxSAT/UWrMaxSAT] running /home/dclng566/solver-build/uwrmaxsat/build/release/bin/uwrmaxsat with timeout=7198.18s
[MaxSAT/UWrMaxSAT] optimum IdleRange(P*)=0 (cost=0)
[MaxSAT/UWrMaxSAT] process exit code=30
    SAT | IdleRange(P*)=0 | time=29.754833s | config=F-PW-DC-ST-IRP-UW-IC12P
[511/960] ticf-14crafa.prec15 | full | incremental | P=sparse_suffix | G=direct | imp12+
[IncrementalSAT] initial IdleRange(P*)=19
[IncrementalSAT] IdleRange(P*) <= 9: SAT
[IncrementalSAT] IdleRange(P*) <= 4: SAT
[IncrementalSAT] IdleRange(P*) <= 1: SAT
[IncrementalSAT] IdleRange(P*) <= 0: SAT
    SAT | IdleRange(P*)=0 | time=26.092541s | config=F-SS-DE-ST-IRP-IS-CD-IC12P
[512/960] ticf-14crafa.prec15 | full | multiple | P=sparse_suffix | G=direct | imp12+
[MultipleSAT] initial IdleRange(P*)=19
[MultipleSAT] IdleRange(P*) <= 9: SAT
[MultipleSAT] IdleRange(P*) <= 4: SAT
[MultipleSAT] IdleRange(P*) <= 1: SAT
[MultipleSAT] IdleRange(P*) <= 0: SAT
    SAT | IdleRange(P*)=0 | time=14.784976s | config=F-SS-DE-ST-IRP-NIS-CD-IC12P
[513/960] ticf-14crafa.prec15 | full | maxsat | P=sparse_suffix | G=direct | imp12+
[MaxSAT/UWrMaxSAT] running /home/dclng566/solver-build/uwrmaxsat/build/release/bin/uwrmaxsat with timeout=7198.16s
[MaxSAT/UWrMaxSAT] optimum IdleRange(P*)=0 (cost=0)
[MaxSAT/UWrMaxSAT] process exit code=30
    SAT | IdleRange(P*)=0 | time=8.903734s | config=F-SS-DE-ST-IRP-UW-IC12P
[514/960] ticf-14crafa.prec15 | full | incremental | P=sparse_suffix | G=distance_closure | imp12+
[IncrementalSAT] initial IdleRange(P*)=19
[IncrementalSAT] IdleRange(P*) <= 9: SAT
[IncrementalSAT] IdleRange(P*) <= 4: SAT
[IncrementalSAT] IdleRange(P*) <= 1: SAT
[IncrementalSAT] IdleRange(P*) <= 0: SAT
    SAT | IdleRange(P*)=0 | time=9.250733s | config=F-SS-DC-ST-IRP-IS-CD-IC12P
[515/960] ticf-14crafa.prec15 | full | multiple | P=sparse_suffix | G=distance_closure | imp12+
[MultipleSAT] initial IdleRange(P*)=19
[MultipleSAT] IdleRange(P*) <= 9: SAT
[MultipleSAT] IdleRange(P*) <= 4: SAT
[MultipleSAT] IdleRange(P*) <= 1: SAT
[MultipleSAT] IdleRange(P*) <= 0: SAT
    SAT | IdleRange(P*)=0 | time=23.58074s | config=F-SS-DC-ST-IRP-NIS-CD-IC12P
[516/960] ticf-14crafa.prec15 | full | maxsat | P=sparse_suffix | G=distance_closure | imp12+
[MaxSAT/UWrMaxSAT] running /home/dclng566/solver-build/uwrmaxsat/build/release/bin/uwrmaxsat with timeout=7198.18s
[MaxSAT/UWrMaxSAT] optimum IdleRange(P*)=0 (cost=0)
[MaxSAT/UWrMaxSAT] process exit code=30
    SAT | IdleRange(P*)=0 | time=13.711284s | config=F-SS-DC-ST-IRP-UW-IC12P
[517/960] ticf-14crafa.prec15 | reduced | incremental | P=pairwise | G=direct | imp12+
[IncrementalSAT] initial IdleRange(P*)=18
[IncrementalSAT] IdleRange(P*) <= 8: SAT
[IncrementalSAT] IdleRange(P*) <= 3: SAT
[IncrementalSAT] IdleRange(P*) <= 1: SAT
[IncrementalSAT] IdleRange(P*) <= 0: SAT
    SAT | IdleRange(P*)=0 | time=25.37223s | config=R-PW-DE-ST-IRP-IS-CD-IC12P
[518/960] ticf-14crafa.prec15 | reduced | multiple | P=pairwise | G=direct | imp12+
[MultipleSAT] initial IdleRange(P*)=18
[MultipleSAT] IdleRange(P*) <= 8: SAT
[MultipleSAT] IdleRange(P*) <= 3: SAT
[MultipleSAT] IdleRange(P*) <= 1: SAT
[MultipleSAT] IdleRange(P*) <= 0: SAT
    SAT | IdleRange(P*)=0 | time=14.911037s | config=R-PW-DE-ST-IRP-NIS-CD-IC12P
[519/960] ticf-14crafa.prec15 | reduced | maxsat | P=pairwise | G=direct | imp12+
[MaxSAT/UWrMaxSAT] running /home/dclng566/solver-build/uwrmaxsat/build/release/bin/uwrmaxsat with timeout=7198.21s
[MaxSAT/UWrMaxSAT] optimum IdleRange(P*)=0 (cost=0)
[MaxSAT/UWrMaxSAT] process exit code=30
    SAT | IdleRange(P*)=0 | time=8.600673s | config=R-PW-DE-ST-IRP-UW-IC12P
[520/960] ticf-14crafa.prec15 | reduced | incremental | P=pairwise | G=distance_closure | imp12+
[IncrementalSAT] initial IdleRange(P*)=18
[IncrementalSAT] IdleRange(P*) <= 8: SAT
[IncrementalSAT] IdleRange(P*) <= 3: SAT
[IncrementalSAT] IdleRange(P*) <= 1: SAT
[IncrementalSAT] IdleRange(P*) <= 0: SAT
    SAT | IdleRange(P*)=0 | time=6.988807s | config=R-PW-DC-ST-IRP-IS-CD-IC12P
[521/960] ticf-14crafa.prec15 | reduced | multiple | P=pairwise | G=distance_closure | imp12+
[MultipleSAT] initial IdleRange(P*)=18
[MultipleSAT] IdleRange(P*) <= 8: SAT
[MultipleSAT] IdleRange(P*) <= 3: SAT
[MultipleSAT] IdleRange(P*) <= 1: SAT
[MultipleSAT] IdleRange(P*) <= 0: SAT
    SAT | IdleRange(P*)=0 | time=9.542576s | config=R-PW-DC-ST-IRP-NIS-CD-IC12P
[522/960] ticf-14crafa.prec15 | reduced | maxsat | P=pairwise | G=distance_closure | imp12+
[MaxSAT/UWrMaxSAT] running /home/dclng566/solver-build/uwrmaxsat/build/release/bin/uwrmaxsat with timeout=7198.21s
[MaxSAT/UWrMaxSAT] optimum IdleRange(P*)=0 (cost=0)
[MaxSAT/UWrMaxSAT] process exit code=30
    SAT | IdleRange(P*)=0 | time=16.349113s | config=R-PW-DC-ST-IRP-UW-IC12P
[523/960] ticf-14crafa.prec15 | reduced | incremental | P=sparse_suffix | G=direct | imp12+
[IncrementalSAT] initial IdleRange(P*)=20
[IncrementalSAT] IdleRange(P*) <= 9: SAT
[IncrementalSAT] IdleRange(P*) <= 4: SAT
[IncrementalSAT] IdleRange(P*) <= 1: SAT
[IncrementalSAT] IdleRange(P*) <= 0: SAT
    SAT | IdleRange(P*)=0 | time=10.815611s | config=R-SS-DE-ST-IRP-IS-CD-IC12P
[524/960] ticf-14crafa.prec15 | reduced | multiple | P=sparse_suffix | G=direct | imp12+
[MultipleSAT] initial IdleRange(P*)=20
[MultipleSAT] IdleRange(P*) <= 9: SAT
[MultipleSAT] IdleRange(P*) <= 4: SAT
[MultipleSAT] IdleRange(P*) <= 1: SAT
[MultipleSAT] IdleRange(P*) <= 0: SAT
    SAT | IdleRange(P*)=0 | time=6.172043s | config=R-SS-DE-ST-IRP-NIS-CD-IC12P
[525/960] ticf-14crafa.prec15 | reduced | maxsat | P=sparse_suffix | G=direct | imp12+
[MaxSAT/UWrMaxSAT] running /home/dclng566/solver-build/uwrmaxsat/build/release/bin/uwrmaxsat with timeout=7198.21s
[MaxSAT/UWrMaxSAT] optimum IdleRange(P*)=0 (cost=0)
[MaxSAT/UWrMaxSAT] process exit code=30
    SAT | IdleRange(P*)=0 | time=23.52688s | config=R-SS-DE-ST-IRP-UW-IC12P
[526/960] ticf-14crafa.prec15 | reduced | incremental | P=sparse_suffix | G=distance_closure | imp12+
[IncrementalSAT] initial IdleRange(P*)=19
[IncrementalSAT] IdleRange(P*) <= 9: SAT
[IncrementalSAT] IdleRange(P*) <= 4: SAT
[IncrementalSAT] IdleRange(P*) <= 1: SAT
[IncrementalSAT] IdleRange(P*) <= 0: SAT
    SAT | IdleRange(P*)=0 | time=104.872733s | config=R-SS-DC-ST-IRP-IS-CD-IC12P
[527/960] ticf-14crafa.prec15 | reduced | multiple | P=sparse_suffix | G=distance_closure | imp12+
[MultipleSAT] initial IdleRange(P*)=19
[MultipleSAT] IdleRange(P*) <= 9: SAT
[MultipleSAT] IdleRange(P*) <= 4: SAT
[MultipleSAT] IdleRange(P*) <= 1: SAT
[MultipleSAT] IdleRange(P*) <= 0: SAT
    SAT | IdleRange(P*)=0 | time=9.30398s | config=R-SS-DC-ST-IRP-NIS-CD-IC12P
[528/960] ticf-14crafa.prec15 | reduced | maxsat | P=sparse_suffix | G=distance_closure | imp12+
[MaxSAT/UWrMaxSAT] running /home/dclng566/solver-build/uwrmaxsat/build/release/bin/uwrmaxsat with timeout=7198.19s
[MaxSAT/UWrMaxSAT] optimum IdleRange(P*)=0 (cost=0)
[MaxSAT/UWrMaxSAT] process exit code=30
    SAT | IdleRange(P*)=0 | time=14.186006s | config=R-SS-DC-ST-IRP-UW-IC12P
    Excel: /home/dclng566/projects/Business-Meeting-Scheduling-Problem/output/ic12p-gcp-ic12p-20260723T023309Z/main/excel_data_table08_prec/ticf-14crafa.prec15.xlsx
Instance ticf-14crafa.prec25: P×G=pairwise+direct, pairwise+distance_closure, sparse_suffix+direct, sparse_suffix+distance_closure
[529/960] ticf-14crafa.prec25 | full | incremental | P=pairwise | G=direct | imp12+
    UNSAT | IdleRange(P*)=None | time=0.587744s | config=F-PW-DE-ST-IRP-IS-CD-IC12P
[530/960] ticf-14crafa.prec25 | full | multiple | P=pairwise | G=direct | imp12+
    UNSAT | IdleRange(P*)=None | time=0.596538s | config=F-PW-DE-ST-IRP-NIS-CD-IC12P
[531/960] ticf-14crafa.prec25 | full | maxsat | P=pairwise | G=direct | imp12+
[MaxSAT/UWrMaxSAT] running /home/dclng566/solver-build/uwrmaxsat/build/release/bin/uwrmaxsat with timeout=7199.39s
    UNSAT | IdleRange(P*)=None | time=1.556591s | config=F-PW-DE-ST-IRP-UW-IC12P
[532/960] ticf-14crafa.prec25 | full | incremental | P=pairwise | G=distance_closure | imp12+
    UNSAT | IdleRange(P*)=None | time=0.605634s | config=F-PW-DC-ST-IRP-IS-CD-IC12P
[533/960] ticf-14crafa.prec25 | full | multiple | P=pairwise | G=distance_closure | imp12+
    UNSAT | IdleRange(P*)=None | time=0.606641s | config=F-PW-DC-ST-IRP-NIS-CD-IC12P
[534/960] ticf-14crafa.prec25 | full | maxsat | P=pairwise | G=distance_closure | imp12+
[MaxSAT/UWrMaxSAT] running /home/dclng566/solver-build/uwrmaxsat/build/release/bin/uwrmaxsat with timeout=7199.38s
    UNSAT | IdleRange(P*)=None | time=1.629367s | config=F-PW-DC-ST-IRP-UW-IC12P
[535/960] ticf-14crafa.prec25 | full | incremental | P=sparse_suffix | G=direct | imp12+
    UNSAT | IdleRange(P*)=None | time=0.557054s | config=F-SS-DE-ST-IRP-IS-CD-IC12P
[536/960] ticf-14crafa.prec25 | full | multiple | P=sparse_suffix | G=direct | imp12+
    UNSAT | IdleRange(P*)=None | time=0.555529s | config=F-SS-DE-ST-IRP-NIS-CD-IC12P
[537/960] ticf-14crafa.prec25 | full | maxsat | P=sparse_suffix | G=direct | imp12+
[MaxSAT/UWrMaxSAT] running /home/dclng566/solver-build/uwrmaxsat/build/release/bin/uwrmaxsat with timeout=7199.4s
    UNSAT | IdleRange(P*)=None | time=1.493064s | config=F-SS-DE-ST-IRP-UW-IC12P
[538/960] ticf-14crafa.prec25 | full | incremental | P=sparse_suffix | G=distance_closure | imp12+
    UNSAT | IdleRange(P*)=None | time=0.56649s | config=F-SS-DC-ST-IRP-IS-CD-IC12P
[539/960] ticf-14crafa.prec25 | full | multiple | P=sparse_suffix | G=distance_closure | imp12+
    UNSAT | IdleRange(P*)=None | time=0.550411s | config=F-SS-DC-ST-IRP-NIS-CD-IC12P
[540/960] ticf-14crafa.prec25 | full | maxsat | P=sparse_suffix | G=distance_closure | imp12+
[MaxSAT/UWrMaxSAT] running /home/dclng566/solver-build/uwrmaxsat/build/release/bin/uwrmaxsat with timeout=7199.4s
    UNSAT | IdleRange(P*)=None | time=1.511126s | config=F-SS-DC-ST-IRP-UW-IC12P
[541/960] ticf-14crafa.prec25 | reduced | incremental | P=pairwise | G=direct | imp12+
    UNSAT | IdleRange(P*)=None | time=0.386728s | config=R-PW-DE-ST-IRP-IS-CD-IC12P
[542/960] ticf-14crafa.prec25 | reduced | multiple | P=pairwise | G=direct | imp12+
    UNSAT | IdleRange(P*)=None | time=0.368205s | config=R-PW-DE-ST-IRP-NIS-CD-IC12P
[543/960] ticf-14crafa.prec25 | reduced | maxsat | P=pairwise | G=direct | imp12+
[MaxSAT/UWrMaxSAT] running /home/dclng566/solver-build/uwrmaxsat/build/release/bin/uwrmaxsat with timeout=7199.45s
    UNSAT | IdleRange(P*)=None | time=0.777336s | config=R-PW-DE-ST-IRP-UW-IC12P
[544/960] ticf-14crafa.prec25 | reduced | incremental | P=pairwise | G=distance_closure | imp12+
    UNSAT | IdleRange(P*)=None | time=0.383032s | config=R-PW-DC-ST-IRP-IS-CD-IC12P
[545/960] ticf-14crafa.prec25 | reduced | multiple | P=pairwise | G=distance_closure | imp12+
    UNSAT | IdleRange(P*)=None | time=0.382831s | config=R-PW-DC-ST-IRP-NIS-CD-IC12P
[546/960] ticf-14crafa.prec25 | reduced | maxsat | P=pairwise | G=distance_closure | imp12+
[MaxSAT/UWrMaxSAT] running /home/dclng566/solver-build/uwrmaxsat/build/release/bin/uwrmaxsat with timeout=7199.44s
    UNSAT | IdleRange(P*)=None | time=0.792812s | config=R-PW-DC-ST-IRP-UW-IC12P
[547/960] ticf-14crafa.prec25 | reduced | incremental | P=sparse_suffix | G=direct | imp12+
    UNSAT | IdleRange(P*)=None | time=0.370036s | config=R-SS-DE-ST-IRP-IS-CD-IC12P
[548/960] ticf-14crafa.prec25 | reduced | multiple | P=sparse_suffix | G=direct | imp12+
    UNSAT | IdleRange(P*)=None | time=0.356737s | config=R-SS-DE-ST-IRP-NIS-CD-IC12P
[549/960] ticf-14crafa.prec25 | reduced | maxsat | P=sparse_suffix | G=direct | imp12+
[MaxSAT/UWrMaxSAT] running /home/dclng566/solver-build/uwrmaxsat/build/release/bin/uwrmaxsat with timeout=7199.46s
    UNSAT | IdleRange(P*)=None | time=0.762471s | config=R-SS-DE-ST-IRP-UW-IC12P
[550/960] ticf-14crafa.prec25 | reduced | incremental | P=sparse_suffix | G=distance_closure | imp12+
    UNSAT | IdleRange(P*)=None | time=0.364946s | config=R-SS-DC-ST-IRP-IS-CD-IC12P
[551/960] ticf-14crafa.prec25 | reduced | multiple | P=sparse_suffix | G=distance_closure | imp12+
    UNSAT | IdleRange(P*)=None | time=0.360819s | config=R-SS-DC-ST-IRP-NIS-CD-IC12P
[552/960] ticf-14crafa.prec25 | reduced | maxsat | P=sparse_suffix | G=distance_closure | imp12+
[MaxSAT/UWrMaxSAT] running /home/dclng566/solver-build/uwrmaxsat/build/release/bin/uwrmaxsat with timeout=7199.46s
    UNSAT | IdleRange(P*)=None | time=0.768219s | config=R-SS-DC-ST-IRP-UW-IC12P
    Excel: /home/dclng566/projects/Business-Meeting-Scheduling-Problem/output/ic12p-gcp-ic12p-20260723T023309Z/main/excel_data_table08_prec/ticf-14crafa.prec25.xlsx
Instance tic-14crafc.prec15: P×G=pairwise+direct, pairwise+distance_closure, sparse_suffix+direct, sparse_suffix+distance_closure
[553/960] tic-14crafc.prec15 | full | incremental | P=pairwise | G=direct | imp12+
[IncrementalSAT] initial IdleRange(P*)=7
[IncrementalSAT] IdleRange(P*) <= 3: SAT
[IncrementalSAT] IdleRange(P*) <= 1: SAT
[IncrementalSAT] IdleRange(P*) <= 0: SAT
    SAT | IdleRange(P*)=0 | time=0.932027s | config=F-PW-DE-ST-IRP-IS-CD-IC12P
[554/960] tic-14crafc.prec15 | full | multiple | P=pairwise | G=direct | imp12+
[MultipleSAT] initial IdleRange(P*)=7
[MultipleSAT] IdleRange(P*) <= 3: SAT
[MultipleSAT] IdleRange(P*) <= 1: SAT
[MultipleSAT] IdleRange(P*) <= 0: SAT
    SAT | IdleRange(P*)=0 | time=1.139626s | config=F-PW-DE-ST-IRP-NIS-CD-IC12P
[555/960] tic-14crafc.prec15 | full | maxsat | P=pairwise | G=direct | imp12+
[MaxSAT/UWrMaxSAT] running /home/dclng566/solver-build/uwrmaxsat/build/release/bin/uwrmaxsat with timeout=7199.53s
[MaxSAT/UWrMaxSAT] optimum IdleRange(P*)=0 (cost=0)
[MaxSAT/UWrMaxSAT] process exit code=30
    SAT | IdleRange(P*)=0 | time=0.578928s | config=F-PW-DE-ST-IRP-UW-IC12P
[556/960] tic-14crafc.prec15 | full | incremental | P=pairwise | G=distance_closure | imp12+
[IncrementalSAT] initial IdleRange(P*)=5
[IncrementalSAT] IdleRange(P*) <= 2: SAT
[IncrementalSAT] IdleRange(P*) <= 0: SAT
    SAT | IdleRange(P*)=0 | time=0.357134s | config=F-PW-DC-ST-IRP-IS-CD-IC12P
[557/960] tic-14crafc.prec15 | full | multiple | P=pairwise | G=distance_closure | imp12+
[MultipleSAT] initial IdleRange(P*)=5
[MultipleSAT] IdleRange(P*) <= 2: SAT
[MultipleSAT] IdleRange(P*) <= 0: SAT
    SAT | IdleRange(P*)=0 | time=0.449157s | config=F-PW-DC-ST-IRP-NIS-CD-IC12P
[558/960] tic-14crafc.prec15 | full | maxsat | P=pairwise | G=distance_closure | imp12+
[MaxSAT/UWrMaxSAT] running /home/dclng566/solver-build/uwrmaxsat/build/release/bin/uwrmaxsat with timeout=7199.54s
[MaxSAT/UWrMaxSAT] optimum IdleRange(P*)=0 (cost=0)
[MaxSAT/UWrMaxSAT] process exit code=30
    SAT | IdleRange(P*)=0 | time=0.59647s | config=F-PW-DC-ST-IRP-UW-IC12P
[559/960] tic-14crafc.prec15 | full | incremental | P=sparse_suffix | G=direct | imp12+
[IncrementalSAT] initial IdleRange(P*)=6
[IncrementalSAT] IdleRange(P*) <= 2: SAT
[IncrementalSAT] IdleRange(P*) <= 0: SAT
    SAT | IdleRange(P*)=0 | time=0.35541s | config=F-SS-DE-ST-IRP-IS-CD-IC12P
[560/960] tic-14crafc.prec15 | full | multiple | P=sparse_suffix | G=direct | imp12+
[MultipleSAT] initial IdleRange(P*)=6
[MultipleSAT] IdleRange(P*) <= 2: SAT
[MultipleSAT] IdleRange(P*) <= 0: SAT
    SAT | IdleRange(P*)=0 | time=0.517317s | config=F-SS-DE-ST-IRP-NIS-CD-IC12P
[561/960] tic-14crafc.prec15 | full | maxsat | P=sparse_suffix | G=direct | imp12+
[MaxSAT/UWrMaxSAT] running /home/dclng566/solver-build/uwrmaxsat/build/release/bin/uwrmaxsat with timeout=7199.53s
[MaxSAT/UWrMaxSAT] optimum IdleRange(P*)=0 (cost=0)
[MaxSAT/UWrMaxSAT] process exit code=30
    SAT | IdleRange(P*)=0 | time=0.586772s | config=F-SS-DE-ST-IRP-UW-IC12P
[562/960] tic-14crafc.prec15 | full | incremental | P=sparse_suffix | G=distance_closure | imp12+
[IncrementalSAT] initial IdleRange(P*)=6
[IncrementalSAT] IdleRange(P*) <= 2: SAT
[IncrementalSAT] IdleRange(P*) <= 0: SAT
    SAT | IdleRange(P*)=0 | time=0.356823s | config=F-SS-DC-ST-IRP-IS-CD-IC12P
[563/960] tic-14crafc.prec15 | full | multiple | P=sparse_suffix | G=distance_closure | imp12+
[MultipleSAT] initial IdleRange(P*)=6
[MultipleSAT] IdleRange(P*) <= 2: SAT
[MultipleSAT] IdleRange(P*) <= 0: SAT
    SAT | IdleRange(P*)=0 | time=0.411886s | config=F-SS-DC-ST-IRP-NIS-CD-IC12P
[564/960] tic-14crafc.prec15 | full | maxsat | P=sparse_suffix | G=distance_closure | imp12+
[MaxSAT/UWrMaxSAT] running /home/dclng566/solver-build/uwrmaxsat/build/release/bin/uwrmaxsat with timeout=7199.54s
[MaxSAT/UWrMaxSAT] optimum IdleRange(P*)=0 (cost=0)
[MaxSAT/UWrMaxSAT] process exit code=30
    SAT | IdleRange(P*)=0 | time=0.564814s | config=F-SS-DC-ST-IRP-UW-IC12P
[565/960] tic-14crafc.prec15 | reduced | incremental | P=pairwise | G=direct | imp12+
[IncrementalSAT] initial IdleRange(P*)=6
[IncrementalSAT] IdleRange(P*) <= 2: SAT
[IncrementalSAT] IdleRange(P*) <= 0: SAT
    SAT | IdleRange(P*)=0 | time=0.366779s | config=R-PW-DE-ST-IRP-IS-CD-IC12P
[566/960] tic-14crafc.prec15 | reduced | multiple | P=pairwise | G=direct | imp12+
[MultipleSAT] initial IdleRange(P*)=6
[MultipleSAT] IdleRange(P*) <= 2: SAT
[MultipleSAT] IdleRange(P*) <= 0: SAT
    SAT | IdleRange(P*)=0 | time=0.41874s | config=R-PW-DE-ST-IRP-NIS-CD-IC12P
[567/960] tic-14crafc.prec15 | reduced | maxsat | P=pairwise | G=direct | imp12+
[MaxSAT/UWrMaxSAT] running /home/dclng566/solver-build/uwrmaxsat/build/release/bin/uwrmaxsat with timeout=7199.54s
[MaxSAT/UWrMaxSAT] optimum IdleRange(P*)=0 (cost=0)
[MaxSAT/UWrMaxSAT] process exit code=30
    SAT | IdleRange(P*)=0 | time=0.570366s | config=R-PW-DE-ST-IRP-UW-IC12P
[568/960] tic-14crafc.prec15 | reduced | incremental | P=pairwise | G=distance_closure | imp12+
[IncrementalSAT] initial IdleRange(P*)=5
[IncrementalSAT] IdleRange(P*) <= 2: SAT
[IncrementalSAT] IdleRange(P*) <= 0: SAT
    SAT | IdleRange(P*)=0 | time=0.35697s | config=R-PW-DC-ST-IRP-IS-CD-IC12P
[569/960] tic-14crafc.prec15 | reduced | multiple | P=pairwise | G=distance_closure | imp12+
[MultipleSAT] initial IdleRange(P*)=5
[MultipleSAT] IdleRange(P*) <= 2: SAT
[MultipleSAT] IdleRange(P*) <= 0: SAT
    SAT | IdleRange(P*)=0 | time=0.428229s | config=R-PW-DC-ST-IRP-NIS-CD-IC12P
[570/960] tic-14crafc.prec15 | reduced | maxsat | P=pairwise | G=distance_closure | imp12+
[MaxSAT/UWrMaxSAT] running /home/dclng566/solver-build/uwrmaxsat/build/release/bin/uwrmaxsat with timeout=7199.53s
[MaxSAT/UWrMaxSAT] optimum IdleRange(P*)=0 (cost=0)
[MaxSAT/UWrMaxSAT] process exit code=30
    SAT | IdleRange(P*)=0 | time=0.582623s | config=R-PW-DC-ST-IRP-UW-IC12P
[571/960] tic-14crafc.prec15 | reduced | incremental | P=sparse_suffix | G=direct | imp12+
[IncrementalSAT] initial IdleRange(P*)=7
[IncrementalSAT] IdleRange(P*) <= 3: SAT
[IncrementalSAT] IdleRange(P*) <= 1: SAT
[IncrementalSAT] IdleRange(P*) <= 0: SAT
    SAT | IdleRange(P*)=0 | time=0.524628s | config=R-SS-DE-ST-IRP-IS-CD-IC12P
[572/960] tic-14crafc.prec15 | reduced | multiple | P=sparse_suffix | G=direct | imp12+
[MultipleSAT] initial IdleRange(P*)=7
[MultipleSAT] IdleRange(P*) <= 3: SAT
[MultipleSAT] IdleRange(P*) <= 1: SAT
[MultipleSAT] IdleRange(P*) <= 0: SAT
    SAT | IdleRange(P*)=0 | time=0.569588s | config=R-SS-DE-ST-IRP-NIS-CD-IC12P
[573/960] tic-14crafc.prec15 | reduced | maxsat | P=sparse_suffix | G=direct | imp12+
[MaxSAT/UWrMaxSAT] running /home/dclng566/solver-build/uwrmaxsat/build/release/bin/uwrmaxsat with timeout=7199.54s
[MaxSAT/UWrMaxSAT] optimum IdleRange(P*)=0 (cost=0)
[MaxSAT/UWrMaxSAT] process exit code=30
    SAT | IdleRange(P*)=0 | time=0.57851s | config=R-SS-DE-ST-IRP-UW-IC12P
[574/960] tic-14crafc.prec15 | reduced | incremental | P=sparse_suffix | G=distance_closure | imp12+
[IncrementalSAT] initial IdleRange(P*)=7
[IncrementalSAT] IdleRange(P*) <= 3: SAT
[IncrementalSAT] IdleRange(P*) <= 1: SAT
[IncrementalSAT] IdleRange(P*) <= 0: SAT
    SAT | IdleRange(P*)=0 | time=0.70171s | config=R-SS-DC-ST-IRP-IS-CD-IC12P
[575/960] tic-14crafc.prec15 | reduced | multiple | P=sparse_suffix | G=distance_closure | imp12+
[MultipleSAT] initial IdleRange(P*)=7
[MultipleSAT] IdleRange(P*) <= 3: SAT
[MultipleSAT] IdleRange(P*) <= 1: SAT
[MultipleSAT] IdleRange(P*) <= 0: SAT
    SAT | IdleRange(P*)=0 | time=0.563748s | config=R-SS-DC-ST-IRP-NIS-CD-IC12P
[576/960] tic-14crafc.prec15 | reduced | maxsat | P=sparse_suffix | G=distance_closure | imp12+
[MaxSAT/UWrMaxSAT] running /home/dclng566/solver-build/uwrmaxsat/build/release/bin/uwrmaxsat with timeout=7199.54s
[MaxSAT/UWrMaxSAT] optimum IdleRange(P*)=0 (cost=0)
[MaxSAT/UWrMaxSAT] process exit code=30
    SAT | IdleRange(P*)=0 | time=0.570091s | config=R-SS-DC-ST-IRP-UW-IC12P
    Excel: /home/dclng566/projects/Business-Meeting-Scheduling-Problem/output/ic12p-gcp-ic12p-20260723T023309Z/main/excel_data_table08_prec/tic-14crafc.prec15.xlsx
Instance forum-13.prec15: P×G=pairwise+direct, pairwise+distance_closure, sparse_suffix+direct, sparse_suffix+distance_closure
[577/960] forum-13.prec15 | full | incremental | P=pairwise | G=direct | imp12+
[IncrementalSAT] initial IdleRange(P*)=19
[IncrementalSAT] IdleRange(P*) <= 9: SAT
[IncrementalSAT] IdleRange(P*) <= 4: SAT
[IncrementalSAT] IdleRange(P*) <= 1: SAT
[IncrementalSAT] IdleRange(P*) <= 0: SAT
    SAT | IdleRange(P*)=0 | time=0.679319s | config=F-PW-DE-ST-IRP-IS-CD-IC12P
[578/960] forum-13.prec15 | full | multiple | P=pairwise | G=direct | imp12+
[MultipleSAT] initial IdleRange(P*)=19
[MultipleSAT] IdleRange(P*) <= 9: SAT
[MultipleSAT] IdleRange(P*) <= 4: SAT
[MultipleSAT] IdleRange(P*) <= 1: SAT
[MultipleSAT] IdleRange(P*) <= 0: SAT
    SAT | IdleRange(P*)=0 | time=0.974321s | config=F-PW-DE-ST-IRP-NIS-CD-IC12P
[579/960] forum-13.prec15 | full | maxsat | P=pairwise | G=direct | imp12+
[MaxSAT/UWrMaxSAT] running /home/dclng566/solver-build/uwrmaxsat/build/release/bin/uwrmaxsat with timeout=7199.44s
[MaxSAT/UWrMaxSAT] optimum IdleRange(P*)=0 (cost=0)
[MaxSAT/UWrMaxSAT] process exit code=30
    SAT | IdleRange(P*)=0 | time=0.854537s | config=F-PW-DE-ST-IRP-UW-IC12P
[580/960] forum-13.prec15 | full | incremental | P=pairwise | G=distance_closure | imp12+
[IncrementalSAT] initial IdleRange(P*)=19
[IncrementalSAT] IdleRange(P*) <= 9: SAT
[IncrementalSAT] IdleRange(P*) <= 4: SAT
[IncrementalSAT] IdleRange(P*) <= 1: SAT
[IncrementalSAT] IdleRange(P*) <= 0: SAT
    SAT | IdleRange(P*)=0 | time=0.677199s | config=F-PW-DC-ST-IRP-IS-CD-IC12P
[581/960] forum-13.prec15 | full | multiple | P=pairwise | G=distance_closure | imp12+
[MultipleSAT] initial IdleRange(P*)=19
[MultipleSAT] IdleRange(P*) <= 9: SAT
[MultipleSAT] IdleRange(P*) <= 4: SAT
[MultipleSAT] IdleRange(P*) <= 1: SAT
[MultipleSAT] IdleRange(P*) <= 0: SAT
    SAT | IdleRange(P*)=0 | time=0.975722s | config=F-PW-DC-ST-IRP-NIS-CD-IC12P
[582/960] forum-13.prec15 | full | maxsat | P=pairwise | G=distance_closure | imp12+
[MaxSAT/UWrMaxSAT] running /home/dclng566/solver-build/uwrmaxsat/build/release/bin/uwrmaxsat with timeout=7199.44s
[MaxSAT/UWrMaxSAT] optimum IdleRange(P*)=0 (cost=0)
[MaxSAT/UWrMaxSAT] process exit code=30
    SAT | IdleRange(P*)=0 | time=0.856328s | config=F-PW-DC-ST-IRP-UW-IC12P
[583/960] forum-13.prec15 | full | incremental | P=sparse_suffix | G=direct | imp12+
[IncrementalSAT] initial IdleRange(P*)=18
[IncrementalSAT] IdleRange(P*) <= 8: SAT
[IncrementalSAT] IdleRange(P*) <= 3: SAT
[IncrementalSAT] IdleRange(P*) <= 1: SAT
[IncrementalSAT] IdleRange(P*) <= 0: SAT
    SAT | IdleRange(P*)=0 | time=0.613266s | config=F-SS-DE-ST-IRP-IS-CD-IC12P
[584/960] forum-13.prec15 | full | multiple | P=sparse_suffix | G=direct | imp12+
[MultipleSAT] initial IdleRange(P*)=18
[MultipleSAT] IdleRange(P*) <= 8: SAT
[MultipleSAT] IdleRange(P*) <= 3: SAT
[MultipleSAT] IdleRange(P*) <= 1: SAT
[MultipleSAT] IdleRange(P*) <= 0: SAT
    SAT | IdleRange(P*)=0 | time=0.984769s | config=F-SS-DE-ST-IRP-NIS-CD-IC12P
[585/960] forum-13.prec15 | full | maxsat | P=sparse_suffix | G=direct | imp12+
[MaxSAT/UWrMaxSAT] running /home/dclng566/solver-build/uwrmaxsat/build/release/bin/uwrmaxsat with timeout=7199.43s
[MaxSAT/UWrMaxSAT] optimum IdleRange(P*)=0 (cost=0)
[MaxSAT/UWrMaxSAT] process exit code=30
    SAT | IdleRange(P*)=0 | time=0.845734s | config=F-SS-DE-ST-IRP-UW-IC12P
[586/960] forum-13.prec15 | full | incremental | P=sparse_suffix | G=distance_closure | imp12+
[IncrementalSAT] initial IdleRange(P*)=18
[IncrementalSAT] IdleRange(P*) <= 8: SAT
[IncrementalSAT] IdleRange(P*) <= 3: SAT
[IncrementalSAT] IdleRange(P*) <= 1: SAT
[IncrementalSAT] IdleRange(P*) <= 0: SAT
    SAT | IdleRange(P*)=0 | time=0.60231s | config=F-SS-DC-ST-IRP-IS-CD-IC12P
[587/960] forum-13.prec15 | full | multiple | P=sparse_suffix | G=distance_closure | imp12+
[MultipleSAT] initial IdleRange(P*)=18
[MultipleSAT] IdleRange(P*) <= 8: SAT
[MultipleSAT] IdleRange(P*) <= 3: SAT
[MultipleSAT] IdleRange(P*) <= 1: SAT
[MultipleSAT] IdleRange(P*) <= 0: SAT
    SAT | IdleRange(P*)=0 | time=0.988713s | config=F-SS-DC-ST-IRP-NIS-CD-IC12P
[588/960] forum-13.prec15 | full | maxsat | P=sparse_suffix | G=distance_closure | imp12+
[MaxSAT/UWrMaxSAT] running /home/dclng566/solver-build/uwrmaxsat/build/release/bin/uwrmaxsat with timeout=7199.44s
[MaxSAT/UWrMaxSAT] optimum IdleRange(P*)=0 (cost=0)
[MaxSAT/UWrMaxSAT] process exit code=30
    SAT | IdleRange(P*)=0 | time=0.838541s | config=F-SS-DC-ST-IRP-UW-IC12P
[589/960] forum-13.prec15 | reduced | incremental | P=pairwise | G=direct | imp12+
[IncrementalSAT] initial IdleRange(P*)=19
[IncrementalSAT] IdleRange(P*) <= 9: SAT
[IncrementalSAT] IdleRange(P*) <= 4: SAT
[IncrementalSAT] IdleRange(P*) <= 1: SAT
[IncrementalSAT] IdleRange(P*) <= 0: SAT
    SAT | IdleRange(P*)=0 | time=0.509038s | config=R-PW-DE-ST-IRP-IS-CD-IC12P
[590/960] forum-13.prec15 | reduced | multiple | P=pairwise | G=direct | imp12+
[MultipleSAT] initial IdleRange(P*)=19
[MultipleSAT] IdleRange(P*) <= 9: SAT
[MultipleSAT] IdleRange(P*) <= 4: SAT
[MultipleSAT] IdleRange(P*) <= 1: SAT
[MultipleSAT] IdleRange(P*) <= 0: SAT
    SAT | IdleRange(P*)=0 | time=0.786831s | config=R-PW-DE-ST-IRP-NIS-CD-IC12P
[591/960] forum-13.prec15 | reduced | maxsat | P=pairwise | G=direct | imp12+
[MaxSAT/UWrMaxSAT] running /home/dclng566/solver-build/uwrmaxsat/build/release/bin/uwrmaxsat with timeout=7199.47s
[MaxSAT/UWrMaxSAT] optimum IdleRange(P*)=0 (cost=0)
[MaxSAT/UWrMaxSAT] process exit code=30
    SAT | IdleRange(P*)=0 | time=0.727788s | config=R-PW-DE-ST-IRP-UW-IC12P
[592/960] forum-13.prec15 | reduced | incremental | P=pairwise | G=distance_closure | imp12+
[IncrementalSAT] initial IdleRange(P*)=19
[IncrementalSAT] IdleRange(P*) <= 9: SAT
[IncrementalSAT] IdleRange(P*) <= 4: SAT
[IncrementalSAT] IdleRange(P*) <= 1: SAT
[IncrementalSAT] IdleRange(P*) <= 0: SAT
    SAT | IdleRange(P*)=0 | time=0.51481s | config=R-PW-DC-ST-IRP-IS-CD-IC12P
[593/960] forum-13.prec15 | reduced | multiple | P=pairwise | G=distance_closure | imp12+
[MultipleSAT] initial IdleRange(P*)=19
[MultipleSAT] IdleRange(P*) <= 9: SAT
[MultipleSAT] IdleRange(P*) <= 4: SAT
[MultipleSAT] IdleRange(P*) <= 1: SAT
[MultipleSAT] IdleRange(P*) <= 0: SAT
    SAT | IdleRange(P*)=0 | time=0.783428s | config=R-PW-DC-ST-IRP-NIS-CD-IC12P
[594/960] forum-13.prec15 | reduced | maxsat | P=pairwise | G=distance_closure | imp12+
[MaxSAT/UWrMaxSAT] running /home/dclng566/solver-build/uwrmaxsat/build/release/bin/uwrmaxsat with timeout=7199.48s
[MaxSAT/UWrMaxSAT] optimum IdleRange(P*)=0 (cost=0)
[MaxSAT/UWrMaxSAT] process exit code=30
    SAT | IdleRange(P*)=0 | time=0.732311s | config=R-PW-DC-ST-IRP-UW-IC12P
[595/960] forum-13.prec15 | reduced | incremental | P=sparse_suffix | G=direct | imp12+
[IncrementalSAT] initial IdleRange(P*)=19
[IncrementalSAT] IdleRange(P*) <= 9: SAT
[IncrementalSAT] IdleRange(P*) <= 4: SAT
[IncrementalSAT] IdleRange(P*) <= 1: SAT
[IncrementalSAT] IdleRange(P*) <= 0: SAT
    SAT | IdleRange(P*)=0 | time=0.43732s | config=R-SS-DE-ST-IRP-IS-CD-IC12P
[596/960] forum-13.prec15 | reduced | multiple | P=sparse_suffix | G=direct | imp12+
[MultipleSAT] initial IdleRange(P*)=19
[MultipleSAT] IdleRange(P*) <= 9: SAT
[MultipleSAT] IdleRange(P*) <= 4: SAT
[MultipleSAT] IdleRange(P*) <= 1: SAT
[MultipleSAT] IdleRange(P*) <= 0: SAT
    SAT | IdleRange(P*)=0 | time=0.774113s | config=R-SS-DE-ST-IRP-NIS-CD-IC12P
[597/960] forum-13.prec15 | reduced | maxsat | P=sparse_suffix | G=direct | imp12+
[MaxSAT/UWrMaxSAT] running /home/dclng566/solver-build/uwrmaxsat/build/release/bin/uwrmaxsat with timeout=7199.47s
[MaxSAT/UWrMaxSAT] optimum IdleRange(P*)=0 (cost=0)
[MaxSAT/UWrMaxSAT] process exit code=30
    SAT | IdleRange(P*)=0 | time=0.737257s | config=R-SS-DE-ST-IRP-UW-IC12P
[598/960] forum-13.prec15 | reduced | incremental | P=sparse_suffix | G=distance_closure | imp12+
[IncrementalSAT] initial IdleRange(P*)=19
[IncrementalSAT] IdleRange(P*) <= 9: SAT
[IncrementalSAT] IdleRange(P*) <= 4: SAT
[IncrementalSAT] IdleRange(P*) <= 1: SAT
[IncrementalSAT] IdleRange(P*) <= 0: SAT
    SAT | IdleRange(P*)=0 | time=0.435044s | config=R-SS-DC-ST-IRP-IS-CD-IC12P
[599/960] forum-13.prec15 | reduced | multiple | P=sparse_suffix | G=distance_closure | imp12+
[MultipleSAT] initial IdleRange(P*)=19
[MultipleSAT] IdleRange(P*) <= 9: SAT
[MultipleSAT] IdleRange(P*) <= 4: SAT
[MultipleSAT] IdleRange(P*) <= 1: SAT
[MultipleSAT] IdleRange(P*) <= 0: SAT
    SAT | IdleRange(P*)=0 | time=0.754601s | config=R-SS-DC-ST-IRP-NIS-CD-IC12P
[600/960] forum-13.prec15 | reduced | maxsat | P=sparse_suffix | G=distance_closure | imp12+
[MaxSAT/UWrMaxSAT] running /home/dclng566/solver-build/uwrmaxsat/build/release/bin/uwrmaxsat with timeout=7199.47s
[MaxSAT/UWrMaxSAT] optimum IdleRange(P*)=0 (cost=0)
[MaxSAT/UWrMaxSAT] process exit code=30
    SAT | IdleRange(P*)=0 | time=0.741808s | config=R-SS-DC-ST-IRP-UW-IC12P
    Excel: /home/dclng566/projects/Business-Meeting-Scheduling-Problem/output/ic12p-gcp-ic12p-20260723T023309Z/main/excel_data_table08_prec/forum-13.prec15.xlsx
Instance tic-13crafc.prec15: P×G=pairwise+direct, pairwise+distance_closure, sparse_suffix+direct, sparse_suffix+distance_closure
[601/960] tic-13crafc.prec15 | full | incremental | P=pairwise | G=direct | imp12+
[IncrementalSAT] initial IdleRange(P*)=5
[IncrementalSAT] IdleRange(P*) <= 2: SAT
[IncrementalSAT] IdleRange(P*) <= 0: UNSAT
[IncrementalSAT] IdleRange(P*) <= 1: SAT
    SAT | IdleRange(P*)=1 | time=0.424005s | config=F-PW-DE-ST-IRP-IS-CD-IC12P
[602/960] tic-13crafc.prec15 | full | multiple | P=pairwise | G=direct | imp12+
[MultipleSAT] initial IdleRange(P*)=5
[MultipleSAT] IdleRange(P*) <= 2: SAT
[MultipleSAT] IdleRange(P*) <= 0: UNSAT
[MultipleSAT] IdleRange(P*) <= 1: SAT
    SAT | IdleRange(P*)=1 | time=0.362187s | config=F-PW-DE-ST-IRP-NIS-CD-IC12P
[603/960] tic-13crafc.prec15 | full | maxsat | P=pairwise | G=direct | imp12+
[MaxSAT/UWrMaxSAT] running /home/dclng566/solver-build/uwrmaxsat/build/release/bin/uwrmaxsat with timeout=7199.59s
[MaxSAT/UWrMaxSAT] optimum IdleRange(P*)=1 (cost=1)
[MaxSAT/UWrMaxSAT] process exit code=30
    SAT | IdleRange(P*)=1 | time=0.848881s | config=F-PW-DE-ST-IRP-UW-IC12P
[604/960] tic-13crafc.prec15 | full | incremental | P=pairwise | G=distance_closure | imp12+
[IncrementalSAT] initial IdleRange(P*)=5
[IncrementalSAT] IdleRange(P*) <= 2: SAT
[IncrementalSAT] IdleRange(P*) <= 0: UNSAT
[IncrementalSAT] IdleRange(P*) <= 1: SAT
    SAT | IdleRange(P*)=1 | time=0.501928s | config=F-PW-DC-ST-IRP-IS-CD-IC12P
[605/960] tic-13crafc.prec15 | full | multiple | P=pairwise | G=distance_closure | imp12+
[MultipleSAT] initial IdleRange(P*)=5
[MultipleSAT] IdleRange(P*) <= 2: SAT
[MultipleSAT] IdleRange(P*) <= 0: UNSAT
[MultipleSAT] IdleRange(P*) <= 1: SAT
    SAT | IdleRange(P*)=1 | time=0.352427s | config=F-PW-DC-ST-IRP-NIS-CD-IC12P
[606/960] tic-13crafc.prec15 | full | maxsat | P=pairwise | G=distance_closure | imp12+
[MaxSAT/UWrMaxSAT] running /home/dclng566/solver-build/uwrmaxsat/build/release/bin/uwrmaxsat with timeout=7199.59s
[MaxSAT/UWrMaxSAT] optimum IdleRange(P*)=1 (cost=1)
[MaxSAT/UWrMaxSAT] process exit code=30
    SAT | IdleRange(P*)=1 | time=0.473584s | config=F-PW-DC-ST-IRP-UW-IC12P
[607/960] tic-13crafc.prec15 | full | incremental | P=sparse_suffix | G=direct | imp12+
[IncrementalSAT] initial IdleRange(P*)=5
[IncrementalSAT] IdleRange(P*) <= 2: SAT
[IncrementalSAT] IdleRange(P*) <= 0: UNSAT
[IncrementalSAT] IdleRange(P*) <= 1: SAT
    SAT | IdleRange(P*)=1 | time=0.594209s | config=F-SS-DE-ST-IRP-IS-CD-IC12P
[608/960] tic-13crafc.prec15 | full | multiple | P=sparse_suffix | G=direct | imp12+
[MultipleSAT] initial IdleRange(P*)=5
[MultipleSAT] IdleRange(P*) <= 2: SAT
[MultipleSAT] IdleRange(P*) <= 0: UNSAT
[MultipleSAT] IdleRange(P*) <= 1: SAT
    SAT | IdleRange(P*)=1 | time=0.400918s | config=F-SS-DE-ST-IRP-NIS-CD-IC12P
[609/960] tic-13crafc.prec15 | full | maxsat | P=sparse_suffix | G=direct | imp12+
[MaxSAT/UWrMaxSAT] running /home/dclng566/solver-build/uwrmaxsat/build/release/bin/uwrmaxsat with timeout=7199.59s
[MaxSAT/UWrMaxSAT] optimum IdleRange(P*)=1 (cost=1)
[MaxSAT/UWrMaxSAT] process exit code=30
    SAT | IdleRange(P*)=1 | time=0.490314s | config=F-SS-DE-ST-IRP-UW-IC12P
[610/960] tic-13crafc.prec15 | full | incremental | P=sparse_suffix | G=distance_closure | imp12+
[IncrementalSAT] initial IdleRange(P*)=4
[IncrementalSAT] IdleRange(P*) <= 1: SAT
[IncrementalSAT] IdleRange(P*) <= 0: UNSAT
    SAT | IdleRange(P*)=1 | time=0.228496s | config=F-SS-DC-ST-IRP-IS-CD-IC12P
[611/960] tic-13crafc.prec15 | full | multiple | P=sparse_suffix | G=distance_closure | imp12+
[MultipleSAT] initial IdleRange(P*)=4
[MultipleSAT] IdleRange(P*) <= 1: SAT
[MultipleSAT] IdleRange(P*) <= 0: UNSAT
    SAT | IdleRange(P*)=1 | time=0.38652s | config=F-SS-DC-ST-IRP-NIS-CD-IC12P
[612/960] tic-13crafc.prec15 | full | maxsat | P=sparse_suffix | G=distance_closure | imp12+
[MaxSAT/UWrMaxSAT] running /home/dclng566/solver-build/uwrmaxsat/build/release/bin/uwrmaxsat with timeout=7199.59s
[MaxSAT/UWrMaxSAT] optimum IdleRange(P*)=1 (cost=1)
[MaxSAT/UWrMaxSAT] process exit code=30
    SAT | IdleRange(P*)=1 | time=0.47032s | config=F-SS-DC-ST-IRP-UW-IC12P
[613/960] tic-13crafc.prec15 | reduced | incremental | P=pairwise | G=direct | imp12+
[IncrementalSAT] initial IdleRange(P*)=6
[IncrementalSAT] IdleRange(P*) <= 2: SAT
[IncrementalSAT] IdleRange(P*) <= 0: UNSAT
[IncrementalSAT] IdleRange(P*) <= 1: SAT
    SAT | IdleRange(P*)=1 | time=0.809453s | config=R-PW-DE-ST-IRP-IS-CD-IC12P
[614/960] tic-13crafc.prec15 | reduced | multiple | P=pairwise | G=direct | imp12+
[MultipleSAT] initial IdleRange(P*)=6
[MultipleSAT] IdleRange(P*) <= 2: SAT
[MultipleSAT] IdleRange(P*) <= 0: UNSAT
[MultipleSAT] IdleRange(P*) <= 1: SAT
    SAT | IdleRange(P*)=1 | time=0.41369s | config=R-PW-DE-ST-IRP-NIS-CD-IC12P
[615/960] tic-13crafc.prec15 | reduced | maxsat | P=pairwise | G=direct | imp12+
[MaxSAT/UWrMaxSAT] running /home/dclng566/solver-build/uwrmaxsat/build/release/bin/uwrmaxsat with timeout=7199.59s
[MaxSAT/UWrMaxSAT] optimum IdleRange(P*)=1 (cost=1)
[MaxSAT/UWrMaxSAT] process exit code=30
    SAT | IdleRange(P*)=1 | time=0.471753s | config=R-PW-DE-ST-IRP-UW-IC12P
[616/960] tic-13crafc.prec15 | reduced | incremental | P=pairwise | G=distance_closure | imp12+
[IncrementalSAT] initial IdleRange(P*)=6
[IncrementalSAT] IdleRange(P*) <= 2: SAT
[IncrementalSAT] IdleRange(P*) <= 0: UNSAT
[IncrementalSAT] IdleRange(P*) <= 1: SAT
    SAT | IdleRange(P*)=1 | time=0.456087s | config=R-PW-DC-ST-IRP-IS-CD-IC12P
[617/960] tic-13crafc.prec15 | reduced | multiple | P=pairwise | G=distance_closure | imp12+
[MultipleSAT] initial IdleRange(P*)=6
[MultipleSAT] IdleRange(P*) <= 2: SAT
[MultipleSAT] IdleRange(P*) <= 0: UNSAT
[MultipleSAT] IdleRange(P*) <= 1: SAT
    SAT | IdleRange(P*)=1 | time=0.442691s | config=R-PW-DC-ST-IRP-NIS-CD-IC12P
[618/960] tic-13crafc.prec15 | reduced | maxsat | P=pairwise | G=distance_closure | imp12+
[MaxSAT/UWrMaxSAT] running /home/dclng566/solver-build/uwrmaxsat/build/release/bin/uwrmaxsat with timeout=7199.59s
[MaxSAT/UWrMaxSAT] optimum IdleRange(P*)=1 (cost=1)
[MaxSAT/UWrMaxSAT] process exit code=30
    SAT | IdleRange(P*)=1 | time=0.453677s | config=R-PW-DC-ST-IRP-UW-IC12P
[619/960] tic-13crafc.prec15 | reduced | incremental | P=sparse_suffix | G=direct | imp12+
[IncrementalSAT] initial IdleRange(P*)=6
[IncrementalSAT] IdleRange(P*) <= 2: SAT
[IncrementalSAT] IdleRange(P*) <= 0: UNSAT
[IncrementalSAT] IdleRange(P*) <= 1: SAT
    SAT | IdleRange(P*)=1 | time=0.350015s | config=R-SS-DE-ST-IRP-IS-CD-IC12P
[620/960] tic-13crafc.prec15 | reduced | multiple | P=sparse_suffix | G=direct | imp12+
[MultipleSAT] initial IdleRange(P*)=6
[MultipleSAT] IdleRange(P*) <= 2: SAT
[MultipleSAT] IdleRange(P*) <= 0: UNSAT
[MultipleSAT] IdleRange(P*) <= 1: SAT
    SAT | IdleRange(P*)=1 | time=0.333869s | config=R-SS-DE-ST-IRP-NIS-CD-IC12P
[621/960] tic-13crafc.prec15 | reduced | maxsat | P=sparse_suffix | G=direct | imp12+
[MaxSAT/UWrMaxSAT] running /home/dclng566/solver-build/uwrmaxsat/build/release/bin/uwrmaxsat with timeout=7199.6s
[MaxSAT/UWrMaxSAT] optimum IdleRange(P*)=1 (cost=1)
[MaxSAT/UWrMaxSAT] process exit code=30
    SAT | IdleRange(P*)=1 | time=0.58073s | config=R-SS-DE-ST-IRP-UW-IC12P
[622/960] tic-13crafc.prec15 | reduced | incremental | P=sparse_suffix | G=distance_closure | imp12+
[IncrementalSAT] initial IdleRange(P*)=6
[IncrementalSAT] IdleRange(P*) <= 2: SAT
[IncrementalSAT] IdleRange(P*) <= 0: UNSAT
[IncrementalSAT] IdleRange(P*) <= 1: SAT
    SAT | IdleRange(P*)=1 | time=0.444541s | config=R-SS-DC-ST-IRP-IS-CD-IC12P
[623/960] tic-13crafc.prec15 | reduced | multiple | P=sparse_suffix | G=distance_closure | imp12+
[MultipleSAT] initial IdleRange(P*)=6
[MultipleSAT] IdleRange(P*) <= 2: SAT
[MultipleSAT] IdleRange(P*) <= 0: UNSAT
[MultipleSAT] IdleRange(P*) <= 1: SAT
    SAT | IdleRange(P*)=1 | time=0.345649s | config=R-SS-DC-ST-IRP-NIS-CD-IC12P
[624/960] tic-13crafc.prec15 | reduced | maxsat | P=sparse_suffix | G=distance_closure | imp12+
[MaxSAT/UWrMaxSAT] running /home/dclng566/solver-build/uwrmaxsat/build/release/bin/uwrmaxsat with timeout=7199.59s
[MaxSAT/UWrMaxSAT] optimum IdleRange(P*)=1 (cost=1)
[MaxSAT/UWrMaxSAT] process exit code=30
    SAT | IdleRange(P*)=1 | time=0.499957s | config=R-SS-DC-ST-IRP-UW-IC12P
    Excel: /home/dclng566/projects/Business-Meeting-Scheduling-Problem/output/ic12p-gcp-ic12p-20260723T023309Z/main/excel_data_table08_prec/tic-13crafc.prec15.xlsx
Instance tic-12.prec25: P×G=pairwise+direct, pairwise+distance_closure, sparse_suffix+direct, sparse_suffix+distance_closure
[625/960] tic-12.prec25 | full | incremental | P=pairwise | G=direct | imp12+
[IncrementalSAT] initial IdleRange(P*)=6
[IncrementalSAT] IdleRange(P*) <= 2: SAT
[IncrementalSAT] IdleRange(P*) <= 0: SAT
    SAT | IdleRange(P*)=0 | time=0.14734s | config=F-PW-DE-ST-IRP-IS-CD-IC12P
[626/960] tic-12.prec25 | full | multiple | P=pairwise | G=direct | imp12+
[MultipleSAT] initial IdleRange(P*)=6
[MultipleSAT] IdleRange(P*) <= 2: SAT
[MultipleSAT] IdleRange(P*) <= 0: SAT
    SAT | IdleRange(P*)=0 | time=0.191259s | config=F-PW-DE-ST-IRP-NIS-CD-IC12P
[627/960] tic-12.prec25 | full | maxsat | P=pairwise | G=direct | imp12+
[MaxSAT/UWrMaxSAT] running /home/dclng566/solver-build/uwrmaxsat/build/release/bin/uwrmaxsat with timeout=7199.69s
[MaxSAT/UWrMaxSAT] optimum IdleRange(P*)=0 (cost=0)
[MaxSAT/UWrMaxSAT] process exit code=30
    SAT | IdleRange(P*)=0 | time=0.220603s | config=F-PW-DE-ST-IRP-UW-IC12P
[628/960] tic-12.prec25 | full | incremental | P=pairwise | G=distance_closure | imp12+
[IncrementalSAT] initial IdleRange(P*)=4
[IncrementalSAT] IdleRange(P*) <= 1: SAT
[IncrementalSAT] IdleRange(P*) <= 0: SAT
    SAT | IdleRange(P*)=0 | time=0.118213s | config=F-PW-DC-ST-IRP-IS-CD-IC12P
[629/960] tic-12.prec25 | full | multiple | P=pairwise | G=distance_closure | imp12+
[MultipleSAT] initial IdleRange(P*)=4
[MultipleSAT] IdleRange(P*) <= 1: SAT
[MultipleSAT] IdleRange(P*) <= 0: SAT
    SAT | IdleRange(P*)=0 | time=0.285439s | config=F-PW-DC-ST-IRP-NIS-CD-IC12P
[630/960] tic-12.prec25 | full | maxsat | P=pairwise | G=distance_closure | imp12+
[MaxSAT/UWrMaxSAT] running /home/dclng566/solver-build/uwrmaxsat/build/release/bin/uwrmaxsat with timeout=7199.69s
[MaxSAT/UWrMaxSAT] optimum IdleRange(P*)=0 (cost=0)
[MaxSAT/UWrMaxSAT] process exit code=30
    SAT | IdleRange(P*)=0 | time=0.201174s | config=F-PW-DC-ST-IRP-UW-IC12P
[631/960] tic-12.prec25 | full | incremental | P=sparse_suffix | G=direct | imp12+
[IncrementalSAT] initial IdleRange(P*)=5
[IncrementalSAT] IdleRange(P*) <= 2: SAT
[IncrementalSAT] IdleRange(P*) <= 0: SAT
    SAT | IdleRange(P*)=0 | time=0.122439s | config=F-SS-DE-ST-IRP-IS-CD-IC12P
[632/960] tic-12.prec25 | full | multiple | P=sparse_suffix | G=direct | imp12+
[MultipleSAT] initial IdleRange(P*)=5
[MultipleSAT] IdleRange(P*) <= 2: SAT
[MultipleSAT] IdleRange(P*) <= 0: SAT
    SAT | IdleRange(P*)=0 | time=0.171065s | config=F-SS-DE-ST-IRP-NIS-CD-IC12P
[633/960] tic-12.prec25 | full | maxsat | P=sparse_suffix | G=direct | imp12+
[MaxSAT/UWrMaxSAT] running /home/dclng566/solver-build/uwrmaxsat/build/release/bin/uwrmaxsat with timeout=7199.69s
[MaxSAT/UWrMaxSAT] optimum IdleRange(P*)=0 (cost=0)
[MaxSAT/UWrMaxSAT] process exit code=30
    SAT | IdleRange(P*)=0 | time=0.328495s | config=F-SS-DE-ST-IRP-UW-IC12P
[634/960] tic-12.prec25 | full | incremental | P=sparse_suffix | G=distance_closure | imp12+
[IncrementalSAT] initial IdleRange(P*)=6
[IncrementalSAT] IdleRange(P*) <= 2: SAT
[IncrementalSAT] IdleRange(P*) <= 0: SAT
    SAT | IdleRange(P*)=0 | time=0.136018s | config=F-SS-DC-ST-IRP-IS-CD-IC12P
[635/960] tic-12.prec25 | full | multiple | P=sparse_suffix | G=distance_closure | imp12+
[MultipleSAT] initial IdleRange(P*)=6
[MultipleSAT] IdleRange(P*) <= 2: SAT
[MultipleSAT] IdleRange(P*) <= 0: SAT
    SAT | IdleRange(P*)=0 | time=0.140346s | config=F-SS-DC-ST-IRP-NIS-CD-IC12P
[636/960] tic-12.prec25 | full | maxsat | P=sparse_suffix | G=distance_closure | imp12+
[MaxSAT/UWrMaxSAT] running /home/dclng566/solver-build/uwrmaxsat/build/release/bin/uwrmaxsat with timeout=7199.69s
[MaxSAT/UWrMaxSAT] optimum IdleRange(P*)=0 (cost=0)
[MaxSAT/UWrMaxSAT] process exit code=30
    SAT | IdleRange(P*)=0 | time=0.304177s | config=F-SS-DC-ST-IRP-UW-IC12P
[637/960] tic-12.prec25 | reduced | incremental | P=pairwise | G=direct | imp12+
[IncrementalSAT] initial IdleRange(P*)=6
[IncrementalSAT] IdleRange(P*) <= 2: SAT
[IncrementalSAT] IdleRange(P*) <= 0: SAT
    SAT | IdleRange(P*)=0 | time=0.116443s | config=R-PW-DE-ST-IRP-IS-CD-IC12P
[638/960] tic-12.prec25 | reduced | multiple | P=pairwise | G=direct | imp12+
[MultipleSAT] initial IdleRange(P*)=6
[MultipleSAT] IdleRange(P*) <= 2: SAT
[MultipleSAT] IdleRange(P*) <= 0: SAT
    SAT | IdleRange(P*)=0 | time=0.113151s | config=R-PW-DE-ST-IRP-NIS-CD-IC12P
[639/960] tic-12.prec25 | reduced | maxsat | P=pairwise | G=direct | imp12+
[MaxSAT/UWrMaxSAT] running /home/dclng566/solver-build/uwrmaxsat/build/release/bin/uwrmaxsat with timeout=7199.7s
[MaxSAT/UWrMaxSAT] optimum IdleRange(P*)=0 (cost=0)
[MaxSAT/UWrMaxSAT] process exit code=30
    SAT | IdleRange(P*)=0 | time=0.230333s | config=R-PW-DE-ST-IRP-UW-IC12P
[640/960] tic-12.prec25 | reduced | incremental | P=pairwise | G=distance_closure | imp12+
[IncrementalSAT] initial IdleRange(P*)=6
[IncrementalSAT] IdleRange(P*) <= 2: SAT
[IncrementalSAT] IdleRange(P*) <= 0: SAT
    SAT | IdleRange(P*)=0 | time=0.121694s | config=R-PW-DC-ST-IRP-IS-CD-IC12P
[641/960] tic-12.prec25 | reduced | multiple | P=pairwise | G=distance_closure | imp12+
[MultipleSAT] initial IdleRange(P*)=6
[MultipleSAT] IdleRange(P*) <= 2: SAT
[MultipleSAT] IdleRange(P*) <= 0: SAT
    SAT | IdleRange(P*)=0 | time=0.129041s | config=R-PW-DC-ST-IRP-NIS-CD-IC12P
[642/960] tic-12.prec25 | reduced | maxsat | P=pairwise | G=distance_closure | imp12+
[MaxSAT/UWrMaxSAT] running /home/dclng566/solver-build/uwrmaxsat/build/release/bin/uwrmaxsat with timeout=7199.69s
[MaxSAT/UWrMaxSAT] optimum IdleRange(P*)=0 (cost=0)
[MaxSAT/UWrMaxSAT] process exit code=30
    SAT | IdleRange(P*)=0 | time=0.159097s | config=R-PW-DC-ST-IRP-UW-IC12P
[643/960] tic-12.prec25 | reduced | incremental | P=sparse_suffix | G=direct | imp12+
[IncrementalSAT] initial IdleRange(P*)=4
[IncrementalSAT] IdleRange(P*) <= 1: SAT
[IncrementalSAT] IdleRange(P*) <= 0: SAT
    SAT | IdleRange(P*)=0 | time=0.266207s | config=R-SS-DE-ST-IRP-IS-CD-IC12P
[644/960] tic-12.prec25 | reduced | multiple | P=sparse_suffix | G=direct | imp12+
[MultipleSAT] initial IdleRange(P*)=4
[MultipleSAT] IdleRange(P*) <= 1: SAT
[MultipleSAT] IdleRange(P*) <= 0: SAT
    SAT | IdleRange(P*)=0 | time=0.152797s | config=R-SS-DE-ST-IRP-NIS-CD-IC12P
[645/960] tic-12.prec25 | reduced | maxsat | P=sparse_suffix | G=direct | imp12+
[MaxSAT/UWrMaxSAT] running /home/dclng566/solver-build/uwrmaxsat/build/release/bin/uwrmaxsat with timeout=7199.7s
[MaxSAT/UWrMaxSAT] optimum IdleRange(P*)=0 (cost=0)
[MaxSAT/UWrMaxSAT] process exit code=30
    SAT | IdleRange(P*)=0 | time=0.315399s | config=R-SS-DE-ST-IRP-UW-IC12P
[646/960] tic-12.prec25 | reduced | incremental | P=sparse_suffix | G=distance_closure | imp12+
[IncrementalSAT] initial IdleRange(P*)=4
[IncrementalSAT] IdleRange(P*) <= 1: SAT
[IncrementalSAT] IdleRange(P*) <= 0: SAT
    SAT | IdleRange(P*)=0 | time=0.123076s | config=R-SS-DC-ST-IRP-IS-CD-IC12P
[647/960] tic-12.prec25 | reduced | multiple | P=sparse_suffix | G=distance_closure | imp12+
[MultipleSAT] initial IdleRange(P*)=4
[MultipleSAT] IdleRange(P*) <= 1: SAT
[MultipleSAT] IdleRange(P*) <= 0: SAT
    SAT | IdleRange(P*)=0 | time=0.128816s | config=R-SS-DC-ST-IRP-NIS-CD-IC12P
[648/960] tic-12.prec25 | reduced | maxsat | P=sparse_suffix | G=distance_closure | imp12+
[MaxSAT/UWrMaxSAT] running /home/dclng566/solver-build/uwrmaxsat/build/release/bin/uwrmaxsat with timeout=7199.7s
[MaxSAT/UWrMaxSAT] optimum IdleRange(P*)=0 (cost=0)
[MaxSAT/UWrMaxSAT] process exit code=30
    SAT | IdleRange(P*)=0 | time=0.33s | config=R-SS-DC-ST-IRP-UW-IC12P
    Excel: /home/dclng566/projects/Business-Meeting-Scheduling-Problem/output/ic12p-gcp-ic12p-20260723T023309Z/main/excel_data_table08_prec/tic-12.prec25.xlsx
Instance ticf-13crafb.prec25: P×G=pairwise+direct, pairwise+distance_closure, sparse_suffix+direct, sparse_suffix+distance_closure
[649/960] ticf-13crafb.prec25 | full | incremental | P=pairwise | G=direct | imp12+
    UNSAT | IdleRange(P*)=None | time=0.34637s | config=F-PW-DE-ST-IRP-IS-CD-IC12P
[650/960] ticf-13crafb.prec25 | full | multiple | P=pairwise | G=direct | imp12+
    UNSAT | IdleRange(P*)=None | time=0.33812s | config=F-PW-DE-ST-IRP-NIS-CD-IC12P
[651/960] ticf-13crafb.prec25 | full | maxsat | P=pairwise | G=direct | imp12+
[MaxSAT/UWrMaxSAT] running /home/dclng566/solver-build/uwrmaxsat/build/release/bin/uwrmaxsat with timeout=7199.51s
    UNSAT | IdleRange(P*)=None | time=1.064272s | config=F-PW-DE-ST-IRP-UW-IC12P
[652/960] ticf-13crafb.prec25 | full | incremental | P=pairwise | G=distance_closure | imp12+
    UNSAT | IdleRange(P*)=None | time=0.351262s | config=F-PW-DC-ST-IRP-IS-CD-IC12P
[653/960] ticf-13crafb.prec25 | full | multiple | P=pairwise | G=distance_closure | imp12+
    UNSAT | IdleRange(P*)=None | time=0.347924s | config=F-PW-DC-ST-IRP-NIS-CD-IC12P
[654/960] ticf-13crafb.prec25 | full | maxsat | P=pairwise | G=distance_closure | imp12+
[MaxSAT/UWrMaxSAT] running /home/dclng566/solver-build/uwrmaxsat/build/release/bin/uwrmaxsat with timeout=7199.51s
    UNSAT | IdleRange(P*)=None | time=1.067808s | config=F-PW-DC-ST-IRP-UW-IC12P
[655/960] ticf-13crafb.prec25 | full | incremental | P=sparse_suffix | G=direct | imp12+
    UNSAT | IdleRange(P*)=None | time=0.336198s | config=F-SS-DE-ST-IRP-IS-CD-IC12P
[656/960] ticf-13crafb.prec25 | full | multiple | P=sparse_suffix | G=direct | imp12+
    UNSAT | IdleRange(P*)=None | time=0.329547s | config=F-SS-DE-ST-IRP-NIS-CD-IC12P
[657/960] ticf-13crafb.prec25 | full | maxsat | P=sparse_suffix | G=direct | imp12+
[MaxSAT/UWrMaxSAT] running /home/dclng566/solver-build/uwrmaxsat/build/release/bin/uwrmaxsat with timeout=7199.53s
    UNSAT | IdleRange(P*)=None | time=1.026137s | config=F-SS-DE-ST-IRP-UW-IC12P
[658/960] ticf-13crafb.prec25 | full | incremental | P=sparse_suffix | G=distance_closure | imp12+
    UNSAT | IdleRange(P*)=None | time=0.319673s | config=F-SS-DC-ST-IRP-IS-CD-IC12P
[659/960] ticf-13crafb.prec25 | full | multiple | P=sparse_suffix | G=distance_closure | imp12+
    UNSAT | IdleRange(P*)=None | time=0.316359s | config=F-SS-DC-ST-IRP-NIS-CD-IC12P
[660/960] ticf-13crafb.prec25 | full | maxsat | P=sparse_suffix | G=distance_closure | imp12+
[MaxSAT/UWrMaxSAT] running /home/dclng566/solver-build/uwrmaxsat/build/release/bin/uwrmaxsat with timeout=7199.53s
    UNSAT | IdleRange(P*)=None | time=1.021689s | config=F-SS-DC-ST-IRP-UW-IC12P
[661/960] ticf-13crafb.prec25 | reduced | incremental | P=pairwise | G=direct | imp12+
    UNSAT | IdleRange(P*)=None | time=0.234928s | config=R-PW-DE-ST-IRP-IS-CD-IC12P
[662/960] ticf-13crafb.prec25 | reduced | multiple | P=pairwise | G=direct | imp12+
    UNSAT | IdleRange(P*)=None | time=0.239913s | config=R-PW-DE-ST-IRP-NIS-CD-IC12P
[663/960] ticf-13crafb.prec25 | reduced | maxsat | P=pairwise | G=direct | imp12+
[MaxSAT/UWrMaxSAT] running /home/dclng566/solver-build/uwrmaxsat/build/release/bin/uwrmaxsat with timeout=7199.57s
    UNSAT | IdleRange(P*)=None | time=0.467764s | config=R-PW-DE-ST-IRP-UW-IC12P
[664/960] ticf-13crafb.prec25 | reduced | incremental | P=pairwise | G=distance_closure | imp12+
    UNSAT | IdleRange(P*)=None | time=0.241273s | config=R-PW-DC-ST-IRP-IS-CD-IC12P
[665/960] ticf-13crafb.prec25 | reduced | multiple | P=pairwise | G=distance_closure | imp12+
    UNSAT | IdleRange(P*)=None | time=0.241583s | config=R-PW-DC-ST-IRP-NIS-CD-IC12P
[666/960] ticf-13crafb.prec25 | reduced | maxsat | P=pairwise | G=distance_closure | imp12+
[MaxSAT/UWrMaxSAT] running /home/dclng566/solver-build/uwrmaxsat/build/release/bin/uwrmaxsat with timeout=7199.56s
    UNSAT | IdleRange(P*)=None | time=0.479666s | config=R-PW-DC-ST-IRP-UW-IC12P
[667/960] ticf-13crafb.prec25 | reduced | incremental | P=sparse_suffix | G=direct | imp12+
    UNSAT | IdleRange(P*)=None | time=0.224665s | config=R-SS-DE-ST-IRP-IS-CD-IC12P
[668/960] ticf-13crafb.prec25 | reduced | multiple | P=sparse_suffix | G=direct | imp12+
    UNSAT | IdleRange(P*)=None | time=0.231996s | config=R-SS-DE-ST-IRP-NIS-CD-IC12P
[669/960] ticf-13crafb.prec25 | reduced | maxsat | P=sparse_suffix | G=direct | imp12+
[MaxSAT/UWrMaxSAT] running /home/dclng566/solver-build/uwrmaxsat/build/release/bin/uwrmaxsat with timeout=7199.57s
    UNSAT | IdleRange(P*)=None | time=0.46604s | config=R-SS-DE-ST-IRP-UW-IC12P
[670/960] ticf-13crafb.prec25 | reduced | incremental | P=sparse_suffix | G=distance_closure | imp12+
    UNSAT | IdleRange(P*)=None | time=0.240975s | config=R-SS-DC-ST-IRP-IS-CD-IC12P
[671/960] ticf-13crafb.prec25 | reduced | multiple | P=sparse_suffix | G=distance_closure | imp12+
    UNSAT | IdleRange(P*)=None | time=0.234059s | config=R-SS-DC-ST-IRP-NIS-CD-IC12P
[672/960] ticf-13crafb.prec25 | reduced | maxsat | P=sparse_suffix | G=distance_closure | imp12+
[MaxSAT/UWrMaxSAT] running /home/dclng566/solver-build/uwrmaxsat/build/release/bin/uwrmaxsat with timeout=7199.56s
    UNSAT | IdleRange(P*)=None | time=0.471332s | config=R-SS-DC-ST-IRP-UW-IC12P
    Excel: /home/dclng566/projects/Business-Meeting-Scheduling-Problem/output/ic12p-gcp-ic12p-20260723T023309Z/main/excel_data_table08_prec/ticf-13crafb.prec25.xlsx
Instance forumt-14.prec25: P×G=pairwise+direct, pairwise+distance_closure, sparse_suffix+direct, sparse_suffix+distance_closure
[673/960] forumt-14.prec25 | full | incremental | P=pairwise | G=direct | imp12+
[IncrementalSAT] initial IdleRange(P*)=7
[IncrementalSAT] IdleRange(P*) <= 3: SAT
[IncrementalSAT] IdleRange(P*) <= 1: UNSAT
[IncrementalSAT] IdleRange(P*) <= 2: SAT
    SAT | IdleRange(P*)=2 | time=0.325029s | config=F-PW-DE-ST-IRP-IS-CD-IC12P
[674/960] forumt-14.prec25 | full | multiple | P=pairwise | G=direct | imp12+
[MultipleSAT] initial IdleRange(P*)=7
[MultipleSAT] IdleRange(P*) <= 3: SAT
[MultipleSAT] IdleRange(P*) <= 1: UNSAT
[MultipleSAT] IdleRange(P*) <= 2: SAT
    SAT | IdleRange(P*)=2 | time=0.408156s | config=F-PW-DE-ST-IRP-NIS-CD-IC12P
[675/960] forumt-14.prec25 | full | maxsat | P=pairwise | G=direct | imp12+
[MaxSAT/UWrMaxSAT] running /home/dclng566/solver-build/uwrmaxsat/build/release/bin/uwrmaxsat with timeout=7199.5s
[MaxSAT/UWrMaxSAT] optimum IdleRange(P*)=2 (cost=2)
[MaxSAT/UWrMaxSAT] process exit code=30
    SAT | IdleRange(P*)=2 | time=0.577694s | config=F-PW-DE-ST-IRP-UW-IC12P
[676/960] forumt-14.prec25 | full | incremental | P=pairwise | G=distance_closure | imp12+
[IncrementalSAT] initial IdleRange(P*)=7
[IncrementalSAT] IdleRange(P*) <= 3: SAT
[IncrementalSAT] IdleRange(P*) <= 1: UNSAT
[IncrementalSAT] IdleRange(P*) <= 2: SAT
    SAT | IdleRange(P*)=2 | time=0.312189s | config=F-PW-DC-ST-IRP-IS-CD-IC12P
[677/960] forumt-14.prec25 | full | multiple | P=pairwise | G=distance_closure | imp12+
[MultipleSAT] initial IdleRange(P*)=7
[MultipleSAT] IdleRange(P*) <= 3: SAT
[MultipleSAT] IdleRange(P*) <= 1: UNSAT
[MultipleSAT] IdleRange(P*) <= 2: SAT
    SAT | IdleRange(P*)=2 | time=0.413868s | config=F-PW-DC-ST-IRP-NIS-CD-IC12P
[678/960] forumt-14.prec25 | full | maxsat | P=pairwise | G=distance_closure | imp12+
[MaxSAT/UWrMaxSAT] running /home/dclng566/solver-build/uwrmaxsat/build/release/bin/uwrmaxsat with timeout=7199.5s
[MaxSAT/UWrMaxSAT] optimum IdleRange(P*)=2 (cost=2)
[MaxSAT/UWrMaxSAT] process exit code=30
    SAT | IdleRange(P*)=2 | time=0.576528s | config=F-PW-DC-ST-IRP-UW-IC12P
[679/960] forumt-14.prec25 | full | incremental | P=sparse_suffix | G=direct | imp12+
[IncrementalSAT] initial IdleRange(P*)=6
[IncrementalSAT] IdleRange(P*) <= 2: SAT
[IncrementalSAT] IdleRange(P*) <= 0: UNSAT
[IncrementalSAT] IdleRange(P*) <= 1: UNSAT
    SAT | IdleRange(P*)=2 | time=0.306227s | config=F-SS-DE-ST-IRP-IS-CD-IC12P
[680/960] forumt-14.prec25 | full | multiple | P=sparse_suffix | G=direct | imp12+
[MultipleSAT] initial IdleRange(P*)=6
[MultipleSAT] IdleRange(P*) <= 2: SAT
[MultipleSAT] IdleRange(P*) <= 0: UNSAT
[MultipleSAT] IdleRange(P*) <= 1: UNSAT
    SAT | IdleRange(P*)=2 | time=0.39546s | config=F-SS-DE-ST-IRP-NIS-CD-IC12P
[681/960] forumt-14.prec25 | full | maxsat | P=sparse_suffix | G=direct | imp12+
[MaxSAT/UWrMaxSAT] running /home/dclng566/solver-build/uwrmaxsat/build/release/bin/uwrmaxsat with timeout=7199.5s
[MaxSAT/UWrMaxSAT] optimum IdleRange(P*)=2 (cost=2)
[MaxSAT/UWrMaxSAT] process exit code=30
    SAT | IdleRange(P*)=2 | time=0.553028s | config=F-SS-DE-ST-IRP-UW-IC12P
[682/960] forumt-14.prec25 | full | incremental | P=sparse_suffix | G=distance_closure | imp12+
[IncrementalSAT] initial IdleRange(P*)=5
[IncrementalSAT] IdleRange(P*) <= 2: SAT
[IncrementalSAT] IdleRange(P*) <= 0: UNSAT
[IncrementalSAT] IdleRange(P*) <= 1: UNSAT
    SAT | IdleRange(P*)=2 | time=0.293813s | config=F-SS-DC-ST-IRP-IS-CD-IC12P
[683/960] forumt-14.prec25 | full | multiple | P=sparse_suffix | G=distance_closure | imp12+
[MultipleSAT] initial IdleRange(P*)=5
[MultipleSAT] IdleRange(P*) <= 2: SAT
[MultipleSAT] IdleRange(P*) <= 0: UNSAT
[MultipleSAT] IdleRange(P*) <= 1: UNSAT
    SAT | IdleRange(P*)=2 | time=0.374567s | config=F-SS-DC-ST-IRP-NIS-CD-IC12P
[684/960] forumt-14.prec25 | full | maxsat | P=sparse_suffix | G=distance_closure | imp12+
[MaxSAT/UWrMaxSAT] running /home/dclng566/solver-build/uwrmaxsat/build/release/bin/uwrmaxsat with timeout=7199.5s
[MaxSAT/UWrMaxSAT] optimum IdleRange(P*)=2 (cost=2)
[MaxSAT/UWrMaxSAT] process exit code=30
    SAT | IdleRange(P*)=2 | time=0.53584s | config=F-SS-DC-ST-IRP-UW-IC12P
[685/960] forumt-14.prec25 | reduced | incremental | P=pairwise | G=direct | imp12+
[IncrementalSAT] initial IdleRange(P*)=5
[IncrementalSAT] IdleRange(P*) <= 2: SAT
[IncrementalSAT] IdleRange(P*) <= 0: UNSAT
[IncrementalSAT] IdleRange(P*) <= 1: UNSAT
    SAT | IdleRange(P*)=2 | time=0.284254s | config=R-PW-DE-ST-IRP-IS-CD-IC12P
[686/960] forumt-14.prec25 | reduced | multiple | P=pairwise | G=direct | imp12+
[MultipleSAT] initial IdleRange(P*)=5
[MultipleSAT] IdleRange(P*) <= 2: SAT
[MultipleSAT] IdleRange(P*) <= 0: UNSAT
[MultipleSAT] IdleRange(P*) <= 1: UNSAT
    SAT | IdleRange(P*)=2 | time=0.35435s | config=R-PW-DE-ST-IRP-NIS-CD-IC12P
[687/960] forumt-14.prec25 | reduced | maxsat | P=pairwise | G=direct | imp12+
[MaxSAT/UWrMaxSAT] running /home/dclng566/solver-build/uwrmaxsat/build/release/bin/uwrmaxsat with timeout=7199.51s
[MaxSAT/UWrMaxSAT] optimum IdleRange(P*)=2 (cost=2)
[MaxSAT/UWrMaxSAT] process exit code=30
    SAT | IdleRange(P*)=2 | time=0.515905s | config=R-PW-DE-ST-IRP-UW-IC12P
[688/960] forumt-14.prec25 | reduced | incremental | P=pairwise | G=distance_closure | imp12+
[IncrementalSAT] initial IdleRange(P*)=7
[IncrementalSAT] IdleRange(P*) <= 3: SAT
[IncrementalSAT] IdleRange(P*) <= 1: UNSAT
[IncrementalSAT] IdleRange(P*) <= 2: SAT
    SAT | IdleRange(P*)=2 | time=0.299857s | config=R-PW-DC-ST-IRP-IS-CD-IC12P
[689/960] forumt-14.prec25 | reduced | multiple | P=pairwise | G=distance_closure | imp12+
[MultipleSAT] initial IdleRange(P*)=7
[MultipleSAT] IdleRange(P*) <= 3: SAT
[MultipleSAT] IdleRange(P*) <= 1: UNSAT
[MultipleSAT] IdleRange(P*) <= 2: SAT
    SAT | IdleRange(P*)=2 | time=0.378283s | config=R-PW-DC-ST-IRP-NIS-CD-IC12P
[690/960] forumt-14.prec25 | reduced | maxsat | P=pairwise | G=distance_closure | imp12+
[MaxSAT/UWrMaxSAT] running /home/dclng566/solver-build/uwrmaxsat/build/release/bin/uwrmaxsat with timeout=7199.5s
[MaxSAT/UWrMaxSAT] optimum IdleRange(P*)=2 (cost=2)
[MaxSAT/UWrMaxSAT] process exit code=30
    SAT | IdleRange(P*)=2 | time=0.524275s | config=R-PW-DC-ST-IRP-UW-IC12P
[691/960] forumt-14.prec25 | reduced | incremental | P=sparse_suffix | G=direct | imp12+
[IncrementalSAT] initial IdleRange(P*)=6
[IncrementalSAT] IdleRange(P*) <= 2: SAT
[IncrementalSAT] IdleRange(P*) <= 0: UNSAT
[IncrementalSAT] IdleRange(P*) <= 1: UNSAT
    SAT | IdleRange(P*)=2 | time=0.287609s | config=R-SS-DE-ST-IRP-IS-CD-IC12P
[692/960] forumt-14.prec25 | reduced | multiple | P=sparse_suffix | G=direct | imp12+
[MultipleSAT] initial IdleRange(P*)=6
[MultipleSAT] IdleRange(P*) <= 2: SAT
[MultipleSAT] IdleRange(P*) <= 0: UNSAT
[MultipleSAT] IdleRange(P*) <= 1: UNSAT
    SAT | IdleRange(P*)=2 | time=0.359442s | config=R-SS-DE-ST-IRP-NIS-CD-IC12P
[693/960] forumt-14.prec25 | reduced | maxsat | P=sparse_suffix | G=direct | imp12+
[MaxSAT/UWrMaxSAT] running /home/dclng566/solver-build/uwrmaxsat/build/release/bin/uwrmaxsat with timeout=7199.5s
[MaxSAT/UWrMaxSAT] optimum IdleRange(P*)=2 (cost=2)
[MaxSAT/UWrMaxSAT] process exit code=30
    SAT | IdleRange(P*)=2 | time=0.508953s | config=R-SS-DE-ST-IRP-UW-IC12P
[694/960] forumt-14.prec25 | reduced | incremental | P=sparse_suffix | G=distance_closure | imp12+
[IncrementalSAT] initial IdleRange(P*)=6
[IncrementalSAT] IdleRange(P*) <= 2: SAT
[IncrementalSAT] IdleRange(P*) <= 0: UNSAT
[IncrementalSAT] IdleRange(P*) <= 1: UNSAT
    SAT | IdleRange(P*)=2 | time=0.30587s | config=R-SS-DC-ST-IRP-IS-CD-IC12P
[695/960] forumt-14.prec25 | reduced | multiple | P=sparse_suffix | G=distance_closure | imp12+
[MultipleSAT] initial IdleRange(P*)=6
[MultipleSAT] IdleRange(P*) <= 2: SAT
[MultipleSAT] IdleRange(P*) <= 0: UNSAT
[MultipleSAT] IdleRange(P*) <= 1: UNSAT
    SAT | IdleRange(P*)=2 | time=0.350489s | config=R-SS-DC-ST-IRP-NIS-CD-IC12P
[696/960] forumt-14.prec25 | reduced | maxsat | P=sparse_suffix | G=distance_closure | imp12+
[MaxSAT/UWrMaxSAT] running /home/dclng566/solver-build/uwrmaxsat/build/release/bin/uwrmaxsat with timeout=7199.51s
[MaxSAT/UWrMaxSAT] optimum IdleRange(P*)=2 (cost=2)
[MaxSAT/UWrMaxSAT] process exit code=30
    SAT | IdleRange(P*)=2 | time=0.52021s | config=R-SS-DC-ST-IRP-UW-IC12P
    Excel: /home/dclng566/projects/Business-Meeting-Scheduling-Problem/output/ic12p-gcp-ic12p-20260723T023309Z/main/excel_data_table08_prec/forumt-14.prec25.xlsx
Instance tic-12crafc.prec25: P×G=pairwise+direct, pairwise+distance_closure, sparse_suffix+direct, sparse_suffix+distance_closure
[697/960] tic-12crafc.prec25 | full | incremental | P=pairwise | G=direct | imp12+
[IncrementalSAT] initial IdleRange(P*)=4
[IncrementalSAT] IdleRange(P*) <= 1: SAT
[IncrementalSAT] IdleRange(P*) <= 0: SAT
    SAT | IdleRange(P*)=0 | time=0.319786s | config=F-PW-DE-ST-IRP-IS-CD-IC12P
[698/960] tic-12crafc.prec25 | full | multiple | P=pairwise | G=direct | imp12+
[MultipleSAT] initial IdleRange(P*)=4
[MultipleSAT] IdleRange(P*) <= 1: SAT
[MultipleSAT] IdleRange(P*) <= 0: SAT
    SAT | IdleRange(P*)=0 | time=0.277833s | config=F-PW-DE-ST-IRP-NIS-CD-IC12P
[699/960] tic-12crafc.prec25 | full | maxsat | P=pairwise | G=direct | imp12+
[MaxSAT/UWrMaxSAT] running /home/dclng566/solver-build/uwrmaxsat/build/release/bin/uwrmaxsat with timeout=7199.68s
[MaxSAT/UWrMaxSAT] optimum IdleRange(P*)=0 (cost=0)
[MaxSAT/UWrMaxSAT] process exit code=30
    SAT | IdleRange(P*)=0 | time=0.792763s | config=F-PW-DE-ST-IRP-UW-IC12P
[700/960] tic-12crafc.prec25 | full | incremental | P=pairwise | G=distance_closure | imp12+
[IncrementalSAT] initial IdleRange(P*)=5
[IncrementalSAT] IdleRange(P*) <= 2: SAT
[IncrementalSAT] IdleRange(P*) <= 0: SAT
    SAT | IdleRange(P*)=0 | time=0.402821s | config=F-PW-DC-ST-IRP-IS-CD-IC12P
[701/960] tic-12crafc.prec25 | full | multiple | P=pairwise | G=distance_closure | imp12+
[MultipleSAT] initial IdleRange(P*)=5
[MultipleSAT] IdleRange(P*) <= 2: SAT
[MultipleSAT] IdleRange(P*) <= 0: SAT
    SAT | IdleRange(P*)=0 | time=0.435997s | config=F-PW-DC-ST-IRP-NIS-CD-IC12P
[702/960] tic-12crafc.prec25 | full | maxsat | P=pairwise | G=distance_closure | imp12+
[MaxSAT/UWrMaxSAT] running /home/dclng566/solver-build/uwrmaxsat/build/release/bin/uwrmaxsat with timeout=7199.68s
[MaxSAT/UWrMaxSAT] optimum IdleRange(P*)=0 (cost=0)
[MaxSAT/UWrMaxSAT] process exit code=30
    SAT | IdleRange(P*)=0 | time=0.528582s | config=F-PW-DC-ST-IRP-UW-IC12P
[703/960] tic-12crafc.prec25 | full | incremental | P=sparse_suffix | G=direct | imp12+
[IncrementalSAT] initial IdleRange(P*)=5
[IncrementalSAT] IdleRange(P*) <= 2: SAT
[IncrementalSAT] IdleRange(P*) <= 0: SAT
    SAT | IdleRange(P*)=0 | time=0.188089s | config=F-SS-DE-ST-IRP-IS-CD-IC12P
[704/960] tic-12crafc.prec25 | full | multiple | P=sparse_suffix | G=direct | imp12+
[MultipleSAT] initial IdleRange(P*)=5
[MultipleSAT] IdleRange(P*) <= 2: SAT
[MultipleSAT] IdleRange(P*) <= 0: SAT
    SAT | IdleRange(P*)=0 | time=0.208794s | config=F-SS-DE-ST-IRP-NIS-CD-IC12P
[705/960] tic-12crafc.prec25 | full | maxsat | P=sparse_suffix | G=direct | imp12+
[MaxSAT/UWrMaxSAT] running /home/dclng566/solver-build/uwrmaxsat/build/release/bin/uwrmaxsat with timeout=7199.68s
[MaxSAT/UWrMaxSAT] optimum IdleRange(P*)=0 (cost=0)
[MaxSAT/UWrMaxSAT] process exit code=30
    SAT | IdleRange(P*)=0 | time=0.487536s | config=F-SS-DE-ST-IRP-UW-IC12P
[706/960] tic-12crafc.prec25 | full | incremental | P=sparse_suffix | G=distance_closure | imp12+
[IncrementalSAT] initial IdleRange(P*)=5
[IncrementalSAT] IdleRange(P*) <= 2: SAT
[IncrementalSAT] IdleRange(P*) <= 0: SAT
    SAT | IdleRange(P*)=0 | time=0.483615s | config=F-SS-DC-ST-IRP-IS-CD-IC12P
[707/960] tic-12crafc.prec25 | full | multiple | P=sparse_suffix | G=distance_closure | imp12+
[MultipleSAT] initial IdleRange(P*)=5
[MultipleSAT] IdleRange(P*) <= 2: SAT
[MultipleSAT] IdleRange(P*) <= 0: SAT
    SAT | IdleRange(P*)=0 | time=0.520756s | config=F-SS-DC-ST-IRP-NIS-CD-IC12P
[708/960] tic-12crafc.prec25 | full | maxsat | P=sparse_suffix | G=distance_closure | imp12+
[MaxSAT/UWrMaxSAT] running /home/dclng566/solver-build/uwrmaxsat/build/release/bin/uwrmaxsat with timeout=7199.68s
[MaxSAT/UWrMaxSAT] optimum IdleRange(P*)=0 (cost=0)
[MaxSAT/UWrMaxSAT] process exit code=30
    SAT | IdleRange(P*)=0 | time=0.563736s | config=F-SS-DC-ST-IRP-UW-IC12P
[709/960] tic-12crafc.prec25 | reduced | incremental | P=pairwise | G=direct | imp12+
[IncrementalSAT] initial IdleRange(P*)=5
[IncrementalSAT] IdleRange(P*) <= 2: SAT
[IncrementalSAT] IdleRange(P*) <= 0: SAT
    SAT | IdleRange(P*)=0 | time=0.452638s | config=R-PW-DE-ST-IRP-IS-CD-IC12P
[710/960] tic-12crafc.prec25 | reduced | multiple | P=pairwise | G=direct | imp12+
[MultipleSAT] initial IdleRange(P*)=5
[MultipleSAT] IdleRange(P*) <= 2: SAT
[MultipleSAT] IdleRange(P*) <= 0: SAT
    SAT | IdleRange(P*)=0 | time=0.406233s | config=R-PW-DE-ST-IRP-NIS-CD-IC12P
[711/960] tic-12crafc.prec25 | reduced | maxsat | P=pairwise | G=direct | imp12+
[MaxSAT/UWrMaxSAT] running /home/dclng566/solver-build/uwrmaxsat/build/release/bin/uwrmaxsat with timeout=7199.68s
[MaxSAT/UWrMaxSAT] optimum IdleRange(P*)=0 (cost=0)
[MaxSAT/UWrMaxSAT] process exit code=30
    SAT | IdleRange(P*)=0 | time=0.459215s | config=R-PW-DE-ST-IRP-UW-IC12P
[712/960] tic-12crafc.prec25 | reduced | incremental | P=pairwise | G=distance_closure | imp12+
[IncrementalSAT] initial IdleRange(P*)=6
[IncrementalSAT] IdleRange(P*) <= 2: SAT
[IncrementalSAT] IdleRange(P*) <= 0: SAT
    SAT | IdleRange(P*)=0 | time=0.417012s | config=R-PW-DC-ST-IRP-IS-CD-IC12P
[713/960] tic-12crafc.prec25 | reduced | multiple | P=pairwise | G=distance_closure | imp12+
[MultipleSAT] initial IdleRange(P*)=6
[MultipleSAT] IdleRange(P*) <= 2: SAT
[MultipleSAT] IdleRange(P*) <= 0: SAT
    SAT | IdleRange(P*)=0 | time=0.420327s | config=R-PW-DC-ST-IRP-NIS-CD-IC12P
[714/960] tic-12crafc.prec25 | reduced | maxsat | P=pairwise | G=distance_closure | imp12+
[MaxSAT/UWrMaxSAT] running /home/dclng566/solver-build/uwrmaxsat/build/release/bin/uwrmaxsat with timeout=7199.68s
[MaxSAT/UWrMaxSAT] optimum IdleRange(P*)=0 (cost=0)
[MaxSAT/UWrMaxSAT] process exit code=30
    SAT | IdleRange(P*)=0 | time=0.437995s | config=R-PW-DC-ST-IRP-UW-IC12P
[715/960] tic-12crafc.prec25 | reduced | incremental | P=sparse_suffix | G=direct | imp12+
[IncrementalSAT] initial IdleRange(P*)=4
[IncrementalSAT] IdleRange(P*) <= 1: SAT
[IncrementalSAT] IdleRange(P*) <= 0: SAT
    SAT | IdleRange(P*)=0 | time=0.703959s | config=R-SS-DE-ST-IRP-IS-CD-IC12P
[716/960] tic-12crafc.prec25 | reduced | multiple | P=sparse_suffix | G=direct | imp12+
[MultipleSAT] initial IdleRange(P*)=4
[MultipleSAT] IdleRange(P*) <= 1: SAT
[MultipleSAT] IdleRange(P*) <= 0: SAT
    SAT | IdleRange(P*)=0 | time=0.382441s | config=R-SS-DE-ST-IRP-NIS-CD-IC12P
[717/960] tic-12crafc.prec25 | reduced | maxsat | P=sparse_suffix | G=direct | imp12+
[MaxSAT/UWrMaxSAT] running /home/dclng566/solver-build/uwrmaxsat/build/release/bin/uwrmaxsat with timeout=7199.68s
[MaxSAT/UWrMaxSAT] optimum IdleRange(P*)=0 (cost=0)
[MaxSAT/UWrMaxSAT] process exit code=30
    SAT | IdleRange(P*)=0 | time=0.237465s | config=R-SS-DE-ST-IRP-UW-IC12P
[718/960] tic-12crafc.prec25 | reduced | incremental | P=sparse_suffix | G=distance_closure | imp12+
[IncrementalSAT] initial IdleRange(P*)=6
[IncrementalSAT] IdleRange(P*) <= 2: SAT
[IncrementalSAT] IdleRange(P*) <= 0: SAT
    SAT | IdleRange(P*)=0 | time=0.273891s | config=R-SS-DC-ST-IRP-IS-CD-IC12P
[719/960] tic-12crafc.prec25 | reduced | multiple | P=sparse_suffix | G=distance_closure | imp12+
[MultipleSAT] initial IdleRange(P*)=6
[MultipleSAT] IdleRange(P*) <= 2: SAT
[MultipleSAT] IdleRange(P*) <= 0: SAT
    SAT | IdleRange(P*)=0 | time=0.506482s | config=R-SS-DC-ST-IRP-NIS-CD-IC12P
[720/960] tic-12crafc.prec25 | reduced | maxsat | P=sparse_suffix | G=distance_closure | imp12+
[MaxSAT/UWrMaxSAT] running /home/dclng566/solver-build/uwrmaxsat/build/release/bin/uwrmaxsat with timeout=7199.68s
[MaxSAT/UWrMaxSAT] optimum IdleRange(P*)=0 (cost=0)
[MaxSAT/UWrMaxSAT] process exit code=30
    SAT | IdleRange(P*)=0 | time=0.876684s | config=R-SS-DC-ST-IRP-UW-IC12P
    Excel: /home/dclng566/projects/Business-Meeting-Scheduling-Problem/output/ic12p-gcp-ic12p-20260723T023309Z/main/excel_data_table08_prec/tic-12crafc.prec25.xlsx
Instance tic-14crafa.prec25: P×G=pairwise+direct, pairwise+distance_closure, sparse_suffix+direct, sparse_suffix+distance_closure
[721/960] tic-14crafa.prec25 | full | incremental | P=pairwise | G=direct | imp12+
[IncrementalSAT] initial IdleRange(P*)=6
[IncrementalSAT] IdleRange(P*) <= 2: SAT
[IncrementalSAT] IdleRange(P*) <= 0: SAT
    SAT | IdleRange(P*)=0 | time=1.089655s | config=F-PW-DE-ST-IRP-IS-CD-IC12P
[722/960] tic-14crafa.prec25 | full | multiple | P=pairwise | G=direct | imp12+
[MultipleSAT] initial IdleRange(P*)=6
[MultipleSAT] IdleRange(P*) <= 2: SAT
[MultipleSAT] IdleRange(P*) <= 0: SAT
    SAT | IdleRange(P*)=0 | time=0.40103s | config=F-PW-DE-ST-IRP-NIS-CD-IC12P
[723/960] tic-14crafa.prec25 | full | maxsat | P=pairwise | G=direct | imp12+
[MaxSAT/UWrMaxSAT] running /home/dclng566/solver-build/uwrmaxsat/build/release/bin/uwrmaxsat with timeout=7199.54s
[MaxSAT/UWrMaxSAT] optimum IdleRange(P*)=0 (cost=0)
[MaxSAT/UWrMaxSAT] process exit code=30
    SAT | IdleRange(P*)=0 | time=1.157063s | config=F-PW-DE-ST-IRP-UW-IC12P
[724/960] tic-14crafa.prec25 | full | incremental | P=pairwise | G=distance_closure | imp12+
[IncrementalSAT] initial IdleRange(P*)=7
[IncrementalSAT] IdleRange(P*) <= 3: SAT
[IncrementalSAT] IdleRange(P*) <= 1: SAT
[IncrementalSAT] IdleRange(P*) <= 0: SAT
    SAT | IdleRange(P*)=0 | time=0.475708s | config=F-PW-DC-ST-IRP-IS-CD-IC12P
[725/960] tic-14crafa.prec25 | full | multiple | P=pairwise | G=distance_closure | imp12+
[MultipleSAT] initial IdleRange(P*)=7
[MultipleSAT] IdleRange(P*) <= 3: SAT
[MultipleSAT] IdleRange(P*) <= 1: SAT
[MultipleSAT] IdleRange(P*) <= 0: SAT
    SAT | IdleRange(P*)=0 | time=1.006366s | config=F-PW-DC-ST-IRP-NIS-CD-IC12P
[726/960] tic-14crafa.prec25 | full | maxsat | P=pairwise | G=distance_closure | imp12+
[MaxSAT/UWrMaxSAT] running /home/dclng566/solver-build/uwrmaxsat/build/release/bin/uwrmaxsat with timeout=7199.54s
[MaxSAT/UWrMaxSAT] optimum IdleRange(P*)=0 (cost=0)
[MaxSAT/UWrMaxSAT] process exit code=30
    SAT | IdleRange(P*)=0 | time=1.204635s | config=F-PW-DC-ST-IRP-UW-IC12P
[727/960] tic-14crafa.prec25 | full | incremental | P=sparse_suffix | G=direct | imp12+
[IncrementalSAT] initial IdleRange(P*)=7
[IncrementalSAT] IdleRange(P*) <= 3: SAT
[IncrementalSAT] IdleRange(P*) <= 1: SAT
[IncrementalSAT] IdleRange(P*) <= 0: SAT
    SAT | IdleRange(P*)=0 | time=1.183566s | config=F-SS-DE-ST-IRP-IS-CD-IC12P
[728/960] tic-14crafa.prec25 | full | multiple | P=sparse_suffix | G=direct | imp12+
[MultipleSAT] initial IdleRange(P*)=7
[MultipleSAT] IdleRange(P*) <= 3: SAT
[MultipleSAT] IdleRange(P*) <= 1: SAT
[MultipleSAT] IdleRange(P*) <= 0: SAT
    SAT | IdleRange(P*)=0 | time=1.063446s | config=F-SS-DE-ST-IRP-NIS-CD-IC12P
[729/960] tic-14crafa.prec25 | full | maxsat | P=sparse_suffix | G=direct | imp12+
[MaxSAT/UWrMaxSAT] running /home/dclng566/solver-build/uwrmaxsat/build/release/bin/uwrmaxsat with timeout=7199.55s
[MaxSAT/UWrMaxSAT] optimum IdleRange(P*)=0 (cost=0)
[MaxSAT/UWrMaxSAT] process exit code=30
    SAT | IdleRange(P*)=0 | time=0.626234s | config=F-SS-DE-ST-IRP-UW-IC12P
[730/960] tic-14crafa.prec25 | full | incremental | P=sparse_suffix | G=distance_closure | imp12+
[IncrementalSAT] initial IdleRange(P*)=6
[IncrementalSAT] IdleRange(P*) <= 2: SAT
[IncrementalSAT] IdleRange(P*) <= 0: SAT
    SAT | IdleRange(P*)=0 | time=0.932014s | config=F-SS-DC-ST-IRP-IS-CD-IC12P
[731/960] tic-14crafa.prec25 | full | multiple | P=sparse_suffix | G=distance_closure | imp12+
[MultipleSAT] initial IdleRange(P*)=6
[MultipleSAT] IdleRange(P*) <= 2: SAT
[MultipleSAT] IdleRange(P*) <= 0: SAT
    SAT | IdleRange(P*)=0 | time=0.98283s | config=F-SS-DC-ST-IRP-NIS-CD-IC12P
[732/960] tic-14crafa.prec25 | full | maxsat | P=sparse_suffix | G=distance_closure | imp12+
[MaxSAT/UWrMaxSAT] running /home/dclng566/solver-build/uwrmaxsat/build/release/bin/uwrmaxsat with timeout=7199.55s
[MaxSAT/UWrMaxSAT] optimum IdleRange(P*)=0 (cost=0)
[MaxSAT/UWrMaxSAT] process exit code=30
    SAT | IdleRange(P*)=0 | time=1.038795s | config=F-SS-DC-ST-IRP-UW-IC12P
[733/960] tic-14crafa.prec25 | reduced | incremental | P=pairwise | G=direct | imp12+
[IncrementalSAT] initial IdleRange(P*)=7
[IncrementalSAT] IdleRange(P*) <= 3: SAT
[IncrementalSAT] IdleRange(P*) <= 1: SAT
[IncrementalSAT] IdleRange(P*) <= 0: SAT
    SAT | IdleRange(P*)=0 | time=0.945788s | config=R-PW-DE-ST-IRP-IS-CD-IC12P
[734/960] tic-14crafa.prec25 | reduced | multiple | P=pairwise | G=direct | imp12+
[MultipleSAT] initial IdleRange(P*)=7
[MultipleSAT] IdleRange(P*) <= 3: SAT
[MultipleSAT] IdleRange(P*) <= 1: SAT
[MultipleSAT] IdleRange(P*) <= 0: SAT
    SAT | IdleRange(P*)=0 | time=1.053059s | config=R-PW-DE-ST-IRP-NIS-CD-IC12P
[735/960] tic-14crafa.prec25 | reduced | maxsat | P=pairwise | G=direct | imp12+
[MaxSAT/UWrMaxSAT] running /home/dclng566/solver-build/uwrmaxsat/build/release/bin/uwrmaxsat with timeout=7199.55s
[MaxSAT/UWrMaxSAT] optimum IdleRange(P*)=0 (cost=0)
[MaxSAT/UWrMaxSAT] process exit code=30
    SAT | IdleRange(P*)=0 | time=0.959094s | config=R-PW-DE-ST-IRP-UW-IC12P
[736/960] tic-14crafa.prec25 | reduced | incremental | P=pairwise | G=distance_closure | imp12+
[IncrementalSAT] initial IdleRange(P*)=7
[IncrementalSAT] IdleRange(P*) <= 3: SAT
[IncrementalSAT] IdleRange(P*) <= 1: SAT
[IncrementalSAT] IdleRange(P*) <= 0: SAT
    SAT | IdleRange(P*)=0 | time=0.615817s | config=R-PW-DC-ST-IRP-IS-CD-IC12P
[737/960] tic-14crafa.prec25 | reduced | multiple | P=pairwise | G=distance_closure | imp12+
[MultipleSAT] initial IdleRange(P*)=7
[MultipleSAT] IdleRange(P*) <= 3: SAT
[MultipleSAT] IdleRange(P*) <= 1: SAT
[MultipleSAT] IdleRange(P*) <= 0: SAT
    SAT | IdleRange(P*)=0 | time=0.530825s | config=R-PW-DC-ST-IRP-NIS-CD-IC12P
[738/960] tic-14crafa.prec25 | reduced | maxsat | P=pairwise | G=distance_closure | imp12+
[MaxSAT/UWrMaxSAT] running /home/dclng566/solver-build/uwrmaxsat/build/release/bin/uwrmaxsat with timeout=7199.55s
[MaxSAT/UWrMaxSAT] optimum IdleRange(P*)=0 (cost=0)
[MaxSAT/UWrMaxSAT] process exit code=30
    SAT | IdleRange(P*)=0 | time=1.683297s | config=R-PW-DC-ST-IRP-UW-IC12P
[739/960] tic-14crafa.prec25 | reduced | incremental | P=sparse_suffix | G=direct | imp12+
[IncrementalSAT] initial IdleRange(P*)=7
[IncrementalSAT] IdleRange(P*) <= 3: SAT
[IncrementalSAT] IdleRange(P*) <= 1: SAT
[IncrementalSAT] IdleRange(P*) <= 0: SAT
    SAT | IdleRange(P*)=0 | time=0.424654s | config=R-SS-DE-ST-IRP-IS-CD-IC12P
[740/960] tic-14crafa.prec25 | reduced | multiple | P=sparse_suffix | G=direct | imp12+
[MultipleSAT] initial IdleRange(P*)=7
[MultipleSAT] IdleRange(P*) <= 3: SAT
[MultipleSAT] IdleRange(P*) <= 1: SAT
[MultipleSAT] IdleRange(P*) <= 0: SAT
    SAT | IdleRange(P*)=0 | time=0.505842s | config=R-SS-DE-ST-IRP-NIS-CD-IC12P
[741/960] tic-14crafa.prec25 | reduced | maxsat | P=sparse_suffix | G=direct | imp12+
[MaxSAT/UWrMaxSAT] running /home/dclng566/solver-build/uwrmaxsat/build/release/bin/uwrmaxsat with timeout=7199.55s
[MaxSAT/UWrMaxSAT] optimum IdleRange(P*)=0 (cost=0)
[MaxSAT/UWrMaxSAT] process exit code=30
    SAT | IdleRange(P*)=0 | time=1.118671s | config=R-SS-DE-ST-IRP-UW-IC12P
[742/960] tic-14crafa.prec25 | reduced | incremental | P=sparse_suffix | G=distance_closure | imp12+
[IncrementalSAT] initial IdleRange(P*)=6
[IncrementalSAT] IdleRange(P*) <= 2: SAT
[IncrementalSAT] IdleRange(P*) <= 0: SAT
    SAT | IdleRange(P*)=0 | time=0.952634s | config=R-SS-DC-ST-IRP-IS-CD-IC12P
[743/960] tic-14crafa.prec25 | reduced | multiple | P=sparse_suffix | G=distance_closure | imp12+
[MultipleSAT] initial IdleRange(P*)=6
[MultipleSAT] IdleRange(P*) <= 2: SAT
[MultipleSAT] IdleRange(P*) <= 0: SAT
    SAT | IdleRange(P*)=0 | time=0.479841s | config=R-SS-DC-ST-IRP-NIS-CD-IC12P
[744/960] tic-14crafa.prec25 | reduced | maxsat | P=sparse_suffix | G=distance_closure | imp12+
[MaxSAT/UWrMaxSAT] running /home/dclng566/solver-build/uwrmaxsat/build/release/bin/uwrmaxsat with timeout=7199.55s
[MaxSAT/UWrMaxSAT] optimum IdleRange(P*)=0 (cost=0)
[MaxSAT/UWrMaxSAT] process exit code=30
    SAT | IdleRange(P*)=0 | time=0.609755s | config=R-SS-DC-ST-IRP-UW-IC12P
    Excel: /home/dclng566/projects/Business-Meeting-Scheduling-Problem/output/ic12p-gcp-ic12p-20260723T023309Z/main/excel_data_table08_prec/tic-14crafa.prec25.xlsx
Instance ticf-13crafc.prec25: P×G=pairwise+direct, pairwise+distance_closure, sparse_suffix+direct, sparse_suffix+distance_closure
[745/960] ticf-13crafc.prec25 | full | incremental | P=pairwise | G=direct | imp12+
    UNSAT | IdleRange(P*)=None | time=0.28199s | config=F-PW-DE-ST-IRP-IS-CD-IC12P
[746/960] ticf-13crafc.prec25 | full | multiple | P=pairwise | G=direct | imp12+
    UNSAT | IdleRange(P*)=None | time=0.288145s | config=F-PW-DE-ST-IRP-NIS-CD-IC12P
[747/960] ticf-13crafc.prec25 | full | maxsat | P=pairwise | G=direct | imp12+
[MaxSAT/UWrMaxSAT] running /home/dclng566/solver-build/uwrmaxsat/build/release/bin/uwrmaxsat with timeout=7199.56s
    UNSAT | IdleRange(P*)=None | time=0.916622s | config=F-PW-DE-ST-IRP-UW-IC12P
[748/960] ticf-13crafc.prec25 | full | incremental | P=pairwise | G=distance_closure | imp12+
    UNSAT | IdleRange(P*)=None | time=0.288039s | config=F-PW-DC-ST-IRP-IS-CD-IC12P
[749/960] ticf-13crafc.prec25 | full | multiple | P=pairwise | G=distance_closure | imp12+
    UNSAT | IdleRange(P*)=None | time=0.288736s | config=F-PW-DC-ST-IRP-NIS-CD-IC12P
[750/960] ticf-13crafc.prec25 | full | maxsat | P=pairwise | G=distance_closure | imp12+
[MaxSAT/UWrMaxSAT] running /home/dclng566/solver-build/uwrmaxsat/build/release/bin/uwrmaxsat with timeout=7199.56s
    UNSAT | IdleRange(P*)=None | time=0.904955s | config=F-PW-DC-ST-IRP-UW-IC12P
[751/960] ticf-13crafc.prec25 | full | incremental | P=sparse_suffix | G=direct | imp12+
    UNSAT | IdleRange(P*)=None | time=0.275932s | config=F-SS-DE-ST-IRP-IS-CD-IC12P
[752/960] ticf-13crafc.prec25 | full | multiple | P=sparse_suffix | G=direct | imp12+
    UNSAT | IdleRange(P*)=None | time=0.277252s | config=F-SS-DE-ST-IRP-NIS-CD-IC12P
[753/960] ticf-13crafc.prec25 | full | maxsat | P=sparse_suffix | G=direct | imp12+
[MaxSAT/UWrMaxSAT] running /home/dclng566/solver-build/uwrmaxsat/build/release/bin/uwrmaxsat with timeout=7199.57s
    UNSAT | IdleRange(P*)=None | time=0.899733s | config=F-SS-DE-ST-IRP-UW-IC12P
[754/960] ticf-13crafc.prec25 | full | incremental | P=sparse_suffix | G=distance_closure | imp12+
    UNSAT | IdleRange(P*)=None | time=0.279584s | config=F-SS-DC-ST-IRP-IS-CD-IC12P
[755/960] ticf-13crafc.prec25 | full | multiple | P=sparse_suffix | G=distance_closure | imp12+
    UNSAT | IdleRange(P*)=None | time=0.269228s | config=F-SS-DC-ST-IRP-NIS-CD-IC12P
[756/960] ticf-13crafc.prec25 | full | maxsat | P=sparse_suffix | G=distance_closure | imp12+
[MaxSAT/UWrMaxSAT] running /home/dclng566/solver-build/uwrmaxsat/build/release/bin/uwrmaxsat with timeout=7199.56s
    UNSAT | IdleRange(P*)=None | time=0.893362s | config=F-SS-DC-ST-IRP-UW-IC12P
[757/960] ticf-13crafc.prec25 | reduced | incremental | P=pairwise | G=direct | imp12+
    UNSAT | IdleRange(P*)=None | time=0.200382s | config=R-PW-DE-ST-IRP-IS-CD-IC12P
[758/960] ticf-13crafc.prec25 | reduced | multiple | P=pairwise | G=direct | imp12+
    UNSAT | IdleRange(P*)=None | time=0.203937s | config=R-PW-DE-ST-IRP-NIS-CD-IC12P
[759/960] ticf-13crafc.prec25 | reduced | maxsat | P=pairwise | G=direct | imp12+
[MaxSAT/UWrMaxSAT] running /home/dclng566/solver-build/uwrmaxsat/build/release/bin/uwrmaxsat with timeout=7199.59s
    UNSAT | IdleRange(P*)=None | time=0.39765s | config=R-PW-DE-ST-IRP-UW-IC12P
[760/960] ticf-13crafc.prec25 | reduced | incremental | P=pairwise | G=distance_closure | imp12+
    UNSAT | IdleRange(P*)=None | time=0.202129s | config=R-PW-DC-ST-IRP-IS-CD-IC12P
[761/960] ticf-13crafc.prec25 | reduced | multiple | P=pairwise | G=distance_closure | imp12+
    UNSAT | IdleRange(P*)=None | time=0.195857s | config=R-PW-DC-ST-IRP-NIS-CD-IC12P
[762/960] ticf-13crafc.prec25 | reduced | maxsat | P=pairwise | G=distance_closure | imp12+
[MaxSAT/UWrMaxSAT] running /home/dclng566/solver-build/uwrmaxsat/build/release/bin/uwrmaxsat with timeout=7199.59s
    UNSAT | IdleRange(P*)=None | time=0.396224s | config=R-PW-DC-ST-IRP-UW-IC12P
[763/960] ticf-13crafc.prec25 | reduced | incremental | P=sparse_suffix | G=direct | imp12+
    UNSAT | IdleRange(P*)=None | time=0.19091s | config=R-SS-DE-ST-IRP-IS-CD-IC12P
[764/960] ticf-13crafc.prec25 | reduced | multiple | P=sparse_suffix | G=direct | imp12+
    UNSAT | IdleRange(P*)=None | time=0.19056s | config=R-SS-DE-ST-IRP-NIS-CD-IC12P
[765/960] ticf-13crafc.prec25 | reduced | maxsat | P=sparse_suffix | G=direct | imp12+
[MaxSAT/UWrMaxSAT] running /home/dclng566/solver-build/uwrmaxsat/build/release/bin/uwrmaxsat with timeout=7199.6s
    UNSAT | IdleRange(P*)=None | time=0.376298s | config=R-SS-DE-ST-IRP-UW-IC12P
[766/960] ticf-13crafc.prec25 | reduced | incremental | P=sparse_suffix | G=distance_closure | imp12+
    UNSAT | IdleRange(P*)=None | time=0.195595s | config=R-SS-DC-ST-IRP-IS-CD-IC12P
[767/960] ticf-13crafc.prec25 | reduced | multiple | P=sparse_suffix | G=distance_closure | imp12+
    UNSAT | IdleRange(P*)=None | time=0.200621s | config=R-SS-DC-ST-IRP-NIS-CD-IC12P
[768/960] ticf-13crafc.prec25 | reduced | maxsat | P=sparse_suffix | G=distance_closure | imp12+
[MaxSAT/UWrMaxSAT] running /home/dclng566/solver-build/uwrmaxsat/build/release/bin/uwrmaxsat with timeout=7199.6s
    UNSAT | IdleRange(P*)=None | time=0.381567s | config=R-SS-DC-ST-IRP-UW-IC12P
    Excel: /home/dclng566/projects/Business-Meeting-Scheduling-Problem/output/ic12p-gcp-ic12p-20260723T023309Z/main/excel_data_table08_prec/ticf-13crafc.prec25.xlsx
Instance ticf-13crafb.prec15: P×G=pairwise+direct, pairwise+distance_closure, sparse_suffix+direct, sparse_suffix+distance_closure
[769/960] ticf-13crafb.prec15 | full | incremental | P=pairwise | G=direct | imp12+
    UNSAT | IdleRange(P*)=None | time=0.313143s | config=F-PW-DE-ST-IRP-IS-CD-IC12P
[770/960] ticf-13crafb.prec15 | full | multiple | P=pairwise | G=direct | imp12+
    UNSAT | IdleRange(P*)=None | time=0.324791s | config=F-PW-DE-ST-IRP-NIS-CD-IC12P
[771/960] ticf-13crafb.prec15 | full | maxsat | P=pairwise | G=direct | imp12+
[MaxSAT/UWrMaxSAT] running /home/dclng566/solver-build/uwrmaxsat/build/release/bin/uwrmaxsat with timeout=7199.53s
    UNSAT | IdleRange(P*)=None | time=1.03448s | config=F-PW-DE-ST-IRP-UW-IC12P
[772/960] ticf-13crafb.prec15 | full | incremental | P=pairwise | G=distance_closure | imp12+
    UNSAT | IdleRange(P*)=None | time=0.319013s | config=F-PW-DC-ST-IRP-IS-CD-IC12P
[773/960] ticf-13crafb.prec15 | full | multiple | P=pairwise | G=distance_closure | imp12+
    UNSAT | IdleRange(P*)=None | time=0.315949s | config=F-PW-DC-ST-IRP-NIS-CD-IC12P
[774/960] ticf-13crafb.prec15 | full | maxsat | P=pairwise | G=distance_closure | imp12+
[MaxSAT/UWrMaxSAT] running /home/dclng566/solver-build/uwrmaxsat/build/release/bin/uwrmaxsat with timeout=7199.53s
    UNSAT | IdleRange(P*)=None | time=1.037367s | config=F-PW-DC-ST-IRP-UW-IC12P
[775/960] ticf-13crafb.prec15 | full | incremental | P=sparse_suffix | G=direct | imp12+
    UNSAT | IdleRange(P*)=None | time=0.319584s | config=F-SS-DE-ST-IRP-IS-CD-IC12P
[776/960] ticf-13crafb.prec15 | full | multiple | P=sparse_suffix | G=direct | imp12+
    UNSAT | IdleRange(P*)=None | time=0.307869s | config=F-SS-DE-ST-IRP-NIS-CD-IC12P
[777/960] ticf-13crafb.prec15 | full | maxsat | P=sparse_suffix | G=direct | imp12+
[MaxSAT/UWrMaxSAT] running /home/dclng566/solver-build/uwrmaxsat/build/release/bin/uwrmaxsat with timeout=7199.53s
    UNSAT | IdleRange(P*)=None | time=1.027335s | config=F-SS-DE-ST-IRP-UW-IC12P
[778/960] ticf-13crafb.prec15 | full | incremental | P=sparse_suffix | G=distance_closure | imp12+
    UNSAT | IdleRange(P*)=None | time=0.313922s | config=F-SS-DC-ST-IRP-IS-CD-IC12P
[779/960] ticf-13crafb.prec15 | full | multiple | P=sparse_suffix | G=distance_closure | imp12+
    UNSAT | IdleRange(P*)=None | time=0.311156s | config=F-SS-DC-ST-IRP-NIS-CD-IC12P
[780/960] ticf-13crafb.prec15 | full | maxsat | P=sparse_suffix | G=distance_closure | imp12+
[MaxSAT/UWrMaxSAT] running /home/dclng566/solver-build/uwrmaxsat/build/release/bin/uwrmaxsat with timeout=7199.53s
    UNSAT | IdleRange(P*)=None | time=1.020659s | config=F-SS-DC-ST-IRP-UW-IC12P
[781/960] ticf-13crafb.prec15 | reduced | incremental | P=pairwise | G=direct | imp12+
    UNSAT | IdleRange(P*)=None | time=0.238997s | config=R-PW-DE-ST-IRP-IS-CD-IC12P
[782/960] ticf-13crafb.prec15 | reduced | multiple | P=pairwise | G=direct | imp12+
    UNSAT | IdleRange(P*)=None | time=0.230832s | config=R-PW-DE-ST-IRP-NIS-CD-IC12P
[783/960] ticf-13crafb.prec15 | reduced | maxsat | P=pairwise | G=direct | imp12+
[MaxSAT/UWrMaxSAT] running /home/dclng566/solver-build/uwrmaxsat/build/release/bin/uwrmaxsat with timeout=7199.56s
    UNSAT | IdleRange(P*)=None | time=0.475858s | config=R-PW-DE-ST-IRP-UW-IC12P
[784/960] ticf-13crafb.prec15 | reduced | incremental | P=pairwise | G=distance_closure | imp12+
    UNSAT | IdleRange(P*)=None | time=0.229791s | config=R-PW-DC-ST-IRP-IS-CD-IC12P
[785/960] ticf-13crafb.prec15 | reduced | multiple | P=pairwise | G=distance_closure | imp12+
    UNSAT | IdleRange(P*)=None | time=0.242025s | config=R-PW-DC-ST-IRP-NIS-CD-IC12P
[786/960] ticf-13crafb.prec15 | reduced | maxsat | P=pairwise | G=distance_closure | imp12+
[MaxSAT/UWrMaxSAT] running /home/dclng566/solver-build/uwrmaxsat/build/release/bin/uwrmaxsat with timeout=7199.56s
    UNSAT | IdleRange(P*)=None | time=0.480902s | config=R-PW-DC-ST-IRP-UW-IC12P
[787/960] ticf-13crafb.prec15 | reduced | incremental | P=sparse_suffix | G=direct | imp12+
    UNSAT | IdleRange(P*)=None | time=0.230165s | config=R-SS-DE-ST-IRP-IS-CD-IC12P
[788/960] ticf-13crafb.prec15 | reduced | multiple | P=sparse_suffix | G=direct | imp12+
    UNSAT | IdleRange(P*)=None | time=0.228944s | config=R-SS-DE-ST-IRP-NIS-CD-IC12P
[789/960] ticf-13crafb.prec15 | reduced | maxsat | P=sparse_suffix | G=direct | imp12+
[MaxSAT/UWrMaxSAT] running /home/dclng566/solver-build/uwrmaxsat/build/release/bin/uwrmaxsat with timeout=7199.57s
    UNSAT | IdleRange(P*)=None | time=0.464047s | config=R-SS-DE-ST-IRP-UW-IC12P
[790/960] ticf-13crafb.prec15 | reduced | incremental | P=sparse_suffix | G=distance_closure | imp12+
    UNSAT | IdleRange(P*)=None | time=0.227533s | config=R-SS-DC-ST-IRP-IS-CD-IC12P
[791/960] ticf-13crafb.prec15 | reduced | multiple | P=sparse_suffix | G=distance_closure | imp12+
    UNSAT | IdleRange(P*)=None | time=0.23035s | config=R-SS-DC-ST-IRP-NIS-CD-IC12P
[792/960] ticf-13crafb.prec15 | reduced | maxsat | P=sparse_suffix | G=distance_closure | imp12+
[MaxSAT/UWrMaxSAT] running /home/dclng566/solver-build/uwrmaxsat/build/release/bin/uwrmaxsat with timeout=7199.57s
    UNSAT | IdleRange(P*)=None | time=0.469772s | config=R-SS-DC-ST-IRP-UW-IC12P
    Excel: /home/dclng566/projects/Business-Meeting-Scheduling-Problem/output/ic12p-gcp-ic12p-20260723T023309Z/main/excel_data_table08_prec/ticf-13crafb.prec15.xlsx
Instance forumt-14crafe.prec25: P×G=pairwise+direct, pairwise+distance_closure, sparse_suffix+direct, sparse_suffix+distance_closure
[793/960] forumt-14crafe.prec25 | full | incremental | P=pairwise | G=direct | imp12+
[IncrementalSAT] initial IdleRange(P*)=6
[IncrementalSAT] IdleRange(P*) <= 2: SAT
[IncrementalSAT] IdleRange(P*) <= 0: UNSAT
[IncrementalSAT] IdleRange(P*) <= 1: UNSAT
    SAT | IdleRange(P*)=2 | time=0.336336s | config=F-PW-DE-ST-IRP-IS-CD-IC12P
[794/960] forumt-14crafe.prec25 | full | multiple | P=pairwise | G=direct | imp12+
[MultipleSAT] initial IdleRange(P*)=6
[MultipleSAT] IdleRange(P*) <= 2: SAT
[MultipleSAT] IdleRange(P*) <= 0: UNSAT
[MultipleSAT] IdleRange(P*) <= 1: UNSAT
    SAT | IdleRange(P*)=2 | time=0.998077s | config=F-PW-DE-ST-IRP-NIS-CD-IC12P
[795/960] forumt-14crafe.prec25 | full | maxsat | P=pairwise | G=direct | imp12+
[MaxSAT/UWrMaxSAT] running /home/dclng566/solver-build/uwrmaxsat/build/release/bin/uwrmaxsat with timeout=7199.55s
[MaxSAT/UWrMaxSAT] optimum IdleRange(P*)=2 (cost=2)
[MaxSAT/UWrMaxSAT] process exit code=30
    SAT | IdleRange(P*)=2 | time=1.126602s | config=F-PW-DE-ST-IRP-UW-IC12P
[796/960] forumt-14crafe.prec25 | full | incremental | P=pairwise | G=distance_closure | imp12+
[IncrementalSAT] initial IdleRange(P*)=7
[IncrementalSAT] IdleRange(P*) <= 3: SAT
[IncrementalSAT] IdleRange(P*) <= 1: UNSAT
[IncrementalSAT] IdleRange(P*) <= 2: SAT
    SAT | IdleRange(P*)=2 | time=0.530715s | config=F-PW-DC-ST-IRP-IS-CD-IC12P
[797/960] forumt-14crafe.prec25 | full | multiple | P=pairwise | G=distance_closure | imp12+
[MultipleSAT] initial IdleRange(P*)=7
[MultipleSAT] IdleRange(P*) <= 3: SAT
[MultipleSAT] IdleRange(P*) <= 1: UNSAT
[MultipleSAT] IdleRange(P*) <= 2: SAT
    SAT | IdleRange(P*)=2 | time=0.731932s | config=F-PW-DC-ST-IRP-NIS-CD-IC12P
[798/960] forumt-14crafe.prec25 | full | maxsat | P=pairwise | G=distance_closure | imp12+
[MaxSAT/UWrMaxSAT] running /home/dclng566/solver-build/uwrmaxsat/build/release/bin/uwrmaxsat with timeout=7199.54s
[MaxSAT/UWrMaxSAT] optimum IdleRange(P*)=2 (cost=2)
[MaxSAT/UWrMaxSAT] process exit code=30
    SAT | IdleRange(P*)=2 | time=1.032926s | config=F-PW-DC-ST-IRP-UW-IC12P
[799/960] forumt-14crafe.prec25 | full | incremental | P=sparse_suffix | G=direct | imp12+
[IncrementalSAT] initial IdleRange(P*)=6
[IncrementalSAT] IdleRange(P*) <= 2: SAT
[IncrementalSAT] IdleRange(P*) <= 0: UNSAT
[IncrementalSAT] IdleRange(P*) <= 1: UNSAT
    SAT | IdleRange(P*)=2 | time=0.369997s | config=F-SS-DE-ST-IRP-IS-CD-IC12P
[800/960] forumt-14crafe.prec25 | full | multiple | P=sparse_suffix | G=direct | imp12+
[MultipleSAT] initial IdleRange(P*)=6
[MultipleSAT] IdleRange(P*) <= 2: SAT
[MultipleSAT] IdleRange(P*) <= 0: UNSAT
[MultipleSAT] IdleRange(P*) <= 1: UNSAT
    SAT | IdleRange(P*)=2 | time=0.439685s | config=F-SS-DE-ST-IRP-NIS-CD-IC12P
[801/960] forumt-14crafe.prec25 | full | maxsat | P=sparse_suffix | G=direct | imp12+
[MaxSAT/UWrMaxSAT] running /home/dclng566/solver-build/uwrmaxsat/build/release/bin/uwrmaxsat with timeout=7199.54s
[MaxSAT/UWrMaxSAT] optimum IdleRange(P*)=2 (cost=2)
[MaxSAT/UWrMaxSAT] process exit code=30
    SAT | IdleRange(P*)=2 | time=0.580503s | config=F-SS-DE-ST-IRP-UW-IC12P
[802/960] forumt-14crafe.prec25 | full | incremental | P=sparse_suffix | G=distance_closure | imp12+
[IncrementalSAT] initial IdleRange(P*)=6
[IncrementalSAT] IdleRange(P*) <= 2: SAT
[IncrementalSAT] IdleRange(P*) <= 0: UNSAT
[IncrementalSAT] IdleRange(P*) <= 1: UNSAT
    SAT | IdleRange(P*)=2 | time=0.467956s | config=F-SS-DC-ST-IRP-IS-CD-IC12P
[803/960] forumt-14crafe.prec25 | full | multiple | P=sparse_suffix | G=distance_closure | imp12+
[MultipleSAT] initial IdleRange(P*)=6
[MultipleSAT] IdleRange(P*) <= 2: SAT
[MultipleSAT] IdleRange(P*) <= 0: UNSAT
[MultipleSAT] IdleRange(P*) <= 1: UNSAT
    SAT | IdleRange(P*)=2 | time=1.031317s | config=F-SS-DC-ST-IRP-NIS-CD-IC12P
[804/960] forumt-14crafe.prec25 | full | maxsat | P=sparse_suffix | G=distance_closure | imp12+
[MaxSAT/UWrMaxSAT] running /home/dclng566/solver-build/uwrmaxsat/build/release/bin/uwrmaxsat with timeout=7199.54s
[MaxSAT/UWrMaxSAT] optimum IdleRange(P*)=2 (cost=2)
[MaxSAT/UWrMaxSAT] process exit code=30
    SAT | IdleRange(P*)=2 | time=1.777263s | config=F-SS-DC-ST-IRP-UW-IC12P
[805/960] forumt-14crafe.prec25 | reduced | incremental | P=pairwise | G=direct | imp12+
[IncrementalSAT] initial IdleRange(P*)=7
[IncrementalSAT] IdleRange(P*) <= 3: SAT
[IncrementalSAT] IdleRange(P*) <= 1: UNSAT
[IncrementalSAT] IdleRange(P*) <= 2: SAT
    SAT | IdleRange(P*)=2 | time=0.426621s | config=R-PW-DE-ST-IRP-IS-CD-IC12P
[806/960] forumt-14crafe.prec25 | reduced | multiple | P=pairwise | G=direct | imp12+
[MultipleSAT] initial IdleRange(P*)=7
[MultipleSAT] IdleRange(P*) <= 3: SAT
[MultipleSAT] IdleRange(P*) <= 1: UNSAT
[MultipleSAT] IdleRange(P*) <= 2: SAT
    SAT | IdleRange(P*)=2 | time=0.508799s | config=R-PW-DE-ST-IRP-NIS-CD-IC12P
[807/960] forumt-14crafe.prec25 | reduced | maxsat | P=pairwise | G=direct | imp12+
[MaxSAT/UWrMaxSAT] running /home/dclng566/solver-build/uwrmaxsat/build/release/bin/uwrmaxsat with timeout=7199.55s
[MaxSAT/UWrMaxSAT] optimum IdleRange(P*)=2 (cost=2)
[MaxSAT/UWrMaxSAT] process exit code=30
    SAT | IdleRange(P*)=2 | time=0.63331s | config=R-PW-DE-ST-IRP-UW-IC12P
[808/960] forumt-14crafe.prec25 | reduced | incremental | P=pairwise | G=distance_closure | imp12+
[IncrementalSAT] initial IdleRange(P*)=5
[IncrementalSAT] IdleRange(P*) <= 2: SAT
[IncrementalSAT] IdleRange(P*) <= 0: UNSAT
[IncrementalSAT] IdleRange(P*) <= 1: UNSAT
    SAT | IdleRange(P*)=2 | time=0.320905s | config=R-PW-DC-ST-IRP-IS-CD-IC12P
[809/960] forumt-14crafe.prec25 | reduced | multiple | P=pairwise | G=distance_closure | imp12+
[MultipleSAT] initial IdleRange(P*)=5
[MultipleSAT] IdleRange(P*) <= 2: SAT
[MultipleSAT] IdleRange(P*) <= 0: UNSAT
[MultipleSAT] IdleRange(P*) <= 1: UNSAT
    SAT | IdleRange(P*)=2 | time=0.527525s | config=R-PW-DC-ST-IRP-NIS-CD-IC12P
[810/960] forumt-14crafe.prec25 | reduced | maxsat | P=pairwise | G=distance_closure | imp12+
[MaxSAT/UWrMaxSAT] running /home/dclng566/solver-build/uwrmaxsat/build/release/bin/uwrmaxsat with timeout=7199.55s
[MaxSAT/UWrMaxSAT] optimum IdleRange(P*)=2 (cost=2)
[MaxSAT/UWrMaxSAT] process exit code=30
    SAT | IdleRange(P*)=2 | time=0.552527s | config=R-PW-DC-ST-IRP-UW-IC12P
[811/960] forumt-14crafe.prec25 | reduced | incremental | P=sparse_suffix | G=direct | imp12+
[IncrementalSAT] initial IdleRange(P*)=7
[IncrementalSAT] IdleRange(P*) <= 3: SAT
[IncrementalSAT] IdleRange(P*) <= 1: UNSAT
[IncrementalSAT] IdleRange(P*) <= 2: SAT
    SAT | IdleRange(P*)=2 | time=0.606703s | config=R-SS-DE-ST-IRP-IS-CD-IC12P
[812/960] forumt-14crafe.prec25 | reduced | multiple | P=sparse_suffix | G=direct | imp12+
[MultipleSAT] initial IdleRange(P*)=7
[MultipleSAT] IdleRange(P*) <= 3: SAT
[MultipleSAT] IdleRange(P*) <= 1: UNSAT
[MultipleSAT] IdleRange(P*) <= 2: SAT
    SAT | IdleRange(P*)=2 | time=0.575421s | config=R-SS-DE-ST-IRP-NIS-CD-IC12P
[813/960] forumt-14crafe.prec25 | reduced | maxsat | P=sparse_suffix | G=direct | imp12+
[MaxSAT/UWrMaxSAT] running /home/dclng566/solver-build/uwrmaxsat/build/release/bin/uwrmaxsat with timeout=7199.56s
[MaxSAT/UWrMaxSAT] optimum IdleRange(P*)=2 (cost=2)
[MaxSAT/UWrMaxSAT] process exit code=30
    SAT | IdleRange(P*)=2 | time=0.515226s | config=R-SS-DE-ST-IRP-UW-IC12P
[814/960] forumt-14crafe.prec25 | reduced | incremental | P=sparse_suffix | G=distance_closure | imp12+
[IncrementalSAT] initial IdleRange(P*)=8
[IncrementalSAT] IdleRange(P*) <= 3: SAT
[IncrementalSAT] IdleRange(P*) <= 1: UNSAT
[IncrementalSAT] IdleRange(P*) <= 2: SAT
    SAT | IdleRange(P*)=2 | time=0.497467s | config=R-SS-DC-ST-IRP-IS-CD-IC12P
[815/960] forumt-14crafe.prec25 | reduced | multiple | P=sparse_suffix | G=distance_closure | imp12+
[MultipleSAT] initial IdleRange(P*)=8
[MultipleSAT] IdleRange(P*) <= 3: SAT
[MultipleSAT] IdleRange(P*) <= 1: UNSAT
[MultipleSAT] IdleRange(P*) <= 2: SAT
    SAT | IdleRange(P*)=2 | time=0.484685s | config=R-SS-DC-ST-IRP-NIS-CD-IC12P
[816/960] forumt-14crafe.prec25 | reduced | maxsat | P=sparse_suffix | G=distance_closure | imp12+
[MaxSAT/UWrMaxSAT] running /home/dclng566/solver-build/uwrmaxsat/build/release/bin/uwrmaxsat with timeout=7199.55s
[MaxSAT/UWrMaxSAT] optimum IdleRange(P*)=2 (cost=2)
[MaxSAT/UWrMaxSAT] process exit code=30
    SAT | IdleRange(P*)=2 | time=1.999701s | config=R-SS-DC-ST-IRP-UW-IC12P
    Excel: /home/dclng566/projects/Business-Meeting-Scheduling-Problem/output/ic12p-gcp-ic12p-20260723T023309Z/main/excel_data_table08_prec/forumt-14crafe.prec25.xlsx
Instance forumt-14crafc.prec25: P×G=pairwise+direct, pairwise+distance_closure, sparse_suffix+direct, sparse_suffix+distance_closure
[817/960] forumt-14crafc.prec25 | full | incremental | P=pairwise | G=direct | imp12+
[IncrementalSAT] initial IdleRange(P*)=7
[IncrementalSAT] IdleRange(P*) <= 3: SAT
[IncrementalSAT] IdleRange(P*) <= 1: UNSAT
[IncrementalSAT] IdleRange(P*) <= 2: SAT
    SAT | IdleRange(P*)=2 | time=0.367761s | config=F-PW-DE-ST-IRP-IS-CD-IC12P
[818/960] forumt-14crafc.prec25 | full | multiple | P=pairwise | G=direct | imp12+
[MultipleSAT] initial IdleRange(P*)=7
[MultipleSAT] IdleRange(P*) <= 3: SAT
[MultipleSAT] IdleRange(P*) <= 1: UNSAT
[MultipleSAT] IdleRange(P*) <= 2: SAT
    SAT | IdleRange(P*)=2 | time=0.430222s | config=F-PW-DE-ST-IRP-NIS-CD-IC12P
[819/960] forumt-14crafc.prec25 | full | maxsat | P=pairwise | G=direct | imp12+
[MaxSAT/UWrMaxSAT] running /home/dclng566/solver-build/uwrmaxsat/build/release/bin/uwrmaxsat with timeout=7199.5s
[MaxSAT/UWrMaxSAT] optimum IdleRange(P*)=2 (cost=2)
[MaxSAT/UWrMaxSAT] process exit code=30
    SAT | IdleRange(P*)=2 | time=0.581615s | config=F-PW-DE-ST-IRP-UW-IC12P
[820/960] forumt-14crafc.prec25 | full | incremental | P=pairwise | G=distance_closure | imp12+
[IncrementalSAT] initial IdleRange(P*)=7
[IncrementalSAT] IdleRange(P*) <= 3: SAT
[IncrementalSAT] IdleRange(P*) <= 1: UNSAT
[IncrementalSAT] IdleRange(P*) <= 2: SAT
    SAT | IdleRange(P*)=2 | time=0.340703s | config=F-PW-DC-ST-IRP-IS-CD-IC12P
[821/960] forumt-14crafc.prec25 | full | multiple | P=pairwise | G=distance_closure | imp12+
[MultipleSAT] initial IdleRange(P*)=7
[MultipleSAT] IdleRange(P*) <= 3: SAT
[MultipleSAT] IdleRange(P*) <= 1: UNSAT
[MultipleSAT] IdleRange(P*) <= 2: SAT
    SAT | IdleRange(P*)=2 | time=0.461685s | config=F-PW-DC-ST-IRP-NIS-CD-IC12P
[822/960] forumt-14crafc.prec25 | full | maxsat | P=pairwise | G=distance_closure | imp12+
[MaxSAT/UWrMaxSAT] running /home/dclng566/solver-build/uwrmaxsat/build/release/bin/uwrmaxsat with timeout=7199.5s
[MaxSAT/UWrMaxSAT] optimum IdleRange(P*)=2 (cost=2)
[MaxSAT/UWrMaxSAT] process exit code=30
    SAT | IdleRange(P*)=2 | time=0.588838s | config=F-PW-DC-ST-IRP-UW-IC12P
[823/960] forumt-14crafc.prec25 | full | incremental | P=sparse_suffix | G=direct | imp12+
[IncrementalSAT] initial IdleRange(P*)=4
[IncrementalSAT] IdleRange(P*) <= 1: UNSAT
[IncrementalSAT] IdleRange(P*) <= 2: SAT
    SAT | IdleRange(P*)=2 | time=0.329221s | config=F-SS-DE-ST-IRP-IS-CD-IC12P
[824/960] forumt-14crafc.prec25 | full | multiple | P=sparse_suffix | G=direct | imp12+
[MultipleSAT] initial IdleRange(P*)=4
[MultipleSAT] IdleRange(P*) <= 1: UNSAT
[MultipleSAT] IdleRange(P*) <= 2: SAT
    SAT | IdleRange(P*)=2 | time=0.358456s | config=F-SS-DE-ST-IRP-NIS-CD-IC12P
[825/960] forumt-14crafc.prec25 | full | maxsat | P=sparse_suffix | G=direct | imp12+
[MaxSAT/UWrMaxSAT] running /home/dclng566/solver-build/uwrmaxsat/build/release/bin/uwrmaxsat with timeout=7199.5s
[MaxSAT/UWrMaxSAT] optimum IdleRange(P*)=2 (cost=2)
[MaxSAT/UWrMaxSAT] process exit code=30
    SAT | IdleRange(P*)=2 | time=0.559925s | config=F-SS-DE-ST-IRP-UW-IC12P
[826/960] forumt-14crafc.prec25 | full | incremental | P=sparse_suffix | G=distance_closure | imp12+
[IncrementalSAT] initial IdleRange(P*)=6
[IncrementalSAT] IdleRange(P*) <= 2: SAT
[IncrementalSAT] IdleRange(P*) <= 0: UNSAT
[IncrementalSAT] IdleRange(P*) <= 1: UNSAT
    SAT | IdleRange(P*)=2 | time=0.340686s | config=F-SS-DC-ST-IRP-IS-CD-IC12P
[827/960] forumt-14crafc.prec25 | full | multiple | P=sparse_suffix | G=distance_closure | imp12+
[MultipleSAT] initial IdleRange(P*)=6
[MultipleSAT] IdleRange(P*) <= 2: SAT
[MultipleSAT] IdleRange(P*) <= 0: UNSAT
[MultipleSAT] IdleRange(P*) <= 1: UNSAT
    SAT | IdleRange(P*)=2 | time=0.407749s | config=F-SS-DC-ST-IRP-NIS-CD-IC12P
[828/960] forumt-14crafc.prec25 | full | maxsat | P=sparse_suffix | G=distance_closure | imp12+
[MaxSAT/UWrMaxSAT] running /home/dclng566/solver-build/uwrmaxsat/build/release/bin/uwrmaxsat with timeout=7199.5s
[MaxSAT/UWrMaxSAT] optimum IdleRange(P*)=2 (cost=2)
[MaxSAT/UWrMaxSAT] process exit code=30
    SAT | IdleRange(P*)=2 | time=0.564705s | config=F-SS-DC-ST-IRP-UW-IC12P
[829/960] forumt-14crafc.prec25 | reduced | incremental | P=pairwise | G=direct | imp12+
[IncrementalSAT] initial IdleRange(P*)=7
[IncrementalSAT] IdleRange(P*) <= 3: SAT
[IncrementalSAT] IdleRange(P*) <= 1: UNSAT
[IncrementalSAT] IdleRange(P*) <= 2: SAT
    SAT | IdleRange(P*)=2 | time=0.319447s | config=R-PW-DE-ST-IRP-IS-CD-IC12P
[830/960] forumt-14crafc.prec25 | reduced | multiple | P=pairwise | G=direct | imp12+
[MultipleSAT] initial IdleRange(P*)=7
[MultipleSAT] IdleRange(P*) <= 3: SAT
[MultipleSAT] IdleRange(P*) <= 1: UNSAT
[MultipleSAT] IdleRange(P*) <= 2: SAT
    SAT | IdleRange(P*)=2 | time=0.390493s | config=R-PW-DE-ST-IRP-NIS-CD-IC12P
[831/960] forumt-14crafc.prec25 | reduced | maxsat | P=pairwise | G=direct | imp12+
[MaxSAT/UWrMaxSAT] running /home/dclng566/solver-build/uwrmaxsat/build/release/bin/uwrmaxsat with timeout=7199.51s
[MaxSAT/UWrMaxSAT] optimum IdleRange(P*)=2 (cost=2)
[MaxSAT/UWrMaxSAT] process exit code=30
    SAT | IdleRange(P*)=2 | time=0.548956s | config=R-PW-DE-ST-IRP-UW-IC12P
[832/960] forumt-14crafc.prec25 | reduced | incremental | P=pairwise | G=distance_closure | imp12+
[IncrementalSAT] initial IdleRange(P*)=5
[IncrementalSAT] IdleRange(P*) <= 2: SAT
[IncrementalSAT] IdleRange(P*) <= 0: UNSAT
[IncrementalSAT] IdleRange(P*) <= 1: UNSAT
    SAT | IdleRange(P*)=2 | time=0.292726s | config=R-PW-DC-ST-IRP-IS-CD-IC12P
[833/960] forumt-14crafc.prec25 | reduced | multiple | P=pairwise | G=distance_closure | imp12+
[MultipleSAT] initial IdleRange(P*)=5
[MultipleSAT] IdleRange(P*) <= 2: SAT
[MultipleSAT] IdleRange(P*) <= 0: UNSAT
[MultipleSAT] IdleRange(P*) <= 1: UNSAT
    SAT | IdleRange(P*)=2 | time=0.369388s | config=R-PW-DC-ST-IRP-NIS-CD-IC12P
[834/960] forumt-14crafc.prec25 | reduced | maxsat | P=pairwise | G=distance_closure | imp12+
[MaxSAT/UWrMaxSAT] running /home/dclng566/solver-build/uwrmaxsat/build/release/bin/uwrmaxsat with timeout=7199.5s
[MaxSAT/UWrMaxSAT] optimum IdleRange(P*)=2 (cost=2)
[MaxSAT/UWrMaxSAT] process exit code=30
    SAT | IdleRange(P*)=2 | time=0.562685s | config=R-PW-DC-ST-IRP-UW-IC12P
[835/960] forumt-14crafc.prec25 | reduced | incremental | P=sparse_suffix | G=direct | imp12+
[IncrementalSAT] initial IdleRange(P*)=7
[IncrementalSAT] IdleRange(P*) <= 3: SAT
[IncrementalSAT] IdleRange(P*) <= 1: UNSAT
[IncrementalSAT] IdleRange(P*) <= 2: SAT
    SAT | IdleRange(P*)=2 | time=0.308155s | config=R-SS-DE-ST-IRP-IS-CD-IC12P
[836/960] forumt-14crafc.prec25 | reduced | multiple | P=sparse_suffix | G=direct | imp12+
[MultipleSAT] initial IdleRange(P*)=7
[MultipleSAT] IdleRange(P*) <= 3: SAT
[MultipleSAT] IdleRange(P*) <= 1: UNSAT
[MultipleSAT] IdleRange(P*) <= 2: SAT
    SAT | IdleRange(P*)=2 | time=0.401151s | config=R-SS-DE-ST-IRP-NIS-CD-IC12P
[837/960] forumt-14crafc.prec25 | reduced | maxsat | P=sparse_suffix | G=direct | imp12+
[MaxSAT/UWrMaxSAT] running /home/dclng566/solver-build/uwrmaxsat/build/release/bin/uwrmaxsat with timeout=7199.51s
[MaxSAT/UWrMaxSAT] optimum IdleRange(P*)=2 (cost=2)
[MaxSAT/UWrMaxSAT] process exit code=30
    SAT | IdleRange(P*)=2 | time=0.516331s | config=R-SS-DE-ST-IRP-UW-IC12P
[838/960] forumt-14crafc.prec25 | reduced | incremental | P=sparse_suffix | G=distance_closure | imp12+
[IncrementalSAT] initial IdleRange(P*)=7
[IncrementalSAT] IdleRange(P*) <= 3: SAT
[IncrementalSAT] IdleRange(P*) <= 1: UNSAT
[IncrementalSAT] IdleRange(P*) <= 2: SAT
    SAT | IdleRange(P*)=2 | time=0.303604s | config=R-SS-DC-ST-IRP-IS-CD-IC12P
[839/960] forumt-14crafc.prec25 | reduced | multiple | P=sparse_suffix | G=distance_closure | imp12+
[MultipleSAT] initial IdleRange(P*)=7
[MultipleSAT] IdleRange(P*) <= 3: SAT
[MultipleSAT] IdleRange(P*) <= 1: UNSAT
[MultipleSAT] IdleRange(P*) <= 2: SAT
    SAT | IdleRange(P*)=2 | time=0.414149s | config=R-SS-DC-ST-IRP-NIS-CD-IC12P
[840/960] forumt-14crafc.prec25 | reduced | maxsat | P=sparse_suffix | G=distance_closure | imp12+
[MaxSAT/UWrMaxSAT] running /home/dclng566/solver-build/uwrmaxsat/build/release/bin/uwrmaxsat with timeout=7199.5s
[MaxSAT/UWrMaxSAT] optimum IdleRange(P*)=2 (cost=2)
[MaxSAT/UWrMaxSAT] process exit code=30
    SAT | IdleRange(P*)=2 | time=0.557252s | config=R-SS-DC-ST-IRP-UW-IC12P
    Excel: /home/dclng566/projects/Business-Meeting-Scheduling-Problem/output/ic12p-gcp-ic12p-20260723T023309Z/main/excel_data_table08_prec/forumt-14crafc.prec25.xlsx
Instance forumt-14crafd.prec25: P×G=pairwise+direct, pairwise+distance_closure, sparse_suffix+direct, sparse_suffix+distance_closure
[841/960] forumt-14crafd.prec25 | full | incremental | P=pairwise | G=direct | imp12+
[IncrementalSAT] initial IdleRange(P*)=6
[IncrementalSAT] IdleRange(P*) <= 2: SAT
[IncrementalSAT] IdleRange(P*) <= 0: UNSAT
[IncrementalSAT] IdleRange(P*) <= 1: UNSAT
    SAT | IdleRange(P*)=2 | time=0.31156s | config=F-PW-DE-ST-IRP-IS-CD-IC12P
[842/960] forumt-14crafd.prec25 | full | multiple | P=pairwise | G=direct | imp12+
[MultipleSAT] initial IdleRange(P*)=6
[MultipleSAT] IdleRange(P*) <= 2: SAT
[MultipleSAT] IdleRange(P*) <= 0: UNSAT
[MultipleSAT] IdleRange(P*) <= 1: UNSAT
    SAT | IdleRange(P*)=2 | time=0.417951s | config=F-PW-DE-ST-IRP-NIS-CD-IC12P
[843/960] forumt-14crafd.prec25 | full | maxsat | P=pairwise | G=direct | imp12+
[MaxSAT/UWrMaxSAT] running /home/dclng566/solver-build/uwrmaxsat/build/release/bin/uwrmaxsat with timeout=7199.54s
[MaxSAT/UWrMaxSAT] optimum IdleRange(P*)=2 (cost=2)
[MaxSAT/UWrMaxSAT] process exit code=30
    SAT | IdleRange(P*)=2 | time=0.604416s | config=F-PW-DE-ST-IRP-UW-IC12P
[844/960] forumt-14crafd.prec25 | full | incremental | P=pairwise | G=distance_closure | imp12+
[IncrementalSAT] initial IdleRange(P*)=6
[IncrementalSAT] IdleRange(P*) <= 2: SAT
[IncrementalSAT] IdleRange(P*) <= 0: UNSAT
[IncrementalSAT] IdleRange(P*) <= 1: UNSAT
    SAT | IdleRange(P*)=2 | time=0.350853s | config=F-PW-DC-ST-IRP-IS-CD-IC12P
[845/960] forumt-14crafd.prec25 | full | multiple | P=pairwise | G=distance_closure | imp12+
[MultipleSAT] initial IdleRange(P*)=6
[MultipleSAT] IdleRange(P*) <= 2: SAT
[MultipleSAT] IdleRange(P*) <= 0: UNSAT
[MultipleSAT] IdleRange(P*) <= 1: UNSAT
    SAT | IdleRange(P*)=2 | time=0.439966s | config=F-PW-DC-ST-IRP-NIS-CD-IC12P
[846/960] forumt-14crafd.prec25 | full | maxsat | P=pairwise | G=distance_closure | imp12+
[MaxSAT/UWrMaxSAT] running /home/dclng566/solver-build/uwrmaxsat/build/release/bin/uwrmaxsat with timeout=7199.54s
[MaxSAT/UWrMaxSAT] optimum IdleRange(P*)=2 (cost=2)
[MaxSAT/UWrMaxSAT] process exit code=30
    SAT | IdleRange(P*)=2 | time=0.597912s | config=F-PW-DC-ST-IRP-UW-IC12P
[847/960] forumt-14crafd.prec25 | full | incremental | P=sparse_suffix | G=direct | imp12+
[IncrementalSAT] initial IdleRange(P*)=7
[IncrementalSAT] IdleRange(P*) <= 3: SAT
[IncrementalSAT] IdleRange(P*) <= 1: UNSAT
[IncrementalSAT] IdleRange(P*) <= 2: SAT
    SAT | IdleRange(P*)=2 | time=0.361656s | config=F-SS-DE-ST-IRP-IS-CD-IC12P
[848/960] forumt-14crafd.prec25 | full | multiple | P=sparse_suffix | G=direct | imp12+
[MultipleSAT] initial IdleRange(P*)=7
[MultipleSAT] IdleRange(P*) <= 3: SAT
[MultipleSAT] IdleRange(P*) <= 1: UNSAT
[MultipleSAT] IdleRange(P*) <= 2: SAT
    SAT | IdleRange(P*)=2 | time=0.430532s | config=F-SS-DE-ST-IRP-NIS-CD-IC12P
[849/960] forumt-14crafd.prec25 | full | maxsat | P=sparse_suffix | G=direct | imp12+
[MaxSAT/UWrMaxSAT] running /home/dclng566/solver-build/uwrmaxsat/build/release/bin/uwrmaxsat with timeout=7199.55s
[MaxSAT/UWrMaxSAT] optimum IdleRange(P*)=2 (cost=2)
[MaxSAT/UWrMaxSAT] process exit code=30
    SAT | IdleRange(P*)=2 | time=0.527369s | config=F-SS-DE-ST-IRP-UW-IC12P
[850/960] forumt-14crafd.prec25 | full | incremental | P=sparse_suffix | G=distance_closure | imp12+
[IncrementalSAT] initial IdleRange(P*)=7
[IncrementalSAT] IdleRange(P*) <= 3: SAT
[IncrementalSAT] IdleRange(P*) <= 1: UNSAT
[IncrementalSAT] IdleRange(P*) <= 2: SAT
    SAT | IdleRange(P*)=2 | time=0.297331s | config=F-SS-DC-ST-IRP-IS-CD-IC12P
[851/960] forumt-14crafd.prec25 | full | multiple | P=sparse_suffix | G=distance_closure | imp12+
[MultipleSAT] initial IdleRange(P*)=7
[MultipleSAT] IdleRange(P*) <= 3: SAT
[MultipleSAT] IdleRange(P*) <= 1: UNSAT
[MultipleSAT] IdleRange(P*) <= 2: SAT
    SAT | IdleRange(P*)=2 | time=0.362979s | config=F-SS-DC-ST-IRP-NIS-CD-IC12P
[852/960] forumt-14crafd.prec25 | full | maxsat | P=sparse_suffix | G=distance_closure | imp12+
[MaxSAT/UWrMaxSAT] running /home/dclng566/solver-build/uwrmaxsat/build/release/bin/uwrmaxsat with timeout=7199.54s
[MaxSAT/UWrMaxSAT] optimum IdleRange(P*)=2 (cost=2)
[MaxSAT/UWrMaxSAT] process exit code=30
    SAT | IdleRange(P*)=2 | time=0.569316s | config=F-SS-DC-ST-IRP-UW-IC12P
[853/960] forumt-14crafd.prec25 | reduced | incremental | P=pairwise | G=direct | imp12+
[IncrementalSAT] initial IdleRange(P*)=7
[IncrementalSAT] IdleRange(P*) <= 3: SAT
[IncrementalSAT] IdleRange(P*) <= 1: UNSAT
[IncrementalSAT] IdleRange(P*) <= 2: SAT
    SAT | IdleRange(P*)=2 | time=0.298515s | config=R-PW-DE-ST-IRP-IS-CD-IC12P
[854/960] forumt-14crafd.prec25 | reduced | multiple | P=pairwise | G=direct | imp12+
[MultipleSAT] initial IdleRange(P*)=7
[MultipleSAT] IdleRange(P*) <= 3: SAT
[MultipleSAT] IdleRange(P*) <= 1: UNSAT
[MultipleSAT] IdleRange(P*) <= 2: SAT
    SAT | IdleRange(P*)=2 | time=0.386834s | config=R-PW-DE-ST-IRP-NIS-CD-IC12P
[855/960] forumt-14crafd.prec25 | reduced | maxsat | P=pairwise | G=direct | imp12+
[MaxSAT/UWrMaxSAT] running /home/dclng566/solver-build/uwrmaxsat/build/release/bin/uwrmaxsat with timeout=7199.55s
[MaxSAT/UWrMaxSAT] optimum IdleRange(P*)=2 (cost=2)
[MaxSAT/UWrMaxSAT] process exit code=30
    SAT | IdleRange(P*)=2 | time=0.508563s | config=R-PW-DE-ST-IRP-UW-IC12P
[856/960] forumt-14crafd.prec25 | reduced | incremental | P=pairwise | G=distance_closure | imp12+
[IncrementalSAT] initial IdleRange(P*)=7
[IncrementalSAT] IdleRange(P*) <= 3: SAT
[IncrementalSAT] IdleRange(P*) <= 1: UNSAT
[IncrementalSAT] IdleRange(P*) <= 2: SAT
    SAT | IdleRange(P*)=2 | time=0.268722s | config=R-PW-DC-ST-IRP-IS-CD-IC12P
[857/960] forumt-14crafd.prec25 | reduced | multiple | P=pairwise | G=distance_closure | imp12+
[MultipleSAT] initial IdleRange(P*)=7
[MultipleSAT] IdleRange(P*) <= 3: SAT
[MultipleSAT] IdleRange(P*) <= 1: UNSAT
[MultipleSAT] IdleRange(P*) <= 2: SAT
    SAT | IdleRange(P*)=2 | time=0.382954s | config=R-PW-DC-ST-IRP-NIS-CD-IC12P
[858/960] forumt-14crafd.prec25 | reduced | maxsat | P=pairwise | G=distance_closure | imp12+
[MaxSAT/UWrMaxSAT] running /home/dclng566/solver-build/uwrmaxsat/build/release/bin/uwrmaxsat with timeout=7199.55s
[MaxSAT/UWrMaxSAT] optimum IdleRange(P*)=2 (cost=2)
[MaxSAT/UWrMaxSAT] process exit code=30
    SAT | IdleRange(P*)=2 | time=0.518541s | config=R-PW-DC-ST-IRP-UW-IC12P
[859/960] forumt-14crafd.prec25 | reduced | incremental | P=sparse_suffix | G=direct | imp12+
[IncrementalSAT] initial IdleRange(P*)=6
[IncrementalSAT] IdleRange(P*) <= 2: SAT
[IncrementalSAT] IdleRange(P*) <= 0: UNSAT
[IncrementalSAT] IdleRange(P*) <= 1: UNSAT
    SAT | IdleRange(P*)=2 | time=0.292334s | config=R-SS-DE-ST-IRP-IS-CD-IC12P
[860/960] forumt-14crafd.prec25 | reduced | multiple | P=sparse_suffix | G=direct | imp12+
[MultipleSAT] initial IdleRange(P*)=6
[MultipleSAT] IdleRange(P*) <= 2: SAT
[MultipleSAT] IdleRange(P*) <= 0: UNSAT
[MultipleSAT] IdleRange(P*) <= 1: UNSAT
    SAT | IdleRange(P*)=2 | time=0.325704s | config=R-SS-DE-ST-IRP-NIS-CD-IC12P
[861/960] forumt-14crafd.prec25 | reduced | maxsat | P=sparse_suffix | G=direct | imp12+
[MaxSAT/UWrMaxSAT] running /home/dclng566/solver-build/uwrmaxsat/build/release/bin/uwrmaxsat with timeout=7199.56s
[MaxSAT/UWrMaxSAT] optimum IdleRange(P*)=2 (cost=2)
[MaxSAT/UWrMaxSAT] process exit code=30
    SAT | IdleRange(P*)=2 | time=0.512794s | config=R-SS-DE-ST-IRP-UW-IC12P
[862/960] forumt-14crafd.prec25 | reduced | incremental | P=sparse_suffix | G=distance_closure | imp12+
[IncrementalSAT] initial IdleRange(P*)=7
[IncrementalSAT] IdleRange(P*) <= 3: SAT
[IncrementalSAT] IdleRange(P*) <= 1: UNSAT
[IncrementalSAT] IdleRange(P*) <= 2: SAT
    SAT | IdleRange(P*)=2 | time=0.288412s | config=R-SS-DC-ST-IRP-IS-CD-IC12P
[863/960] forumt-14crafd.prec25 | reduced | multiple | P=sparse_suffix | G=distance_closure | imp12+
[MultipleSAT] initial IdleRange(P*)=7
[MultipleSAT] IdleRange(P*) <= 3: SAT
[MultipleSAT] IdleRange(P*) <= 1: UNSAT
[MultipleSAT] IdleRange(P*) <= 2: SAT
    SAT | IdleRange(P*)=2 | time=0.429845s | config=R-SS-DC-ST-IRP-NIS-CD-IC12P
[864/960] forumt-14crafd.prec25 | reduced | maxsat | P=sparse_suffix | G=distance_closure | imp12+
[MaxSAT/UWrMaxSAT] running /home/dclng566/solver-build/uwrmaxsat/build/release/bin/uwrmaxsat with timeout=7199.55s
[MaxSAT/UWrMaxSAT] optimum IdleRange(P*)=2 (cost=2)
[MaxSAT/UWrMaxSAT] process exit code=30
    SAT | IdleRange(P*)=2 | time=0.515744s | config=R-SS-DC-ST-IRP-UW-IC12P
    Excel: /home/dclng566/projects/Business-Meeting-Scheduling-Problem/output/ic12p-gcp-ic12p-20260723T023309Z/main/excel_data_table08_prec/forumt-14crafd.prec25.xlsx
Instance ticf-13crafc.prec15: P×G=pairwise+direct, pairwise+distance_closure, sparse_suffix+direct, sparse_suffix+distance_closure
[865/960] ticf-13crafc.prec15 | full | incremental | P=pairwise | G=direct | imp12+
[IncrementalSAT] initial IdleRange(P*)=18
[IncrementalSAT] IdleRange(P*) <= 8: SAT
[IncrementalSAT] IdleRange(P*) <= 3: SAT
[IncrementalSAT] IdleRange(P*) <= 1: SAT
[IncrementalSAT] IdleRange(P*) <= 0: SAT
    SAT | IdleRange(P*)=0 | time=1.459381s | config=F-PW-DE-ST-IRP-IS-CD-IC12P
[866/960] ticf-13crafc.prec15 | full | multiple | P=pairwise | G=direct | imp12+
[MultipleSAT] initial IdleRange(P*)=18
[MultipleSAT] IdleRange(P*) <= 8: SAT
[MultipleSAT] IdleRange(P*) <= 3: SAT
[MultipleSAT] IdleRange(P*) <= 1: SAT
[MultipleSAT] IdleRange(P*) <= 0: SAT
    SAT | IdleRange(P*)=0 | time=1.446247s | config=F-PW-DE-ST-IRP-NIS-CD-IC12P
[867/960] ticf-13crafc.prec15 | full | maxsat | P=pairwise | G=direct | imp12+
[MaxSAT/UWrMaxSAT] running /home/dclng566/solver-build/uwrmaxsat/build/release/bin/uwrmaxsat with timeout=7199.42s
[MaxSAT/UWrMaxSAT] optimum IdleRange(P*)=0 (cost=0)
[MaxSAT/UWrMaxSAT] process exit code=30
    SAT | IdleRange(P*)=0 | time=0.906681s | config=F-PW-DE-ST-IRP-UW-IC12P
[868/960] ticf-13crafc.prec15 | full | incremental | P=pairwise | G=distance_closure | imp12+
[IncrementalSAT] initial IdleRange(P*)=18
[IncrementalSAT] IdleRange(P*) <= 8: SAT
[IncrementalSAT] IdleRange(P*) <= 3: SAT
[IncrementalSAT] IdleRange(P*) <= 1: SAT
[IncrementalSAT] IdleRange(P*) <= 0: SAT
    SAT | IdleRange(P*)=0 | time=1.454433s | config=F-PW-DC-ST-IRP-IS-CD-IC12P
[869/960] ticf-13crafc.prec15 | full | multiple | P=pairwise | G=distance_closure | imp12+
[MultipleSAT] initial IdleRange(P*)=18
[MultipleSAT] IdleRange(P*) <= 8: SAT
[MultipleSAT] IdleRange(P*) <= 3: SAT
[MultipleSAT] IdleRange(P*) <= 1: SAT
[MultipleSAT] IdleRange(P*) <= 0: SAT
    SAT | IdleRange(P*)=0 | time=1.433284s | config=F-PW-DC-ST-IRP-NIS-CD-IC12P
[870/960] ticf-13crafc.prec15 | full | maxsat | P=pairwise | G=distance_closure | imp12+
[MaxSAT/UWrMaxSAT] running /home/dclng566/solver-build/uwrmaxsat/build/release/bin/uwrmaxsat with timeout=7199.43s
[MaxSAT/UWrMaxSAT] optimum IdleRange(P*)=0 (cost=0)
[MaxSAT/UWrMaxSAT] process exit code=30
    SAT | IdleRange(P*)=0 | time=0.89476s | config=F-PW-DC-ST-IRP-UW-IC12P
[871/960] ticf-13crafc.prec15 | full | incremental | P=sparse_suffix | G=direct | imp12+
[IncrementalSAT] initial IdleRange(P*)=17
[IncrementalSAT] IdleRange(P*) <= 8: SAT
[IncrementalSAT] IdleRange(P*) <= 3: SAT
[IncrementalSAT] IdleRange(P*) <= 1: SAT
[IncrementalSAT] IdleRange(P*) <= 0: SAT
    SAT | IdleRange(P*)=0 | time=1.877382s | config=F-SS-DE-ST-IRP-IS-CD-IC12P
[872/960] ticf-13crafc.prec15 | full | multiple | P=sparse_suffix | G=direct | imp12+
[MultipleSAT] initial IdleRange(P*)=17
[MultipleSAT] IdleRange(P*) <= 8: SAT
[MultipleSAT] IdleRange(P*) <= 3: SAT
[MultipleSAT] IdleRange(P*) <= 1: SAT
[MultipleSAT] IdleRange(P*) <= 0: SAT
    SAT | IdleRange(P*)=0 | time=1.164718s | config=F-SS-DE-ST-IRP-NIS-CD-IC12P
[873/960] ticf-13crafc.prec15 | full | maxsat | P=sparse_suffix | G=direct | imp12+
[MaxSAT/UWrMaxSAT] running /home/dclng566/solver-build/uwrmaxsat/build/release/bin/uwrmaxsat with timeout=7199.43s
[MaxSAT/UWrMaxSAT] optimum IdleRange(P*)=0 (cost=0)
[MaxSAT/UWrMaxSAT] process exit code=30
    SAT | IdleRange(P*)=0 | time=0.899063s | config=F-SS-DE-ST-IRP-UW-IC12P
[874/960] ticf-13crafc.prec15 | full | incremental | P=sparse_suffix | G=distance_closure | imp12+
[IncrementalSAT] initial IdleRange(P*)=17
[IncrementalSAT] IdleRange(P*) <= 8: SAT
[IncrementalSAT] IdleRange(P*) <= 3: SAT
[IncrementalSAT] IdleRange(P*) <= 1: SAT
[IncrementalSAT] IdleRange(P*) <= 0: SAT
    SAT | IdleRange(P*)=0 | time=1.86628s | config=F-SS-DC-ST-IRP-IS-CD-IC12P
[875/960] ticf-13crafc.prec15 | full | multiple | P=sparse_suffix | G=distance_closure | imp12+
[MultipleSAT] initial IdleRange(P*)=17
[MultipleSAT] IdleRange(P*) <= 8: SAT
[MultipleSAT] IdleRange(P*) <= 3: SAT
[MultipleSAT] IdleRange(P*) <= 1: SAT
[MultipleSAT] IdleRange(P*) <= 0: SAT
    SAT | IdleRange(P*)=0 | time=1.166583s | config=F-SS-DC-ST-IRP-NIS-CD-IC12P
[876/960] ticf-13crafc.prec15 | full | maxsat | P=sparse_suffix | G=distance_closure | imp12+
[MaxSAT/UWrMaxSAT] running /home/dclng566/solver-build/uwrmaxsat/build/release/bin/uwrmaxsat with timeout=7199.43s
[MaxSAT/UWrMaxSAT] optimum IdleRange(P*)=0 (cost=0)
[MaxSAT/UWrMaxSAT] process exit code=30
    SAT | IdleRange(P*)=0 | time=0.897905s | config=F-SS-DC-ST-IRP-UW-IC12P
[877/960] ticf-13crafc.prec15 | reduced | incremental | P=pairwise | G=direct | imp12+
[IncrementalSAT] initial IdleRange(P*)=18
[IncrementalSAT] IdleRange(P*) <= 8: SAT
[IncrementalSAT] IdleRange(P*) <= 3: SAT
[IncrementalSAT] IdleRange(P*) <= 1: SAT
[IncrementalSAT] IdleRange(P*) <= 0: SAT
    SAT | IdleRange(P*)=0 | time=0.568761s | config=R-PW-DE-ST-IRP-IS-CD-IC12P
[878/960] ticf-13crafc.prec15 | reduced | multiple | P=pairwise | G=direct | imp12+
[MultipleSAT] initial IdleRange(P*)=18
[MultipleSAT] IdleRange(P*) <= 8: SAT
[MultipleSAT] IdleRange(P*) <= 3: SAT
[MultipleSAT] IdleRange(P*) <= 1: SAT
[MultipleSAT] IdleRange(P*) <= 0: SAT
    SAT | IdleRange(P*)=0 | time=1.789706s | config=R-PW-DE-ST-IRP-NIS-CD-IC12P
[879/960] ticf-13crafc.prec15 | reduced | maxsat | P=pairwise | G=direct | imp12+
[MaxSAT/UWrMaxSAT] running /home/dclng566/solver-build/uwrmaxsat/build/release/bin/uwrmaxsat with timeout=7199.46s
[MaxSAT/UWrMaxSAT] optimum IdleRange(P*)=0 (cost=0)
[MaxSAT/UWrMaxSAT] process exit code=30
    SAT | IdleRange(P*)=0 | time=0.814709s | config=R-PW-DE-ST-IRP-UW-IC12P
[880/960] ticf-13crafc.prec15 | reduced | incremental | P=pairwise | G=distance_closure | imp12+
[IncrementalSAT] initial IdleRange(P*)=18
[IncrementalSAT] IdleRange(P*) <= 8: SAT
[IncrementalSAT] IdleRange(P*) <= 3: SAT
[IncrementalSAT] IdleRange(P*) <= 1: SAT
[IncrementalSAT] IdleRange(P*) <= 0: SAT
    SAT | IdleRange(P*)=0 | time=0.563893s | config=R-PW-DC-ST-IRP-IS-CD-IC12P
[881/960] ticf-13crafc.prec15 | reduced | multiple | P=pairwise | G=distance_closure | imp12+
[MultipleSAT] initial IdleRange(P*)=18
[MultipleSAT] IdleRange(P*) <= 8: SAT
[MultipleSAT] IdleRange(P*) <= 3: SAT
[MultipleSAT] IdleRange(P*) <= 1: SAT
[MultipleSAT] IdleRange(P*) <= 0: SAT
    SAT | IdleRange(P*)=0 | time=1.773501s | config=R-PW-DC-ST-IRP-NIS-CD-IC12P
[882/960] ticf-13crafc.prec15 | reduced | maxsat | P=pairwise | G=distance_closure | imp12+
[MaxSAT/UWrMaxSAT] running /home/dclng566/solver-build/uwrmaxsat/build/release/bin/uwrmaxsat with timeout=7199.46s
[MaxSAT/UWrMaxSAT] optimum IdleRange(P*)=0 (cost=0)
[MaxSAT/UWrMaxSAT] process exit code=30
    SAT | IdleRange(P*)=0 | time=0.815856s | config=R-PW-DC-ST-IRP-UW-IC12P
[883/960] ticf-13crafc.prec15 | reduced | incremental | P=sparse_suffix | G=direct | imp12+
[IncrementalSAT] initial IdleRange(P*)=18
[IncrementalSAT] IdleRange(P*) <= 8: SAT
[IncrementalSAT] IdleRange(P*) <= 3: SAT
[IncrementalSAT] IdleRange(P*) <= 1: SAT
[IncrementalSAT] IdleRange(P*) <= 0: SAT
    SAT | IdleRange(P*)=0 | time=0.627128s | config=R-SS-DE-ST-IRP-IS-CD-IC12P
[884/960] ticf-13crafc.prec15 | reduced | multiple | P=sparse_suffix | G=direct | imp12+
[MultipleSAT] initial IdleRange(P*)=18
[MultipleSAT] IdleRange(P*) <= 8: SAT
[MultipleSAT] IdleRange(P*) <= 3: SAT
[MultipleSAT] IdleRange(P*) <= 1: SAT
[MultipleSAT] IdleRange(P*) <= 0: SAT
    SAT | IdleRange(P*)=0 | time=1.015092s | config=R-SS-DE-ST-IRP-NIS-CD-IC12P
[885/960] ticf-13crafc.prec15 | reduced | maxsat | P=sparse_suffix | G=direct | imp12+
[MaxSAT/UWrMaxSAT] running /home/dclng566/solver-build/uwrmaxsat/build/release/bin/uwrmaxsat with timeout=7199.46s
[MaxSAT/UWrMaxSAT] optimum IdleRange(P*)=0 (cost=0)
[MaxSAT/UWrMaxSAT] process exit code=30
    SAT | IdleRange(P*)=0 | time=0.8009s | config=R-SS-DE-ST-IRP-UW-IC12P
[886/960] ticf-13crafc.prec15 | reduced | incremental | P=sparse_suffix | G=distance_closure | imp12+
[IncrementalSAT] initial IdleRange(P*)=18
[IncrementalSAT] IdleRange(P*) <= 8: SAT
[IncrementalSAT] IdleRange(P*) <= 3: SAT
[IncrementalSAT] IdleRange(P*) <= 1: SAT
[IncrementalSAT] IdleRange(P*) <= 0: SAT
    SAT | IdleRange(P*)=0 | time=0.627018s | config=R-SS-DC-ST-IRP-IS-CD-IC12P
[887/960] ticf-13crafc.prec15 | reduced | multiple | P=sparse_suffix | G=distance_closure | imp12+
[MultipleSAT] initial IdleRange(P*)=18
[MultipleSAT] IdleRange(P*) <= 8: SAT
[MultipleSAT] IdleRange(P*) <= 3: SAT
[MultipleSAT] IdleRange(P*) <= 1: SAT
[MultipleSAT] IdleRange(P*) <= 0: SAT
    SAT | IdleRange(P*)=0 | time=0.979797s | config=R-SS-DC-ST-IRP-NIS-CD-IC12P
[888/960] ticf-13crafc.prec15 | reduced | maxsat | P=sparse_suffix | G=distance_closure | imp12+
[MaxSAT/UWrMaxSAT] running /home/dclng566/solver-build/uwrmaxsat/build/release/bin/uwrmaxsat with timeout=7199.46s
[MaxSAT/UWrMaxSAT] optimum IdleRange(P*)=0 (cost=0)
[MaxSAT/UWrMaxSAT] process exit code=30
    SAT | IdleRange(P*)=0 | time=0.79647s | config=R-SS-DC-ST-IRP-UW-IC12P
    Excel: /home/dclng566/projects/Business-Meeting-Scheduling-Problem/output/ic12p-gcp-ic12p-20260723T023309Z/main/excel_data_table08_prec/ticf-13crafc.prec15.xlsx
Instance tic-12.prec15: P×G=pairwise+direct, pairwise+distance_closure, sparse_suffix+direct, sparse_suffix+distance_closure
[889/960] tic-12.prec15 | full | incremental | P=pairwise | G=direct | imp12+
[IncrementalSAT] initial IdleRange(P*)=6
[IncrementalSAT] IdleRange(P*) <= 2: SAT
[IncrementalSAT] IdleRange(P*) <= 0: SAT
    SAT | IdleRange(P*)=0 | time=0.088015s | config=F-PW-DE-ST-IRP-IS-CD-IC12P
[890/960] tic-12.prec15 | full | multiple | P=pairwise | G=direct | imp12+
[MultipleSAT] initial IdleRange(P*)=6
[MultipleSAT] IdleRange(P*) <= 2: SAT
[MultipleSAT] IdleRange(P*) <= 0: SAT
    SAT | IdleRange(P*)=0 | time=0.099057s | config=F-PW-DE-ST-IRP-NIS-CD-IC12P
[891/960] tic-12.prec15 | full | maxsat | P=pairwise | G=direct | imp12+
[MaxSAT/UWrMaxSAT] running /home/dclng566/solver-build/uwrmaxsat/build/release/bin/uwrmaxsat with timeout=7199.68s
[MaxSAT/UWrMaxSAT] optimum IdleRange(P*)=0 (cost=0)
[MaxSAT/UWrMaxSAT] process exit code=30
    SAT | IdleRange(P*)=0 | time=0.14978s | config=F-PW-DE-ST-IRP-UW-IC12P
[892/960] tic-12.prec15 | full | incremental | P=pairwise | G=distance_closure | imp12+
[IncrementalSAT] initial IdleRange(P*)=6
[IncrementalSAT] IdleRange(P*) <= 2: SAT
[IncrementalSAT] IdleRange(P*) <= 0: SAT
    SAT | IdleRange(P*)=0 | time=0.094566s | config=F-PW-DC-ST-IRP-IS-CD-IC12P
[893/960] tic-12.prec15 | full | multiple | P=pairwise | G=distance_closure | imp12+
[MultipleSAT] initial IdleRange(P*)=6
[MultipleSAT] IdleRange(P*) <= 2: SAT
[MultipleSAT] IdleRange(P*) <= 0: SAT
    SAT | IdleRange(P*)=0 | time=0.120827s | config=F-PW-DC-ST-IRP-NIS-CD-IC12P
[894/960] tic-12.prec15 | full | maxsat | P=pairwise | G=distance_closure | imp12+
[MaxSAT/UWrMaxSAT] running /home/dclng566/solver-build/uwrmaxsat/build/release/bin/uwrmaxsat with timeout=7199.68s
[MaxSAT/UWrMaxSAT] optimum IdleRange(P*)=0 (cost=0)
[MaxSAT/UWrMaxSAT] process exit code=30
    SAT | IdleRange(P*)=0 | time=0.157397s | config=F-PW-DC-ST-IRP-UW-IC12P
[895/960] tic-12.prec15 | full | incremental | P=sparse_suffix | G=direct | imp12+
[IncrementalSAT] initial IdleRange(P*)=6
[IncrementalSAT] IdleRange(P*) <= 2: SAT
[IncrementalSAT] IdleRange(P*) <= 0: SAT
    SAT | IdleRange(P*)=0 | time=0.108736s | config=F-SS-DE-ST-IRP-IS-CD-IC12P
[896/960] tic-12.prec15 | full | multiple | P=sparse_suffix | G=direct | imp12+
[MultipleSAT] initial IdleRange(P*)=6
[MultipleSAT] IdleRange(P*) <= 2: SAT
[MultipleSAT] IdleRange(P*) <= 0: SAT
    SAT | IdleRange(P*)=0 | time=0.105828s | config=F-SS-DE-ST-IRP-NIS-CD-IC12P
[897/960] tic-12.prec15 | full | maxsat | P=sparse_suffix | G=direct | imp12+
[MaxSAT/UWrMaxSAT] running /home/dclng566/solver-build/uwrmaxsat/build/release/bin/uwrmaxsat with timeout=7199.68s
[MaxSAT/UWrMaxSAT] optimum IdleRange(P*)=0 (cost=0)
[MaxSAT/UWrMaxSAT] process exit code=30
    SAT | IdleRange(P*)=0 | time=0.152805s | config=F-SS-DE-ST-IRP-UW-IC12P
[898/960] tic-12.prec15 | full | incremental | P=sparse_suffix | G=distance_closure | imp12+
[IncrementalSAT] initial IdleRange(P*)=6
[IncrementalSAT] IdleRange(P*) <= 2: SAT
[IncrementalSAT] IdleRange(P*) <= 0: SAT
    SAT | IdleRange(P*)=0 | time=0.08169s | config=F-SS-DC-ST-IRP-IS-CD-IC12P
[899/960] tic-12.prec15 | full | multiple | P=sparse_suffix | G=distance_closure | imp12+
[MultipleSAT] initial IdleRange(P*)=6
[MultipleSAT] IdleRange(P*) <= 2: SAT
[MultipleSAT] IdleRange(P*) <= 0: SAT
    SAT | IdleRange(P*)=0 | time=0.096407s | config=F-SS-DC-ST-IRP-NIS-CD-IC12P
[900/960] tic-12.prec15 | full | maxsat | P=sparse_suffix | G=distance_closure | imp12+
[MaxSAT/UWrMaxSAT] running /home/dclng566/solver-build/uwrmaxsat/build/release/bin/uwrmaxsat with timeout=7199.68s
[MaxSAT/UWrMaxSAT] optimum IdleRange(P*)=0 (cost=0)
[MaxSAT/UWrMaxSAT] process exit code=30
    SAT | IdleRange(P*)=0 | time=0.158311s | config=F-SS-DC-ST-IRP-UW-IC12P
[901/960] tic-12.prec15 | reduced | incremental | P=pairwise | G=direct | imp12+
[IncrementalSAT] initial IdleRange(P*)=4
[IncrementalSAT] IdleRange(P*) <= 1: SAT
[IncrementalSAT] IdleRange(P*) <= 0: SAT
    SAT | IdleRange(P*)=0 | time=0.090392s | config=R-PW-DE-ST-IRP-IS-CD-IC12P
[902/960] tic-12.prec15 | reduced | multiple | P=pairwise | G=direct | imp12+
[MultipleSAT] initial IdleRange(P*)=4
[MultipleSAT] IdleRange(P*) <= 1: SAT
[MultipleSAT] IdleRange(P*) <= 0: SAT
    SAT | IdleRange(P*)=0 | time=0.096573s | config=R-PW-DE-ST-IRP-NIS-CD-IC12P
[903/960] tic-12.prec15 | reduced | maxsat | P=pairwise | G=direct | imp12+
[MaxSAT/UWrMaxSAT] running /home/dclng566/solver-build/uwrmaxsat/build/release/bin/uwrmaxsat with timeout=7199.68s
[MaxSAT/UWrMaxSAT] optimum IdleRange(P*)=0 (cost=0)
[MaxSAT/UWrMaxSAT] process exit code=30
    SAT | IdleRange(P*)=0 | time=0.148152s | config=R-PW-DE-ST-IRP-UW-IC12P
[904/960] tic-12.prec15 | reduced | incremental | P=pairwise | G=distance_closure | imp12+
[IncrementalSAT] initial IdleRange(P*)=4
[IncrementalSAT] IdleRange(P*) <= 1: SAT
[IncrementalSAT] IdleRange(P*) <= 0: SAT
    SAT | IdleRange(P*)=0 | time=0.078995s | config=R-PW-DC-ST-IRP-IS-CD-IC12P
[905/960] tic-12.prec15 | reduced | multiple | P=pairwise | G=distance_closure | imp12+
[MultipleSAT] initial IdleRange(P*)=4
[MultipleSAT] IdleRange(P*) <= 1: SAT
[MultipleSAT] IdleRange(P*) <= 0: SAT
    SAT | IdleRange(P*)=0 | time=0.102512s | config=R-PW-DC-ST-IRP-NIS-CD-IC12P
[906/960] tic-12.prec15 | reduced | maxsat | P=pairwise | G=distance_closure | imp12+
[MaxSAT/UWrMaxSAT] running /home/dclng566/solver-build/uwrmaxsat/build/release/bin/uwrmaxsat with timeout=7199.68s
[MaxSAT/UWrMaxSAT] optimum IdleRange(P*)=0 (cost=0)
[MaxSAT/UWrMaxSAT] process exit code=30
    SAT | IdleRange(P*)=0 | time=0.143095s | config=R-PW-DC-ST-IRP-UW-IC12P
[907/960] tic-12.prec15 | reduced | incremental | P=sparse_suffix | G=direct | imp12+
[IncrementalSAT] initial IdleRange(P*)=6
[IncrementalSAT] IdleRange(P*) <= 2: SAT
[IncrementalSAT] IdleRange(P*) <= 0: SAT
    SAT | IdleRange(P*)=0 | time=0.083797s | config=R-SS-DE-ST-IRP-IS-CD-IC12P
[908/960] tic-12.prec15 | reduced | multiple | P=sparse_suffix | G=direct | imp12+
[MultipleSAT] initial IdleRange(P*)=6
[MultipleSAT] IdleRange(P*) <= 2: SAT
[MultipleSAT] IdleRange(P*) <= 0: SAT
    SAT | IdleRange(P*)=0 | time=0.110802s | config=R-SS-DE-ST-IRP-NIS-CD-IC12P
[909/960] tic-12.prec15 | reduced | maxsat | P=sparse_suffix | G=direct | imp12+
[MaxSAT/UWrMaxSAT] running /home/dclng566/solver-build/uwrmaxsat/build/release/bin/uwrmaxsat with timeout=7199.68s
[MaxSAT/UWrMaxSAT] optimum IdleRange(P*)=0 (cost=0)
[MaxSAT/UWrMaxSAT] process exit code=30
    SAT | IdleRange(P*)=0 | time=0.145144s | config=R-SS-DE-ST-IRP-UW-IC12P
[910/960] tic-12.prec15 | reduced | incremental | P=sparse_suffix | G=distance_closure | imp12+
[IncrementalSAT] initial IdleRange(P*)=6
[IncrementalSAT] IdleRange(P*) <= 2: SAT
[IncrementalSAT] IdleRange(P*) <= 0: SAT
    SAT | IdleRange(P*)=0 | time=0.081793s | config=R-SS-DC-ST-IRP-IS-CD-IC12P
[911/960] tic-12.prec15 | reduced | multiple | P=sparse_suffix | G=distance_closure | imp12+
[MultipleSAT] initial IdleRange(P*)=6
[MultipleSAT] IdleRange(P*) <= 2: SAT
[MultipleSAT] IdleRange(P*) <= 0: SAT
    SAT | IdleRange(P*)=0 | time=0.115015s | config=R-SS-DC-ST-IRP-NIS-CD-IC12P
[912/960] tic-12.prec15 | reduced | maxsat | P=sparse_suffix | G=distance_closure | imp12+
[MaxSAT/UWrMaxSAT] running /home/dclng566/solver-build/uwrmaxsat/build/release/bin/uwrmaxsat with timeout=7199.68s
[MaxSAT/UWrMaxSAT] optimum IdleRange(P*)=0 (cost=0)
[MaxSAT/UWrMaxSAT] process exit code=30
    SAT | IdleRange(P*)=0 | time=0.14465s | config=R-SS-DC-ST-IRP-UW-IC12P
    Excel: /home/dclng566/projects/Business-Meeting-Scheduling-Problem/output/ic12p-gcp-ic12p-20260723T023309Z/main/excel_data_table08_prec/tic-12.prec15.xlsx
Instance forum-13crafb.prec15: P×G=pairwise+direct, pairwise+distance_closure, sparse_suffix+direct, sparse_suffix+distance_closure
[913/960] forum-13crafb.prec15 | full | incremental | P=pairwise | G=direct | imp12+
    UNSAT | IdleRange(P*)=None | time=0.32857s | config=F-PW-DE-ST-IRP-IS-CD-IC12P
[914/960] forum-13crafb.prec15 | full | multiple | P=pairwise | G=direct | imp12+
    UNSAT | IdleRange(P*)=None | time=0.325333s | config=F-PW-DE-ST-IRP-NIS-CD-IC12P
[915/960] forum-13crafb.prec15 | full | maxsat | P=pairwise | G=direct | imp12+
[MaxSAT/UWrMaxSAT] running /home/dclng566/solver-build/uwrmaxsat/build/release/bin/uwrmaxsat with timeout=7199.53s
    UNSAT | IdleRange(P*)=None | time=1.03508s | config=F-PW-DE-ST-IRP-UW-IC12P
[916/960] forum-13crafb.prec15 | full | incremental | P=pairwise | G=distance_closure | imp12+
    UNSAT | IdleRange(P*)=None | time=0.315621s | config=F-PW-DC-ST-IRP-IS-CD-IC12P
[917/960] forum-13crafb.prec15 | full | multiple | P=pairwise | G=distance_closure | imp12+
    UNSAT | IdleRange(P*)=None | time=0.323803s | config=F-PW-DC-ST-IRP-NIS-CD-IC12P
[918/960] forum-13crafb.prec15 | full | maxsat | P=pairwise | G=distance_closure | imp12+
[MaxSAT/UWrMaxSAT] running /home/dclng566/solver-build/uwrmaxsat/build/release/bin/uwrmaxsat with timeout=7199.52s
    UNSAT | IdleRange(P*)=None | time=1.063867s | config=F-PW-DC-ST-IRP-UW-IC12P
[919/960] forum-13crafb.prec15 | full | incremental | P=sparse_suffix | G=direct | imp12+
    UNSAT | IdleRange(P*)=None | time=0.316323s | config=F-SS-DE-ST-IRP-IS-CD-IC12P
[920/960] forum-13crafb.prec15 | full | multiple | P=sparse_suffix | G=direct | imp12+
    UNSAT | IdleRange(P*)=None | time=0.317514s | config=F-SS-DE-ST-IRP-NIS-CD-IC12P
[921/960] forum-13crafb.prec15 | full | maxsat | P=sparse_suffix | G=direct | imp12+
[MaxSAT/UWrMaxSAT] running /home/dclng566/solver-build/uwrmaxsat/build/release/bin/uwrmaxsat with timeout=7199.52s
    UNSAT | IdleRange(P*)=None | time=1.03854s | config=F-SS-DE-ST-IRP-UW-IC12P
[922/960] forum-13crafb.prec15 | full | incremental | P=sparse_suffix | G=distance_closure | imp12+
    UNSAT | IdleRange(P*)=None | time=0.317328s | config=F-SS-DC-ST-IRP-IS-CD-IC12P
[923/960] forum-13crafb.prec15 | full | multiple | P=sparse_suffix | G=distance_closure | imp12+
    UNSAT | IdleRange(P*)=None | time=0.32476s | config=F-SS-DC-ST-IRP-NIS-CD-IC12P
[924/960] forum-13crafb.prec15 | full | maxsat | P=sparse_suffix | G=distance_closure | imp12+
[MaxSAT/UWrMaxSAT] running /home/dclng566/solver-build/uwrmaxsat/build/release/bin/uwrmaxsat with timeout=7199.52s
    UNSAT | IdleRange(P*)=None | time=1.027352s | config=F-SS-DC-ST-IRP-UW-IC12P
[925/960] forum-13crafb.prec15 | reduced | incremental | P=pairwise | G=direct | imp12+
    UNSAT | IdleRange(P*)=None | time=0.227784s | config=R-PW-DE-ST-IRP-IS-CD-IC12P
[926/960] forum-13crafb.prec15 | reduced | multiple | P=pairwise | G=direct | imp12+
    UNSAT | IdleRange(P*)=None | time=0.225892s | config=R-PW-DE-ST-IRP-NIS-CD-IC12P
[927/960] forum-13crafb.prec15 | reduced | maxsat | P=pairwise | G=direct | imp12+
[MaxSAT/UWrMaxSAT] running /home/dclng566/solver-build/uwrmaxsat/build/release/bin/uwrmaxsat with timeout=7199.57s
    UNSAT | IdleRange(P*)=None | time=0.450088s | config=R-PW-DE-ST-IRP-UW-IC12P
[928/960] forum-13crafb.prec15 | reduced | incremental | P=pairwise | G=distance_closure | imp12+
    UNSAT | IdleRange(P*)=None | time=0.219434s | config=R-PW-DC-ST-IRP-IS-CD-IC12P
[929/960] forum-13crafb.prec15 | reduced | multiple | P=pairwise | G=distance_closure | imp12+
    UNSAT | IdleRange(P*)=None | time=0.231004s | config=R-PW-DC-ST-IRP-NIS-CD-IC12P
[930/960] forum-13crafb.prec15 | reduced | maxsat | P=pairwise | G=distance_closure | imp12+
[MaxSAT/UWrMaxSAT] running /home/dclng566/solver-build/uwrmaxsat/build/release/bin/uwrmaxsat with timeout=7199.57s
    UNSAT | IdleRange(P*)=None | time=0.451547s | config=R-PW-DC-ST-IRP-UW-IC12P
[931/960] forum-13crafb.prec15 | reduced | incremental | P=sparse_suffix | G=direct | imp12+
    UNSAT | IdleRange(P*)=None | time=0.227385s | config=R-SS-DE-ST-IRP-IS-CD-IC12P
[932/960] forum-13crafb.prec15 | reduced | multiple | P=sparse_suffix | G=direct | imp12+
    UNSAT | IdleRange(P*)=None | time=0.227599s | config=R-SS-DE-ST-IRP-NIS-CD-IC12P
[933/960] forum-13crafb.prec15 | reduced | maxsat | P=sparse_suffix | G=direct | imp12+
[MaxSAT/UWrMaxSAT] running /home/dclng566/solver-build/uwrmaxsat/build/release/bin/uwrmaxsat with timeout=7199.57s
    UNSAT | IdleRange(P*)=None | time=0.454413s | config=R-SS-DE-ST-IRP-UW-IC12P
[934/960] forum-13crafb.prec15 | reduced | incremental | P=sparse_suffix | G=distance_closure | imp12+
    UNSAT | IdleRange(P*)=None | time=0.224815s | config=R-SS-DC-ST-IRP-IS-CD-IC12P
[935/960] forum-13crafb.prec15 | reduced | multiple | P=sparse_suffix | G=distance_closure | imp12+
    UNSAT | IdleRange(P*)=None | time=0.220011s | config=R-SS-DC-ST-IRP-NIS-CD-IC12P
[936/960] forum-13crafb.prec15 | reduced | maxsat | P=sparse_suffix | G=distance_closure | imp12+
[MaxSAT/UWrMaxSAT] running /home/dclng566/solver-build/uwrmaxsat/build/release/bin/uwrmaxsat with timeout=7199.57s
    UNSAT | IdleRange(P*)=None | time=0.447046s | config=R-SS-DC-ST-IRP-UW-IC12P
    Excel: /home/dclng566/projects/Business-Meeting-Scheduling-Problem/output/ic12p-gcp-ic12p-20260723T023309Z/main/excel_data_table08_prec/forum-13crafb.prec15.xlsx
Instance tic-13crafb.prec25: P×G=pairwise+direct, pairwise+distance_closure, sparse_suffix+direct, sparse_suffix+distance_closure
[937/960] tic-13crafb.prec25 | full | incremental | P=pairwise | G=direct | imp12+
[IncrementalSAT] initial IdleRange(P*)=5
[IncrementalSAT] IdleRange(P*) <= 2: SAT
[IncrementalSAT] IdleRange(P*) <= 0: SAT
    SAT | IdleRange(P*)=0 | time=0.306238s | config=F-PW-DE-ST-IRP-IS-CD-IC12P
[938/960] tic-13crafb.prec25 | full | multiple | P=pairwise | G=direct | imp12+
[MultipleSAT] initial IdleRange(P*)=5
[MultipleSAT] IdleRange(P*) <= 2: SAT
[MultipleSAT] IdleRange(P*) <= 0: SAT
    SAT | IdleRange(P*)=0 | time=0.341393s | config=F-PW-DE-ST-IRP-NIS-CD-IC12P
[939/960] tic-13crafb.prec25 | full | maxsat | P=pairwise | G=direct | imp12+
[MaxSAT/UWrMaxSAT] running /home/dclng566/solver-build/uwrmaxsat/build/release/bin/uwrmaxsat with timeout=7199.59s
[MaxSAT/UWrMaxSAT] optimum IdleRange(P*)=0 (cost=0)
[MaxSAT/UWrMaxSAT] process exit code=30
    SAT | IdleRange(P*)=0 | time=0.527603s | config=F-PW-DE-ST-IRP-UW-IC12P
[940/960] tic-13crafb.prec25 | full | incremental | P=pairwise | G=distance_closure | imp12+
[IncrementalSAT] initial IdleRange(P*)=5
[IncrementalSAT] IdleRange(P*) <= 2: SAT
[IncrementalSAT] IdleRange(P*) <= 0: SAT
    SAT | IdleRange(P*)=0 | time=0.389657s | config=F-PW-DC-ST-IRP-IS-CD-IC12P
[941/960] tic-13crafb.prec25 | full | multiple | P=pairwise | G=distance_closure | imp12+
[MultipleSAT] initial IdleRange(P*)=5
[MultipleSAT] IdleRange(P*) <= 2: SAT
[MultipleSAT] IdleRange(P*) <= 0: SAT
    SAT | IdleRange(P*)=0 | time=0.410119s | config=F-PW-DC-ST-IRP-NIS-CD-IC12P
[942/960] tic-13crafb.prec25 | full | maxsat | P=pairwise | G=distance_closure | imp12+
[MaxSAT/UWrMaxSAT] running /home/dclng566/solver-build/uwrmaxsat/build/release/bin/uwrmaxsat with timeout=7199.59s
[MaxSAT/UWrMaxSAT] optimum IdleRange(P*)=0 (cost=0)
[MaxSAT/UWrMaxSAT] process exit code=30
    SAT | IdleRange(P*)=0 | time=0.512099s | config=F-PW-DC-ST-IRP-UW-IC12P
[943/960] tic-13crafb.prec25 | full | incremental | P=sparse_suffix | G=direct | imp12+
[IncrementalSAT] initial IdleRange(P*)=5
[IncrementalSAT] IdleRange(P*) <= 2: SAT
[IncrementalSAT] IdleRange(P*) <= 0: SAT
    SAT | IdleRange(P*)=0 | time=0.290772s | config=F-SS-DE-ST-IRP-IS-CD-IC12P
[944/960] tic-13crafb.prec25 | full | multiple | P=sparse_suffix | G=direct | imp12+
[MultipleSAT] initial IdleRange(P*)=5
[MultipleSAT] IdleRange(P*) <= 2: SAT
[MultipleSAT] IdleRange(P*) <= 0: SAT
    SAT | IdleRange(P*)=0 | time=0.3512s | config=F-SS-DE-ST-IRP-NIS-CD-IC12P
[945/960] tic-13crafb.prec25 | full | maxsat | P=sparse_suffix | G=direct | imp12+
[MaxSAT/UWrMaxSAT] running /home/dclng566/solver-build/uwrmaxsat/build/release/bin/uwrmaxsat with timeout=7199.59s
[MaxSAT/UWrMaxSAT] optimum IdleRange(P*)=0 (cost=0)
[MaxSAT/UWrMaxSAT] process exit code=30
    SAT | IdleRange(P*)=0 | time=0.459431s | config=F-SS-DE-ST-IRP-UW-IC12P
[946/960] tic-13crafb.prec25 | full | incremental | P=sparse_suffix | G=distance_closure | imp12+
[IncrementalSAT] initial IdleRange(P*)=4
[IncrementalSAT] IdleRange(P*) <= 1: SAT
[IncrementalSAT] IdleRange(P*) <= 0: SAT
    SAT | IdleRange(P*)=0 | time=0.349775s | config=F-SS-DC-ST-IRP-IS-CD-IC12P
[947/960] tic-13crafb.prec25 | full | multiple | P=sparse_suffix | G=distance_closure | imp12+
[MultipleSAT] initial IdleRange(P*)=4
[MultipleSAT] IdleRange(P*) <= 1: SAT
[MultipleSAT] IdleRange(P*) <= 0: SAT
    SAT | IdleRange(P*)=0 | time=0.332419s | config=F-SS-DC-ST-IRP-NIS-CD-IC12P
[948/960] tic-13crafb.prec25 | full | maxsat | P=sparse_suffix | G=distance_closure | imp12+
[MaxSAT/UWrMaxSAT] running /home/dclng566/solver-build/uwrmaxsat/build/release/bin/uwrmaxsat with timeout=7199.59s
[MaxSAT/UWrMaxSAT] optimum IdleRange(P*)=0 (cost=0)
[MaxSAT/UWrMaxSAT] process exit code=30
    SAT | IdleRange(P*)=0 | time=0.430504s | config=F-SS-DC-ST-IRP-UW-IC12P
[949/960] tic-13crafb.prec25 | reduced | incremental | P=pairwise | G=direct | imp12+
[IncrementalSAT] initial IdleRange(P*)=5
[IncrementalSAT] IdleRange(P*) <= 2: SAT
[IncrementalSAT] IdleRange(P*) <= 0: SAT
    SAT | IdleRange(P*)=0 | time=0.333192s | config=R-PW-DE-ST-IRP-IS-CD-IC12P
[950/960] tic-13crafb.prec25 | reduced | multiple | P=pairwise | G=direct | imp12+
[MultipleSAT] initial IdleRange(P*)=5
[MultipleSAT] IdleRange(P*) <= 2: SAT
[MultipleSAT] IdleRange(P*) <= 0: SAT
    SAT | IdleRange(P*)=0 | time=0.363478s | config=R-PW-DE-ST-IRP-NIS-CD-IC12P
[951/960] tic-13crafb.prec25 | reduced | maxsat | P=pairwise | G=direct | imp12+
[MaxSAT/UWrMaxSAT] running /home/dclng566/solver-build/uwrmaxsat/build/release/bin/uwrmaxsat with timeout=7199.6s
[MaxSAT/UWrMaxSAT] optimum IdleRange(P*)=0 (cost=0)
[MaxSAT/UWrMaxSAT] process exit code=30
    SAT | IdleRange(P*)=0 | time=0.622726s | config=R-PW-DE-ST-IRP-UW-IC12P
[952/960] tic-13crafb.prec25 | reduced | incremental | P=pairwise | G=distance_closure | imp12+
[IncrementalSAT] initial IdleRange(P*)=6
[IncrementalSAT] IdleRange(P*) <= 2: SAT
[IncrementalSAT] IdleRange(P*) <= 0: SAT
    SAT | IdleRange(P*)=0 | time=0.321013s | config=R-PW-DC-ST-IRP-IS-CD-IC12P
[953/960] tic-13crafb.prec25 | reduced | multiple | P=pairwise | G=distance_closure | imp12+
[MultipleSAT] initial IdleRange(P*)=6
[MultipleSAT] IdleRange(P*) <= 2: SAT
[MultipleSAT] IdleRange(P*) <= 0: SAT
    SAT | IdleRange(P*)=0 | time=0.674385s | config=R-PW-DC-ST-IRP-NIS-CD-IC12P
[954/960] tic-13crafb.prec25 | reduced | maxsat | P=pairwise | G=distance_closure | imp12+
[MaxSAT/UWrMaxSAT] running /home/dclng566/solver-build/uwrmaxsat/build/release/bin/uwrmaxsat with timeout=7199.59s
[MaxSAT/UWrMaxSAT] optimum IdleRange(P*)=0 (cost=0)
[MaxSAT/UWrMaxSAT] process exit code=30
    SAT | IdleRange(P*)=0 | time=0.440616s | config=R-PW-DC-ST-IRP-UW-IC12P
[955/960] tic-13crafb.prec25 | reduced | incremental | P=sparse_suffix | G=direct | imp12+
[IncrementalSAT] initial IdleRange(P*)=5
[IncrementalSAT] IdleRange(P*) <= 2: SAT
[IncrementalSAT] IdleRange(P*) <= 0: SAT
    SAT | IdleRange(P*)=0 | time=0.258147s | config=R-SS-DE-ST-IRP-IS-CD-IC12P
[956/960] tic-13crafb.prec25 | reduced | multiple | P=sparse_suffix | G=direct | imp12+
[MultipleSAT] initial IdleRange(P*)=5
[MultipleSAT] IdleRange(P*) <= 2: SAT
[MultipleSAT] IdleRange(P*) <= 0: SAT
    SAT | IdleRange(P*)=0 | time=0.370851s | config=R-SS-DE-ST-IRP-NIS-CD-IC12P
[957/960] tic-13crafb.prec25 | reduced | maxsat | P=sparse_suffix | G=direct | imp12+
[MaxSAT/UWrMaxSAT] running /home/dclng566/solver-build/uwrmaxsat/build/release/bin/uwrmaxsat with timeout=7199.6s
[MaxSAT/UWrMaxSAT] optimum IdleRange(P*)=0 (cost=0)
[MaxSAT/UWrMaxSAT] process exit code=30
    SAT | IdleRange(P*)=0 | time=0.4457s | config=R-SS-DE-ST-IRP-UW-IC12P
[958/960] tic-13crafb.prec25 | reduced | incremental | P=sparse_suffix | G=distance_closure | imp12+
[IncrementalSAT] initial IdleRange(P*)=5
[IncrementalSAT] IdleRange(P*) <= 2: SAT
[IncrementalSAT] IdleRange(P*) <= 0: SAT
    SAT | IdleRange(P*)=0 | time=0.354763s | config=R-SS-DC-ST-IRP-IS-CD-IC12P
[959/960] tic-13crafb.prec25 | reduced | multiple | P=sparse_suffix | G=distance_closure | imp12+
[MultipleSAT] initial IdleRange(P*)=5
[MultipleSAT] IdleRange(P*) <= 2: SAT
[MultipleSAT] IdleRange(P*) <= 0: SAT
    SAT | IdleRange(P*)=0 | time=0.393098s | config=R-SS-DC-ST-IRP-NIS-CD-IC12P
[960/960] tic-13crafb.prec25 | reduced | maxsat | P=sparse_suffix | G=distance_closure | imp12+
[MaxSAT/UWrMaxSAT] running /home/dclng566/solver-build/uwrmaxsat/build/release/bin/uwrmaxsat with timeout=7199.6s
[MaxSAT/UWrMaxSAT] optimum IdleRange(P*)=0 (cost=0)
[MaxSAT/UWrMaxSAT] process exit code=30
    SAT | IdleRange(P*)=0 | time=0.470967s | config=R-SS-DC-ST-IRP-UW-IC12P
    Excel: /home/dclng566/projects/Business-Meeting-Scheduling-Problem/output/ic12p-gcp-ic12p-20260723T023309Z/main/excel_data_table08_prec/tic-13crafb.prec25.xlsx
Detailed CSV: /home/dclng566/projects/Business-Meeting-Scheduling-Problem/output/ic12p-gcp-ic12p-20260723T023309Z/main/data_table08_prec_detailed.csv
Aggregate CSV: /home/dclng566/projects/Business-Meeting-Scheduling-Problem/output/ic12p-gcp-ic12p-20260723T023309Z/main/data_table08_prec_aggregate.csv
Per-instance Excel directory: /home/dclng566/projects/Business-Meeting-Scheduling-Problem/output/ic12p-gcp-ic12p-20260723T023309Z/main/excel_data_table08_prec
Completed with errors=0, timeouts=0.
