B2B conference benchmark: 66 run(s), objective=IdleRange(P*)
Selected input paths: 66 (family=all, content_deduplicated=True)
Exact baselines: Reduced + DistanceClosure; threads=1, seed=0
Instance forum-13crafc.forb0007: 1 run(s)
[1/66] forum-13crafc.forb0007 | reduced | gurobi_mip | P=native_linear | G=distance_closure | n/a
Set parameter WLSAccessID
Set parameter WLSSecret
Set parameter LicenseID to value 2663665
Academic license 2663665 - for non-commercial use only - registered to tu___@vnu.edu.vn
Set parameter OutputFlag to value 1
Set parameter Threads to value 1
Set parameter Seed to value 0
Set parameter MIPGap to value 0
Set parameter MIPGapAbs to value 0
Set parameter TimeLimit to value 7199.597965717
Gurobi Optimizer version 13.0.2 build v13.0.2rc1 (linux64 - "Ubuntu 22.04.5 LTS")

CPU model: INTEL(R) XEON(R) PLATINUM 8581C CPU @ 2.30GHz, instruction set [SSE2|AVX|AVX2|AVX512]
Thread count: 4 physical cores, 8 logical processors, using up to 1 threads

Non-default parameters:
TimeLimit  7199.597965717
MIPGap  0
MIPGapAbs  0
Threads  1

Academic license 2663665 - for non-commercial use only - registered to tu___@vnu.edu.vn
Optimize a model with 9084 rows, 6049 columns and 33402 nonzeros (Min)
Model fingerprint: 0xfc3ee555
Model has 1 linear objective coefficients
Variable types: 0 continuous, 6049 integer (5988 binary)
Coefficient statistics:
  Matrix range     [1e+00, 1e+00]
  Objective range  [1e+00, 1e+00]
  Bounds range     [1e+00, 2e+01]
  RHS range        [1e+00, 4e+01]

Presolve removed 1614 rows and 552 columns
Presolve time: 0.04s
Presolved: 7470 rows, 5497 columns, 26817 nonzeros
Variable types: 0 continuous, 5497 integer (5437 binary)
Found heuristic solution: objective 14.0000000

Root relaxation: objective 0.000000e+00, 10900 iterations, 1.15 seconds (1.79 work units)

    Nodes    |    Current Node    |     Objective Bounds      |     Work
 Expl Unexpl |  Obj  Depth IntInf | Incumbent    BestBd   Gap | It/Node Time

     0     0    0.00000    0 2060   14.00000    0.00000   100%     -    1s
     0     0    0.00000    0 1577   14.00000    0.00000   100%     -    2s
H    0     0                      13.0000000    0.00000   100%     -    2s
H    0     0                      12.0000000    0.00000   100%     -    2s
     0     0    0.00000    0 1577   12.00000    0.00000   100%     -    2s
     0     0    0.00000    0 1031   12.00000    0.00000   100%     -    3s
H    0     0                      11.0000000    0.00000   100%     -    3s
H    0     0                      10.0000000    0.00000   100%     -    3s
     0     0    0.00000    0 1170   10.00000    0.00000   100%     -    4s
H    0     0                       9.0000000    0.00000   100%     -    4s
     0     0    0.00000    0 1179    9.00000    0.00000   100%     -    4s
     0     0    0.00000    0 1366    9.00000    0.00000   100%     -    5s
     0     0    0.00000    0 1363    9.00000    0.00000   100%     -    5s
     0     0    0.00000    0  694    9.00000    0.00000   100%     -    6s
H    0     0                       8.0000000    0.00000   100%     -    6s
H    0     0                       7.0000000    0.00000   100%     -    6s
     0     0    0.00000    0  644    7.00000    0.00000   100%     -    6s
     0     0    0.00000    0  725    7.00000    0.00000   100%     -    6s
     0     0    0.00000    0  620    7.00000    0.00000   100%     -    6s
H    0     0                       6.0000000    0.00000   100%     -    6s
     0     0    0.00000    0  589    6.00000    0.00000   100%     -    7s
     0     0    0.00000    0  643    6.00000    0.00000   100%     -    7s
     0     0    0.00000    0  425    6.00000    0.00000   100%     -    8s
     0     0    0.00000    0  507    6.00000    0.00000   100%     -    8s
     0     0    0.00000    0  484    6.00000    0.00000   100%     -    8s
     0     0    0.00000    0  266    6.00000    0.00000   100%     -    8s
H    0     0                       5.0000000    0.00000   100%     -    8s
H    0     0                       3.0000000    0.00000   100%     -    8s
     0     0    0.00000    0  439    3.00000    0.00000   100%     -    8s
     0     0    0.00000    0  531    3.00000    0.00000   100%     -    8s
     0     0    0.00000    0  394    3.00000    0.00000   100%     -    9s
H    0     0                       1.0000000    0.00000   100%     -    9s
H    0     0                       0.0000000    0.00000  0.00%     -    9s
     0     0    0.00000    0  394    0.00000    0.00000  0.00%     -    9s

Cutting planes:
  Gomory: 6
  Implied bound: 38
  Clique: 18
  MIR: 12
  Flow cover: 40
  Zero half: 42
  RLT: 80
  Relax-and-lift: 79
  BQP: 6

Explored 1 nodes (95923 simplex iterations) in 9.59 seconds (14.67 work units)
Thread count was 1 (of 8 available processors)

Solution count 10: 0 1 3 ... 11

Optimal solution found (tolerance 0.00e+00)
Best objective 0.000000000000e+00, best bound 0.000000000000e+00, gap 0.0000%
    SAT | IdleRange(P*)=0 | time=9.742609s | config=R-DC-IRP-GRB-MIP
    Excel: /home/dclng566/projects/Business-Meeting-Scheduling-Problem/output/gurobi/table06_excel/forum-13crafc.forb0007.xlsx
Instance forumt-14crafd.forb0003: 1 run(s)
[2/66] forumt-14crafd.forb0003 | reduced | gurobi_mip | P=native_linear | G=distance_closure | n/a
Set parameter WLSAccessID
Set parameter WLSSecret
Set parameter LicenseID to value 2663665
Academic license 2663665 - for non-commercial use only - registered to tu___@vnu.edu.vn
Set parameter OutputFlag to value 1
Set parameter Threads to value 1
Set parameter Seed to value 0
Set parameter MIPGap to value 0
Set parameter MIPGapAbs to value 0
Set parameter TimeLimit to value 7.1996560600839994e+03
Gurobi Optimizer version 13.0.2 build v13.0.2rc1 (linux64 - "Ubuntu 22.04.5 LTS")

CPU model: INTEL(R) XEON(R) PLATINUM 8581C CPU @ 2.30GHz, instruction set [SSE2|AVX|AVX2|AVX512]
Thread count: 4 physical cores, 8 logical processors, using up to 1 threads

Non-default parameters:
TimeLimit  7.1996560600839994e+03
MIPGap  0
MIPGapAbs  0
Threads  1

Academic license 2663665 - for non-commercial use only - registered to tu___@vnu.edu.vn
Optimize a model with 4902 rows, 4172 columns and 23753 nonzeros (Min)
Model fingerprint: 0x8eff9ba5
Model has 1 linear objective coefficients
Variable types: 0 continuous, 4172 integer (4110 binary)
Coefficient statistics:
  Matrix range     [1e+00, 1e+00]
  Objective range  [1e+00, 1e+00]
  Bounds range     [1e+00, 8e+00]
  RHS range        [1e+00, 2e+01]

Presolve time: 0.00s

Explored 0 nodes (0 simplex iterations) in 0.00 seconds (0.00 work units)
Thread count was 1 (of 8 available processors)

Solution count 0

Model is infeasible
Best objective -, best bound -, gap -
    UNSAT | IdleRange(P*)=None | time=0.097531s | config=R-DC-IRP-GRB-MIP
    Excel: /home/dclng566/projects/Business-Meeting-Scheduling-Problem/output/gurobi/table06_excel/forumt-14crafd.forb0003.xlsx
Instance ticf-13crafb.fixed020-Forb: 1 run(s)
[3/66] ticf-13crafb.fixed020-Forb | reduced | gurobi_mip | P=native_linear | G=distance_closure | n/a
Set parameter WLSAccessID
Set parameter WLSSecret
Set parameter LicenseID to value 2663665
Academic license 2663665 - for non-commercial use only - registered to tu___@vnu.edu.vn
Set parameter OutputFlag to value 1
Set parameter Threads to value 1
Set parameter Seed to value 0
Set parameter MIPGap to value 0
Set parameter MIPGapAbs to value 0
Set parameter TimeLimit to value 7199.543039
Gurobi Optimizer version 13.0.2 build v13.0.2rc1 (linux64 - "Ubuntu 22.04.5 LTS")

CPU model: INTEL(R) XEON(R) PLATINUM 8581C CPU @ 2.30GHz, instruction set [SSE2|AVX|AVX2|AVX512]
Thread count: 4 physical cores, 8 logical processors, using up to 1 threads

Non-default parameters:
TimeLimit  7199.543039
MIPGap  0
MIPGapAbs  0
Threads  1

Academic license 2663665 - for non-commercial use only - registered to tu___@vnu.edu.vn
Optimize a model with 9119 rows, 5842 columns and 32098 nonzeros (Min)
Model fingerprint: 0xedce29bf
Model has 1 linear objective coefficients
Variable types: 0 continuous, 5842 integer (5783 binary)
Coefficient statistics:
  Matrix range     [1e+00, 1e+00]
  Objective range  [1e+00, 1e+00]
  Bounds range     [1e+00, 2e+01]
  RHS range        [1e+00, 4e+01]

Presolve removed 6318 rows and 2696 columns
Presolve time: 0.08s
Presolved: 2801 rows, 3146 columns, 13889 nonzeros
Variable types: 0 continuous, 3146 integer (3133 binary)
Found heuristic solution: objective 20.0000000
Found heuristic solution: objective 19.0000000

Root relaxation: objective 1.700000e+01, 3266 iterations, 0.12 seconds (0.17 work units)

    Nodes    |    Current Node    |     Objective Bounds      |     Work
 Expl Unexpl |  Obj  Depth IntInf | Incumbent    BestBd   Gap | It/Node Time

     0     0   17.00000    0   41   19.00000   17.00000  10.5%     -    0s
H    0     0                      18.0000000   17.00000  5.56%     -    0s
H    0     0                      17.0000000   17.00000  0.00%     -    0s
     0     0   17.00000    0   41   17.00000   17.00000  0.00%     -    0s

Explored 1 nodes (4403 simplex iterations) in 0.27 seconds (0.39 work units)
Thread count was 1 (of 8 available processors)

Solution count 4: 17 18 19 20 

Optimal solution found (tolerance 0.00e+00)
Best objective 1.700000000000e+01, best bound 1.700000000000e+01, gap 0.0000%
    SAT | IdleRange(P*)=17 | time=0.480293s | config=R-DC-IRP-GRB-MIP
    Excel: /home/dclng566/projects/Business-Meeting-Scheduling-Problem/output/gurobi/table06_excel/ticf-13crafb.fixed020-Forb.xlsx
Instance tic-13crafb.forb0003: 1 run(s)
[4/66] tic-13crafb.forb0003 | reduced | gurobi_mip | P=native_linear | G=distance_closure | n/a
Set parameter WLSAccessID
Set parameter WLSSecret
Set parameter LicenseID to value 2663665
Academic license 2663665 - for non-commercial use only - registered to tu___@vnu.edu.vn
Set parameter OutputFlag to value 1
Set parameter Threads to value 1
Set parameter Seed to value 0
Set parameter MIPGap to value 0
Set parameter MIPGapAbs to value 0
Set parameter TimeLimit to value 7199.64911923
Gurobi Optimizer version 13.0.2 build v13.0.2rc1 (linux64 - "Ubuntu 22.04.5 LTS")

CPU model: INTEL(R) XEON(R) PLATINUM 8581C CPU @ 2.30GHz, instruction set [SSE2|AVX|AVX2|AVX512]
Thread count: 4 physical cores, 8 logical processors, using up to 1 threads

Non-default parameters:
TimeLimit  7199.64911923
MIPGap  0
MIPGapAbs  0
Threads  1

Academic license 2663665 - for non-commercial use only - registered to tu___@vnu.edu.vn
Optimize a model with 3665 rows, 3200 columns and 18236 nonzeros (Min)
Model fingerprint: 0xaba9adae
Model has 1 linear objective coefficients
Variable types: 0 continuous, 3200 integer (3153 binary)
Coefficient statistics:
  Matrix range     [1e+00, 1e+00]
  Objective range  [1e+00, 1e+00]
  Bounds range     [1e+00, 8e+00]
  RHS range        [1e+00, 2e+01]

Presolve removed 2647 rows and 1076 columns
Presolve time: 0.02s
Presolved: 1018 rows, 2124 columns, 8376 nonzeros
Variable types: 0 continuous, 2124 integer (2105 binary)
Found heuristic solution: objective 5.0000000
Found heuristic solution: objective 4.0000000

Root relaxation: objective 0.000000e+00, 2460 iterations, 0.09 seconds (0.13 work units)

    Nodes    |    Current Node    |     Objective Bounds      |     Work
 Expl Unexpl |  Obj  Depth IntInf | Incumbent    BestBd   Gap | It/Node Time

     0     0    0.00000    0  347    4.00000    0.00000   100%     -    0s
H    0     0                       3.0000000    0.00000   100%     -    0s
     0     0    0.00000    0  421    3.00000    0.00000   100%     -    0s
     0     0    0.00000    0  411    3.00000    0.00000   100%     -    0s
     0     0    0.00000    0  395    3.00000    0.00000   100%     -    0s
     0     0    0.00000    0  161    3.00000    0.00000   100%     -    0s
H    0     0                       2.0000000    0.00000   100%     -    0s
     0     0    0.00000    0  413    2.00000    0.00000   100%     -    0s
     0     0    0.00000    0   24    2.00000    0.00000   100%     -    1s
H    0     0                       1.0000000    0.00000   100%     -    1s
     0     0    0.00000    0  249    1.00000    0.00000   100%     -    1s
     0     0    0.00000    0   68    1.00000    0.00000   100%     -    1s
     0     0    0.00000    0  349    1.00000    0.00000   100%     -    1s
     0     0    0.00000    0    6    1.00000    0.00000   100%     -    1s
     0     0    0.00000    0  241    1.00000    0.00000   100%     -    1s
     0     0    0.00000    0   22    1.00000    0.00000   100%     -    1s
     0     0    0.00000    0  386    1.00000    0.00000   100%     -    1s
     0     0    0.00000    0   22    1.00000    0.00000   100%     -    1s
     0     0    0.00000    0   22    1.00000    0.00000   100%     -    1s
     0     0    0.00000    0   22    1.00000    0.00000   100%     -    2s
     0     2    0.00000    0   22    1.00000    0.00000   100%     -    2s
*   18     4              12       0.0000000    0.00000  0.00%   641    2s

Cutting planes:
  Gomory: 1
  Cover: 1
  Clique: 19
  Flow cover: 2
  GUB cover: 2
  Zero half: 9
  RLT: 10

Explored 19 nodes (48235 simplex iterations) in 2.77 seconds (3.84 work units)
Thread count was 1 (of 8 available processors)

Solution count 6: 0 1 2 ... 5

Optimal solution found (tolerance 0.00e+00)
Best objective 0.000000000000e+00, best bound 0.000000000000e+00, gap 0.0000%
    SAT | IdleRange(P*)=0 | time=2.869804s | config=R-DC-IRP-GRB-MIP
    Excel: /home/dclng566/projects/Business-Meeting-Scheduling-Problem/output/gurobi/table06_excel/tic-13crafb.forb0003.xlsx
Instance forum-13crafc.fixed040-Forb: 1 run(s)
[5/66] forum-13crafc.fixed040-Forb | reduced | gurobi_mip | P=native_linear | G=distance_closure | n/a
Set parameter WLSAccessID
Set parameter WLSSecret
Set parameter LicenseID to value 2663665
Academic license 2663665 - for non-commercial use only - registered to tu___@vnu.edu.vn
Set parameter OutputFlag to value 1
Set parameter Threads to value 1
Set parameter Seed to value 0
Set parameter MIPGap to value 0
Set parameter MIPGapAbs to value 0
Set parameter TimeLimit to value 7199.657257485
Gurobi Optimizer version 13.0.2 build v13.0.2rc1 (linux64 - "Ubuntu 22.04.5 LTS")

CPU model: INTEL(R) XEON(R) PLATINUM 8581C CPU @ 2.30GHz, instruction set [SSE2|AVX|AVX2|AVX512]
Thread count: 4 physical cores, 8 logical processors, using up to 1 threads

Non-default parameters:
TimeLimit  7199.657257485
MIPGap  0
MIPGapAbs  0
Threads  1

Academic license 2663665 - for non-commercial use only - registered to tu___@vnu.edu.vn
Optimize a model with 7745 rows, 4528 columns and 23397 nonzeros (Min)
Model fingerprint: 0x702643f1
Model has 1 linear objective coefficients
Variable types: 0 continuous, 4528 integer (4467 binary)
Coefficient statistics:
  Matrix range     [1e+00, 1e+00]
  Objective range  [1e+00, 1e+00]
  Bounds range     [1e+00, 2e+01]
  RHS range        [1e+00, 4e+01]

Presolve removed 5927 rows and 2890 columns
Presolve time: 0.05s
Presolved: 1818 rows, 1638 columns, 7523 nonzeros
Variable types: 0 continuous, 1638 integer (1615 binary)
Found heuristic solution: objective 15.0000000

Root relaxation: objective 1.200000e+01, 1402 iterations, 0.02 seconds (0.02 work units)

    Nodes    |    Current Node    |     Objective Bounds      |     Work
 Expl Unexpl |  Obj  Depth IntInf | Incumbent    BestBd   Gap | It/Node Time

     0     0   12.00000    0   14   15.00000   12.00000  20.0%     -    0s
     0     0   12.00000    0   17   15.00000   12.00000  20.0%     -    0s
H    0     0                      13.0000000   12.00000  7.69%     -    0s
H    0     0                      12.0000000   12.00000  0.00%     -    0s
     0     0   12.00000    0   17   12.00000   12.00000  0.00%     -    0s

Explored 1 nodes (2063 simplex iterations) in 0.09 seconds (0.11 work units)
Thread count was 1 (of 8 available processors)

Solution count 3: 12 13 15 

Optimal solution found (tolerance 0.00e+00)
Best objective 1.200000000000e+01, best bound 1.200000000000e+01, gap 0.0000%
    SAT | IdleRange(P*)=12 | time=0.181806s | config=R-DC-IRP-GRB-MIP
    Excel: /home/dclng566/projects/Business-Meeting-Scheduling-Problem/output/gurobi/table06_excel/forum-13crafc.fixed040-Forb.xlsx
Instance forumt-14crafe.forb0007: 1 run(s)
[6/66] forumt-14crafe.forb0007 | reduced | gurobi_mip | P=native_linear | G=distance_closure | n/a
Set parameter WLSAccessID
Set parameter WLSSecret
Set parameter LicenseID to value 2663665
Academic license 2663665 - for non-commercial use only - registered to tu___@vnu.edu.vn
Set parameter OutputFlag to value 1
Set parameter Threads to value 1
Set parameter Seed to value 0
Set parameter MIPGap to value 0
Set parameter MIPGapAbs to value 0
Set parameter TimeLimit to value 7199.690971533
Gurobi Optimizer version 13.0.2 build v13.0.2rc1 (linux64 - "Ubuntu 22.04.5 LTS")

CPU model: INTEL(R) XEON(R) PLATINUM 8581C CPU @ 2.30GHz, instruction set [SSE2|AVX|AVX2|AVX512]
Thread count: 4 physical cores, 8 logical processors, using up to 1 threads

Non-default parameters:
TimeLimit  7199.690971533
MIPGap  0
MIPGapAbs  0
Threads  1

Academic license 2663665 - for non-commercial use only - registered to tu___@vnu.edu.vn
Optimize a model with 4884 rows, 4148 columns and 23594 nonzeros (Min)
Model fingerprint: 0xfc6ad9d4
Model has 1 linear objective coefficients
Variable types: 0 continuous, 4148 integer (4086 binary)
Coefficient statistics:
  Matrix range     [1e+00, 1e+00]
  Objective range  [1e+00, 1e+00]
  Bounds range     [1e+00, 8e+00]
  RHS range        [1e+00, 2e+01]

Presolve time: 0.00s

Explored 0 nodes (0 simplex iterations) in 0.00 seconds (0.00 work units)
Thread count was 1 (of 8 available processors)

Solution count 0

Model is infeasible
Best objective -, best bound -, gap -
    UNSAT | IdleRange(P*)=None | time=0.062914s | config=R-DC-IRP-GRB-MIP
    Excel: /home/dclng566/projects/Business-Meeting-Scheduling-Problem/output/gurobi/table06_excel/forumt-14crafe.forb0007.xlsx
Instance forumt-14crafd.fixed040-Forb: 1 run(s)
[7/66] forumt-14crafd.fixed040-Forb | reduced | gurobi_mip | P=native_linear | G=distance_closure | n/a
Set parameter WLSAccessID
Set parameter WLSSecret
Set parameter LicenseID to value 2663665
Academic license 2663665 - for non-commercial use only - registered to tu___@vnu.edu.vn
Set parameter OutputFlag to value 1
Set parameter Threads to value 1
Set parameter Seed to value 0
Set parameter MIPGap to value 0
Set parameter MIPGapAbs to value 0
Set parameter TimeLimit to value 7199.692790714
Gurobi Optimizer version 13.0.2 build v13.0.2rc1 (linux64 - "Ubuntu 22.04.5 LTS")

CPU model: INTEL(R) XEON(R) PLATINUM 8581C CPU @ 2.30GHz, instruction set [SSE2|AVX|AVX2|AVX512]
Thread count: 4 physical cores, 8 logical processors, using up to 1 threads

Non-default parameters:
TimeLimit  7199.692790714
MIPGap  0
MIPGapAbs  0
Threads  1

Academic license 2663665 - for non-commercial use only - registered to tu___@vnu.edu.vn
Optimize a model with 4574 rows, 2676 columns and 14492 nonzeros (Min)
Model fingerprint: 0xb02561fd
Model has 1 linear objective coefficients
Variable types: 0 continuous, 2676 integer (2614 binary)
Coefficient statistics:
  Matrix range     [1e+00, 1e+00]
  Objective range  [1e+00, 1e+00]
  Bounds range     [1e+00, 8e+00]
  RHS range        [1e+00, 2e+01]

Presolve time: 0.00s

Explored 0 nodes (0 simplex iterations) in 0.00 seconds (0.00 work units)
Thread count was 1 (of 8 available processors)

Solution count 0

Model is infeasible
Best objective -, best bound -, gap -
    UNSAT | IdleRange(P*)=None | time=0.060011s | config=R-DC-IRP-GRB-MIP
    Excel: /home/dclng566/projects/Business-Meeting-Scheduling-Problem/output/gurobi/table06_excel/forumt-14crafd.fixed040-Forb.xlsx
Instance tic-14crafd.fixed020-Forb: 1 run(s)
[8/66] tic-14crafd.fixed020-Forb | reduced | gurobi_mip | P=native_linear | G=distance_closure | n/a
Set parameter WLSAccessID
Set parameter WLSSecret
Set parameter LicenseID to value 2663665
Academic license 2663665 - for non-commercial use only - registered to tu___@vnu.edu.vn
Set parameter OutputFlag to value 1
Set parameter Threads to value 1
Set parameter Seed to value 0
Set parameter MIPGap to value 0
Set parameter MIPGapAbs to value 0
Set parameter TimeLimit to value 7.1996348545079991e+03
Gurobi Optimizer version 13.0.2 build v13.0.2rc1 (linux64 - "Ubuntu 22.04.5 LTS")

CPU model: INTEL(R) XEON(R) PLATINUM 8581C CPU @ 2.30GHz, instruction set [SSE2|AVX|AVX2|AVX512]
Thread count: 4 physical cores, 8 logical processors, using up to 1 threads

Non-default parameters:
TimeLimit  7.1996348545079991e+03
MIPGap  0
MIPGapAbs  0
Threads  1

Academic license 2663665 - for non-commercial use only - registered to tu___@vnu.edu.vn
Optimize a model with 4789 rows, 3212 columns and 17882 nonzeros (Min)
Model fingerprint: 0x493c7ec0
Model has 1 linear objective coefficients
Variable types: 0 continuous, 3212 integer (3150 binary)
Coefficient statistics:
  Matrix range     [1e+00, 1e+00]
  Objective range  [1e+00, 1e+00]
  Bounds range     [1e+00, 8e+00]
  RHS range        [1e+00, 2e+01]

Presolve removed 3734 rows and 1632 columns
Presolve time: 0.03s
Presolved: 1055 rows, 1580 columns, 6504 nonzeros
Variable types: 0 continuous, 1580 integer (1565 binary)

Root relaxation: objective 3.000000e+00, 2037 iterations, 0.07 seconds (0.09 work units)

    Nodes    |    Current Node    |     Objective Bounds      |     Work
 Expl Unexpl |  Obj  Depth IntInf | Incumbent    BestBd   Gap | It/Node Time

     0     0    3.00000    0  218          -    3.00000      -     -    0s
     0     0    3.00000    0  222          -    3.00000      -     -    0s
     0     0    3.00000    0  209          -    3.00000      -     -    0s
     0     0    3.00000    0  183          -    3.00000      -     -    0s
*    0     0               0       3.0000000    3.00000  0.00%     -    0s

Cutting planes:
  Gomory: 16
  Clique: 2
  Zero half: 21

Explored 1 nodes (4897 simplex iterations) in 0.29 seconds (0.35 work units)
Thread count was 1 (of 8 available processors)

Solution count 1: 3 

Optimal solution found (tolerance 0.00e+00)
Best objective 3.000000000000e+00, best bound 3.000000000000e+00, gap 0.0000%
    SAT | IdleRange(P*)=3 | time=0.411349s | config=R-DC-IRP-GRB-MIP
    Excel: /home/dclng566/projects/Business-Meeting-Scheduling-Problem/output/gurobi/table06_excel/tic-14crafd.fixed020-Forb.xlsx
Instance forum-13crafb.fixed020-Forb: 1 run(s)
[9/66] forum-13crafb.fixed020-Forb | reduced | gurobi_mip | P=native_linear | G=distance_closure | n/a
Set parameter WLSAccessID
Set parameter WLSSecret
Set parameter LicenseID to value 2663665
Academic license 2663665 - for non-commercial use only - registered to tu___@vnu.edu.vn
Set parameter OutputFlag to value 1
Set parameter Threads to value 1
Set parameter Seed to value 0
Set parameter MIPGap to value 0
Set parameter MIPGapAbs to value 0
Set parameter TimeLimit to value 7199.549007224
Gurobi Optimizer version 13.0.2 build v13.0.2rc1 (linux64 - "Ubuntu 22.04.5 LTS")

CPU model: INTEL(R) XEON(R) PLATINUM 8581C CPU @ 2.30GHz, instruction set [SSE2|AVX|AVX2|AVX512]
Thread count: 4 physical cores, 8 logical processors, using up to 1 threads

Non-default parameters:
TimeLimit  7199.549007224
MIPGap  0
MIPGapAbs  0
Threads  1

Academic license 2663665 - for non-commercial use only - registered to tu___@vnu.edu.vn
Optimize a model with 8999 rows, 5763 columns and 31534 nonzeros (Min)
Model fingerprint: 0xf747881b
Model has 1 linear objective coefficients
Variable types: 0 continuous, 5763 integer (5704 binary)
Coefficient statistics:
  Matrix range     [1e+00, 1e+00]
  Objective range  [1e+00, 1e+00]
  Bounds range     [1e+00, 2e+01]
  RHS range        [1e+00, 4e+01]

Presolve removed 6290 rows and 2715 columns
Presolve time: 0.08s
Presolved: 2709 rows, 3048 columns, 13459 nonzeros
Variable types: 0 continuous, 3048 integer (3035 binary)
Found heuristic solution: objective 20.0000000
Found heuristic solution: objective 19.0000000

Root relaxation: objective 1.700000e+01, 3136 iterations, 0.11 seconds (0.15 work units)

    Nodes    |    Current Node    |     Objective Bounds      |     Work
 Expl Unexpl |  Obj  Depth IntInf | Incumbent    BestBd   Gap | It/Node Time

     0     0   17.00000    0   52   19.00000   17.00000  10.5%     -    0s
H    0     0                      18.0000000   17.00000  5.56%     -    0s
H    0     0                      17.0000000   17.00000  0.00%     -    0s
     0     0   17.00000    0   52   17.00000   17.00000  0.00%     -    0s

Explored 1 nodes (4253 simplex iterations) in 0.24 seconds (0.34 work units)
Thread count was 1 (of 8 available processors)

Solution count 4: 17 18 19 20 

Optimal solution found (tolerance 0.00e+00)
Best objective 1.700000000000e+01, best bound 1.700000000000e+01, gap 0.0000%
    SAT | IdleRange(P*)=17 | time=0.443376s | config=R-DC-IRP-GRB-MIP
    Excel: /home/dclng566/projects/Business-Meeting-Scheduling-Problem/output/gurobi/table06_excel/forum-13crafb.fixed020-Forb.xlsx
Instance tic-13crafc.forb0003: 1 run(s)
[10/66] tic-13crafc.forb0003 | reduced | gurobi_mip | P=native_linear | G=distance_closure | n/a
Set parameter WLSAccessID
Set parameter WLSSecret
Set parameter LicenseID to value 2663665
Academic license 2663665 - for non-commercial use only - registered to tu___@vnu.edu.vn
Set parameter OutputFlag to value 1
Set parameter Threads to value 1
Set parameter Seed to value 0
Set parameter MIPGap to value 0
Set parameter MIPGapAbs to value 0
Set parameter TimeLimit to value 7199.688820135
Gurobi Optimizer version 13.0.2 build v13.0.2rc1 (linux64 - "Ubuntu 22.04.5 LTS")

CPU model: INTEL(R) XEON(R) PLATINUM 8581C CPU @ 2.30GHz, instruction set [SSE2|AVX|AVX2|AVX512]
Thread count: 4 physical cores, 8 logical processors, using up to 1 threads

Non-default parameters:
TimeLimit  7199.688820135
MIPGap  0
MIPGapAbs  0
Threads  1

Academic license 2663665 - for non-commercial use only - registered to tu___@vnu.edu.vn
Optimize a model with 3740 rows, 3178 columns and 18103 nonzeros (Min)
Model fingerprint: 0x21a90018
Model has 1 linear objective coefficients
Variable types: 0 continuous, 3178 integer (3130 binary)
Coefficient statistics:
  Matrix range     [1e+00, 1e+00]
  Objective range  [1e+00, 1e+00]
  Bounds range     [1e+00, 6e+00]
  RHS range        [1e+00, 2e+01]

Presolve time: 0.00s

Explored 0 nodes (0 simplex iterations) in 0.00 seconds (0.00 work units)
Thread count was 1 (of 8 available processors)

Solution count 0

Model is infeasible
Best objective -, best bound -, gap -
    UNSAT | IdleRange(P*)=None | time=0.064074s | config=R-DC-IRP-GRB-MIP
    Excel: /home/dclng566/projects/Business-Meeting-Scheduling-Problem/output/gurobi/table06_excel/tic-13crafc.forb0003.xlsx
Instance forum-13.fixed040-Forb: 1 run(s)
[11/66] forum-13.fixed040-Forb | reduced | gurobi_mip | P=native_linear | G=distance_closure | n/a
Set parameter WLSAccessID
Set parameter WLSSecret
Set parameter LicenseID to value 2663665
Academic license 2663665 - for non-commercial use only - registered to tu___@vnu.edu.vn
Set parameter OutputFlag to value 1
Set parameter Threads to value 1
Set parameter Seed to value 0
Set parameter MIPGap to value 0
Set parameter MIPGapAbs to value 0
Set parameter TimeLimit to value 7199.656768338
Gurobi Optimizer version 13.0.2 build v13.0.2rc1 (linux64 - "Ubuntu 22.04.5 LTS")

CPU model: INTEL(R) XEON(R) PLATINUM 8581C CPU @ 2.30GHz, instruction set [SSE2|AVX|AVX2|AVX512]
Thread count: 4 physical cores, 8 logical processors, using up to 1 threads

Non-default parameters:
TimeLimit  7199.656768338
MIPGap  0
MIPGapAbs  0
Threads  1

Academic license 2663665 - for non-commercial use only - registered to tu___@vnu.edu.vn
Optimize a model with 7745 rows, 4528 columns and 23397 nonzeros (Min)
Model fingerprint: 0x0772574a
Model has 1 linear objective coefficients
Variable types: 0 continuous, 4528 integer (4467 binary)
Coefficient statistics:
  Matrix range     [1e+00, 1e+00]
  Objective range  [1e+00, 1e+00]
  Bounds range     [1e+00, 2e+01]
  RHS range        [1e+00, 4e+01]

Presolve removed 5927 rows and 2890 columns
Presolve time: 0.05s
Presolved: 1818 rows, 1638 columns, 7523 nonzeros
Variable types: 0 continuous, 1638 integer (1615 binary)
Found heuristic solution: objective 15.0000000
Found heuristic solution: objective 14.0000000

Root relaxation: objective 1.200000e+01, 1328 iterations, 0.02 seconds (0.02 work units)

    Nodes    |    Current Node    |     Objective Bounds      |     Work
 Expl Unexpl |  Obj  Depth IntInf | Incumbent    BestBd   Gap | It/Node Time

*    0     0               0      12.0000000   12.00000  0.00%     -    0s

Explored 1 nodes (1939 simplex iterations) in 0.08 seconds (0.11 work units)
Thread count was 1 (of 8 available processors)

Solution count 3: 12 14 15 

Optimal solution found (tolerance 0.00e+00)
Best objective 1.200000000000e+01, best bound 1.200000000000e+01, gap 0.0000%
    SAT | IdleRange(P*)=12 | time=0.180963s | config=R-DC-IRP-GRB-MIP
    Excel: /home/dclng566/projects/Business-Meeting-Scheduling-Problem/output/gurobi/table06_excel/forum-13.fixed040-Forb.xlsx
Instance tic-13.fixed040-Forb: 1 run(s)
[12/66] tic-13.fixed040-Forb | reduced | gurobi_mip | P=native_linear | G=distance_closure | n/a
Set parameter WLSAccessID
Set parameter WLSSecret
Set parameter LicenseID to value 2663665
Academic license 2663665 - for non-commercial use only - registered to tu___@vnu.edu.vn
Set parameter OutputFlag to value 1
Set parameter Threads to value 1
Set parameter Seed to value 0
Set parameter MIPGap to value 0
Set parameter MIPGapAbs to value 0
Set parameter TimeLimit to value 7199.687727503
Gurobi Optimizer version 13.0.2 build v13.0.2rc1 (linux64 - "Ubuntu 22.04.5 LTS")

CPU model: INTEL(R) XEON(R) PLATINUM 8581C CPU @ 2.30GHz, instruction set [SSE2|AVX|AVX2|AVX512]
Thread count: 4 physical cores, 8 logical processors, using up to 1 threads

Non-default parameters:
TimeLimit  7199.687727503
MIPGap  0
MIPGapAbs  0
Threads  1

Academic license 2663665 - for non-commercial use only - registered to tu___@vnu.edu.vn
Optimize a model with 3522 rows, 1966 columns and 10624 nonzeros (Min)
Model fingerprint: 0x16ab76d4
Model has 1 linear objective coefficients
Variable types: 0 continuous, 1966 integer (1918 binary)
Coefficient statistics:
  Matrix range     [1e+00, 1e+00]
  Objective range  [1e+00, 1e+00]
  Bounds range     [1e+00, 6e+00]
  RHS range        [1e+00, 2e+01]

Presolve removed 3016 rows and 1378 columns
Presolve time: 0.01s
Presolved: 506 rows, 588 columns, 2399 nonzeros
Variable types: 0 continuous, 588 integer (585 binary)

Root relaxation: objective 4.000000e+00, 720 iterations, 0.01 seconds (0.01 work units)

    Nodes    |    Current Node    |     Objective Bounds      |     Work
 Expl Unexpl |  Obj  Depth IntInf | Incumbent    BestBd   Gap | It/Node Time

H    0     0                       4.0000000    4.00000  0.00%     -    0s
     0     0    4.00000    0  269    4.00000    4.00000  0.00%     -    0s

Explored 1 nodes (720 simplex iterations) in 0.03 seconds (0.03 work units)
Thread count was 1 (of 8 available processors)

Solution count 1: 4 

Optimal solution found (tolerance 0.00e+00)
Best objective 4.000000000000e+00, best bound 4.000000000000e+00, gap 0.0000%
    SAT | IdleRange(P*)=4 | time=0.089822s | config=R-DC-IRP-GRB-MIP
    Excel: /home/dclng566/projects/Business-Meeting-Scheduling-Problem/output/gurobi/table06_excel/tic-13.fixed040-Forb.xlsx
Instance tic-13crafc.fixed040-Forb: 1 run(s)
[13/66] tic-13crafc.fixed040-Forb | reduced | gurobi_mip | P=native_linear | G=distance_closure | n/a
Set parameter WLSAccessID
Set parameter WLSSecret
Set parameter LicenseID to value 2663665
Academic license 2663665 - for non-commercial use only - registered to tu___@vnu.edu.vn
Set parameter OutputFlag to value 1
Set parameter Threads to value 1
Set parameter Seed to value 0
Set parameter MIPGap to value 0
Set parameter MIPGapAbs to value 0
Set parameter TimeLimit to value 7.1996870721020005e+03
Gurobi Optimizer version 13.0.2 build v13.0.2rc1 (linux64 - "Ubuntu 22.04.5 LTS")

CPU model: INTEL(R) XEON(R) PLATINUM 8581C CPU @ 2.30GHz, instruction set [SSE2|AVX|AVX2|AVX512]
Thread count: 4 physical cores, 8 logical processors, using up to 1 threads

Non-default parameters:
TimeLimit  7.1996870721020005e+03
MIPGap  0
MIPGapAbs  0
Threads  1

Academic license 2663665 - for non-commercial use only - registered to tu___@vnu.edu.vn
Optimize a model with 3522 rows, 1966 columns and 10624 nonzeros (Min)
Model fingerprint: 0x6cb66d25
Model has 1 linear objective coefficients
Variable types: 0 continuous, 1966 integer (1918 binary)
Coefficient statistics:
  Matrix range     [1e+00, 1e+00]
  Objective range  [1e+00, 1e+00]
  Bounds range     [1e+00, 6e+00]
  RHS range        [1e+00, 2e+01]

Presolve removed 3014 rows and 1378 columns
Presolve time: 0.01s
Presolved: 508 rows, 588 columns, 2478 nonzeros
Variable types: 0 continuous, 588 integer (585 binary)

Root relaxation: objective 4.000000e+00, 838 iterations, 0.01 seconds (0.02 work units)

    Nodes    |    Current Node    |     Objective Bounds      |     Work
 Expl Unexpl |  Obj  Depth IntInf | Incumbent    BestBd   Gap | It/Node Time

     0     0    4.00000    0   26          -    4.00000      -     -    0s
H    0     0                       4.0000000    4.00000  0.00%     -    0s

Explored 1 nodes (1149 simplex iterations) in 0.04 seconds (0.04 work units)
Thread count was 1 (of 8 available processors)

Solution count 1: 4 

Optimal solution found (tolerance 0.00e+00)
Best objective 4.000000000000e+00, best bound 4.000000000000e+00, gap 0.0000%
    SAT | IdleRange(P*)=4 | time=0.10026s | config=R-DC-IRP-GRB-MIP
    Excel: /home/dclng566/projects/Business-Meeting-Scheduling-Problem/output/gurobi/table06_excel/tic-13crafc.fixed040-Forb.xlsx
Instance tic-14crafa.fixed040-Forb: 1 run(s)
[14/66] tic-14crafa.fixed040-Forb | reduced | gurobi_mip | P=native_linear | G=distance_closure | n/a
Set parameter WLSAccessID
Set parameter WLSSecret
Set parameter LicenseID to value 2663665
Academic license 2663665 - for non-commercial use only - registered to tu___@vnu.edu.vn
Set parameter OutputFlag to value 1
Set parameter Threads to value 1
Set parameter Seed to value 0
Set parameter MIPGap to value 0
Set parameter MIPGapAbs to value 0
Set parameter TimeLimit to value 7199.691242883
Gurobi Optimizer version 13.0.2 build v13.0.2rc1 (linux64 - "Ubuntu 22.04.5 LTS")

CPU model: INTEL(R) XEON(R) PLATINUM 8581C CPU @ 2.30GHz, instruction set [SSE2|AVX|AVX2|AVX512]
Thread count: 4 physical cores, 8 logical processors, using up to 1 threads

Non-default parameters:
TimeLimit  7199.691242883
MIPGap  0
MIPGapAbs  0
Threads  1

Academic license 2663665 - for non-commercial use only - registered to tu___@vnu.edu.vn
Optimize a model with 4655 rows, 2712 columns and 14775 nonzeros (Min)
Model fingerprint: 0xb53d45ad
Model has 1 linear objective coefficients
Variable types: 0 continuous, 2712 integer (2650 binary)
Coefficient statistics:
  Matrix range     [1e+00, 1e+00]
  Objective range  [1e+00, 1e+00]
  Bounds range     [1e+00, 7e+00]
  RHS range        [1e+00, 3e+01]

Presolve time: 0.00s

Explored 0 nodes (0 simplex iterations) in 0.00 seconds (0.00 work units)
Thread count was 1 (of 8 available processors)

Solution count 0

Model is infeasible
Best objective -, best bound -, gap -
    UNSAT | IdleRange(P*)=None | time=0.061295s | config=R-DC-IRP-GRB-MIP
    Excel: /home/dclng566/projects/Business-Meeting-Scheduling-Problem/output/gurobi/table06_excel/tic-14crafa.fixed040-Forb.xlsx
Instance tic-12crafc.fixed020-Forb: 1 run(s)
[15/66] tic-12crafc.fixed020-Forb | reduced | gurobi_mip | P=native_linear | G=distance_closure | n/a
Set parameter WLSAccessID
Set parameter WLSSecret
Set parameter LicenseID to value 2663665
Academic license 2663665 - for non-commercial use only - registered to tu___@vnu.edu.vn
Set parameter OutputFlag to value 1
Set parameter Threads to value 1
Set parameter Seed to value 0
Set parameter MIPGap to value 0
Set parameter MIPGapAbs to value 0
Set parameter TimeLimit to value 7.1997005278599991e+03
Gurobi Optimizer version 13.0.2 build v13.0.2rc1 (linux64 - "Ubuntu 22.04.5 LTS")

CPU model: INTEL(R) XEON(R) PLATINUM 8581C CPU @ 2.30GHz, instruction set [SSE2|AVX|AVX2|AVX512]
Thread count: 4 physical cores, 8 logical processors, using up to 1 threads

Non-default parameters:
TimeLimit  7.1997005278599991e+03
MIPGap  0
MIPGapAbs  0
Threads  1

Academic license 2663665 - for non-commercial use only - registered to tu___@vnu.edu.vn
Optimize a model with 2501 rows, 1565 columns and 8535 nonzeros (Min)
Model fingerprint: 0xf9810c02
Model has 1 linear objective coefficients
Variable types: 0 continuous, 1565 integer (1523 binary)
Coefficient statistics:
  Matrix range     [1e+00, 1e+00]
  Objective range  [1e+00, 1e+00]
  Bounds range     [1e+00, 6e+00]
  RHS range        [1e+00, 2e+01]

Presolve removed 1946 rows and 884 columns
Presolve time: 0.01s
Presolved: 555 rows, 681 columns, 2845 nonzeros
Variable types: 0 continuous, 681 integer (674 binary)

Root relaxation: objective 4.000000e+00, 843 iterations, 0.01 seconds (0.02 work units)

    Nodes    |    Current Node    |     Objective Bounds      |     Work
 Expl Unexpl |  Obj  Depth IntInf | Incumbent    BestBd   Gap | It/Node Time

     0     0    4.00000    0   51          -    4.00000      -     -    0s
H    0     0                       4.0000000    4.00000  0.00%     -    0s
     0     0    4.00000    0   51    4.00000    4.00000  0.00%     -    0s

Explored 1 nodes (1480 simplex iterations) in 0.04 seconds (0.05 work units)
Thread count was 1 (of 8 available processors)

Solution count 1: 4 

Optimal solution found (tolerance 0.00e+00)
Best objective 4.000000000000e+00, best bound 4.000000000000e+00, gap 0.0000%
    SAT | IdleRange(P*)=4 | time=0.094809s | config=R-DC-IRP-GRB-MIP
    Excel: /home/dclng566/projects/Business-Meeting-Scheduling-Problem/output/gurobi/table06_excel/tic-12crafc.fixed020-Forb.xlsx
Instance tic-13.forb0007: 1 run(s)
[16/66] tic-13.forb0007 | reduced | gurobi_mip | P=native_linear | G=distance_closure | n/a
Set parameter WLSAccessID
Set parameter WLSSecret
Set parameter LicenseID to value 2663665
Academic license 2663665 - for non-commercial use only - registered to tu___@vnu.edu.vn
Set parameter OutputFlag to value 1
Set parameter Threads to value 1
Set parameter Seed to value 0
Set parameter MIPGap to value 0
Set parameter MIPGapAbs to value 0
Set parameter TimeLimit to value 7199.691151133
Gurobi Optimizer version 13.0.2 build v13.0.2rc1 (linux64 - "Ubuntu 22.04.5 LTS")

CPU model: INTEL(R) XEON(R) PLATINUM 8581C CPU @ 2.30GHz, instruction set [SSE2|AVX|AVX2|AVX512]
Thread count: 4 physical cores, 8 logical processors, using up to 1 threads

Non-default parameters:
TimeLimit  7199.691151133
MIPGap  0
MIPGapAbs  0
Threads  1

Academic license 2663665 - for non-commercial use only - registered to tu___@vnu.edu.vn
Optimize a model with 3728 rows, 3158 columns and 17973 nonzeros (Min)
Model fingerprint: 0xf13f491a
Model has 1 linear objective coefficients
Variable types: 0 continuous, 3158 integer (3110 binary)
Coefficient statistics:
  Matrix range     [1e+00, 1e+00]
  Objective range  [1e+00, 1e+00]
  Bounds range     [1e+00, 6e+00]
  RHS range        [1e+00, 2e+01]

Presolve time: 0.00s

Explored 0 nodes (0 simplex iterations) in 0.00 seconds (0.00 work units)
Thread count was 1 (of 8 available processors)

Solution count 0

Model is infeasible
Best objective -, best bound -, gap -
    UNSAT | IdleRange(P*)=None | time=0.061332s | config=R-DC-IRP-GRB-MIP
    Excel: /home/dclng566/projects/Business-Meeting-Scheduling-Problem/output/gurobi/table06_excel/tic-13.forb0007.xlsx
Instance forum-13crafb.fixed040-Forb: 1 run(s)
[17/66] forum-13crafb.fixed040-Forb | reduced | gurobi_mip | P=native_linear | G=distance_closure | n/a
Set parameter WLSAccessID
Set parameter WLSSecret
Set parameter LicenseID to value 2663665
Academic license 2663665 - for non-commercial use only - registered to tu___@vnu.edu.vn
Set parameter OutputFlag to value 1
Set parameter Threads to value 1
Set parameter Seed to value 0
Set parameter MIPGap to value 0
Set parameter MIPGapAbs to value 0
Set parameter TimeLimit to value 7.1996682523730005e+03
Gurobi Optimizer version 13.0.2 build v13.0.2rc1 (linux64 - "Ubuntu 22.04.5 LTS")

CPU model: INTEL(R) XEON(R) PLATINUM 8581C CPU @ 2.30GHz, instruction set [SSE2|AVX|AVX2|AVX512]
Thread count: 4 physical cores, 8 logical processors, using up to 1 threads

Non-default parameters:
TimeLimit  7.1996682523730005e+03
MIPGap  0
MIPGapAbs  0
Threads  1

Academic license 2663665 - for non-commercial use only - registered to tu___@vnu.edu.vn
Optimize a model with 8986 rows, 5482 columns and 29874 nonzeros (Min)
Model fingerprint: 0xdd7229e5
Model has 1 linear objective coefficients
Variable types: 0 continuous, 5482 integer (5423 binary)
Coefficient statistics:
  Matrix range     [1e+00, 1e+00]
  Objective range  [1e+00, 1e+00]
  Bounds range     [1e+00, 2e+01]
  RHS range        [1e+00, 4e+01]

Presolve time: 0.00s

Explored 0 nodes (0 simplex iterations) in 0.00 seconds (0.00 work units)
Thread count was 1 (of 8 available processors)

Solution count 0

Model is infeasible
Best objective -, best bound -, gap -
    UNSAT | IdleRange(P*)=None | time=0.08659s | config=R-DC-IRP-GRB-MIP
    Excel: /home/dclng566/projects/Business-Meeting-Scheduling-Problem/output/gurobi/table06_excel/forum-13crafb.fixed040-Forb.xlsx
Instance forumt-14.forb0007: 1 run(s)
[18/66] forumt-14.forb0007 | reduced | gurobi_mip | P=native_linear | G=distance_closure | n/a
Set parameter WLSAccessID
Set parameter WLSSecret
Set parameter LicenseID to value 2663665
Academic license 2663665 - for non-commercial use only - registered to tu___@vnu.edu.vn
Set parameter OutputFlag to value 1
Set parameter Threads to value 1
Set parameter Seed to value 0
Set parameter MIPGap to value 0
Set parameter MIPGapAbs to value 0
Set parameter TimeLimit to value 7199.694298544
Gurobi Optimizer version 13.0.2 build v13.0.2rc1 (linux64 - "Ubuntu 22.04.5 LTS")

CPU model: INTEL(R) XEON(R) PLATINUM 8581C CPU @ 2.30GHz, instruction set [SSE2|AVX|AVX2|AVX512]
Thread count: 4 physical cores, 8 logical processors, using up to 1 threads

Non-default parameters:
TimeLimit  7199.694298544
MIPGap  0
MIPGapAbs  0
Threads  1

Academic license 2663665 - for non-commercial use only - registered to tu___@vnu.edu.vn
Optimize a model with 4885 rows, 4159 columns and 23660 nonzeros (Min)
Model fingerprint: 0x93077c7b
Model has 1 linear objective coefficients
Variable types: 0 continuous, 4159 integer (4097 binary)
Coefficient statistics:
  Matrix range     [1e+00, 1e+00]
  Objective range  [1e+00, 1e+00]
  Bounds range     [1e+00, 7e+00]
  RHS range        [1e+00, 3e+01]

Presolve time: 0.00s

Explored 0 nodes (0 simplex iterations) in 0.00 seconds (0.00 work units)
Thread count was 1 (of 8 available processors)

Solution count 0

Model is infeasible
Best objective -, best bound -, gap -
    UNSAT | IdleRange(P*)=None | time=0.059057s | config=R-DC-IRP-GRB-MIP
    Excel: /home/dclng566/projects/Business-Meeting-Scheduling-Problem/output/gurobi/table06_excel/forumt-14.forb0007.xlsx
Instance forumt-14crafc.fixed040-Forb: 1 run(s)
[19/66] forumt-14crafc.fixed040-Forb | reduced | gurobi_mip | P=native_linear | G=distance_closure | n/a
Set parameter WLSAccessID
Set parameter WLSSecret
Set parameter LicenseID to value 2663665
Academic license 2663665 - for non-commercial use only - registered to tu___@vnu.edu.vn
Set parameter OutputFlag to value 1
Set parameter Threads to value 1
Set parameter Seed to value 0
Set parameter MIPGap to value 0
Set parameter MIPGapAbs to value 0
Set parameter TimeLimit to value 7.1996946048180007e+03
Gurobi Optimizer version 13.0.2 build v13.0.2rc1 (linux64 - "Ubuntu 22.04.5 LTS")

CPU model: INTEL(R) XEON(R) PLATINUM 8581C CPU @ 2.30GHz, instruction set [SSE2|AVX|AVX2|AVX512]
Thread count: 4 physical cores, 8 logical processors, using up to 1 threads

Non-default parameters:
TimeLimit  7.1996946048180007e+03
MIPGap  0
MIPGapAbs  0
Threads  1

Academic license 2663665 - for non-commercial use only - registered to tu___@vnu.edu.vn
Optimize a model with 4662 rows, 2811 columns and 15385 nonzeros (Min)
Model fingerprint: 0x9e581c21
Model has 1 linear objective coefficients
Variable types: 0 continuous, 2811 integer (2749 binary)
Coefficient statistics:
  Matrix range     [1e+00, 1e+00]
  Objective range  [1e+00, 1e+00]
  Bounds range     [1e+00, 7e+00]
  RHS range        [1e+00, 2e+01]

Presolve time: 0.00s

Explored 0 nodes (0 simplex iterations) in 0.00 seconds (0.00 work units)
Thread count was 1 (of 8 available processors)

Solution count 0

Model is infeasible
Best objective -, best bound -, gap -
    UNSAT | IdleRange(P*)=None | time=0.058018s | config=R-DC-IRP-GRB-MIP
    Excel: /home/dclng566/projects/Business-Meeting-Scheduling-Problem/output/gurobi/table06_excel/forumt-14crafc.fixed040-Forb.xlsx
Instance tic-13crafb.forb0007: 1 run(s)
[20/66] tic-13crafb.forb0007 | reduced | gurobi_mip | P=native_linear | G=distance_closure | n/a
Set parameter WLSAccessID
Set parameter WLSSecret
Set parameter LicenseID to value 2663665
Academic license 2663665 - for non-commercial use only - registered to tu___@vnu.edu.vn
Set parameter OutputFlag to value 1
Set parameter Threads to value 1
Set parameter Seed to value 0
Set parameter MIPGap to value 0
Set parameter MIPGapAbs to value 0
Set parameter TimeLimit to value 7.1996675719290006e+03
Gurobi Optimizer version 13.0.2 build v13.0.2rc1 (linux64 - "Ubuntu 22.04.5 LTS")

CPU model: INTEL(R) XEON(R) PLATINUM 8581C CPU @ 2.30GHz, instruction set [SSE2|AVX|AVX2|AVX512]
Thread count: 4 physical cores, 8 logical processors, using up to 1 threads

Non-default parameters:
TimeLimit  7.1996675719290006e+03
MIPGap  0
MIPGapAbs  0
Threads  1

Academic license 2663665 - for non-commercial use only - registered to tu___@vnu.edu.vn
Optimize a model with 3653 rows, 3170 columns and 18046 nonzeros (Min)
Model fingerprint: 0x54ff9caf
Model has 1 linear objective coefficients
Variable types: 0 continuous, 3170 integer (3123 binary)
Coefficient statistics:
  Matrix range     [1e+00, 1e+00]
  Objective range  [1e+00, 1e+00]
  Bounds range     [1e+00, 8e+00]
  RHS range        [1e+00, 2e+01]

Presolve time: 0.00s

Explored 0 nodes (0 simplex iterations) in 0.00 seconds (0.00 work units)
Thread count was 1 (of 8 available processors)

Solution count 0

Model is infeasible
Best objective -, best bound -, gap -
    UNSAT | IdleRange(P*)=None | time=0.084906s | config=R-DC-IRP-GRB-MIP
    Excel: /home/dclng566/projects/Business-Meeting-Scheduling-Problem/output/gurobi/table06_excel/tic-13crafb.forb0007.xlsx
Instance forumt-14crafe.fixed040-Forb: 1 run(s)
[21/66] forumt-14crafe.fixed040-Forb | reduced | gurobi_mip | P=native_linear | G=distance_closure | n/a
Set parameter WLSAccessID
Set parameter WLSSecret
Set parameter LicenseID to value 2663665
Academic license 2663665 - for non-commercial use only - registered to tu___@vnu.edu.vn
Set parameter OutputFlag to value 1
Set parameter Threads to value 1
Set parameter Seed to value 0
Set parameter MIPGap to value 0
Set parameter MIPGapAbs to value 0
Set parameter TimeLimit to value 7199.691998356
Gurobi Optimizer version 13.0.2 build v13.0.2rc1 (linux64 - "Ubuntu 22.04.5 LTS")

CPU model: INTEL(R) XEON(R) PLATINUM 8581C CPU @ 2.30GHz, instruction set [SSE2|AVX|AVX2|AVX512]
Thread count: 4 physical cores, 8 logical processors, using up to 1 threads

Non-default parameters:
TimeLimit  7199.691998356
MIPGap  0
MIPGapAbs  0
Threads  1

Academic license 2663665 - for non-commercial use only - registered to tu___@vnu.edu.vn
Optimize a model with 4574 rows, 2676 columns and 14492 nonzeros (Min)
Model fingerprint: 0xcd12e7e3
Model has 1 linear objective coefficients
Variable types: 0 continuous, 2676 integer (2614 binary)
Coefficient statistics:
  Matrix range     [1e+00, 1e+00]
  Objective range  [1e+00, 1e+00]
  Bounds range     [1e+00, 8e+00]
  RHS range        [1e+00, 2e+01]

Presolve time: 0.00s

Explored 0 nodes (0 simplex iterations) in 0.00 seconds (0.00 work units)
Thread count was 1 (of 8 available processors)

Solution count 0

Model is infeasible
Best objective -, best bound -, gap -
    UNSAT | IdleRange(P*)=None | time=0.060887s | config=R-DC-IRP-GRB-MIP
    Excel: /home/dclng566/projects/Business-Meeting-Scheduling-Problem/output/gurobi/table06_excel/forumt-14crafe.fixed040-Forb.xlsx
Instance tic-12.fixed040-Forb: 1 run(s)
[22/66] tic-12.fixed040-Forb | reduced | gurobi_mip | P=native_linear | G=distance_closure | n/a
Set parameter WLSAccessID
Set parameter WLSSecret
Set parameter LicenseID to value 2663665
Academic license 2663665 - for non-commercial use only - registered to tu___@vnu.edu.vn
Set parameter OutputFlag to value 1
Set parameter Threads to value 1
Set parameter Seed to value 0
Set parameter MIPGap to value 0
Set parameter MIPGapAbs to value 0
Set parameter TimeLimit to value 7.1997204740430006e+03
Gurobi Optimizer version 13.0.2 build v13.0.2rc1 (linux64 - "Ubuntu 22.04.5 LTS")

CPU model: INTEL(R) XEON(R) PLATINUM 8581C CPU @ 2.30GHz, instruction set [SSE2|AVX|AVX2|AVX512]
Thread count: 4 physical cores, 8 logical processors, using up to 1 threads

Non-default parameters:
TimeLimit  7.1997204740430006e+03
MIPGap  0
MIPGapAbs  0
Threads  1

Academic license 2663665 - for non-commercial use only - registered to tu___@vnu.edu.vn
Optimize a model with 2523 rows, 1520 columns and 8283 nonzeros (Min)
Model fingerprint: 0x106da359
Model has 1 linear objective coefficients
Variable types: 0 continuous, 1520 integer (1478 binary)
Coefficient statistics:
  Matrix range     [1e+00, 1e+00]
  Objective range  [1e+00, 1e+00]
  Bounds range     [1e+00, 6e+00]
  RHS range        [1e+00, 2e+01]

Presolve time: 0.00s

Explored 0 nodes (0 simplex iterations) in 0.00 seconds (0.00 work units)
Thread count was 1 (of 8 available processors)

Solution count 0

Model is infeasible
Best objective -, best bound -, gap -
    UNSAT | IdleRange(P*)=None | time=0.031442s | config=R-DC-IRP-GRB-MIP
    Excel: /home/dclng566/projects/Business-Meeting-Scheduling-Problem/output/gurobi/table06_excel/tic-12.fixed040-Forb.xlsx
Instance forum-13crafc.forb0003: 1 run(s)
[23/66] forum-13crafc.forb0003 | reduced | gurobi_mip | P=native_linear | G=distance_closure | n/a
Set parameter WLSAccessID
Set parameter WLSSecret
Set parameter LicenseID to value 2663665
Academic license 2663665 - for non-commercial use only - registered to tu___@vnu.edu.vn
Set parameter OutputFlag to value 1
Set parameter Threads to value 1
Set parameter Seed to value 0
Set parameter MIPGap to value 0
Set parameter MIPGapAbs to value 0
Set parameter TimeLimit to value 7.1995986681279992e+03
Gurobi Optimizer version 13.0.2 build v13.0.2rc1 (linux64 - "Ubuntu 22.04.5 LTS")

CPU model: INTEL(R) XEON(R) PLATINUM 8581C CPU @ 2.30GHz, instruction set [SSE2|AVX|AVX2|AVX512]
Thread count: 4 physical cores, 8 logical processors, using up to 1 threads

Non-default parameters:
TimeLimit  7.1995986681279992e+03
MIPGap  0
MIPGapAbs  0
Threads  1

Academic license 2663665 - for non-commercial use only - registered to tu___@vnu.edu.vn
Optimize a model with 9098 rows, 6063 columns and 33489 nonzeros (Min)
Model fingerprint: 0x518a387a
Model has 1 linear objective coefficients
Variable types: 0 continuous, 6063 integer (6002 binary)
Coefficient statistics:
  Matrix range     [1e+00, 1e+00]
  Objective range  [1e+00, 1e+00]
  Bounds range     [1e+00, 2e+01]
  RHS range        [1e+00, 4e+01]

Presolve removed 1609 rows and 548 columns
Presolve time: 0.04s
Presolved: 7489 rows, 5515 columns, 26902 nonzeros
Variable types: 0 continuous, 5515 integer (5455 binary)
Found heuristic solution: objective 15.0000000

Root relaxation: objective 0.000000e+00, 11603 iterations, 1.30 seconds (2.02 work units)

    Nodes    |    Current Node    |     Objective Bounds      |     Work
 Expl Unexpl |  Obj  Depth IntInf | Incumbent    BestBd   Gap | It/Node Time

     0     0    0.00000    0 2221   15.00000    0.00000   100%     -    2s
     0     0    0.00000    0 1683   15.00000    0.00000   100%     -    2s
H    0     0                      14.0000000    0.00000   100%     -    2s
H    0     0                      13.0000000    0.00000   100%     -    2s
     0     0    0.00000    0 1683   13.00000    0.00000   100%     -    2s
     0     0    0.00000    0 1771   13.00000    0.00000   100%     -    4s
H    0     0                      12.0000000    0.00000   100%     -    4s
H    0     0                       9.0000000    0.00000   100%     -    4s
     0     0    0.00000    0 1579    9.00000    0.00000   100%     -    5s
H    0     0                       8.0000000    0.00000   100%     -    5s
     0     0    0.00000    0 1539    8.00000    0.00000   100%     -    5s
     0     0    0.00000    0 1396    8.00000    0.00000   100%     -    6s
     0     0    0.00000    0  806    8.00000    0.00000   100%     -    7s
H    0     0                       7.0000000    0.00000   100%     -    7s
H    0     0                       6.0000000    0.00000   100%     -    7s
     0     0    0.00000    0 1138    6.00000    0.00000   100%     -    7s
     0     0    0.00000    0 1138    6.00000    0.00000   100%     -    7s
     0     0    0.00000    0  993    6.00000    0.00000   100%     -    9s
H    0     0                       5.0000000    0.00000   100%     -    9s
     0     0    0.00000    0  982    5.00000    0.00000   100%     -    9s
     0     0    0.00000    0  977    5.00000    0.00000   100%     -    9s
     0     0    0.00000    0  890    5.00000    0.00000   100%     -    9s
     0     0    0.00000    0  513    5.00000    0.00000   100%     -   10s
     0     0    0.00000    0  470    5.00000    0.00000   100%     -   10s
     0     0    0.00000    0  716    5.00000    0.00000   100%     -   10s
     0     0    0.00000    0  659    5.00000    0.00000   100%     -   11s
     0     0    0.00000    0  657    5.00000    0.00000   100%     -   11s
     0     0    0.00000    0  474    5.00000    0.00000   100%     -   12s
H    0     0                       4.0000000    0.00000   100%     -   12s
     0     2    0.00000    0  474    4.00000    0.00000   100%     -   13s
H    1     1                       3.0000000    0.00000   100%   0.0   13s
H    2     2                       2.0000000    0.00000   100%  71.0   13s
H    4     4                       1.0000000    0.00000   100%   359   13s
H    7     5                       0.0000000    0.00000  0.00%   350   13s

Cutting planes:
  Implied bound: 31
  Clique: 12
  MIR: 2
  Flow cover: 25
  Zero half: 38
  RLT: 129
  Relax-and-lift: 138
  BQP: 5

Explored 8 nodes (117165 simplex iterations) in 13.89 seconds (21.25 work units)
Thread count was 1 (of 8 available processors)

Solution count 10: 0 1 2 ... 9

Optimal solution found (tolerance 0.00e+00)
Best objective 0.000000000000e+00, best bound 0.000000000000e+00, gap 0.0000%
    SAT | IdleRange(P*)=0 | time=14.044732s | config=R-DC-IRP-GRB-MIP
    Excel: /home/dclng566/projects/Business-Meeting-Scheduling-Problem/output/gurobi/table06_excel/forum-13crafc.forb0003.xlsx
Instance tic-14crafa.fixed020-Forb: 1 run(s)
[24/66] tic-14crafa.fixed020-Forb | reduced | gurobi_mip | P=native_linear | G=distance_closure | n/a
Set parameter WLSAccessID
Set parameter WLSSecret
Set parameter LicenseID to value 2663665
Academic license 2663665 - for non-commercial use only - registered to tu___@vnu.edu.vn
Set parameter OutputFlag to value 1
Set parameter Threads to value 1
Set parameter Seed to value 0
Set parameter MIPGap to value 0
Set parameter MIPGapAbs to value 0
Set parameter TimeLimit to value 7.1996382520749994e+03
Gurobi Optimizer version 13.0.2 build v13.0.2rc1 (linux64 - "Ubuntu 22.04.5 LTS")

CPU model: INTEL(R) XEON(R) PLATINUM 8581C CPU @ 2.30GHz, instruction set [SSE2|AVX|AVX2|AVX512]
Thread count: 4 physical cores, 8 logical processors, using up to 1 threads

Non-default parameters:
TimeLimit  7.1996382520749994e+03
MIPGap  0
MIPGapAbs  0
Threads  1

Academic license 2663665 - for non-commercial use only - registered to tu___@vnu.edu.vn
Optimize a model with 4804 rows, 3220 columns and 17959 nonzeros (Min)
Model fingerprint: 0x31219bc1
Model has 1 linear objective coefficients
Variable types: 0 continuous, 3220 integer (3158 binary)
Coefficient statistics:
  Matrix range     [1e+00, 1e+00]
  Objective range  [1e+00, 1e+00]
  Bounds range     [1e+00, 7e+00]
  RHS range        [1e+00, 3e+01]

Presolve removed 3712 rows and 1602 columns
Presolve time: 0.03s
Presolved: 1092 rows, 1618 columns, 6606 nonzeros
Variable types: 0 continuous, 1618 integer (1600 binary)

Root relaxation: objective 2.000000e+00, 2251 iterations, 0.07 seconds (0.11 work units)

    Nodes    |    Current Node    |     Objective Bounds      |     Work
 Expl Unexpl |  Obj  Depth IntInf | Incumbent    BestBd   Gap | It/Node Time

     0     0    2.00000    0  303          -    2.00000      -     -    0s
H    0     0                       5.0000000    2.00000  60.0%     -    0s
     0     0    2.00000    0  290    5.00000    2.00000  60.0%     -    0s
H    0     0                       4.0000000    2.00000  50.0%     -    0s
H    0     0                       2.0000000    2.00000  0.00%     -    0s
     0     0    2.00000    0  290    2.00000    2.00000  0.00%     -    0s

Cutting planes:
  Implied bound: 1
  Clique: 2
  MIR: 1
  Zero half: 2
  PSD: 1

Explored 1 nodes (4054 simplex iterations) in 0.25 seconds (0.29 work units)
Thread count was 1 (of 8 available processors)

Solution count 3: 2 4 5 

Optimal solution found (tolerance 0.00e+00)
Best objective 2.000000000000e+00, best bound 2.000000000000e+00, gap 0.0000%
    SAT | IdleRange(P*)=2 | time=0.362112s | config=R-DC-IRP-GRB-MIP
    Excel: /home/dclng566/projects/Business-Meeting-Scheduling-Problem/output/gurobi/table06_excel/tic-14crafa.fixed020-Forb.xlsx
Instance tic-13crafc.fixed020-Forb: 1 run(s)
[25/66] tic-13crafc.fixed020-Forb | reduced | gurobi_mip | P=native_linear | G=distance_closure | n/a
Set parameter WLSAccessID
Set parameter WLSSecret
Set parameter LicenseID to value 2663665
Academic license 2663665 - for non-commercial use only - registered to tu___@vnu.edu.vn
Set parameter OutputFlag to value 1
Set parameter Threads to value 1
Set parameter Seed to value 0
Set parameter MIPGap to value 0
Set parameter MIPGapAbs to value 0
Set parameter TimeLimit to value 7.1996638539979995e+03
Gurobi Optimizer version 13.0.2 build v13.0.2rc1 (linux64 - "Ubuntu 22.04.5 LTS")

CPU model: INTEL(R) XEON(R) PLATINUM 8581C CPU @ 2.30GHz, instruction set [SSE2|AVX|AVX2|AVX512]
Thread count: 4 physical cores, 8 logical processors, using up to 1 threads

Non-default parameters:
TimeLimit  7.1996638539979995e+03
MIPGap  0
MIPGapAbs  0
Threads  1

Academic license 2663665 - for non-commercial use only - registered to tu___@vnu.edu.vn
Optimize a model with 3669 rows, 2466 columns and 13759 nonzeros (Min)
Model fingerprint: 0x8d8e1f78
Model has 1 linear objective coefficients
Variable types: 0 continuous, 2466 integer (2418 binary)
Coefficient statistics:
  Matrix range     [1e+00, 1e+00]
  Objective range  [1e+00, 1e+00]
  Bounds range     [1e+00, 6e+00]
  RHS range        [1e+00, 2e+01]

Presolve removed 2886 rows and 1220 columns
Presolve time: 0.02s
Presolved: 783 rows, 1246 columns, 4977 nonzeros
Variable types: 0 continuous, 1246 integer (1237 binary)

Root relaxation: objective 3.000000e+00, 1883 iterations, 0.05 seconds (0.07 work units)

    Nodes    |    Current Node    |     Objective Bounds      |     Work
 Expl Unexpl |  Obj  Depth IntInf | Incumbent    BestBd   Gap | It/Node Time

     0     0    3.00000    0  103          -    3.00000      -     -    0s
H    0     0                       4.0000000    3.00000  25.0%     -    0s
H    0     0                       3.0000000    3.00000  0.00%     -    0s
     0     0    3.00000    0  103    3.00000    3.00000  0.00%     -    0s

Explored 1 nodes (3089 simplex iterations) in 0.12 seconds (0.16 work units)
Thread count was 1 (of 8 available processors)

Solution count 2: 3 4 

Optimal solution found (tolerance 0.00e+00)
Best objective 3.000000000000e+00, best bound 3.000000000000e+00, gap 0.0000%
    SAT | IdleRange(P*)=3 | time=0.208129s | config=R-DC-IRP-GRB-MIP
    Excel: /home/dclng566/projects/Business-Meeting-Scheduling-Problem/output/gurobi/table06_excel/tic-13crafc.fixed020-Forb.xlsx
Instance forumt-14crafc.fixed020-Forb: 1 run(s)
[26/66] forumt-14crafc.fixed020-Forb | reduced | gurobi_mip | P=native_linear | G=distance_closure | n/a
Set parameter WLSAccessID
Set parameter WLSSecret
Set parameter LicenseID to value 2663665
Academic license 2663665 - for non-commercial use only - registered to tu___@vnu.edu.vn
Set parameter OutputFlag to value 1
Set parameter Threads to value 1
Set parameter Seed to value 0
Set parameter MIPGap to value 0
Set parameter MIPGapAbs to value 0
Set parameter TimeLimit to value 7.1996409429170008e+03
Gurobi Optimizer version 13.0.2 build v13.0.2rc1 (linux64 - "Ubuntu 22.04.5 LTS")

CPU model: INTEL(R) XEON(R) PLATINUM 8581C CPU @ 2.30GHz, instruction set [SSE2|AVX|AVX2|AVX512]
Thread count: 4 physical cores, 8 logical processors, using up to 1 threads

Non-default parameters:
TimeLimit  7.1996409429170008e+03
MIPGap  0
MIPGapAbs  0
Threads  1

Academic license 2663665 - for non-commercial use only - registered to tu___@vnu.edu.vn
Optimize a model with 4715 rows, 3135 columns and 17377 nonzeros (Min)
Model fingerprint: 0xe840fcab
Model has 1 linear objective coefficients
Variable types: 0 continuous, 3135 integer (3073 binary)
Coefficient statistics:
  Matrix range     [1e+00, 1e+00]
  Objective range  [1e+00, 1e+00]
  Bounds range     [1e+00, 7e+00]
  RHS range        [1e+00, 2e+01]

Presolve removed 3650 rows and 1599 columns
Presolve time: 0.03s
Presolved: 1065 rows, 1536 columns, 6271 nonzeros
Variable types: 0 continuous, 1536 integer (1516 binary)

Root relaxation: objective 2.000000e+00, 2133 iterations, 0.07 seconds (0.10 work units)

    Nodes    |    Current Node    |     Objective Bounds      |     Work
 Expl Unexpl |  Obj  Depth IntInf | Incumbent    BestBd   Gap | It/Node Time

     0     0    2.00000    0   90          -    2.00000      -     -    0s
H    0     0                       4.0000000    2.00000  50.0%     -    0s
     0     0    2.00000    0  403    4.00000    2.00000  50.0%     -    0s
     0     0    2.00000    0  385    4.00000    2.00000  50.0%     -    0s
     0     0    2.00000    0  302    4.00000    2.00000  50.0%     -    0s
     0     0    2.00000    0  143    4.00000    2.00000  50.0%     -    0s
     0     0    2.00000    0  200    4.00000    2.00000  50.0%     -    0s
     0     0    2.00000    0  134    4.00000    2.00000  50.0%     -    0s
     0     0    2.00000    0  265    4.00000    2.00000  50.0%     -    0s
     0     0    2.00000    0  180    4.00000    2.00000  50.0%     -    0s
     0     0    2.00000    0  176    4.00000    2.00000  50.0%     -    0s
     0     0    2.00000    0  219    4.00000    2.00000  50.0%     -    0s
     0     0    2.00000    0  190    4.00000    2.00000  50.0%     -    0s
     0     0    2.00000    0  190    4.00000    2.00000  50.0%     -    0s
     0     0    2.00000    0  190    4.00000    2.00000  50.0%     -    0s
     0     0    2.00000    0  190    4.00000    2.00000  50.0%     -    0s
     0     2    2.00000    0  190    4.00000    2.00000  50.0%     -    0s
H    3     3                       2.0000000    2.00000  0.00%   251    1s

Cutting planes:
  Cover: 1
  Implied bound: 3
  Clique: 10
  MIR: 1
  Flow cover: 1
  Zero half: 4
  RLT: 5
  Relax-and-lift: 7

Explored 4 nodes (19544 simplex iterations) in 1.03 seconds (1.36 work units)
Thread count was 1 (of 8 available processors)

Solution count 2: 2 4 

Optimal solution found (tolerance 0.00e+00)
Best objective 2.000000000000e+00, best bound 2.000000000000e+00, gap 0.0000%
    SAT | IdleRange(P*)=2 | time=1.146018s | config=R-DC-IRP-GRB-MIP
    Excel: /home/dclng566/projects/Business-Meeting-Scheduling-Problem/output/gurobi/table06_excel/forumt-14crafc.fixed020-Forb.xlsx
Instance tic-13crafb.fixed020-Forb: 1 run(s)
[27/66] tic-13crafb.fixed020-Forb | reduced | gurobi_mip | P=native_linear | G=distance_closure | n/a
Set parameter WLSAccessID
Set parameter WLSSecret
Set parameter LicenseID to value 2663665
Academic license 2663665 - for non-commercial use only - registered to tu___@vnu.edu.vn
Set parameter OutputFlag to value 1
Set parameter Threads to value 1
Set parameter Seed to value 0
Set parameter MIPGap to value 0
Set parameter MIPGapAbs to value 0
Set parameter TimeLimit to value 7.1996611955079989e+03
Gurobi Optimizer version 13.0.2 build v13.0.2rc1 (linux64 - "Ubuntu 22.04.5 LTS")

CPU model: INTEL(R) XEON(R) PLATINUM 8581C CPU @ 2.30GHz, instruction set [SSE2|AVX|AVX2|AVX512]
Thread count: 4 physical cores, 8 logical processors, using up to 1 threads

Non-default parameters:
TimeLimit  7.1996611955079989e+03
MIPGap  0
MIPGapAbs  0
Threads  1

Academic license 2663665 - for non-commercial use only - registered to tu___@vnu.edu.vn
Optimize a model with 3590 rows, 2433 columns and 13562 nonzeros (Min)
Model fingerprint: 0x45b7e9fa
Model has 1 linear objective coefficients
Variable types: 0 continuous, 2433 integer (2386 binary)
Coefficient statistics:
  Matrix range     [1e+00, 1e+00]
  Objective range  [1e+00, 1e+00]
  Bounds range     [1e+00, 8e+00]
  RHS range        [1e+00, 2e+01]

Presolve removed 2826 rows and 1226 columns
Presolve time: 0.02s
Presolved: 764 rows, 1207 columns, 4820 nonzeros
Variable types: 0 continuous, 1207 integer (1195 binary)

Root relaxation: objective 1.000000e+00, 1425 iterations, 0.03 seconds (0.05 work units)

    Nodes    |    Current Node    |     Objective Bounds      |     Work
 Expl Unexpl |  Obj  Depth IntInf | Incumbent    BestBd   Gap | It/Node Time

     0     0    1.00000    0   25          -    1.00000      -     -    0s
H    0     0                       2.0000000    1.00000  50.0%     -    0s
H    0     0                       1.0000000    1.00000  0.00%     -    0s
     0     0    1.00000    0   25    1.00000    1.00000  0.00%     -    0s

Explored 1 nodes (2182 simplex iterations) in 0.08 seconds (0.11 work units)
Thread count was 1 (of 8 available processors)

Solution count 2: 1 2 

Optimal solution found (tolerance 0.00e+00)
Best objective 1.000000000000e+00, best bound 1.000000000000e+00, gap 0.0000%
    SAT | IdleRange(P*)=1 | time=0.174802s | config=R-DC-IRP-GRB-MIP
    Excel: /home/dclng566/projects/Business-Meeting-Scheduling-Problem/output/gurobi/table06_excel/tic-13crafb.fixed020-Forb.xlsx
Instance forumt-14.fixed020-Forb: 1 run(s)
[28/66] forumt-14.fixed020-Forb | reduced | gurobi_mip | P=native_linear | G=distance_closure | n/a
Set parameter WLSAccessID
Set parameter WLSSecret
Set parameter LicenseID to value 2663665
Academic license 2663665 - for non-commercial use only - registered to tu___@vnu.edu.vn
Set parameter OutputFlag to value 1
Set parameter Threads to value 1
Set parameter Seed to value 0
Set parameter MIPGap to value 0
Set parameter MIPGapAbs to value 0
Set parameter TimeLimit to value 7199.644314231
Gurobi Optimizer version 13.0.2 build v13.0.2rc1 (linux64 - "Ubuntu 22.04.5 LTS")

CPU model: INTEL(R) XEON(R) PLATINUM 8581C CPU @ 2.30GHz, instruction set [SSE2|AVX|AVX2|AVX512]
Thread count: 4 physical cores, 8 logical processors, using up to 1 threads

Non-default parameters:
TimeLimit  7199.644314231
MIPGap  0
MIPGapAbs  0
Threads  1

Academic license 2663665 - for non-commercial use only - registered to tu___@vnu.edu.vn
Optimize a model with 4715 rows, 3135 columns and 17377 nonzeros (Min)
Model fingerprint: 0x7b9a7ec9
Model has 1 linear objective coefficients
Variable types: 0 continuous, 3135 integer (3073 binary)
Coefficient statistics:
  Matrix range     [1e+00, 1e+00]
  Objective range  [1e+00, 1e+00]
  Bounds range     [1e+00, 7e+00]
  RHS range        [1e+00, 3e+01]

Presolve removed 3650 rows and 1599 columns
Presolve time: 0.03s
Presolved: 1065 rows, 1536 columns, 6271 nonzeros
Variable types: 0 continuous, 1536 integer (1516 binary)

Root relaxation: objective 2.000000e+00, 2072 iterations, 0.07 seconds (0.10 work units)

    Nodes    |    Current Node    |     Objective Bounds      |     Work
 Expl Unexpl |  Obj  Depth IntInf | Incumbent    BestBd   Gap | It/Node Time

     0     0    2.00000    0  178          -    2.00000      -     -    0s
     0     0    2.00000    0  223          -    2.00000      -     -    0s
H    0     0                       4.0000000    2.00000  50.0%     -    0s
     0     0    2.00000    0  203    4.00000    2.00000  50.0%     -    0s
     0     0    2.00000    0  132    4.00000    2.00000  50.0%     -    0s
*    0     0               0       2.0000000    2.00000  0.00%     -    0s

Cutting planes:
  Gomory: 18
  Cover: 1
  Clique: 7
  MIR: 1
  Zero half: 3
  RLT: 2
  Relax-and-lift: 1

Explored 1 nodes (5065 simplex iterations) in 0.30 seconds (0.37 work units)
Thread count was 1 (of 8 available processors)

Solution count 2: 2 4 

Optimal solution found (tolerance 0.00e+00)
Best objective 2.000000000000e+00, best bound 2.000000000000e+00, gap 0.0000%
    SAT | IdleRange(P*)=2 | time=0.406679s | config=R-DC-IRP-GRB-MIP
    Excel: /home/dclng566/projects/Business-Meeting-Scheduling-Problem/output/gurobi/table06_excel/forumt-14.fixed020-Forb.xlsx
Instance tic-12crafc.forb0003: 1 run(s)
[29/66] tic-12crafc.forb0003 | reduced | gurobi_mip | P=native_linear | G=distance_closure | n/a
Set parameter WLSAccessID
Set parameter WLSSecret
Set parameter LicenseID to value 2663665
Academic license 2663665 - for non-commercial use only - registered to tu___@vnu.edu.vn
Set parameter OutputFlag to value 1
Set parameter Threads to value 1
Set parameter Seed to value 0
Set parameter MIPGap to value 0
Set parameter MIPGapAbs to value 0
Set parameter TimeLimit to value 7199.720191942
Gurobi Optimizer version 13.0.2 build v13.0.2rc1 (linux64 - "Ubuntu 22.04.5 LTS")

CPU model: INTEL(R) XEON(R) PLATINUM 8581C CPU @ 2.30GHz, instruction set [SSE2|AVX|AVX2|AVX512]
Thread count: 4 physical cores, 8 logical processors, using up to 1 threads

Non-default parameters:
TimeLimit  7199.720191942
MIPGap  0
MIPGapAbs  0
Threads  1

Academic license 2663665 - for non-commercial use only - registered to tu___@vnu.edu.vn
Optimize a model with 2585 rows, 1962 columns and 10995 nonzeros (Min)
Model fingerprint: 0x4384ce8b
Model has 1 linear objective coefficients
Variable types: 0 continuous, 1962 integer (1920 binary)
Coefficient statistics:
  Matrix range     [1e+00, 1e+00]
  Objective range  [1e+00, 1e+00]
  Bounds range     [1e+00, 6e+00]
  RHS range        [1e+00, 2e+01]

Presolve time: 0.00s

Explored 0 nodes (0 simplex iterations) in 0.00 seconds (0.00 work units)
Thread count was 1 (of 8 available processors)

Solution count 0

Model is infeasible
Best objective -, best bound -, gap -
    UNSAT | IdleRange(P*)=None | time=0.031858s | config=R-DC-IRP-GRB-MIP
    Excel: /home/dclng566/projects/Business-Meeting-Scheduling-Problem/output/gurobi/table06_excel/tic-12crafc.forb0003.xlsx
Instance ticf-13crafc.fixed020-Forb: 1 run(s)
[30/66] ticf-13crafc.fixed020-Forb | reduced | gurobi_mip | P=native_linear | G=distance_closure | n/a
Set parameter WLSAccessID
Set parameter WLSSecret
Set parameter LicenseID to value 2663665
Academic license 2663665 - for non-commercial use only - registered to tu___@vnu.edu.vn
Set parameter OutputFlag to value 1
Set parameter Threads to value 1
Set parameter Seed to value 0
Set parameter MIPGap to value 0
Set parameter MIPGapAbs to value 0
Set parameter TimeLimit to value 7.1995999992909992e+03
Gurobi Optimizer version 13.0.2 build v13.0.2rc1 (linux64 - "Ubuntu 22.04.5 LTS")

CPU model: INTEL(R) XEON(R) PLATINUM 8581C CPU @ 2.30GHz, instruction set [SSE2|AVX|AVX2|AVX512]
Thread count: 4 physical cores, 8 logical processors, using up to 1 threads

Non-default parameters:
TimeLimit  7.1995999992909992e+03
MIPGap  0
MIPGapAbs  0
Threads  1

Academic license 2663665 - for non-commercial use only - registered to tu___@vnu.edu.vn
Optimize a model with 8689 rows, 5324 columns and 28813 nonzeros (Min)
Model fingerprint: 0x4c3af7da
Model has 1 linear objective coefficients
Variable types: 0 continuous, 5324 integer (5263 binary)
Coefficient statistics:
  Matrix range     [1e+00, 1e+00]
  Objective range  [1e+00, 1e+00]
  Bounds range     [1e+00, 2e+01]
  RHS range        [1e+00, 4e+01]

Presolve removed 5438 rows and 2367 columns
Presolve time: 0.07s
Presolved: 3251 rows, 2957 columns, 13656 nonzeros
Variable types: 0 continuous, 2957 integer (2920 binary)
Found heuristic solution: objective 14.0000000

Root relaxation: objective 1.000000e+01, 3655 iterations, 0.16 seconds (0.23 work units)

    Nodes    |    Current Node    |     Objective Bounds      |     Work
 Expl Unexpl |  Obj  Depth IntInf | Incumbent    BestBd   Gap | It/Node Time

     0     0   10.00000    0   16   14.00000   10.00000  28.6%     -    0s
H    0     0                      12.0000000   10.00000  16.7%     -    0s
H    0     0                      10.0000000   10.00000  0.00%     -    0s
     0     0   10.00000    0   16   10.00000   10.00000  0.00%     -    0s

Explored 1 nodes (4946 simplex iterations) in 0.29 seconds (0.43 work units)
Thread count was 1 (of 8 available processors)

Solution count 3: 10 12 14 

Optimal solution found (tolerance 0.00e+00)
Best objective 1.000000000000e+01, best bound 1.000000000000e+01, gap 0.0000%
    SAT | IdleRange(P*)=10 | time=0.448837s | config=R-DC-IRP-GRB-MIP
    Excel: /home/dclng566/projects/Business-Meeting-Scheduling-Problem/output/gurobi/table06_excel/ticf-13crafc.fixed020-Forb.xlsx
Instance tic-12crafc.forb0007: 1 run(s)
[31/66] tic-12crafc.forb0007 | reduced | gurobi_mip | P=native_linear | G=distance_closure | n/a
Set parameter WLSAccessID
Set parameter WLSSecret
Set parameter LicenseID to value 2663665
Academic license 2663665 - for non-commercial use only - registered to tu___@vnu.edu.vn
Set parameter OutputFlag to value 1
Set parameter Threads to value 1
Set parameter Seed to value 0
Set parameter MIPGap to value 0
Set parameter MIPGapAbs to value 0
Set parameter TimeLimit to value 7199.720418709
Gurobi Optimizer version 13.0.2 build v13.0.2rc1 (linux64 - "Ubuntu 22.04.5 LTS")

CPU model: INTEL(R) XEON(R) PLATINUM 8581C CPU @ 2.30GHz, instruction set [SSE2|AVX|AVX2|AVX512]
Thread count: 4 physical cores, 8 logical processors, using up to 1 threads

Non-default parameters:
TimeLimit  7199.720418709
MIPGap  0
MIPGapAbs  0
Threads  1

Academic license 2663665 - for non-commercial use only - registered to tu___@vnu.edu.vn
Optimize a model with 2580 rows, 1953 columns and 10939 nonzeros (Min)
Model fingerprint: 0xfdaa0e47
Model has 1 linear objective coefficients
Variable types: 0 continuous, 1953 integer (1911 binary)
Coefficient statistics:
  Matrix range     [1e+00, 1e+00]
  Objective range  [1e+00, 1e+00]
  Bounds range     [1e+00, 6e+00]
  RHS range        [1e+00, 2e+01]

Presolve time: 0.00s

Explored 0 nodes (0 simplex iterations) in 0.00 seconds (0.00 work units)
Thread count was 1 (of 8 available processors)

Solution count 0

Model is infeasible
Best objective -, best bound -, gap -
    UNSAT | IdleRange(P*)=None | time=0.031569s | config=R-DC-IRP-GRB-MIP
    Excel: /home/dclng566/projects/Business-Meeting-Scheduling-Problem/output/gurobi/table06_excel/tic-12crafc.forb0007.xlsx
Instance tic-14crafc.fixed040-Forb: 1 run(s)
[32/66] tic-14crafc.fixed040-Forb | reduced | gurobi_mip | P=native_linear | G=distance_closure | n/a
Set parameter WLSAccessID
Set parameter WLSSecret
Set parameter LicenseID to value 2663665
Academic license 2663665 - for non-commercial use only - registered to tu___@vnu.edu.vn
Set parameter OutputFlag to value 1
Set parameter Threads to value 1
Set parameter Seed to value 0
Set parameter MIPGap to value 0
Set parameter MIPGapAbs to value 0
Set parameter TimeLimit to value 7.1996901827909987e+03
Gurobi Optimizer version 13.0.2 build v13.0.2rc1 (linux64 - "Ubuntu 22.04.5 LTS")

CPU model: INTEL(R) XEON(R) PLATINUM 8581C CPU @ 2.30GHz, instruction set [SSE2|AVX|AVX2|AVX512]
Thread count: 4 physical cores, 8 logical processors, using up to 1 threads

Non-default parameters:
TimeLimit  7.1996901827909987e+03
MIPGap  0
MIPGapAbs  0
Threads  1

Academic license 2663665 - for non-commercial use only - registered to tu___@vnu.edu.vn
Optimize a model with 4655 rows, 2712 columns and 14775 nonzeros (Min)
Model fingerprint: 0x55997306
Model has 1 linear objective coefficients
Variable types: 0 continuous, 2712 integer (2650 binary)
Coefficient statistics:
  Matrix range     [1e+00, 1e+00]
  Objective range  [1e+00, 1e+00]
  Bounds range     [1e+00, 7e+00]
  RHS range        [1e+00, 2e+01]

Presolve time: 0.00s

Explored 0 nodes (0 simplex iterations) in 0.00 seconds (0.00 work units)
Thread count was 1 (of 8 available processors)

Solution count 0

Model is infeasible
Best objective -, best bound -, gap -
    UNSAT | IdleRange(P*)=None | time=0.062584s | config=R-DC-IRP-GRB-MIP
    Excel: /home/dclng566/projects/Business-Meeting-Scheduling-Problem/output/gurobi/table06_excel/tic-14crafc.fixed040-Forb.xlsx
Instance forumt-14crafe.fixed020-Forb: 1 run(s)
[33/66] forumt-14crafe.fixed020-Forb | reduced | gurobi_mip | P=native_linear | G=distance_closure | n/a
Set parameter WLSAccessID
Set parameter WLSSecret
Set parameter LicenseID to value 2663665
Academic license 2663665 - for non-commercial use only - registered to tu___@vnu.edu.vn
Set parameter OutputFlag to value 1
Set parameter Threads to value 1
Set parameter Seed to value 0
Set parameter MIPGap to value 0
Set parameter MIPGapAbs to value 0
Set parameter TimeLimit to value 7.1996405014360007e+03
Gurobi Optimizer version 13.0.2 build v13.0.2rc1 (linux64 - "Ubuntu 22.04.5 LTS")

CPU model: INTEL(R) XEON(R) PLATINUM 8581C CPU @ 2.30GHz, instruction set [SSE2|AVX|AVX2|AVX512]
Thread count: 4 physical cores, 8 logical processors, using up to 1 threads

Non-default parameters:
TimeLimit  7.1996405014360007e+03
MIPGap  0
MIPGapAbs  0
Threads  1

Academic license 2663665 - for non-commercial use only - registered to tu___@vnu.edu.vn
Optimize a model with 4681 rows, 3145 columns and 17394 nonzeros (Min)
Model fingerprint: 0xc7c3f766
Model has 1 linear objective coefficients
Variable types: 0 continuous, 3145 integer (3083 binary)
Coefficient statistics:
  Matrix range     [1e+00, 1e+00]
  Objective range  [1e+00, 1e+00]
  Bounds range     [1e+00, 8e+00]
  RHS range        [1e+00, 2e+01]

Presolve removed 3700 rows and 1644 columns
Presolve time: 0.03s
Presolved: 981 rows, 1501 columns, 6126 nonzeros
Variable types: 0 continuous, 1501 integer (1490 binary)

Root relaxation: objective 4.000000e+00, 2226 iterations, 0.08 seconds (0.11 work units)

    Nodes    |    Current Node    |     Objective Bounds      |     Work
 Expl Unexpl |  Obj  Depth IntInf | Incumbent    BestBd   Gap | It/Node Time

     0     0    4.00000    0  309          -    4.00000      -     -    0s
H    0     0                       6.0000000    4.00000  33.3%     -    0s
     0     0    4.00000    0  329    6.00000    4.00000  33.3%     -    0s
     0     0    4.00000    0  308    6.00000    4.00000  33.3%     -    0s
     0     0    4.00000    0  345    6.00000    4.00000  33.3%     -    0s
H    0     0                       4.0000000    4.00000  0.00%     -    0s
     0     0    4.00000    0   29    4.00000    4.00000  0.00%     -    0s

Cutting planes:
  Gomory: 12
  Implied bound: 1
  Clique: 4
  Zero half: 15
  PSD: 1

Explored 1 nodes (7142 simplex iterations) in 0.44 seconds (0.56 work units)
Thread count was 1 (of 8 available processors)

Solution count 2: 4 6 

Optimal solution found (tolerance 0.00e+00)
Best objective 4.000000000000e+00, best bound 4.000000000000e+00, gap 0.0000%
    SAT | IdleRange(P*)=4 | time=0.550567s | config=R-DC-IRP-GRB-MIP
    Excel: /home/dclng566/projects/Business-Meeting-Scheduling-Problem/output/gurobi/table06_excel/forumt-14crafe.fixed020-Forb.xlsx
Instance ticf-13crafa.fixed020-Forb: 1 run(s)
[34/66] ticf-13crafa.fixed020-Forb | reduced | gurobi_mip | P=native_linear | G=distance_closure | n/a
Set parameter WLSAccessID
Set parameter WLSSecret
Set parameter LicenseID to value 2663665
Academic license 2663665 - for non-commercial use only - registered to tu___@vnu.edu.vn
Set parameter OutputFlag to value 1
Set parameter Threads to value 1
Set parameter Seed to value 0
Set parameter MIPGap to value 0
Set parameter MIPGapAbs to value 0
Set parameter TimeLimit to value 7199.596774622
Gurobi Optimizer version 13.0.2 build v13.0.2rc1 (linux64 - "Ubuntu 22.04.5 LTS")

CPU model: INTEL(R) XEON(R) PLATINUM 8581C CPU @ 2.30GHz, instruction set [SSE2|AVX|AVX2|AVX512]
Thread count: 4 physical cores, 8 logical processors, using up to 1 threads

Non-default parameters:
TimeLimit  7199.596774622
MIPGap  0
MIPGapAbs  0
Threads  1

Academic license 2663665 - for non-commercial use only - registered to tu___@vnu.edu.vn
Optimize a model with 8689 rows, 5324 columns and 28813 nonzeros (Min)
Model fingerprint: 0x47062a24
Model has 1 linear objective coefficients
Variable types: 0 continuous, 5324 integer (5263 binary)
Coefficient statistics:
  Matrix range     [1e+00, 1e+00]
  Objective range  [1e+00, 1e+00]
  Bounds range     [1e+00, 2e+01]
  RHS range        [1e+00, 4e+01]

Presolve removed 5438 rows and 2367 columns
Presolve time: 0.07s
Presolved: 3251 rows, 2957 columns, 13656 nonzeros
Variable types: 0 continuous, 2957 integer (2920 binary)
Found heuristic solution: objective 14.0000000
Found heuristic solution: objective 13.0000000

Root relaxation: objective 1.000000e+01, 3270 iterations, 0.11 seconds (0.15 work units)

    Nodes    |    Current Node    |     Objective Bounds      |     Work
 Expl Unexpl |  Obj  Depth IntInf | Incumbent    BestBd   Gap | It/Node Time

H    0     0                      10.0000000   10.00000  0.00%     -    0s
     0     0   10.00000    0 1331   10.00000   10.00000  0.00%     -    0s

Explored 1 nodes (3270 simplex iterations) in 0.19 seconds (0.27 work units)
Thread count was 1 (of 8 available processors)

Solution count 3: 10 13 14 

Optimal solution found (tolerance 0.00e+00)
Best objective 1.000000000000e+01, best bound 1.000000000000e+01, gap 0.0000%
    SAT | IdleRange(P*)=10 | time=0.344564s | config=R-DC-IRP-GRB-MIP
    Excel: /home/dclng566/projects/Business-Meeting-Scheduling-Problem/output/gurobi/table06_excel/ticf-13crafa.fixed020-Forb.xlsx
Instance forum-13.fixed020-Forb: 1 run(s)
[35/66] forum-13.fixed020-Forb | reduced | gurobi_mip | P=native_linear | G=distance_closure | n/a
Set parameter WLSAccessID
Set parameter WLSSecret
Set parameter LicenseID to value 2663665
Academic license 2663665 - for non-commercial use only - registered to tu___@vnu.edu.vn
Set parameter OutputFlag to value 1
Set parameter Threads to value 1
Set parameter Seed to value 0
Set parameter MIPGap to value 0
Set parameter MIPGapAbs to value 0
Set parameter TimeLimit to value 7199.602908724
Gurobi Optimizer version 13.0.2 build v13.0.2rc1 (linux64 - "Ubuntu 22.04.5 LTS")

CPU model: INTEL(R) XEON(R) PLATINUM 8581C CPU @ 2.30GHz, instruction set [SSE2|AVX|AVX2|AVX512]
Thread count: 4 physical cores, 8 logical processors, using up to 1 threads

Non-default parameters:
TimeLimit  7199.602908724
MIPGap  0
MIPGapAbs  0
Threads  1

Academic license 2663665 - for non-commercial use only - registered to tu___@vnu.edu.vn
Optimize a model with 8561 rows, 5254 columns and 28296 nonzeros (Min)
Model fingerprint: 0xeb42ddb3
Model has 1 linear objective coefficients
Variable types: 0 continuous, 5254 integer (5193 binary)
Coefficient statistics:
  Matrix range     [1e+00, 1e+00]
  Objective range  [1e+00, 1e+00]
  Bounds range     [1e+00, 2e+01]
  RHS range        [1e+00, 4e+01]

Presolve removed 5407 rows and 2383 columns
Presolve time: 0.07s
Presolved: 3154 rows, 2871 columns, 13256 nonzeros
Variable types: 0 continuous, 2871 integer (2834 binary)
Found heuristic solution: objective 14.0000000
Found heuristic solution: objective 13.0000000

Root relaxation: objective 1.000000e+01, 3492 iterations, 0.15 seconds (0.22 work units)

    Nodes    |    Current Node    |     Objective Bounds      |     Work
 Expl Unexpl |  Obj  Depth IntInf | Incumbent    BestBd   Gap | It/Node Time

     0     0   10.00000    0   30   13.00000   10.00000  23.1%     -    0s
H    0     0                      12.0000000   10.00000  16.7%     -    0s
H    0     0                      11.0000000   10.00000  9.09%     -    0s
H    0     0                      10.0000000   10.00000  0.00%     -    0s
     0     0   10.00000    0   30   10.00000   10.00000  0.00%     -    0s

Explored 1 nodes (4766 simplex iterations) in 0.28 seconds (0.40 work units)
Thread count was 1 (of 8 available processors)

Solution count 5: 10 11 12 ... 14

Optimal solution found (tolerance 0.00e+00)
Best objective 1.000000000000e+01, best bound 1.000000000000e+01, gap 0.0000%
    SAT | IdleRange(P*)=10 | time=0.428824s | config=R-DC-IRP-GRB-MIP
    Excel: /home/dclng566/projects/Business-Meeting-Scheduling-Problem/output/gurobi/table06_excel/forum-13.fixed020-Forb.xlsx
Instance tic-12.forb0003: 1 run(s)
[36/66] tic-12.forb0003 | reduced | gurobi_mip | P=native_linear | G=distance_closure | n/a
Set parameter WLSAccessID
Set parameter WLSSecret
Set parameter LicenseID to value 2663665
Academic license 2663665 - for non-commercial use only - registered to tu___@vnu.edu.vn
Set parameter OutputFlag to value 1
Set parameter Threads to value 1
Set parameter Seed to value 0
Set parameter MIPGap to value 0
Set parameter MIPGapAbs to value 0
Set parameter TimeLimit to value 7.1997190982369993e+03
Gurobi Optimizer version 13.0.2 build v13.0.2rc1 (linux64 - "Ubuntu 22.04.5 LTS")

CPU model: INTEL(R) XEON(R) PLATINUM 8581C CPU @ 2.30GHz, instruction set [SSE2|AVX|AVX2|AVX512]
Thread count: 4 physical cores, 8 logical processors, using up to 1 threads

Non-default parameters:
TimeLimit  7.1997190982369993e+03
MIPGap  0
MIPGapAbs  0
Threads  1

Academic license 2663665 - for non-commercial use only - registered to tu___@vnu.edu.vn
Optimize a model with 2585 rows, 1962 columns and 10995 nonzeros (Min)
Model fingerprint: 0xb6dabd00
Model has 1 linear objective coefficients
Variable types: 0 continuous, 1962 integer (1920 binary)
Coefficient statistics:
  Matrix range     [1e+00, 1e+00]
  Objective range  [1e+00, 1e+00]
  Bounds range     [1e+00, 6e+00]
  RHS range        [1e+00, 2e+01]

Presolve time: 0.00s

Explored 0 nodes (0 simplex iterations) in 0.00 seconds (0.00 work units)
Thread count was 1 (of 8 available processors)

Solution count 0

Model is infeasible
Best objective -, best bound -, gap -
    UNSAT | IdleRange(P*)=None | time=0.032946s | config=R-DC-IRP-GRB-MIP
    Excel: /home/dclng566/projects/Business-Meeting-Scheduling-Problem/output/gurobi/table06_excel/tic-12.forb0003.xlsx
Instance tic-13crafb.fixed040-Forb: 1 run(s)
[37/66] tic-13crafb.fixed040-Forb | reduced | gurobi_mip | P=native_linear | G=distance_closure | n/a
Set parameter WLSAccessID
Set parameter WLSSecret
Set parameter LicenseID to value 2663665
Academic license 2663665 - for non-commercial use only - registered to tu___@vnu.edu.vn
Set parameter OutputFlag to value 1
Set parameter Threads to value 1
Set parameter Seed to value 0
Set parameter MIPGap to value 0
Set parameter MIPGapAbs to value 0
Set parameter TimeLimit to value 7.1996804721080007e+03
Gurobi Optimizer version 13.0.2 build v13.0.2rc1 (linux64 - "Ubuntu 22.04.5 LTS")

CPU model: INTEL(R) XEON(R) PLATINUM 8581C CPU @ 2.30GHz, instruction set [SSE2|AVX|AVX2|AVX512]
Thread count: 4 physical cores, 8 logical processors, using up to 1 threads

Non-default parameters:
TimeLimit  7.1996804721080007e+03
MIPGap  0
MIPGapAbs  0
Threads  1

Academic license 2663665 - for non-commercial use only - registered to tu___@vnu.edu.vn
Optimize a model with 3443 rows, 1892 columns and 10188 nonzeros (Min)
Model fingerprint: 0x6125bb71
Model has 1 linear objective coefficients
Variable types: 0 continuous, 1892 integer (1845 binary)
Coefficient statistics:
  Matrix range     [1e+00, 1e+00]
  Objective range  [1e+00, 1e+00]
  Bounds range     [1e+00, 8e+00]
  RHS range        [1e+00, 2e+01]

Presolve removed 3029 rows and 1418 columns
Presolve time: 0.01s
Presolved: 414 rows, 474 columns, 1875 nonzeros
Variable types: 0 continuous, 474 integer (471 binary)

Root relaxation: objective 4.000000e+00, 491 iterations, 0.01 seconds (0.01 work units)

    Nodes    |    Current Node    |     Objective Bounds      |     Work
 Expl Unexpl |  Obj  Depth IntInf | Incumbent    BestBd   Gap | It/Node Time

H    0     0                       4.0000000    4.00000  0.00%     -    0s
     0     0    4.00000    0  121    4.00000    4.00000  0.00%     -    0s

Explored 1 nodes (491 simplex iterations) in 0.02 seconds (0.02 work units)
Thread count was 1 (of 8 available processors)

Solution count 1: 4 

Optimal solution found (tolerance 0.00e+00)
Best objective 4.000000000000e+00, best bound 4.000000000000e+00, gap 0.0000%
    SAT | IdleRange(P*)=4 | time=0.091419s | config=R-DC-IRP-GRB-MIP
    Excel: /home/dclng566/projects/Business-Meeting-Scheduling-Problem/output/gurobi/table06_excel/tic-13crafb.fixed040-Forb.xlsx
Instance forum-13.forb0003: 1 run(s)
[38/66] forum-13.forb0003 | reduced | gurobi_mip | P=native_linear | G=distance_closure | n/a
Set parameter WLSAccessID
Set parameter WLSSecret
Set parameter LicenseID to value 2663665
Academic license 2663665 - for non-commercial use only - registered to tu___@vnu.edu.vn
Set parameter OutputFlag to value 1
Set parameter Threads to value 1
Set parameter Seed to value 0
Set parameter MIPGap to value 0
Set parameter MIPGapAbs to value 0
Set parameter TimeLimit to value 7199.599254352
Gurobi Optimizer version 13.0.2 build v13.0.2rc1 (linux64 - "Ubuntu 22.04.5 LTS")

CPU model: INTEL(R) XEON(R) PLATINUM 8581C CPU @ 2.30GHz, instruction set [SSE2|AVX|AVX2|AVX512]
Thread count: 4 physical cores, 8 logical processors, using up to 1 threads

Non-default parameters:
TimeLimit  7199.599254352
MIPGap  0
MIPGapAbs  0
Threads  1

Academic license 2663665 - for non-commercial use only - registered to tu___@vnu.edu.vn
Optimize a model with 9098 rows, 6063 columns and 33489 nonzeros (Min)
Model fingerprint: 0x2c8cad12
Model has 1 linear objective coefficients
Variable types: 0 continuous, 6063 integer (6002 binary)
Coefficient statistics:
  Matrix range     [1e+00, 1e+00]
  Objective range  [1e+00, 1e+00]
  Bounds range     [1e+00, 2e+01]
  RHS range        [1e+00, 4e+01]

Presolve removed 1609 rows and 548 columns
Presolve time: 0.04s
Presolved: 7489 rows, 5515 columns, 26902 nonzeros
Variable types: 0 continuous, 5515 integer (5455 binary)
Found heuristic solution: objective 13.0000000

Root relaxation: objective 0.000000e+00, 12082 iterations, 1.40 seconds (2.21 work units)

    Nodes    |    Current Node    |     Objective Bounds      |     Work
 Expl Unexpl |  Obj  Depth IntInf | Incumbent    BestBd   Gap | It/Node Time

     0     0    0.00000    0 2169   13.00000    0.00000   100%     -    2s
     0     0    0.00000    0 1728   13.00000    0.00000   100%     -    2s
H    0     0                      10.0000000    0.00000   100%     -    2s
H    0     0                       9.0000000    0.00000   100%     -    2s
H    0     0                       8.0000000    0.00000   100%     -    2s
     0     0    0.00000    0 1728    8.00000    0.00000   100%     -    2s
     0     0    0.00000    0 1259    8.00000    0.00000   100%     -    4s
H    0     0                       7.0000000    0.00000   100%     -    4s
H    0     0                       6.0000000    0.00000   100%     -    4s
     0     0    0.00000    0 1086    6.00000    0.00000   100%     -    4s
H    0     0                       5.0000000    0.00000   100%     -    4s
     0     0    0.00000    0 1021    5.00000    0.00000   100%     -    4s
     0     0    0.00000    0 1271    5.00000    0.00000   100%     -    5s
     0     0    0.00000    0  566    5.00000    0.00000   100%     -    5s
H    0     0                       4.0000000    0.00000   100%     -    5s
     0     0    0.00000    0  564    4.00000    0.00000   100%     -    5s
     0     0    0.00000    0  565    4.00000    0.00000   100%     -    5s
     0     0    0.00000    0  730    4.00000    0.00000   100%     -    6s
     0     0    0.00000    0  532    4.00000    0.00000   100%     -    6s
H    0     0                       3.0000000    0.00000   100%     -    6s
H    0     0                       2.0000000    0.00000   100%     -    6s
     0     0    0.00000    0  512    2.00000    0.00000   100%     -    6s
     0     0    0.00000    0  508    2.00000    0.00000   100%     -    6s
     0     0    0.00000    0  557    2.00000    0.00000   100%     -    6s
     0     0    0.00000    0  557    2.00000    0.00000   100%     -    7s
     0     0    0.00000    0  557    2.00000    0.00000   100%     -    7s
     0     0    0.00000    0  376    2.00000    0.00000   100%     -    7s
H    0     0                       1.0000000    0.00000   100%     -    8s
     0     2    0.00000    0  347    1.00000    0.00000   100%     -    8s
H    3     3                       0.0000000    0.00000  0.00%   303    8s

Cutting planes:
  Gomory: 2
  Implied bound: 15
  Clique: 61
  MIR: 8
  Flow cover: 22
  Zero half: 38
  RLT: 102
  Relax-and-lift: 77
  BQP: 26

Explored 4 nodes (78459 simplex iterations) in 8.32 seconds (12.52 work units)
Thread count was 1 (of 8 available processors)

Solution count 10: 0 1 2 ... 9

Optimal solution found (tolerance 0.00e+00)
Best objective 0.000000000000e+00, best bound 0.000000000000e+00, gap 0.0000%
    SAT | IdleRange(P*)=0 | time=8.480494s | config=R-DC-IRP-GRB-MIP
    Excel: /home/dclng566/projects/Business-Meeting-Scheduling-Problem/output/gurobi/table06_excel/forum-13.forb0003.xlsx
Instance ticf-13crafa.fixed040-Forb: 1 run(s)
[39/66] ticf-13crafa.fixed040-Forb | reduced | gurobi_mip | P=native_linear | G=distance_closure | n/a
Set parameter WLSAccessID
Set parameter WLSSecret
Set parameter LicenseID to value 2663665
Academic license 2663665 - for non-commercial use only - registered to tu___@vnu.edu.vn
Set parameter OutputFlag to value 1
Set parameter Threads to value 1
Set parameter Seed to value 0
Set parameter MIPGap to value 0
Set parameter MIPGapAbs to value 0
Set parameter TimeLimit to value 7.1996538710609993e+03
Gurobi Optimizer version 13.0.2 build v13.0.2rc1 (linux64 - "Ubuntu 22.04.5 LTS")

CPU model: INTEL(R) XEON(R) PLATINUM 8581C CPU @ 2.30GHz, instruction set [SSE2|AVX|AVX2|AVX512]
Thread count: 4 physical cores, 8 logical processors, using up to 1 threads

Non-default parameters:
TimeLimit  7.1996538710609993e+03
MIPGap  0
MIPGapAbs  0
Threads  1

Academic license 2663665 - for non-commercial use only - registered to tu___@vnu.edu.vn
Optimize a model with 7871 rows, 4589 columns and 23854 nonzeros (Min)
Model fingerprint: 0xc045cb7e
Model has 1 linear objective coefficients
Variable types: 0 continuous, 4589 integer (4528 binary)
Coefficient statistics:
  Matrix range     [1e+00, 1e+00]
  Objective range  [1e+00, 1e+00]
  Bounds range     [1e+00, 2e+01]
  RHS range        [1e+00, 4e+01]

Presolve removed 5961 rows and 2885 columns
Presolve time: 0.05s
Presolved: 1910 rows, 1704 columns, 7872 nonzeros
Variable types: 0 continuous, 1704 integer (1679 binary)
Found heuristic solution: objective 15.0000000
Found heuristic solution: objective 14.0000000

Root relaxation: objective 1.200000e+01, 1388 iterations, 0.02 seconds (0.03 work units)

    Nodes    |    Current Node    |     Objective Bounds      |     Work
 Expl Unexpl |  Obj  Depth IntInf | Incumbent    BestBd   Gap | It/Node Time

     0     0   12.00000    0   26   14.00000   12.00000  14.3%     -    0s
H    0     0                      13.0000000   12.00000  7.69%     -    0s
H    0     0                      12.0000000   12.00000  0.00%     -    0s
     0     0   12.00000    0   26   12.00000   12.00000  0.00%     -    0s

Explored 1 nodes (2053 simplex iterations) in 0.09 seconds (0.12 work units)
Thread count was 1 (of 8 available processors)

Solution count 4: 12 13 14 15 

Optimal solution found (tolerance 0.00e+00)
Best objective 1.200000000000e+01, best bound 1.200000000000e+01, gap 0.0000%
    SAT | IdleRange(P*)=12 | time=0.189389s | config=R-DC-IRP-GRB-MIP
    Excel: /home/dclng566/projects/Business-Meeting-Scheduling-Problem/output/gurobi/table06_excel/ticf-13crafa.fixed040-Forb.xlsx
Instance tic-13.fixed020-Forb: 1 run(s)
[40/66] tic-13.fixed020-Forb | reduced | gurobi_mip | P=native_linear | G=distance_closure | n/a
Set parameter WLSAccessID
Set parameter WLSSecret
Set parameter LicenseID to value 2663665
Academic license 2663665 - for non-commercial use only - registered to tu___@vnu.edu.vn
Set parameter OutputFlag to value 1
Set parameter Threads to value 1
Set parameter Seed to value 0
Set parameter MIPGap to value 0
Set parameter MIPGapAbs to value 0
Set parameter TimeLimit to value 7199.662816765
Gurobi Optimizer version 13.0.2 build v13.0.2rc1 (linux64 - "Ubuntu 22.04.5 LTS")

CPU model: INTEL(R) XEON(R) PLATINUM 8581C CPU @ 2.30GHz, instruction set [SSE2|AVX|AVX2|AVX512]
Thread count: 4 physical cores, 8 logical processors, using up to 1 threads

Non-default parameters:
TimeLimit  7199.662816765
MIPGap  0
MIPGapAbs  0
Threads  1

Academic license 2663665 - for non-commercial use only - registered to tu___@vnu.edu.vn
Optimize a model with 3669 rows, 2466 columns and 13759 nonzeros (Min)
Model fingerprint: 0x8f530107
Model has 1 linear objective coefficients
Variable types: 0 continuous, 2466 integer (2418 binary)
Coefficient statistics:
  Matrix range     [1e+00, 1e+00]
  Objective range  [1e+00, 1e+00]
  Bounds range     [1e+00, 6e+00]
  RHS range        [1e+00, 2e+01]

Presolve removed 2886 rows and 1220 columns
Presolve time: 0.02s
Presolved: 783 rows, 1246 columns, 4977 nonzeros
Variable types: 0 continuous, 1246 integer (1237 binary)

Root relaxation: objective 3.000000e+00, 1541 iterations, 0.04 seconds (0.05 work units)

    Nodes    |    Current Node    |     Objective Bounds      |     Work
 Expl Unexpl |  Obj  Depth IntInf | Incumbent    BestBd   Gap | It/Node Time

     0     0    3.00000    0   10          -    3.00000      -     -    0s
H    0     0                       3.0000000    3.00000  0.00%     -    0s
     0     0    3.00000    0   10    3.00000    3.00000  0.00%     -    0s

Explored 1 nodes (2141 simplex iterations) in 0.09 seconds (0.11 work units)
Thread count was 1 (of 8 available processors)

Solution count 1: 3 

Optimal solution found (tolerance 0.00e+00)
Best objective 3.000000000000e+00, best bound 3.000000000000e+00, gap 0.0000%
    SAT | IdleRange(P*)=3 | time=0.175352s | config=R-DC-IRP-GRB-MIP
    Excel: /home/dclng566/projects/Business-Meeting-Scheduling-Problem/output/gurobi/table06_excel/tic-13.fixed020-Forb.xlsx
Instance forumt-14.forb0003: 1 run(s)
[41/66] forumt-14.forb0003 | reduced | gurobi_mip | P=native_linear | G=distance_closure | n/a
Set parameter WLSAccessID
Set parameter WLSSecret
Set parameter LicenseID to value 2663665
Academic license 2663665 - for non-commercial use only - registered to tu___@vnu.edu.vn
Set parameter OutputFlag to value 1
Set parameter Threads to value 1
Set parameter Seed to value 0
Set parameter MIPGap to value 0
Set parameter MIPGapAbs to value 0
Set parameter TimeLimit to value 7199.625504927
Gurobi Optimizer version 13.0.2 build v13.0.2rc1 (linux64 - "Ubuntu 22.04.5 LTS")

CPU model: INTEL(R) XEON(R) PLATINUM 8581C CPU @ 2.30GHz, instruction set [SSE2|AVX|AVX2|AVX512]
Thread count: 4 physical cores, 8 logical processors, using up to 1 threads

Non-default parameters:
TimeLimit  7199.625504927
MIPGap  0
MIPGapAbs  0
Threads  1

Academic license 2663665 - for non-commercial use only - registered to tu___@vnu.edu.vn
Optimize a model with 4903 rows, 4193 columns and 23879 nonzeros (Min)
Model fingerprint: 0xbd7b7231
Model has 1 linear objective coefficients
Variable types: 0 continuous, 4193 integer (4131 binary)
Coefficient statistics:
  Matrix range     [1e+00, 1e+00]
  Objective range  [1e+00, 1e+00]
  Bounds range     [1e+00, 7e+00]
  RHS range        [1e+00, 3e+01]

Presolve removed 3440 rows and 1384 columns
Presolve time: 0.03s
Presolved: 1463 rows, 2809 columns, 11191 nonzeros
Variable types: 0 continuous, 2809 integer (2781 binary)

Root relaxation: objective 0.000000e+00, 3619 iterations, 0.19 seconds (0.29 work units)

    Nodes    |    Current Node    |     Objective Bounds      |     Work
 Expl Unexpl |  Obj  Depth IntInf | Incumbent    BestBd   Gap | It/Node Time

     0     0    0.00000    0  631          -    0.00000      -     -    0s
     0     0    0.00000    0  651          -    0.00000      -     -    0s
H    0     0                       3.0000000    0.00000   100%     -    0s
     0     0    0.00000    0  656    3.00000    0.00000   100%     -    0s
     0     0    0.00000    0  178    3.00000    0.00000   100%     -    1s
H    0     0                       2.0000000    0.00000   100%     -    1s
     0     0    0.00000    0  415    2.00000    0.00000   100%     -    1s
     0     0    0.00000    0   73    2.00000    0.00000   100%     -    1s
     0     0    0.00000    0  567    2.00000    0.00000   100%     -    2s
     0     0    0.00000    0   24    2.00000    0.00000   100%     -    2s
     0     0    0.00000    0  371    2.00000    0.00000   100%     -    2s
     0     0    0.00000    0  141    2.00000    0.00000   100%     -    2s
H    0     0                       1.0000000    0.00000   100%     -    2s
     0     0    0.00000    0  132    1.00000    0.00000   100%     -    2s
     0     0    0.00000    0  132    1.00000    0.00000   100%     -    3s
     0     0    0.00000    0  446    1.00000    0.00000   100%     -    5s
     0     0    0.00000    0  146    1.00000    0.00000   100%     -    5s
     0     0    0.00000    0  146    1.00000    0.00000   100%     -    5s
     0     0    0.00000    0   14    1.00000    0.00000   100%     -    5s
     0     2    0.00000    0   14    1.00000    0.00000   100%     -    6s
    48    50    0.00000   36  480    1.00000    0.00000   100%   758   10s
   170   171    0.00000  117  350    1.00000    0.00000   100%   675   15s
   262   244    0.00000  113  411    1.00000    0.00000   100%   611   20s
H  266   234                       0.0000000    0.00000  0.00%   872   22s

Cutting planes:
  Clique: 7
  Zero half: 2

Explored 267 nodes (290434 simplex iterations) in 22.91 seconds (33.58 work units)
Thread count was 1 (of 8 available processors)

Solution count 4: 0 1 2 3 

Optimal solution found (tolerance 0.00e+00)
Best objective 0.000000000000e+00, best bound 0.000000000000e+00, gap 0.0000%
    SAT | IdleRange(P*)=0 | time=23.035704s | config=R-DC-IRP-GRB-MIP
    Excel: /home/dclng566/projects/Business-Meeting-Scheduling-Problem/output/gurobi/table06_excel/forumt-14.forb0003.xlsx
Instance forum-14.fixed040-Forb: 1 run(s)
[42/66] forum-14.fixed040-Forb | reduced | gurobi_mip | P=native_linear | G=distance_closure | n/a
Set parameter WLSAccessID
Set parameter WLSSecret
Set parameter LicenseID to value 2663665
Academic license 2663665 - for non-commercial use only - registered to tu___@vnu.edu.vn
Set parameter OutputFlag to value 1
Set parameter Threads to value 1
Set parameter Seed to value 0
Set parameter MIPGap to value 0
Set parameter MIPGapAbs to value 0
Set parameter TimeLimit to value 7199.50739177
Gurobi Optimizer version 13.0.2 build v13.0.2rc1 (linux64 - "Ubuntu 22.04.5 LTS")

CPU model: INTEL(R) XEON(R) PLATINUM 8581C CPU @ 2.30GHz, instruction set [SSE2|AVX|AVX2|AVX512]
Thread count: 4 physical cores, 8 logical processors, using up to 1 threads

Non-default parameters:
TimeLimit  7199.50739177
MIPGap  0
MIPGapAbs  0
Threads  1

Academic license 2663665 - for non-commercial use only - registered to tu___@vnu.edu.vn
Optimize a model with 10977 rows, 6752 columns and 36406 nonzeros (Min)
Model fingerprint: 0x85f2968c
Model has 1 linear objective coefficients
Variable types: 0 continuous, 6752 integer (6677 binary)
Coefficient statistics:
  Matrix range     [1e+00, 1e+00]
  Objective range  [1e+00, 1e+00]
  Bounds range     [1e+00, 2e+01]
  RHS range        [1e+00, 4e+01]

Presolve removed 8974 rows and 4163 columns
Presolve time: 0.08s
Presolved: 2003 rows, 2589 columns, 11155 nonzeros
Variable types: 0 continuous, 2589 integer (2576 binary)
Found heuristic solution: objective 16.0000000

Explored 0 nodes (0 simplex iterations) in 0.09 seconds (0.11 work units)
Thread count was 1 (of 8 available processors)

Solution count 1: 16 

Optimal solution found (tolerance 0.00e+00)
Best objective 1.600000000000e+01, best bound 1.600000000000e+01, gap 0.0000%
    SAT | IdleRange(P*)=16 | time=0.334765s | config=R-DC-IRP-GRB-MIP
    Excel: /home/dclng566/projects/Business-Meeting-Scheduling-Problem/output/gurobi/table06_excel/forum-14.fixed040-Forb.xlsx
Instance tic-13crafc.forb0007: 1 run(s)
[43/66] tic-13crafc.forb0007 | reduced | gurobi_mip | P=native_linear | G=distance_closure | n/a
Set parameter WLSAccessID
Set parameter WLSSecret
Set parameter LicenseID to value 2663665
Academic license 2663665 - for non-commercial use only - registered to tu___@vnu.edu.vn
Set parameter OutputFlag to value 1
Set parameter Threads to value 1
Set parameter Seed to value 0
Set parameter MIPGap to value 0
Set parameter MIPGapAbs to value 0
Set parameter TimeLimit to value 7199.689836144
Gurobi Optimizer version 13.0.2 build v13.0.2rc1 (linux64 - "Ubuntu 22.04.5 LTS")

CPU model: INTEL(R) XEON(R) PLATINUM 8581C CPU @ 2.30GHz, instruction set [SSE2|AVX|AVX2|AVX512]
Thread count: 4 physical cores, 8 logical processors, using up to 1 threads

Non-default parameters:
TimeLimit  7199.689836144
MIPGap  0
MIPGapAbs  0
Threads  1

Academic license 2663665 - for non-commercial use only - registered to tu___@vnu.edu.vn
Optimize a model with 3728 rows, 3158 columns and 17973 nonzeros (Min)
Model fingerprint: 0x28684260
Model has 1 linear objective coefficients
Variable types: 0 continuous, 3158 integer (3110 binary)
Coefficient statistics:
  Matrix range     [1e+00, 1e+00]
  Objective range  [1e+00, 1e+00]
  Bounds range     [1e+00, 6e+00]
  RHS range        [1e+00, 2e+01]

Presolve time: 0.00s

Explored 0 nodes (0 simplex iterations) in 0.00 seconds (0.00 work units)
Thread count was 1 (of 8 available processors)

Solution count 0

Model is infeasible
Best objective -, best bound -, gap -
    UNSAT | IdleRange(P*)=None | time=0.062859s | config=R-DC-IRP-GRB-MIP
    Excel: /home/dclng566/projects/Business-Meeting-Scheduling-Problem/output/gurobi/table06_excel/tic-13crafc.forb0007.xlsx
Instance forumt-14crafd.fixed020-Forb: 1 run(s)
[44/66] forumt-14crafd.fixed020-Forb | reduced | gurobi_mip | P=native_linear | G=distance_closure | n/a
Set parameter WLSAccessID
Set parameter WLSSecret
Set parameter LicenseID to value 2663665
Academic license 2663665 - for non-commercial use only - registered to tu___@vnu.edu.vn
Set parameter OutputFlag to value 1
Set parameter Threads to value 1
Set parameter Seed to value 0
Set parameter MIPGap to value 0
Set parameter MIPGapAbs to value 0
Set parameter TimeLimit to value 7.1996403002020006e+03
Gurobi Optimizer version 13.0.2 build v13.0.2rc1 (linux64 - "Ubuntu 22.04.5 LTS")

CPU model: INTEL(R) XEON(R) PLATINUM 8581C CPU @ 2.30GHz, instruction set [SSE2|AVX|AVX2|AVX512]
Thread count: 4 physical cores, 8 logical processors, using up to 1 threads

Non-default parameters:
TimeLimit  7.1996403002020006e+03
MIPGap  0
MIPGapAbs  0
Threads  1

Academic license 2663665 - for non-commercial use only - registered to tu___@vnu.edu.vn
Optimize a model with 4681 rows, 3145 columns and 17394 nonzeros (Min)
Model fingerprint: 0x0d1e69e3
Model has 1 linear objective coefficients
Variable types: 0 continuous, 3145 integer (3083 binary)
Coefficient statistics:
  Matrix range     [1e+00, 1e+00]
  Objective range  [1e+00, 1e+00]
  Bounds range     [1e+00, 8e+00]
  RHS range        [1e+00, 2e+01]

Presolve removed 3700 rows and 1644 columns
Presolve time: 0.03s
Presolved: 981 rows, 1501 columns, 6126 nonzeros
Variable types: 0 continuous, 1501 integer (1490 binary)
Found heuristic solution: objective 7.0000000
Found heuristic solution: objective 5.0000000

Root relaxation: objective 4.000000e+00, 1879 iterations, 0.06 seconds (0.08 work units)

    Nodes    |    Current Node    |     Objective Bounds      |     Work
 Expl Unexpl |  Obj  Depth IntInf | Incumbent    BestBd   Gap | It/Node Time

     0     0    4.00000    0  288    5.00000    4.00000  20.0%     -    0s
     0     0    4.00000    0  304    5.00000    4.00000  20.0%     -    0s
     0     0    4.00000    0  333    5.00000    4.00000  20.0%     -    0s
*    0     0               0       4.0000000    4.00000  0.00%     -    0s

Cutting planes:
  Gomory: 12
  Implied bound: 5
  Clique: 12
  Zero half: 11
  RLT: 3

Explored 1 nodes (5234 simplex iterations) in 0.34 seconds (0.41 work units)
Thread count was 1 (of 8 available processors)

Solution count 3: 4 5 7 

Optimal solution found (tolerance 0.00e+00)
Best objective 4.000000000000e+00, best bound 4.000000000000e+00, gap 0.0000%
    SAT | IdleRange(P*)=4 | time=0.45673s | config=R-DC-IRP-GRB-MIP
    Excel: /home/dclng566/projects/Business-Meeting-Scheduling-Problem/output/gurobi/table06_excel/forumt-14crafd.fixed020-Forb.xlsx
Instance tic-14crafd.fixed040-Forb: 1 run(s)
[45/66] tic-14crafd.fixed040-Forb | reduced | gurobi_mip | P=native_linear | G=distance_closure | n/a
Set parameter WLSAccessID
Set parameter WLSSecret
Set parameter LicenseID to value 2663665
Academic license 2663665 - for non-commercial use only - registered to tu___@vnu.edu.vn
Set parameter OutputFlag to value 1
Set parameter Threads to value 1
Set parameter Seed to value 0
Set parameter MIPGap to value 0
Set parameter MIPGapAbs to value 0
Set parameter TimeLimit to value 7199.688646421
Gurobi Optimizer version 13.0.2 build v13.0.2rc1 (linux64 - "Ubuntu 22.04.5 LTS")

CPU model: INTEL(R) XEON(R) PLATINUM 8581C CPU @ 2.30GHz, instruction set [SSE2|AVX|AVX2|AVX512]
Thread count: 4 physical cores, 8 logical processors, using up to 1 threads

Non-default parameters:
TimeLimit  7199.688646421
MIPGap  0
MIPGapAbs  0
Threads  1

Academic license 2663665 - for non-commercial use only - registered to tu___@vnu.edu.vn
Optimize a model with 4541 rows, 2532 columns and 13579 nonzeros (Min)
Model fingerprint: 0xd8e8fb77
Model has 1 linear objective coefficients
Variable types: 0 continuous, 2532 integer (2470 binary)
Coefficient statistics:
  Matrix range     [1e+00, 1e+00]
  Objective range  [1e+00, 1e+00]
  Bounds range     [1e+00, 8e+00]
  RHS range        [1e+00, 2e+01]

Presolve time: 0.00s

Explored 0 nodes (0 simplex iterations) in 0.00 seconds (0.00 work units)
Thread count was 1 (of 8 available processors)

Solution count 0

Model is infeasible
Best objective -, best bound -, gap -
    UNSAT | IdleRange(P*)=None | time=0.063875s | config=R-DC-IRP-GRB-MIP
    Excel: /home/dclng566/projects/Business-Meeting-Scheduling-Problem/output/gurobi/table06_excel/tic-14crafd.fixed040-Forb.xlsx
Instance forumt-14crafc.forb0007: 1 run(s)
[46/66] forumt-14crafc.forb0007 | reduced | gurobi_mip | P=native_linear | G=distance_closure | n/a
Set parameter WLSAccessID
Set parameter WLSSecret
Set parameter LicenseID to value 2663665
Academic license 2663665 - for non-commercial use only - registered to tu___@vnu.edu.vn
Set parameter OutputFlag to value 1
Set parameter Threads to value 1
Set parameter Seed to value 0
Set parameter MIPGap to value 0
Set parameter MIPGapAbs to value 0
Set parameter TimeLimit to value 7199.693951618
Gurobi Optimizer version 13.0.2 build v13.0.2rc1 (linux64 - "Ubuntu 22.04.5 LTS")

CPU model: INTEL(R) XEON(R) PLATINUM 8581C CPU @ 2.30GHz, instruction set [SSE2|AVX|AVX2|AVX512]
Thread count: 4 physical cores, 8 logical processors, using up to 1 threads

Non-default parameters:
TimeLimit  7199.693951618
MIPGap  0
MIPGapAbs  0
Threads  1

Academic license 2663665 - for non-commercial use only - registered to tu___@vnu.edu.vn
Optimize a model with 4885 rows, 4159 columns and 23660 nonzeros (Min)
Model fingerprint: 0x935a8f63
Model has 1 linear objective coefficients
Variable types: 0 continuous, 4159 integer (4097 binary)
Coefficient statistics:
  Matrix range     [1e+00, 1e+00]
  Objective range  [1e+00, 1e+00]
  Bounds range     [1e+00, 7e+00]
  RHS range        [1e+00, 2e+01]

Presolve time: 0.00s

Explored 0 nodes (0 simplex iterations) in 0.00 seconds (0.00 work units)
Thread count was 1 (of 8 available processors)

Solution count 0

Model is infeasible
Best objective -, best bound -, gap -
    UNSAT | IdleRange(P*)=None | time=0.059313s | config=R-DC-IRP-GRB-MIP
    Excel: /home/dclng566/projects/Business-Meeting-Scheduling-Problem/output/gurobi/table06_excel/forumt-14crafc.forb0007.xlsx
Instance forum-14.forb0003: 1 run(s)
[47/66] forum-14.forb0003 | reduced | gurobi_mip | P=native_linear | G=distance_closure | n/a
Set parameter WLSAccessID
Set parameter WLSSecret
Set parameter LicenseID to value 2663665
Academic license 2663665 - for non-commercial use only - registered to tu___@vnu.edu.vn
Set parameter OutputFlag to value 1
Set parameter Threads to value 1
Set parameter Seed to value 0
Set parameter MIPGap to value 0
Set parameter MIPGapAbs to value 0
Set parameter TimeLimit to value 7198.742859882
Gurobi Optimizer version 13.0.2 build v13.0.2rc1 (linux64 - "Ubuntu 22.04.5 LTS")

CPU model: INTEL(R) XEON(R) PLATINUM 8581C CPU @ 2.30GHz, instruction set [SSE2|AVX|AVX2|AVX512]
Thread count: 4 physical cores, 8 logical processors, using up to 1 threads

Non-default parameters:
TimeLimit  7198.742859882
MIPGap  0
MIPGapAbs  0
Threads  1

Academic license 2663665 - for non-commercial use only - registered to tu___@vnu.edu.vn
Optimize a model with 12659 rows, 10666 columns and 61226 nonzeros (Min)
Model fingerprint: 0xb8f3d57a
Model has 1 linear objective coefficients
Variable types: 0 continuous, 10666 integer (10591 binary)
Coefficient statistics:
  Matrix range     [1e+00, 1e+00]
  Objective range  [1e+00, 1e+00]
  Bounds range     [1e+00, 2e+01]
  RHS range        [1e+00, 4e+01]

Presolve removed 2069 rows and 377 columns
Presolve time: 0.06s
Presolved: 10590 rows, 10289 columns, 47962 nonzeros
Variable types: 0 continuous, 10289 integer (10218 binary)

Root relaxation: objective 0.000000e+00, 19834 iterations, 4.21 seconds (6.77 work units)

    Nodes    |    Current Node    |     Objective Bounds      |     Work
 Expl Unexpl |  Obj  Depth IntInf | Incumbent    BestBd   Gap | It/Node Time

     0     0    0.00000    0 4546          -    0.00000      -     -    7s
     0     0    0.00000    0 3436          -    0.00000      -     -   17s
H    0     0                      15.0000000    0.00000   100%     -   17s
H    0     0                      14.0000000    0.00000   100%     -   17s
     0     0    0.00000    0 3436   14.00000    0.00000   100%     -   17s
     0     0    0.00000    0 2658   14.00000    0.00000   100%     -   24s
H    0     0                      13.0000000    0.00000   100%     -   24s
H    0     0                      10.0000000    0.00000   100%     -   25s
     0     0    0.00000    0 2311   10.00000    0.00000   100%     -   28s
H    0     0                       9.0000000    0.00000   100%     -   28s
     0     0    0.00000    0 2237    9.00000    0.00000   100%     -   28s
     0     0    0.00000    0 2128    9.00000    0.00000   100%     -   30s
     0     0    0.00000    0 1265    9.00000    0.00000   100%     -   38s
H    0     0                       8.0000000    0.00000   100%     -   38s
     0     0    0.00000    0 1262    8.00000    0.00000   100%     -   39s
     0     0    0.00000    0 1359    8.00000    0.00000   100%     -   40s
     0     0    0.00000    0 1008    8.00000    0.00000   100%     -   46s
     0     0    0.00000    0 1021    8.00000    0.00000   100%     -   47s
     0     0    0.00000    0 1234    8.00000    0.00000   100%     -   48s
     0     0    0.00000    0 1234    8.00000    0.00000   100%     -   54s
H    0     0                       7.0000000    0.00000   100%     -   54s
     0     0    0.00000    0 1217    7.00000    0.00000   100%     -   54s
     0     0    0.00000    0 1218    7.00000    0.00000   100%     -   55s
     0     0    0.00000    0 1049    7.00000    0.00000   100%     -   60s
     0     0    0.00000    0 1049    7.00000    0.00000   100%     -   60s
     0     0    0.00000    0 1049    7.00000    0.00000   100%     -   65s
H    0     0                       6.0000000    0.00000   100%     -   69s
H    0     0                       5.0000000    0.00000   100%     -   70s
H    0     0                       4.0000000    0.00000   100%     -   70s
H    0     0                       3.0000000    0.00000   100%     -   70s
     0     2    0.00000    0 1030    3.00000    0.00000   100%     -   74s
H    1     1                       2.0000000    0.00000   100%   0.0   80s
     4     6    0.00000    2 1240    2.00000    0.00000   100%  2307   85s
     8    10    0.00000    4 1076    2.00000    0.00000   100%  3221   92s
    11    13    0.00000    6 1035    2.00000    0.00000   100%  2834  101s
    26    28    0.00000   15 1184    2.00000    0.00000   100%  2577  106s
    39    38    0.00000   22 1005    2.00000    0.00000   100%  2395  110s
    50    49    0.00000   31  989    2.00000    0.00000   100%  2245  124s
    51    50    0.00000   31  939    2.00000    0.00000   100%  2253  126s
H   57    50                       1.0000000    0.00000   100%  2155  128s
    61    55    0.00000   37 1057    1.00000    0.00000   100%  2291  130s
    98    84    0.00000   59  948    1.00000    0.00000   100%  1830  135s
H  115     3                       0.0000000    0.00000  0.00%  1707  150s

Cutting planes:
  Gomory: 2
  Cover: 4
  Implied bound: 35
  Clique: 85
  MIR: 6
  Flow cover: 6
  GUB cover: 7
  Zero half: 57
  RLT: 282
  Relax-and-lift: 27
  BQP: 22
  PSD: 8

Explored 116 nodes (490591 simplex iterations) in 150.95 seconds (232.31 work units)
Thread count was 1 (of 8 available processors)

Solution count 10: 0 1 2 ... 9

Optimal solution found (tolerance 0.00e+00)
Best objective 0.000000000000e+00, best bound 0.000000000000e+00, gap 0.0000%
    SAT | IdleRange(P*)=0 | time=151.96509s | config=R-DC-IRP-GRB-MIP
    Excel: /home/dclng566/projects/Business-Meeting-Scheduling-Problem/output/gurobi/table06_excel/forum-14.forb0003.xlsx
Instance forum-14.forb0007: 1 run(s)
[48/66] forum-14.forb0007 | reduced | gurobi_mip | P=native_linear | G=distance_closure | n/a
Set parameter WLSAccessID
Set parameter WLSSecret
Set parameter LicenseID to value 2663665
Academic license 2663665 - for non-commercial use only - registered to tu___@vnu.edu.vn
Set parameter OutputFlag to value 1
Set parameter Threads to value 1
Set parameter Seed to value 0
Set parameter MIPGap to value 0
Set parameter MIPGapAbs to value 0
Set parameter TimeLimit to value 7199.264398803
Gurobi Optimizer version 13.0.2 build v13.0.2rc1 (linux64 - "Ubuntu 22.04.5 LTS")

CPU model: INTEL(R) XEON(R) PLATINUM 8581C CPU @ 2.30GHz, instruction set [SSE2|AVX|AVX2|AVX512]
Thread count: 4 physical cores, 8 logical processors, using up to 1 threads

Non-default parameters:
TimeLimit  7199.264398803
MIPGap  0
MIPGapAbs  0
Threads  1

Academic license 2663665 - for non-commercial use only - registered to tu___@vnu.edu.vn
Optimize a model with 12616 rows, 10580 columns and 60681 nonzeros (Min)
Model fingerprint: 0x799e4c6d
Model has 1 linear objective coefficients
Variable types: 0 continuous, 10580 integer (10505 binary)
Coefficient statistics:
  Matrix range     [1e+00, 1e+00]
  Objective range  [1e+00, 1e+00]
  Bounds range     [1e+00, 2e+01]
  RHS range        [1e+00, 4e+01]

Presolve time: 0.00s

Explored 0 nodes (0 simplex iterations) in 0.00 seconds (0.00 work units)
Thread count was 1 (of 8 available processors)

Solution count 0

Model is infeasible
Best objective -, best bound -, gap -
    UNSAT | IdleRange(P*)=None | time=0.494214s | config=R-DC-IRP-GRB-MIP
    Excel: /home/dclng566/projects/Business-Meeting-Scheduling-Problem/output/gurobi/table06_excel/forum-14.forb0007.xlsx
Instance tic-12.forb0007: 1 run(s)
[49/66] tic-12.forb0007 | reduced | gurobi_mip | P=native_linear | G=distance_closure | n/a
Set parameter WLSAccessID
Set parameter WLSSecret
Set parameter LicenseID to value 2663665
Academic license 2663665 - for non-commercial use only - registered to tu___@vnu.edu.vn
Set parameter OutputFlag to value 1
Set parameter Threads to value 1
Set parameter Seed to value 0
Set parameter MIPGap to value 0
Set parameter MIPGapAbs to value 0
Set parameter TimeLimit to value 7199.72033003
Gurobi Optimizer version 13.0.2 build v13.0.2rc1 (linux64 - "Ubuntu 22.04.5 LTS")

CPU model: INTEL(R) XEON(R) PLATINUM 8581C CPU @ 2.30GHz, instruction set [SSE2|AVX|AVX2|AVX512]
Thread count: 4 physical cores, 8 logical processors, using up to 1 threads

Non-default parameters:
TimeLimit  7199.72033003
MIPGap  0
MIPGapAbs  0
Threads  1

Academic license 2663665 - for non-commercial use only - registered to tu___@vnu.edu.vn
Optimize a model with 2580 rows, 1953 columns and 10939 nonzeros (Min)
Model fingerprint: 0xb8b48733
Model has 1 linear objective coefficients
Variable types: 0 continuous, 1953 integer (1911 binary)
Coefficient statistics:
  Matrix range     [1e+00, 1e+00]
  Objective range  [1e+00, 1e+00]
  Bounds range     [1e+00, 6e+00]
  RHS range        [1e+00, 2e+01]

Presolve time: 0.00s

Explored 0 nodes (0 simplex iterations) in 0.00 seconds (0.00 work units)
Thread count was 1 (of 8 available processors)

Solution count 0

Model is infeasible
Best objective -, best bound -, gap -
    UNSAT | IdleRange(P*)=None | time=0.031683s | config=R-DC-IRP-GRB-MIP
    Excel: /home/dclng566/projects/Business-Meeting-Scheduling-Problem/output/gurobi/table06_excel/tic-12.forb0007.xlsx
Instance tic-13.forb0003: 1 run(s)
[50/66] tic-13.forb0003 | reduced | gurobi_mip | P=native_linear | G=distance_closure | n/a
Set parameter WLSAccessID
Set parameter WLSSecret
Set parameter LicenseID to value 2663665
Academic license 2663665 - for non-commercial use only - registered to tu___@vnu.edu.vn
Set parameter OutputFlag to value 1
Set parameter Threads to value 1
Set parameter Seed to value 0
Set parameter MIPGap to value 0
Set parameter MIPGapAbs to value 0
Set parameter TimeLimit to value 7.1996901472370009e+03
Gurobi Optimizer version 13.0.2 build v13.0.2rc1 (linux64 - "Ubuntu 22.04.5 LTS")

CPU model: INTEL(R) XEON(R) PLATINUM 8581C CPU @ 2.30GHz, instruction set [SSE2|AVX|AVX2|AVX512]
Thread count: 4 physical cores, 8 logical processors, using up to 1 threads

Non-default parameters:
TimeLimit  7.1996901472370009e+03
MIPGap  0
MIPGapAbs  0
Threads  1

Academic license 2663665 - for non-commercial use only - registered to tu___@vnu.edu.vn
Optimize a model with 3740 rows, 3178 columns and 18103 nonzeros (Min)
Model fingerprint: 0xf4c44cba
Model has 1 linear objective coefficients
Variable types: 0 continuous, 3178 integer (3130 binary)
Coefficient statistics:
  Matrix range     [1e+00, 1e+00]
  Objective range  [1e+00, 1e+00]
  Bounds range     [1e+00, 6e+00]
  RHS range        [1e+00, 2e+01]

Presolve time: 0.00s

Explored 0 nodes (0 simplex iterations) in 0.00 seconds (0.00 work units)
Thread count was 1 (of 8 available processors)

Solution count 0

Model is infeasible
Best objective -, best bound -, gap -
    UNSAT | IdleRange(P*)=None | time=0.062418s | config=R-DC-IRP-GRB-MIP
    Excel: /home/dclng566/projects/Business-Meeting-Scheduling-Problem/output/gurobi/table06_excel/tic-13.forb0003.xlsx
Instance tic-12crafc.fixed040-Forb: 1 run(s)
[51/66] tic-12crafc.fixed040-Forb | reduced | gurobi_mip | P=native_linear | G=distance_closure | n/a
Set parameter WLSAccessID
Set parameter WLSSecret
Set parameter LicenseID to value 2663665
Academic license 2663665 - for non-commercial use only - registered to tu___@vnu.edu.vn
Set parameter OutputFlag to value 1
Set parameter Threads to value 1
Set parameter Seed to value 0
Set parameter MIPGap to value 0
Set parameter MIPGapAbs to value 0
Set parameter TimeLimit to value 7199.721595071
Gurobi Optimizer version 13.0.2 build v13.0.2rc1 (linux64 - "Ubuntu 22.04.5 LTS")

CPU model: INTEL(R) XEON(R) PLATINUM 8581C CPU @ 2.30GHz, instruction set [SSE2|AVX|AVX2|AVX512]
Thread count: 4 physical cores, 8 logical processors, using up to 1 threads

Non-default parameters:
TimeLimit  7199.721595071
MIPGap  0
MIPGapAbs  0
Threads  1

Academic license 2663665 - for non-commercial use only - registered to tu___@vnu.edu.vn
Optimize a model with 2523 rows, 1520 columns and 8283 nonzeros (Min)
Model fingerprint: 0x8a1e8441
Model has 1 linear objective coefficients
Variable types: 0 continuous, 1520 integer (1478 binary)
Coefficient statistics:
  Matrix range     [1e+00, 1e+00]
  Objective range  [1e+00, 1e+00]
  Bounds range     [1e+00, 6e+00]
  RHS range        [1e+00, 2e+01]

Presolve time: 0.00s

Explored 0 nodes (0 simplex iterations) in 0.00 seconds (0.00 work units)
Thread count was 1 (of 8 available processors)

Solution count 0

Model is infeasible
Best objective -, best bound -, gap -
    UNSAT | IdleRange(P*)=None | time=0.030179s | config=R-DC-IRP-GRB-MIP
    Excel: /home/dclng566/projects/Business-Meeting-Scheduling-Problem/output/gurobi/table06_excel/tic-12crafc.fixed040-Forb.xlsx
Instance forumt-14crafc.forb0003: 1 run(s)
[52/66] forumt-14crafc.forb0003 | reduced | gurobi_mip | P=native_linear | G=distance_closure | n/a
Set parameter WLSAccessID
Set parameter WLSSecret
Set parameter LicenseID to value 2663665
Academic license 2663665 - for non-commercial use only - registered to tu___@vnu.edu.vn
Set parameter OutputFlag to value 1
Set parameter Threads to value 1
Set parameter Seed to value 0
Set parameter MIPGap to value 0
Set parameter MIPGapAbs to value 0
Set parameter TimeLimit to value 7199.622770983
Gurobi Optimizer version 13.0.2 build v13.0.2rc1 (linux64 - "Ubuntu 22.04.5 LTS")

CPU model: INTEL(R) XEON(R) PLATINUM 8581C CPU @ 2.30GHz, instruction set [SSE2|AVX|AVX2|AVX512]
Thread count: 4 physical cores, 8 logical processors, using up to 1 threads

Non-default parameters:
TimeLimit  7199.622770983
MIPGap  0
MIPGapAbs  0
Threads  1

Academic license 2663665 - for non-commercial use only - registered to tu___@vnu.edu.vn
Optimize a model with 4903 rows, 4193 columns and 23879 nonzeros (Min)
Model fingerprint: 0x009cda6a
Model has 1 linear objective coefficients
Variable types: 0 continuous, 4193 integer (4131 binary)
Coefficient statistics:
  Matrix range     [1e+00, 1e+00]
  Objective range  [1e+00, 1e+00]
  Bounds range     [1e+00, 7e+00]
  RHS range        [1e+00, 2e+01]

Presolve removed 3440 rows and 1384 columns
Presolve time: 0.03s
Presolved: 1463 rows, 2809 columns, 11191 nonzeros
Variable types: 0 continuous, 2809 integer (2781 binary)

Root relaxation: objective 0.000000e+00, 5005 iterations, 0.34 seconds (0.56 work units)

    Nodes    |    Current Node    |     Objective Bounds      |     Work
 Expl Unexpl |  Obj  Depth IntInf | Incumbent    BestBd   Gap | It/Node Time

     0     0    0.00000    0  694          -    0.00000      -     -    0s
H    0     0                       5.0000000    0.00000   100%     -    0s
     0     0    0.00000    0  742    5.00000    0.00000   100%     -    1s
     0     0    0.00000    0  749    5.00000    0.00000   100%     -    1s
     0     0    0.00000    0  427    5.00000    0.00000   100%     -    2s
H    0     0                       4.0000000    0.00000   100%     -    2s
     0     0    0.00000    0  495    4.00000    0.00000   100%     -    2s
     0     0    0.00000    0  643    4.00000    0.00000   100%     -    2s
     0     0    0.00000    0  420    4.00000    0.00000   100%     -    3s
     0     0    0.00000    0  427    4.00000    0.00000   100%     -    3s
     0     0    0.00000    0  498    4.00000    0.00000   100%     -    3s
     0     0    0.00000    0  315    4.00000    0.00000   100%     -    3s
H    0     0                       3.0000000    0.00000   100%     -    3s
     0     0    0.00000    0  335    3.00000    0.00000   100%     -    3s
     0     0    0.00000    0  466    3.00000    0.00000   100%     -    4s
     0     0    0.00000    0  388    3.00000    0.00000   100%     -    4s
H    0     0                       2.0000000    0.00000   100%     -    4s
     0     0    0.00000    0  356    2.00000    0.00000   100%     -    4s
     0     0    0.00000    0  433    2.00000    0.00000   100%     -    4s
     0     0    0.00000    0  365    2.00000    0.00000   100%     -    5s
H    0     0                       1.0000000    0.00000   100%     -    5s
     0     0    0.00000    0  342    1.00000    0.00000   100%     -    5s
     0     0    0.00000    0  502    1.00000    0.00000   100%     -    5s
     0     0    0.00000    0  354    1.00000    0.00000   100%     -    6s
     0     0    0.00000    0  354    1.00000    0.00000   100%     -    6s
     0     0    0.00000    0  354    1.00000    0.00000   100%     -    6s
     0     2    0.00000    0  354    1.00000    0.00000   100%     -    6s
    16    13    0.00000   11  640    1.00000    0.00000   100%   687   12s
    43    38    0.00000   28  523    1.00000    0.00000   100%   729   15s
    85    80    0.00000   54  484    1.00000    0.00000   100%   721   20s
*  250     4             161       0.0000000    0.00000  0.00%   589   24s

Cutting planes:
  Cover: 1
  Clique: 19
  Flow cover: 2
  GUB cover: 1
  Zero half: 4
  RLT: 11

Explored 251 nodes (225802 simplex iterations) in 24.01 seconds (36.38 work units)
Thread count was 1 (of 8 available processors)

Solution count 6: 0 1 2 ... 5

Optimal solution found (tolerance 0.00e+00)
Best objective 0.000000000000e+00, best bound 0.000000000000e+00, gap 0.0000%
    SAT | IdleRange(P*)=0 | time=24.139565s | config=R-DC-IRP-GRB-MIP
    Excel: /home/dclng566/projects/Business-Meeting-Scheduling-Problem/output/gurobi/table06_excel/forumt-14crafc.forb0003.xlsx
Instance forum-13crafb.forb0003: 1 run(s)
[53/66] forum-13crafb.forb0003 | reduced | gurobi_mip | P=native_linear | G=distance_closure | n/a
Set parameter WLSAccessID
Set parameter WLSSecret
Set parameter LicenseID to value 2663665
Academic license 2663665 - for non-commercial use only - registered to tu___@vnu.edu.vn
Set parameter OutputFlag to value 1
Set parameter Threads to value 1
Set parameter Seed to value 0
Set parameter MIPGap to value 0
Set parameter MIPGapAbs to value 0
Set parameter TimeLimit to value 7.1995147375319993e+03
Gurobi Optimizer version 13.0.2 build v13.0.2rc1 (linux64 - "Ubuntu 22.04.5 LTS")

CPU model: INTEL(R) XEON(R) PLATINUM 8581C CPU @ 2.30GHz, instruction set [SSE2|AVX|AVX2|AVX512]
Thread count: 4 physical cores, 8 logical processors, using up to 1 threads

Non-default parameters:
TimeLimit  7.1995147375319993e+03
MIPGap  0
MIPGapAbs  0
Threads  1

Academic license 2663665 - for non-commercial use only - registered to tu___@vnu.edu.vn
Optimize a model with 9718 rows, 6973 columns and 39186 nonzeros (Min)
Model fingerprint: 0xfcc80230
Model has 1 linear objective coefficients
Variable types: 0 continuous, 6973 integer (6914 binary)
Coefficient statistics:
  Matrix range     [1e+00, 1e+00]
  Objective range  [1e+00, 1e+00]
  Bounds range     [1e+00, 2e+01]
  RHS range        [1e+00, 4e+01]

Presolve removed 1613 rows and 354 columns
Presolve time: 0.05s
Presolved: 8105 rows, 6619 columns, 31796 nonzeros
Variable types: 0 continuous, 6619 integer (6564 binary)
Found heuristic solution: objective 14.0000000

Root relaxation: objective 0.000000e+00, 15570 iterations, 2.15 seconds (3.45 work units)

    Nodes    |    Current Node    |     Objective Bounds      |     Work
 Expl Unexpl |  Obj  Depth IntInf | Incumbent    BestBd   Gap | It/Node Time

     0     0    0.00000    0 3279   14.00000    0.00000   100%     -    3s
     0     0    1.00000    0 1926   14.00000    1.00000  92.9%     -    7s
     0     0    1.00000    0 1926   14.00000    1.00000  92.9%     -    7s
     0     0    1.00000    0 1608   14.00000    1.00000  92.9%     -   10s
H    0     0                      13.0000000    1.00000  92.3%     -   10s
H    0     0                      11.0000000    1.00000  90.9%     -   10s
     0     0    1.00000    0 1651   11.00000    1.00000  90.9%     -   11s
H    0     0                      10.0000000    1.00000  90.0%     -   11s
H    0     0                       9.0000000    1.00000  88.9%     -   11s
     0     0    1.00000    0 1586    9.00000    1.00000  88.9%     -   11s
     0     0    1.00000    0 1532    9.00000    1.00000  88.9%     -   11s
     0     0    1.00000    0 1185    9.00000    1.00000  88.9%     -   13s
H    0     0                       8.0000000    1.00000  87.5%     -   13s
     0     0    1.00000    0 1145    8.00000    1.00000  87.5%     -   13s
     0     0    1.00000    0 1136    8.00000    1.00000  87.5%     -   13s
     0     0    1.00000    0 1161    8.00000    1.00000  87.5%     -   14s
     0     0    1.00000    0  740    8.00000    1.00000  87.5%     -   15s
H    0     0                       7.0000000    1.00000  85.7%     -   15s
H    0     0                       6.0000000    1.00000  83.3%     -   15s
     0     0    1.00000    0  752    6.00000    1.00000  83.3%     -   15s
     0     0    1.00000    0  744    6.00000    1.00000  83.3%     -   15s
     0     0    1.00000    0  913    6.00000    1.00000  83.3%     -   15s
     0     0    1.00000    0  503    6.00000    1.00000  83.3%     -   16s
     0     0    1.00000    0  656    6.00000    1.00000  83.3%     -   16s
     0     0    1.00000    0  758    6.00000    1.00000  83.3%     -   16s
     0     0    1.00000    0  758    6.00000    1.00000  83.3%     -   18s
H    0     0                       5.0000000    1.00000  80.0%     -   18s
     0     0    1.00000    0  717    5.00000    1.00000  80.0%     -   18s
     0     0    1.00000    0  701    5.00000    1.00000  80.0%     -   18s
     0     0    1.00000    0  927    5.00000    1.00000  80.0%     -   18s
     0     0    1.00000    0  941    5.00000    1.00000  80.0%     -   18s
     0     0    1.00000    0  909    5.00000    1.00000  80.0%     -   19s
     0     0    1.00000    0  796    5.00000    1.00000  80.0%     -   19s
     0     0    1.00000    0  845    5.00000    1.00000  80.0%     -   20s
     0     0    1.00000    0  845    5.00000    1.00000  80.0%     -   20s
     0     0    1.00000    0  845    5.00000    1.00000  80.0%     -   20s
     0     0    1.00000    0  845    5.00000    1.00000  80.0%     -   21s
     0     2    1.00000    0  648    5.00000    1.00000  80.0%     -   23s
H    1     1                       4.0000000    1.00000  75.0%   0.0   23s
H    7     7                       3.0000000    1.00000  66.7%   486   24s
    16    16    1.00000    8  755    3.00000    1.00000  66.7%   746   25s
    43    39    1.00000   25  713    3.00000    1.00000  66.7%   621   30s
H   52    36                       2.0000000    1.00000  50.0%   570   32s
    86    53    1.00000   10  825    2.00000    1.00000  50.0%   496   35s
   178   114    1.00000   24  910    2.00000    1.00000  50.0%   463   40s
   256   160    1.00000   18 1926    2.00000    1.00000  50.0%   461   45s
   261   163    1.00000   22  840    2.00000    1.00000  50.0%   452   50s
   269   169    1.00000   22  588    2.00000    1.00000  50.0%   438   55s
   277   174    1.00000   64  574    2.00000    1.00000  50.0%   426   60s

Cutting planes:
  Gomory: 5
  Cover: 3
  Implied bound: 3
  Clique: 109
  Flow cover: 3
  GUB cover: 5
  Zero half: 31
  RLT: 80
  Relax-and-lift: 13
  BQP: 18
  PSD: 1

Explored 279 nodes (419159 simplex iterations) in 61.33 seconds (90.41 work units)
Thread count was 1 (of 8 available processors)

Solution count 10: 2 3 4 ... 11

Optimal solution found (tolerance 0.00e+00)
Best objective 2.000000000000e+00, best bound 2.000000000000e+00, gap 0.0000%
    SAT | IdleRange(P*)=2 | time=61.573324s | config=R-DC-IRP-GRB-MIP
    Excel: /home/dclng566/projects/Business-Meeting-Scheduling-Problem/output/gurobi/table06_excel/forum-13crafb.forb0003.xlsx
Instance forumt-14crafe.forb0003: 1 run(s)
[54/66] forumt-14crafe.forb0003 | reduced | gurobi_mip | P=native_linear | G=distance_closure | n/a
Set parameter WLSAccessID
Set parameter WLSSecret
Set parameter LicenseID to value 2663665
Academic license 2663665 - for non-commercial use only - registered to tu___@vnu.edu.vn
Set parameter OutputFlag to value 1
Set parameter Threads to value 1
Set parameter Seed to value 0
Set parameter MIPGap to value 0
Set parameter MIPGapAbs to value 0
Set parameter TimeLimit to value 7.1996549906129994e+03
Gurobi Optimizer version 13.0.2 build v13.0.2rc1 (linux64 - "Ubuntu 22.04.5 LTS")

CPU model: INTEL(R) XEON(R) PLATINUM 8581C CPU @ 2.30GHz, instruction set [SSE2|AVX|AVX2|AVX512]
Thread count: 4 physical cores, 8 logical processors, using up to 1 threads

Non-default parameters:
TimeLimit  7.1996549906129994e+03
MIPGap  0
MIPGapAbs  0
Threads  1

Academic license 2663665 - for non-commercial use only - registered to tu___@vnu.edu.vn
Optimize a model with 4902 rows, 4172 columns and 23753 nonzeros (Min)
Model fingerprint: 0xb0d51d95
Model has 1 linear objective coefficients
Variable types: 0 continuous, 4172 integer (4110 binary)
Coefficient statistics:
  Matrix range     [1e+00, 1e+00]
  Objective range  [1e+00, 1e+00]
  Bounds range     [1e+00, 8e+00]
  RHS range        [1e+00, 2e+01]

Presolve time: 0.00s

Explored 0 nodes (0 simplex iterations) in 0.00 seconds (0.00 work units)
Thread count was 1 (of 8 available processors)

Solution count 0

Model is infeasible
Best objective -, best bound -, gap -
    UNSAT | IdleRange(P*)=None | time=0.098603s | config=R-DC-IRP-GRB-MIP
    Excel: /home/dclng566/projects/Business-Meeting-Scheduling-Problem/output/gurobi/table06_excel/forumt-14crafe.forb0003.xlsx
Instance tic-14crafc.fixed020-Forb: 1 run(s)
[55/66] tic-14crafc.fixed020-Forb | reduced | gurobi_mip | P=native_linear | G=distance_closure | n/a
Set parameter WLSAccessID
Set parameter WLSSecret
Set parameter LicenseID to value 2663665
Academic license 2663665 - for non-commercial use only - registered to tu___@vnu.edu.vn
Set parameter OutputFlag to value 1
Set parameter Threads to value 1
Set parameter Seed to value 0
Set parameter MIPGap to value 0
Set parameter MIPGapAbs to value 0
Set parameter TimeLimit to value 7.1996401126949995e+03
Gurobi Optimizer version 13.0.2 build v13.0.2rc1 (linux64 - "Ubuntu 22.04.5 LTS")

CPU model: INTEL(R) XEON(R) PLATINUM 8581C CPU @ 2.30GHz, instruction set [SSE2|AVX|AVX2|AVX512]
Thread count: 4 physical cores, 8 logical processors, using up to 1 threads

Non-default parameters:
TimeLimit  7.1996401126949995e+03
MIPGap  0
MIPGapAbs  0
Threads  1

Academic license 2663665 - for non-commercial use only - registered to tu___@vnu.edu.vn
Optimize a model with 4804 rows, 3220 columns and 17959 nonzeros (Min)
Model fingerprint: 0xac47975b
Model has 1 linear objective coefficients
Variable types: 0 continuous, 3220 integer (3158 binary)
Coefficient statistics:
  Matrix range     [1e+00, 1e+00]
  Objective range  [1e+00, 1e+00]
  Bounds range     [1e+00, 7e+00]
  RHS range        [1e+00, 2e+01]

Presolve removed 3712 rows and 1602 columns
Presolve time: 0.03s
Presolved: 1092 rows, 1618 columns, 6606 nonzeros
Variable types: 0 continuous, 1618 integer (1600 binary)

Root relaxation: objective 2.000000e+00, 2339 iterations, 0.09 seconds (0.12 work units)

    Nodes    |    Current Node    |     Objective Bounds      |     Work
 Expl Unexpl |  Obj  Depth IntInf | Incumbent    BestBd   Gap | It/Node Time

     0     0    2.00000    0   55          -    2.00000      -     -    0s
H    0     0                       4.0000000    2.00000  50.0%     -    0s
H    0     0                       3.0000000    2.00000  33.3%     -    0s
     0     0    2.00000    0  325    3.00000    2.00000  33.3%     -    0s
H    0     0                       2.0000000    2.00000  0.00%     -    0s
     0     0    2.00000    0  325    2.00000    2.00000  0.00%     -    0s

Cutting planes:
  Gomory: 1
  Implied bound: 1
  RLT: 3

Explored 1 nodes (4398 simplex iterations) in 0.21 seconds (0.28 work units)
Thread count was 1 (of 8 available processors)

Solution count 3: 2 3 4 

Optimal solution found (tolerance 0.00e+00)
Best objective 2.000000000000e+00, best bound 2.000000000000e+00, gap 0.0000%
    SAT | IdleRange(P*)=2 | time=0.318049s | config=R-DC-IRP-GRB-MIP
    Excel: /home/dclng566/projects/Business-Meeting-Scheduling-Problem/output/gurobi/table06_excel/tic-14crafc.fixed020-Forb.xlsx
Instance ticf-13crafc.fixed040-Forb: 1 run(s)
[56/66] ticf-13crafc.fixed040-Forb | reduced | gurobi_mip | P=native_linear | G=distance_closure | n/a
Set parameter WLSAccessID
Set parameter WLSSecret
Set parameter LicenseID to value 2663665
Academic license 2663665 - for non-commercial use only - registered to tu___@vnu.edu.vn
Set parameter OutputFlag to value 1
Set parameter Threads to value 1
Set parameter Seed to value 0
Set parameter MIPGap to value 0
Set parameter MIPGapAbs to value 0
Set parameter TimeLimit to value 7199.655818444
Gurobi Optimizer version 13.0.2 build v13.0.2rc1 (linux64 - "Ubuntu 22.04.5 LTS")

CPU model: INTEL(R) XEON(R) PLATINUM 8581C CPU @ 2.30GHz, instruction set [SSE2|AVX|AVX2|AVX512]
Thread count: 4 physical cores, 8 logical processors, using up to 1 threads

Non-default parameters:
TimeLimit  7199.655818444
MIPGap  0
MIPGapAbs  0
Threads  1

Academic license 2663665 - for non-commercial use only - registered to tu___@vnu.edu.vn
Optimize a model with 7871 rows, 4589 columns and 23854 nonzeros (Min)
Model fingerprint: 0xd42089cd
Model has 1 linear objective coefficients
Variable types: 0 continuous, 4589 integer (4528 binary)
Coefficient statistics:
  Matrix range     [1e+00, 1e+00]
  Objective range  [1e+00, 1e+00]
  Bounds range     [1e+00, 2e+01]
  RHS range        [1e+00, 4e+01]

Presolve removed 5961 rows and 2885 columns
Presolve time: 0.05s
Presolved: 1910 rows, 1704 columns, 7872 nonzeros
Variable types: 0 continuous, 1704 integer (1679 binary)
Found heuristic solution: objective 15.0000000
Found heuristic solution: objective 14.0000000

Root relaxation: objective 1.200000e+01, 1356 iterations, 0.02 seconds (0.02 work units)

    Nodes    |    Current Node    |     Objective Bounds      |     Work
 Expl Unexpl |  Obj  Depth IntInf | Incumbent    BestBd   Gap | It/Node Time

     0     0   12.00000    0   14   14.00000   12.00000  14.3%     -    0s
H    0     0                      13.0000000   12.00000  7.69%     -    0s
H    0     0                      12.0000000   12.00000  0.00%     -    0s
     0     0   12.00000    0   14   12.00000   12.00000  0.00%     -    0s

Explored 1 nodes (1998 simplex iterations) in 0.09 seconds (0.11 work units)
Thread count was 1 (of 8 available processors)

Solution count 4: 12 13 14 15 

Optimal solution found (tolerance 0.00e+00)
Best objective 1.200000000000e+01, best bound 1.200000000000e+01, gap 0.0000%
    SAT | IdleRange(P*)=12 | time=0.184638s | config=R-DC-IRP-GRB-MIP
    Excel: /home/dclng566/projects/Business-Meeting-Scheduling-Problem/output/gurobi/table06_excel/ticf-13crafc.fixed040-Forb.xlsx
Instance forum-14.fixed020-Forb: 1 run(s)
[57/66] forum-14.fixed020-Forb | reduced | gurobi_mip | P=native_linear | G=distance_closure | n/a
Set parameter WLSAccessID
Set parameter WLSSecret
Set parameter LicenseID to value 2663665
Academic license 2663665 - for non-commercial use only - registered to tu___@vnu.edu.vn
Set parameter OutputFlag to value 1
Set parameter Threads to value 1
Set parameter Seed to value 0
Set parameter MIPGap to value 0
Set parameter MIPGapAbs to value 0
Set parameter TimeLimit to value 7.1992835322930005e+03
Gurobi Optimizer version 13.0.2 build v13.0.2rc1 (linux64 - "Ubuntu 22.04.5 LTS")

CPU model: INTEL(R) XEON(R) PLATINUM 8581C CPU @ 2.30GHz, instruction set [SSE2|AVX|AVX2|AVX512]
Thread count: 4 physical cores, 8 logical processors, using up to 1 threads

Non-default parameters:
TimeLimit  7.1992835322930005e+03
MIPGap  0
MIPGapAbs  0
Threads  1

Academic license 2663665 - for non-commercial use only - registered to tu___@vnu.edu.vn
Optimize a model with 11802 rows, 8220 columns and 45897 nonzeros (Min)
Model fingerprint: 0x61f9144b
Model has 1 linear objective coefficients
Variable types: 0 continuous, 8220 integer (8145 binary)
Coefficient statistics:
  Matrix range     [1e+00, 1e+00]
  Objective range  [1e+00, 1e+00]
  Bounds range     [1e+00, 2e+01]
  RHS range        [1e+00, 4e+01]

Presolve removed 7764 rows and 3186 columns
Presolve time: 0.12s
Presolved: 4038 rows, 5034 columns, 22032 nonzeros
Variable types: 0 continuous, 5034 integer (4997 binary)
Found heuristic solution: objective 16.0000000
Found heuristic solution: objective 15.0000000

Root relaxation: objective 1.000000e+01, 7113 iterations, 0.60 seconds (0.91 work units)

    Nodes    |    Current Node    |     Objective Bounds      |     Work
 Expl Unexpl |  Obj  Depth IntInf | Incumbent    BestBd   Gap | It/Node Time

     0     0   10.00000    0   99   15.00000   10.00000  33.3%     -    0s
H    0     0                      13.0000000   10.00000  23.1%     -    0s
H    0     0                      11.0000000   10.00000  9.09%     -    0s
H    0     0                      10.0000000   10.00000  0.00%     -    0s
     0     0   10.00000    0   99   10.00000   10.00000  0.00%     -    0s

Explored 1 nodes (9285 simplex iterations) in 0.90 seconds (1.33 work units)
Thread count was 1 (of 8 available processors)

Solution count 5: 10 11 13 ... 16

Optimal solution found (tolerance 0.00e+00)
Best objective 1.000000000000e+01, best bound 1.000000000000e+01, gap 0.0000%
    SAT | IdleRange(P*)=10 | time=1.373387s | config=R-DC-IRP-GRB-MIP
    Excel: /home/dclng566/projects/Business-Meeting-Scheduling-Problem/output/gurobi/table06_excel/forum-14.fixed020-Forb.xlsx
Instance ticf-14crafa.fixed040-Forb: 1 run(s)
[58/66] ticf-14crafa.fixed040-Forb | reduced | gurobi_mip | P=native_linear | G=distance_closure | n/a
Set parameter WLSAccessID
Set parameter WLSSecret
Set parameter LicenseID to value 2663665
Academic license 2663665 - for non-commercial use only - registered to tu___@vnu.edu.vn
Set parameter OutputFlag to value 1
Set parameter Threads to value 1
Set parameter Seed to value 0
Set parameter MIPGap to value 0
Set parameter MIPGapAbs to value 0
Set parameter TimeLimit to value 7.1994925675030008e+03
Gurobi Optimizer version 13.0.2 build v13.0.2rc1 (linux64 - "Ubuntu 22.04.5 LTS")

CPU model: INTEL(R) XEON(R) PLATINUM 8581C CPU @ 2.30GHz, instruction set [SSE2|AVX|AVX2|AVX512]
Thread count: 4 physical cores, 8 logical processors, using up to 1 threads

Non-default parameters:
TimeLimit  7.1994925675030008e+03
MIPGap  0
MIPGapAbs  0
Threads  1

Academic license 2663665 - for non-commercial use only - registered to tu___@vnu.edu.vn
Optimize a model with 11538 rows, 7059 columns and 38690 nonzeros (Min)
Model fingerprint: 0x0bb9bd99
Model has 1 linear objective coefficients
Variable types: 0 continuous, 7059 integer (6984 binary)
Coefficient statistics:
  Matrix range     [1e+00, 1e+00]
  Objective range  [1e+00, 1e+00]
  Bounds range     [1e+00, 2e+01]
  RHS range        [1e+00, 4e+01]

Presolve removed 9463 rows and 4297 columns
Presolve time: 0.08s
Presolved: 2075 rows, 2762 columns, 11988 nonzeros
Variable types: 0 continuous, 2762 integer (2752 binary)

Root relaxation: objective 1.600000e+01, 1771 iterations, 0.03 seconds (0.05 work units)

    Nodes    |    Current Node    |     Objective Bounds      |     Work
 Expl Unexpl |  Obj  Depth IntInf | Incumbent    BestBd   Gap | It/Node Time

H    0     0                      16.0000000   16.00000  0.00%     -    0s
     0     0   16.00000    0  553   16.00000   16.00000  0.00%     -    0s

Explored 1 nodes (1771 simplex iterations) in 0.13 seconds (0.17 work units)
Thread count was 1 (of 8 available processors)

Solution count 1: 16 

Optimal solution found (tolerance 0.00e+00)
Best objective 1.600000000000e+01, best bound 1.600000000000e+01, gap 0.0000%
    SAT | IdleRange(P*)=16 | time=0.388225s | config=R-DC-IRP-GRB-MIP
    Excel: /home/dclng566/projects/Business-Meeting-Scheduling-Problem/output/gurobi/table06_excel/ticf-14crafa.fixed040-Forb.xlsx
Instance forum-13crafb.forb0007: 1 run(s)
[59/66] forum-13crafb.forb0007 | reduced | gurobi_mip | P=native_linear | G=distance_closure | n/a
Set parameter WLSAccessID
Set parameter WLSSecret
Set parameter LicenseID to value 2663665
Academic license 2663665 - for non-commercial use only - registered to tu___@vnu.edu.vn
Set parameter OutputFlag to value 1
Set parameter Threads to value 1
Set parameter Seed to value 0
Set parameter MIPGap to value 0
Set parameter MIPGapAbs to value 0
Set parameter TimeLimit to value 7199.518838427
Gurobi Optimizer version 13.0.2 build v13.0.2rc1 (linux64 - "Ubuntu 22.04.5 LTS")

CPU model: INTEL(R) XEON(R) PLATINUM 8581C CPU @ 2.30GHz, instruction set [SSE2|AVX|AVX2|AVX512]
Thread count: 4 physical cores, 8 logical processors, using up to 1 threads

Non-default parameters:
TimeLimit  7199.518838427
MIPGap  0
MIPGapAbs  0
Threads  1

Academic license 2663665 - for non-commercial use only - registered to tu___@vnu.edu.vn
Optimize a model with 9691 rows, 6947 columns and 39012 nonzeros (Min)
Model fingerprint: 0xeee7014a
Model has 1 linear objective coefficients
Variable types: 0 continuous, 6947 integer (6888 binary)
Coefficient statistics:
  Matrix range     [1e+00, 1e+00]
  Objective range  [1e+00, 1e+00]
  Bounds range     [1e+00, 2e+01]
  RHS range        [1e+00, 4e+01]

Presolve removed 1622 rows and 365 columns
Presolve time: 0.05s
Presolved: 8069 rows, 6582 columns, 31625 nonzeros
Variable types: 0 continuous, 6582 integer (6527 binary)
Found heuristic solution: objective 14.0000000

Root relaxation: objective 0.000000e+00, 15488 iterations, 2.12 seconds (3.45 work units)

    Nodes    |    Current Node    |     Objective Bounds      |     Work
 Expl Unexpl |  Obj  Depth IntInf | Incumbent    BestBd   Gap | It/Node Time

     0     0    0.00000    0 3281   14.00000    0.00000   100%     -    3s
     0     0    1.00000    0 2042   14.00000    1.00000  92.9%     -    4s
H    0     0                      13.0000000    1.00000  92.3%     -    4s
H    0     0                      12.0000000    1.00000  91.7%     -    4s
     0     0    1.00000    0 2042   12.00000    1.00000  91.7%     -    4s
     0     0    1.00000    0 1555   12.00000    1.00000  91.7%     -    7s
     0     0    1.00000    0 1576   12.00000    1.00000  91.7%     -    8s
H    0     0                      11.0000000    1.00000  90.9%     -    8s
H    0     0                       9.0000000    1.00000  88.9%     -    8s
     0     0    1.00000    0 1548    9.00000    1.00000  88.9%     -    8s
     0     0    1.00000    0 1422    9.00000    1.00000  88.9%     -    8s
     0     0    1.00000    0 1015    9.00000    1.00000  88.9%     -   10s
H    0     0                       8.0000000    1.00000  87.5%     -   10s
     0     0    1.00000    0  986    8.00000    1.00000  87.5%     -   10s
     0     0    1.00000    0  940    8.00000    1.00000  87.5%     -   10s
     0     0    1.00000    0 1107    8.00000    1.00000  87.5%     -   10s
     0     0    1.00000    0  814    8.00000    1.00000  87.5%     -   12s
H    0     0                       7.0000000    1.00000  85.7%     -   12s
     0     0    1.00000    0  992    7.00000    1.00000  85.7%     -   13s
     0     0    1.00000    0  940    7.00000    1.00000  85.7%     -   13s
     0     0    1.00000    0 1029    7.00000    1.00000  85.7%     -   13s
     0     0    1.00000    0  796    7.00000    1.00000  85.7%     -   14s
H    0     0                       6.0000000    1.00000  83.3%     -   14s
     0     0    1.00000    0  807    6.00000    1.00000  83.3%     -   14s
     0     0    1.00000    0  791    6.00000    1.00000  83.3%     -   14s
     0     0    1.00000    0  922    6.00000    1.00000  83.3%     -   15s
     0     0    1.00000    0  907    6.00000    1.00000  83.3%     -   15s
     0     0    1.00000    0  673    6.00000    1.00000  83.3%     -   17s
H    0     0                       5.0000000    1.00000  80.0%     -   17s
H    0     0                       4.0000000    1.00000  75.0%     -   17s
     0     0    1.00000    0  627    4.00000    1.00000  75.0%     -   17s
     0     0    1.00000    0  948    4.00000    1.00000  75.0%     -   17s
     0     0    1.00000    0  929    4.00000    1.00000  75.0%     -   17s
     0     0    1.00000    0  391    4.00000    1.00000  75.0%     -   18s
     0     0    1.00000    0  543    4.00000    1.00000  75.0%     -   18s
     0     0    1.00000    0  636    4.00000    1.00000  75.0%     -   18s
     0     0    1.00000    0  386    4.00000    1.00000  75.0%     -   19s
     0     0    1.00000    0  390    4.00000    1.00000  75.0%     -   19s
     0     0    1.00000    0  701    4.00000    1.00000  75.0%     -   20s
     0     0    1.00000    0  537    4.00000    1.00000  75.0%     -   20s
     0     0    1.00000    0  537    4.00000    1.00000  75.0%     -   20s
     0     0    1.00000    0  443    4.00000    1.00000  75.0%     -   21s
     0     0    1.00000    0 1281    4.00000    1.00000  75.0%     -   25s
     0     0    1.00000    0 1281    4.00000    1.00000  75.0%     -   25s
     0     0    1.00000    0 1261    4.00000    1.00000  75.0%     -   25s
     0     0    1.00000    0 1304    4.00000    1.00000  75.0%     -   26s
     0     0    1.00000    0  921    4.00000    1.00000  75.0%     -   27s
     0     0    1.00000    0  873    4.00000    1.00000  75.0%     -   28s
     0     0    1.00000    0  898    4.00000    1.00000  75.0%     -   28s
     0     0    1.00000    0  898    4.00000    1.00000  75.0%     -   29s
     0     0    1.00000    0  952    4.00000    1.00000  75.0%     -   29s
     0     0    1.00000    0 1023    4.00000    1.00000  75.0%     -   29s
     0     0    1.00000    0  812    4.00000    1.00000  75.0%     -   31s
     0     0    1.00000    0  703    4.00000    1.00000  75.0%     -   31s
     0     0    1.00000    0  916    4.00000    1.00000  75.0%     -   31s
     0     0    1.00000    0  633    4.00000    1.00000  75.0%     -   32s
     0     0    1.00000    0  704    4.00000    1.00000  75.0%     -   32s
     0     0    1.00000    0  897    4.00000    1.00000  75.0%     -   32s
     0     0    1.00000    0  825    4.00000    1.00000  75.0%     -   33s
     0     0    1.00000    0  884    4.00000    1.00000  75.0%     -   33s
     0     0    1.00000    0  890    4.00000    1.00000  75.0%     -   34s
     0     0    1.00000    0  743    4.00000    1.00000  75.0%     -   35s
     0     0    1.00000    0  743    4.00000    1.00000  75.0%     -   35s
     0     0    1.00000    0  743    4.00000    1.00000  75.0%     -   35s
     0     2    1.00000    0  743    4.00000    1.00000  75.0%     -   36s
H    3     3                       3.0000000    1.00000  66.7%   741   37s
H    7     7                       2.0000000    1.00000  50.0%   742   38s
    25    18    1.00000   12  644    2.00000    1.00000  50.0%   560   40s
    63    26    1.00000   17  671    2.00000    1.00000  50.0%   479   45s

Cutting planes:
  Gomory: 9
  Cover: 9
  Implied bound: 21
  Clique: 118
  MIR: 22
  Inf proof: 2
  Zero half: 71
  RLT: 50
  Relax-and-lift: 43
  BQP: 22

Explored 98 nodes (335159 simplex iterations) in 45.85 seconds (67.86 work units)
Thread count was 1 (of 8 available processors)

Solution count 10: 2 3 4 ... 12

Optimal solution found (tolerance 0.00e+00)
Best objective 2.000000000000e+00, best bound 2.000000000000e+00, gap 0.0000%
    SAT | IdleRange(P*)=2 | time=46.083407s | config=R-DC-IRP-GRB-MIP
    Excel: /home/dclng566/projects/Business-Meeting-Scheduling-Problem/output/gurobi/table06_excel/forum-13crafb.forb0007.xlsx
Instance ticf-14crafa.fixed020-Forb: 1 run(s)
[60/66] ticf-14crafa.fixed020-Forb | reduced | gurobi_mip | P=native_linear | G=distance_closure | n/a
Set parameter WLSAccessID
Set parameter WLSSecret
Set parameter LicenseID to value 2663665
Academic license 2663665 - for non-commercial use only - registered to tu___@vnu.edu.vn
Set parameter OutputFlag to value 1
Set parameter Threads to value 1
Set parameter Seed to value 0
Set parameter MIPGap to value 0
Set parameter MIPGapAbs to value 0
Set parameter TimeLimit to value 7199.24463632
Gurobi Optimizer version 13.0.2 build v13.0.2rc1 (linux64 - "Ubuntu 22.04.5 LTS")

CPU model: INTEL(R) XEON(R) PLATINUM 8581C CPU @ 2.30GHz, instruction set [SSE2|AVX|AVX2|AVX512]
Thread count: 4 physical cores, 8 logical processors, using up to 1 threads

Non-default parameters:
TimeLimit  7199.24463632
MIPGap  0
MIPGapAbs  0
Threads  1

Academic license 2663665 - for non-commercial use only - registered to tu___@vnu.edu.vn
Optimize a model with 12318 rows, 8623 columns and 48719 nonzeros (Min)
Model fingerprint: 0x8a2c16b3
Model has 1 linear objective coefficients
Variable types: 0 continuous, 8623 integer (8548 binary)
Coefficient statistics:
  Matrix range     [1e+00, 1e+00]
  Objective range  [1e+00, 1e+00]
  Bounds range     [1e+00, 2e+01]
  RHS range        [1e+00, 4e+01]

Presolve removed 8386 rows and 3372 columns
Presolve time: 0.12s
Presolved: 3932 rows, 5251 columns, 22721 nonzeros
Variable types: 0 continuous, 5251 integer (5229 binary)
Found heuristic solution: objective 20.0000000

Root relaxation: objective 1.500000e+01, 6252 iterations, 0.42 seconds (0.60 work units)

    Nodes    |    Current Node    |     Objective Bounds      |     Work
 Expl Unexpl |  Obj  Depth IntInf | Incumbent    BestBd   Gap | It/Node Time

H    0     0                      15.0000000   15.00000  0.00%     -    0s
     0     0   15.00000    0 1733   15.00000   15.00000  0.00%     -    0s

Explored 1 nodes (6252 simplex iterations) in 0.56 seconds (0.81 work units)
Thread count was 1 (of 8 available processors)

Solution count 2: 15 20 

Optimal solution found (tolerance 0.00e+00)
Best objective 1.500000000000e+01, best bound 1.500000000000e+01, gap 0.0000%
    SAT | IdleRange(P*)=15 | time=1.071673s | config=R-DC-IRP-GRB-MIP
    Excel: /home/dclng566/projects/Business-Meeting-Scheduling-Problem/output/gurobi/table06_excel/ticf-14crafa.fixed020-Forb.xlsx
Instance forum-13crafc.fixed020-Forb: 1 run(s)
[61/66] forum-13crafc.fixed020-Forb | reduced | gurobi_mip | P=native_linear | G=distance_closure | n/a
Set parameter WLSAccessID
Set parameter WLSSecret
Set parameter LicenseID to value 2663665
Academic license 2663665 - for non-commercial use only - registered to tu___@vnu.edu.vn
Set parameter OutputFlag to value 1
Set parameter Threads to value 1
Set parameter Seed to value 0
Set parameter MIPGap to value 0
Set parameter MIPGapAbs to value 0
Set parameter TimeLimit to value 7.1996001835530005e+03
Gurobi Optimizer version 13.0.2 build v13.0.2rc1 (linux64 - "Ubuntu 22.04.5 LTS")

CPU model: INTEL(R) XEON(R) PLATINUM 8581C CPU @ 2.30GHz, instruction set [SSE2|AVX|AVX2|AVX512]
Thread count: 4 physical cores, 8 logical processors, using up to 1 threads

Non-default parameters:
TimeLimit  7.1996001835530005e+03
MIPGap  0
MIPGapAbs  0
Threads  1

Academic license 2663665 - for non-commercial use only - registered to tu___@vnu.edu.vn
Optimize a model with 8561 rows, 5254 columns and 28296 nonzeros (Min)
Model fingerprint: 0xa3bd7072
Model has 1 linear objective coefficients
Variable types: 0 continuous, 5254 integer (5193 binary)
Coefficient statistics:
  Matrix range     [1e+00, 1e+00]
  Objective range  [1e+00, 1e+00]
  Bounds range     [1e+00, 2e+01]
  RHS range        [1e+00, 4e+01]

Presolve removed 5407 rows and 2383 columns
Presolve time: 0.07s
Presolved: 3154 rows, 2871 columns, 13256 nonzeros
Variable types: 0 continuous, 2871 integer (2834 binary)
Found heuristic solution: objective 15.0000000

Root relaxation: objective 1.000000e+01, 3401 iterations, 0.12 seconds (0.17 work units)

    Nodes    |    Current Node    |     Objective Bounds      |     Work
 Expl Unexpl |  Obj  Depth IntInf | Incumbent    BestBd   Gap | It/Node Time

     0     0   10.00000    0   84   15.00000   10.00000  33.3%     -    0s
H    0     0                      14.0000000   10.00000  28.6%     -    0s
H    0     0                      13.0000000   10.00000  23.1%     -    0s
H    0     0                      12.0000000   10.00000  16.7%     -    0s
H    0     0                      10.0000000   10.00000  0.00%     -    0s
     0     0   10.00000    0   84   10.00000   10.00000  0.00%     -    0s

Explored 1 nodes (4717 simplex iterations) in 0.26 seconds (0.37 work units)
Thread count was 1 (of 8 available processors)

Solution count 5: 10 12 13 ... 15

Optimal solution found (tolerance 0.00e+00)
Best objective 1.000000000000e+01, best bound 1.000000000000e+01, gap 0.0000%
    SAT | IdleRange(P*)=10 | time=0.418219s | config=R-DC-IRP-GRB-MIP
    Excel: /home/dclng566/projects/Business-Meeting-Scheduling-Problem/output/gurobi/table06_excel/forum-13crafc.fixed020-Forb.xlsx
Instance forum-13.forb0007: 1 run(s)
[62/66] forum-13.forb0007 | reduced | gurobi_mip | P=native_linear | G=distance_closure | n/a
Set parameter WLSAccessID
Set parameter WLSSecret
Set parameter LicenseID to value 2663665
Academic license 2663665 - for non-commercial use only - registered to tu___@vnu.edu.vn
Set parameter OutputFlag to value 1
Set parameter Threads to value 1
Set parameter Seed to value 0
Set parameter MIPGap to value 0
Set parameter MIPGapAbs to value 0
Set parameter TimeLimit to value 7.1996004465450005e+03
Gurobi Optimizer version 13.0.2 build v13.0.2rc1 (linux64 - "Ubuntu 22.04.5 LTS")

CPU model: INTEL(R) XEON(R) PLATINUM 8581C CPU @ 2.30GHz, instruction set [SSE2|AVX|AVX2|AVX512]
Thread count: 4 physical cores, 8 logical processors, using up to 1 threads

Non-default parameters:
TimeLimit  7.1996004465450005e+03
MIPGap  0
MIPGapAbs  0
Threads  1

Academic license 2663665 - for non-commercial use only - registered to tu___@vnu.edu.vn
Optimize a model with 9084 rows, 6049 columns and 33402 nonzeros (Min)
Model fingerprint: 0xc29b23c2
Model has 1 linear objective coefficients
Variable types: 0 continuous, 6049 integer (5988 binary)
Coefficient statistics:
  Matrix range     [1e+00, 1e+00]
  Objective range  [1e+00, 1e+00]
  Bounds range     [1e+00, 2e+01]
  RHS range        [1e+00, 4e+01]

Presolve removed 1614 rows and 552 columns
Presolve time: 0.04s
Presolved: 7470 rows, 5497 columns, 26817 nonzeros
Variable types: 0 continuous, 5497 integer (5437 binary)
Found heuristic solution: objective 12.0000000

Root relaxation: objective 0.000000e+00, 11307 iterations, 1.21 seconds (1.91 work units)

    Nodes    |    Current Node    |     Objective Bounds      |     Work
 Expl Unexpl |  Obj  Depth IntInf | Incumbent    BestBd   Gap | It/Node Time

     0     0    0.00000    0 2320   12.00000    0.00000   100%     -    1s
     0     0    0.00000    0 1758   12.00000    0.00000   100%     -    2s
H    0     0                      11.0000000    0.00000   100%     -    2s
H    0     0                      10.0000000    0.00000   100%     -    2s
H    0     0                       9.0000000    0.00000   100%     -    2s
     0     0    0.00000    0 1758    9.00000    0.00000   100%     -    2s
     0     0    0.00000    0 1100    9.00000    0.00000   100%     -    3s
H    0     0                       8.0000000    0.00000   100%     -    3s
H    0     0                       7.0000000    0.00000   100%     -    3s
     0     0    0.00000    0 1313    7.00000    0.00000   100%     -    4s
     0     0    0.00000    0 1317    7.00000    0.00000   100%     -    4s
H    0     0                       6.0000000    0.00000   100%     -    4s
     0     0    0.00000    0 1283    6.00000    0.00000   100%     -    4s
     0     0    0.00000    0 1307    6.00000    0.00000   100%     -    5s
     0     0    0.00000    0 1287    6.00000    0.00000   100%     -    5s
     0     0    0.00000    0  522    6.00000    0.00000   100%     -    5s
H    0     0                       5.0000000    0.00000   100%     -    5s
H    0     0                       4.0000000    0.00000   100%     -    5s
     0     0    0.00000    0  511    4.00000    0.00000   100%     -    6s
     0     0    0.00000    0  723    4.00000    0.00000   100%     -    6s
     0     0    0.00000    0  723    4.00000    0.00000   100%     -    6s
     0     0    0.00000    0  595    4.00000    0.00000   100%     -    6s
H    0     0                       3.0000000    0.00000   100%     -    6s
     0     0    0.00000    0  578    3.00000    0.00000   100%     -    6s
     0     0    0.00000    0  554    3.00000    0.00000   100%     -    6s
     0     0    0.00000    0  640    3.00000    0.00000   100%     -    6s
     0     0    0.00000    0  639    3.00000    0.00000   100%     -    6s
     0     0    0.00000    0  478    3.00000    0.00000   100%     -    7s
     0     0    0.00000    0  463    3.00000    0.00000   100%     -    7s
     0     0    0.00000    0  463    3.00000    0.00000   100%     -    7s
H    0     0                       2.0000000    0.00000   100%     -    7s
     0     2    0.00000    0  463    2.00000    0.00000   100%     -    7s
H    1     1                       1.0000000    0.00000   100%   0.0    7s
H    8     4                       0.0000000    0.00000  0.00%   186    8s

Cutting planes:
  Gomory: 6
  Implied bound: 39
  Clique: 27
  MIR: 7
  Flow cover: 35
  Zero half: 43
  RLT: 61
  Relax-and-lift: 54
  BQP: 9

Explored 9 nodes (74378 simplex iterations) in 8.27 seconds (12.50 work units)
Thread count was 1 (of 8 available processors)

Solution count 10: 0 1 2 ... 9

Optimal solution found (tolerance 0.00e+00)
Best objective 0.000000000000e+00, best bound 0.000000000000e+00, gap 0.0000%
    SAT | IdleRange(P*)=0 | time=8.422006s | config=R-DC-IRP-GRB-MIP
    Excel: /home/dclng566/projects/Business-Meeting-Scheduling-Problem/output/gurobi/table06_excel/forum-13.forb0007.xlsx
Instance forumt-14.fixed040-Forb: 1 run(s)
[63/66] forumt-14.fixed040-Forb | reduced | gurobi_mip | P=native_linear | G=distance_closure | n/a
Set parameter WLSAccessID
Set parameter WLSSecret
Set parameter LicenseID to value 2663665
Academic license 2663665 - for non-commercial use only - registered to tu___@vnu.edu.vn
Set parameter OutputFlag to value 1
Set parameter Threads to value 1
Set parameter Seed to value 0
Set parameter MIPGap to value 0
Set parameter MIPGapAbs to value 0
Set parameter TimeLimit to value 7199.691304538
Gurobi Optimizer version 13.0.2 build v13.0.2rc1 (linux64 - "Ubuntu 22.04.5 LTS")

CPU model: INTEL(R) XEON(R) PLATINUM 8581C CPU @ 2.30GHz, instruction set [SSE2|AVX|AVX2|AVX512]
Thread count: 4 physical cores, 8 logical processors, using up to 1 threads

Non-default parameters:
TimeLimit  7199.691304538
MIPGap  0
MIPGapAbs  0
Threads  1

Academic license 2663665 - for non-commercial use only - registered to tu___@vnu.edu.vn
Optimize a model with 4662 rows, 2811 columns and 15385 nonzeros (Min)
Model fingerprint: 0xe2ea3eba
Model has 1 linear objective coefficients
Variable types: 0 continuous, 2811 integer (2749 binary)
Coefficient statistics:
  Matrix range     [1e+00, 1e+00]
  Objective range  [1e+00, 1e+00]
  Bounds range     [1e+00, 7e+00]
  RHS range        [1e+00, 3e+01]

Presolve time: 0.00s

Explored 0 nodes (0 simplex iterations) in 0.00 seconds (0.00 work units)
Thread count was 1 (of 8 available processors)

Solution count 0

Model is infeasible
Best objective -, best bound -, gap -
    UNSAT | IdleRange(P*)=None | time=0.062052s | config=R-DC-IRP-GRB-MIP
    Excel: /home/dclng566/projects/Business-Meeting-Scheduling-Problem/output/gurobi/table06_excel/forumt-14.fixed040-Forb.xlsx
Instance tic-12.fixed020-Forb: 1 run(s)
[64/66] tic-12.fixed020-Forb | reduced | gurobi_mip | P=native_linear | G=distance_closure | n/a
Set parameter WLSAccessID
Set parameter WLSSecret
Set parameter LicenseID to value 2663665
Academic license 2663665 - for non-commercial use only - registered to tu___@vnu.edu.vn
Set parameter OutputFlag to value 1
Set parameter Threads to value 1
Set parameter Seed to value 0
Set parameter MIPGap to value 0
Set parameter MIPGapAbs to value 0
Set parameter TimeLimit to value 7199.697875834
Gurobi Optimizer version 13.0.2 build v13.0.2rc1 (linux64 - "Ubuntu 22.04.5 LTS")

CPU model: INTEL(R) XEON(R) PLATINUM 8581C CPU @ 2.30GHz, instruction set [SSE2|AVX|AVX2|AVX512]
Thread count: 4 physical cores, 8 logical processors, using up to 1 threads

Non-default parameters:
TimeLimit  7199.697875834
MIPGap  0
MIPGapAbs  0
Threads  1

Academic license 2663665 - for non-commercial use only - registered to tu___@vnu.edu.vn
Optimize a model with 2501 rows, 1565 columns and 8535 nonzeros (Min)
Model fingerprint: 0xc3af2434
Model has 1 linear objective coefficients
Variable types: 0 continuous, 1565 integer (1523 binary)
Coefficient statistics:
  Matrix range     [1e+00, 1e+00]
  Objective range  [1e+00, 1e+00]
  Bounds range     [1e+00, 6e+00]
  RHS range        [1e+00, 2e+01]

Presolve removed 1947 rows and 884 columns
Presolve time: 0.01s
Presolved: 554 rows, 681 columns, 2676 nonzeros
Variable types: 0 continuous, 681 integer (674 binary)

Root relaxation: objective 4.000000e+00, 776 iterations, 0.01 seconds (0.01 work units)

    Nodes    |    Current Node    |     Objective Bounds      |     Work
 Expl Unexpl |  Obj  Depth IntInf | Incumbent    BestBd   Gap | It/Node Time

H    0     0                       4.0000000    4.00000  0.00%     -    0s
     0     0    4.00000    0  343    4.00000    4.00000  0.00%     -    0s

Explored 1 nodes (776 simplex iterations) in 0.03 seconds (0.03 work units)
Thread count was 1 (of 8 available processors)

Solution count 1: 4 

Optimal solution found (tolerance 0.00e+00)
Best objective 4.000000000000e+00, best bound 4.000000000000e+00, gap 0.0000%
    SAT | IdleRange(P*)=4 | time=0.080614s | config=R-DC-IRP-GRB-MIP
    Excel: /home/dclng566/projects/Business-Meeting-Scheduling-Problem/output/gurobi/table06_excel/tic-12.fixed020-Forb.xlsx
Instance ticf-13crafb.fixed040-Forb: 1 run(s)
[65/66] ticf-13crafb.fixed040-Forb | reduced | gurobi_mip | P=native_linear | G=distance_closure | n/a
Set parameter WLSAccessID
Set parameter WLSSecret
Set parameter LicenseID to value 2663665
Academic license 2663665 - for non-commercial use only - registered to tu___@vnu.edu.vn
Set parameter OutputFlag to value 1
Set parameter Threads to value 1
Set parameter Seed to value 0
Set parameter MIPGap to value 0
Set parameter MIPGapAbs to value 0
Set parameter TimeLimit to value 7.1996703899720005e+03
Gurobi Optimizer version 13.0.2 build v13.0.2rc1 (linux64 - "Ubuntu 22.04.5 LTS")

CPU model: INTEL(R) XEON(R) PLATINUM 8581C CPU @ 2.30GHz, instruction set [SSE2|AVX|AVX2|AVX512]
Thread count: 4 physical cores, 8 logical processors, using up to 1 threads

Non-default parameters:
TimeLimit  7.1996703899720005e+03
MIPGap  0
MIPGapAbs  0
Threads  1

Academic license 2663665 - for non-commercial use only - registered to tu___@vnu.edu.vn
Optimize a model with 9198 rows, 5673 columns and 31172 nonzeros (Min)
Model fingerprint: 0xfa2c2af3
Model has 1 linear objective coefficients
Variable types: 0 continuous, 5673 integer (5614 binary)
Coefficient statistics:
  Matrix range     [1e+00, 1e+00]
  Objective range  [1e+00, 1e+00]
  Bounds range     [1e+00, 2e+01]
  RHS range        [1e+00, 4e+01]

Presolve time: 0.00s

Explored 0 nodes (0 simplex iterations) in 0.00 seconds (0.00 work units)
Thread count was 1 (of 8 available processors)

Solution count 0

Model is infeasible
Best objective -, best bound -, gap -
    UNSAT | IdleRange(P*)=None | time=0.084409s | config=R-DC-IRP-GRB-MIP
    Excel: /home/dclng566/projects/Business-Meeting-Scheduling-Problem/output/gurobi/table06_excel/ticf-13crafb.fixed040-Forb.xlsx
Instance forumt-14crafd.forb0007: 1 run(s)
[66/66] forumt-14crafd.forb0007 | reduced | gurobi_mip | P=native_linear | G=distance_closure | n/a
Set parameter WLSAccessID
Set parameter WLSSecret
Set parameter LicenseID to value 2663665
Academic license 2663665 - for non-commercial use only - registered to tu___@vnu.edu.vn
Set parameter OutputFlag to value 1
Set parameter Threads to value 1
Set parameter Seed to value 0
Set parameter MIPGap to value 0
Set parameter MIPGapAbs to value 0
Set parameter TimeLimit to value 7199.692709909
Gurobi Optimizer version 13.0.2 build v13.0.2rc1 (linux64 - "Ubuntu 22.04.5 LTS")

CPU model: INTEL(R) XEON(R) PLATINUM 8581C CPU @ 2.30GHz, instruction set [SSE2|AVX|AVX2|AVX512]
Thread count: 4 physical cores, 8 logical processors, using up to 1 threads

Non-default parameters:
TimeLimit  7199.692709909
MIPGap  0
MIPGapAbs  0
Threads  1

Academic license 2663665 - for non-commercial use only - registered to tu___@vnu.edu.vn
Optimize a model with 4884 rows, 4148 columns and 23594 nonzeros (Min)
Model fingerprint: 0xe8091e90
Model has 1 linear objective coefficients
Variable types: 0 continuous, 4148 integer (4086 binary)
Coefficient statistics:
  Matrix range     [1e+00, 1e+00]
  Objective range  [1e+00, 1e+00]
  Bounds range     [1e+00, 8e+00]
  RHS range        [1e+00, 2e+01]

Presolve time: 0.00s

Explored 0 nodes (0 simplex iterations) in 0.00 seconds (0.00 work units)
Thread count was 1 (of 8 available processors)

Solution count 0

Model is infeasible
Best objective -, best bound -, gap -
    UNSAT | IdleRange(P*)=None | time=0.060393s | config=R-DC-IRP-GRB-MIP
    Excel: /home/dclng566/projects/Business-Meeting-Scheduling-Problem/output/gurobi/table06_excel/forumt-14crafd.forb0007.xlsx
Detailed CSV: /home/dclng566/projects/Business-Meeting-Scheduling-Problem/output/gurobi/table06_detailed.csv
Aggregate CSV: /home/dclng566/projects/Business-Meeting-Scheduling-Problem/output/gurobi/table06_aggregate.csv
Per-instance Excel directory: /home/dclng566/projects/Business-Meeting-Scheduling-Problem/output/gurobi/table06_excel
Completed with errors=0, timeouts=0.
