B2B conference benchmark: 40 run(s), objective=IdleRange(P*)
Selected input paths: 40 (family=all, content_deduplicated=True)
Exact baselines: Reduced + DistanceClosure; threads=1, seed=0
Instance tic-13crafb.prec15: 1 run(s)
[1/40] tic-13crafb.prec15 | reduced | gurobi_mip | P=native_linear | G=distance_closure | n/a
Set parameter WLSAccessID
Set parameter WLSSecret
Set parameter LicenseID to value 2663665
Academic license 2663665 - for non-commercial use only - registered to tu___@vnu.edu.vn
Set parameter OutputFlag to value 1
Set parameter Threads to value 1
Set parameter Seed to value 0
Set parameter MIPGap to value 0
Set parameter MIPGapAbs to value 0
Set parameter TimeLimit to value 7199.59739594
Gurobi Optimizer version 13.0.2 build v13.0.2rc1 (linux64 - "Ubuntu 22.04.5 LTS")

CPU model: INTEL(R) XEON(R) PLATINUM 8581C CPU @ 2.30GHz, instruction set [SSE2|AVX|AVX2|AVX512]
Thread count: 4 physical cores, 8 logical processors, using up to 1 threads

Non-default parameters:
TimeLimit  7199.59739594
MIPGap  0
MIPGapAbs  0
Threads  1

Academic license 2663665 - for non-commercial use only - registered to tu___@vnu.edu.vn
Optimize a model with 3709 rows, 3135 columns and 18477 nonzeros (Min)
Model fingerprint: 0xe65278c0
Model has 1 linear objective coefficients
Variable types: 0 continuous, 3135 integer (3088 binary)
Coefficient statistics:
  Matrix range     [1e+00, 9e+00]
  Objective range  [1e+00, 1e+00]
  Bounds range     [1e+00, 8e+00]
  RHS range        [1e+00, 2e+01]

Presolve removed 2650 rows and 1076 columns
Presolve time: 0.03s
Presolved: 1059 rows, 2059 columns, 8695 nonzeros
Variable types: 0 continuous, 2059 integer (2040 binary)

Root relaxation: objective 0.000000e+00, 2902 iterations, 0.14 seconds (0.22 work units)

    Nodes    |    Current Node    |     Objective Bounds      |     Work
 Expl Unexpl |  Obj  Depth IntInf | Incumbent    BestBd   Gap | It/Node Time

     0     0    0.00000    0  407          -    0.00000      -     -    0s
     0     0    0.00000    0  501          -    0.00000      -     -    0s
H    0     0                       3.0000000    0.00000   100%     -    0s
     0     0    0.00000    0  490    3.00000    0.00000   100%     -    0s
     0     0    0.00000    0  490    3.00000    0.00000   100%     -    0s
     0     0    0.00000    0  316    3.00000    0.00000   100%     -    0s
     0     0    0.00000    0  376    3.00000    0.00000   100%     -    1s
     0     0    0.00000    0  489    3.00000    0.00000   100%     -    1s
     0     0    0.00000    0  369    3.00000    0.00000   100%     -    1s
H    0     0                       2.0000000    0.00000   100%     -    1s
     0     0    0.00000    0  439    2.00000    0.00000   100%     -    1s
     0     0    0.00000    0  501    2.00000    0.00000   100%     -    1s
     0     0    0.00000    0  442    2.00000    0.00000   100%     -    1s
     0     0    0.00000    0  442    2.00000    0.00000   100%     -    1s
     0     0    0.00000    0  406    2.00000    0.00000   100%     -    2s
H    0     0                       1.0000000    0.00000   100%     -    2s
     0     2    0.00000    0  404    1.00000    0.00000   100%     -    2s
H   11     3                       0.0000000    0.00000  0.00%   594    6s

Cutting planes:
  Cover: 3
  Clique: 16
  MIR: 5
  Flow cover: 1
  GUB cover: 3
  Zero half: 2
  RLT: 12

Explored 12 nodes (40960 simplex iterations) in 6.41 seconds (9.47 work units)
Thread count was 1 (of 8 available processors)

Solution count 4: 0 1 2 3 

Optimal solution found (tolerance 0.00e+00)
Best objective 0.000000000000e+00, best bound 0.000000000000e+00, gap 0.0000%
    SAT | IdleRange(P*)=0 | time=6.56273s | config=R-DC-IRP-GRB-MIP
    Excel: /home/dclng566/projects/Business-Meeting-Scheduling-Problem/output/gurobi/table08_excel/tic-13crafb.prec15.xlsx
Instance forum-13crafc.prec15: 1 run(s)
[2/40] forum-13crafc.prec15 | reduced | gurobi_mip | P=native_linear | G=distance_closure | n/a
Set parameter WLSAccessID
Set parameter WLSSecret
Set parameter LicenseID to value 2663665
Academic license 2663665 - for non-commercial use only - registered to tu___@vnu.edu.vn
Set parameter OutputFlag to value 1
Set parameter Threads to value 1
Set parameter Seed to value 0
Set parameter MIPGap to value 0
Set parameter MIPGapAbs to value 0
Set parameter TimeLimit to value 7.1995368803599995e+03
Gurobi Optimizer version 13.0.2 build v13.0.2rc1 (linux64 - "Ubuntu 22.04.5 LTS")

CPU model: INTEL(R) XEON(R) PLATINUM 8581C CPU @ 2.30GHz, instruction set [SSE2|AVX|AVX2|AVX512]
Thread count: 4 physical cores, 8 logical processors, using up to 1 threads

Non-default parameters:
TimeLimit  7.1995368803599995e+03
MIPGap  0
MIPGapAbs  0
Threads  1

Academic license 2663665 - for non-commercial use only - registered to tu___@vnu.edu.vn
Optimize a model with 8980 rows, 5960 columns and 33196 nonzeros (Min)
Model fingerprint: 0x8b19ddc7
Model has 1 linear objective coefficients
Variable types: 0 continuous, 5960 integer (5899 binary)
Coefficient statistics:
  Matrix range     [1e+00, 2e+01]
  Objective range  [1e+00, 1e+00]
  Bounds range     [1e+00, 2e+01]
  RHS range        [1e+00, 4e+01]

Presolve removed 1639 rows and 590 columns
Presolve time: 0.04s
Presolved: 7341 rows, 5370 columns, 26619 nonzeros
Variable types: 0 continuous, 5370 integer (5310 binary)

Root relaxation: objective 0.000000e+00, 11309 iterations, 1.22 seconds (1.91 work units)

    Nodes    |    Current Node    |     Objective Bounds      |     Work
 Expl Unexpl |  Obj  Depth IntInf | Incumbent    BestBd   Gap | It/Node Time

     0     0    0.00000    0 2202          -    0.00000      -     -    2s
     0     0    0.00000    0 1754          -    0.00000      -     -    2s
H    0     0                      16.0000000    0.00000   100%     -    2s
H    0     0                      13.0000000    0.00000   100%     -    2s
     0     0    0.00000    0 1754   13.00000    0.00000   100%     -    2s
     0     0    0.00000    0 1224   13.00000    0.00000   100%     -    4s
H    0     0                      12.0000000    0.00000   100%     -    4s
H    0     0                      10.0000000    0.00000   100%     -    4s
H    0     0                       9.0000000    0.00000   100%     -    4s
     0     0    0.00000    0 1459    9.00000    0.00000   100%     -    5s
H    0     0                       8.0000000    0.00000   100%     -    5s
H    0     0                       7.0000000    0.00000   100%     -    5s
     0     0    0.00000    0 1327    7.00000    0.00000   100%     -    5s
     0     0    0.00000    0 1343    7.00000    0.00000   100%     -    5s
     0     0    0.00000    0  769    7.00000    0.00000   100%     -    6s
H    0     0                       6.0000000    0.00000   100%     -    6s
     0     0    0.00000    0  804    6.00000    0.00000   100%     -    6s
     0     0    0.00000    0  718    6.00000    0.00000   100%     -    6s
     0     0    0.00000    0  778    6.00000    0.00000   100%     -    6s
     0     0    0.00000    0  770    6.00000    0.00000   100%     -    6s
     0     0    0.00000    0  715    6.00000    0.00000   100%     -    7s
     0     0    0.00000    0  708    6.00000    0.00000   100%     -    7s
     0     0    0.00000    0  686    6.00000    0.00000   100%     -    7s
     0     0    0.00000    0  811    6.00000    0.00000   100%     -    8s
     0     0    0.00000    0  658    6.00000    0.00000   100%     -    8s
H    0     0                       5.0000000    0.00000   100%     -    8s
     0     0    0.00000    0  642    5.00000    0.00000   100%     -    8s
     0     0    0.00000    0  640    5.00000    0.00000   100%     -    8s
     0     0    0.00000    0  678    5.00000    0.00000   100%     -    9s
     0     0    0.00000    0  398    5.00000    0.00000   100%     -   10s
H    0     0                       4.0000000    0.00000   100%     -   10s
     0     0    0.00000    0  346    4.00000    0.00000   100%     -   10s
     0     0    0.00000    0  564    4.00000    0.00000   100%     -   10s
     0     0    0.00000    0  261    4.00000    0.00000   100%     -   11s
H    0     0                       3.0000000    0.00000   100%     -   11s
H    0     0                       2.0000000    0.00000   100%     -   11s
     0     0    0.00000    0  498    2.00000    0.00000   100%     -   11s
     0     0    0.00000    0  433    2.00000    0.00000   100%     -   11s
     0     0    0.00000    0  435    2.00000    0.00000   100%     -   11s
     0     0    0.00000    0  291    2.00000    0.00000   100%     -   12s
     0     0    0.00000    0  284    2.00000    0.00000   100%     -   12s
     0     0    0.00000    0  228    2.00000    0.00000   100%     -   12s
H    0     0                       1.0000000    0.00000   100%     -   13s
     0     2    0.00000    0  180    1.00000    0.00000   100%     -   13s
H    1     1                       0.0000000    0.00000  0.00%   0.0   13s

Cutting planes:
  Gomory: 3
  Cover: 3
  Implied bound: 47
  Clique: 29
  MIR: 11
  Flow cover: 47
  Zero half: 40
  RLT: 78
  Relax-and-lift: 121
  BQP: 11
  PSD: 1

Explored 2 nodes (123887 simplex iterations) in 13.21 seconds (20.13 work units)
Thread count was 1 (of 8 available processors)

Solution count 10: 0 1 2 ... 9

Optimal solution found (tolerance 0.00e+00)
Best objective 0.000000000000e+00, best bound 0.000000000000e+00, gap 0.0000%
    SAT | IdleRange(P*)=0 | time=13.430265s | config=R-DC-IRP-GRB-MIP
    Excel: /home/dclng566/projects/Business-Meeting-Scheduling-Problem/output/gurobi/table08_excel/forum-13crafc.prec15.xlsx
Instance forumt-14crafd.prec15: 1 run(s)
[3/40] forumt-14crafd.prec15 | reduced | gurobi_mip | P=native_linear | G=distance_closure | n/a
Set parameter WLSAccessID
Set parameter WLSSecret
Set parameter LicenseID to value 2663665
Academic license 2663665 - for non-commercial use only - registered to tu___@vnu.edu.vn
Set parameter OutputFlag to value 1
Set parameter Threads to value 1
Set parameter Seed to value 0
Set parameter MIPGap to value 0
Set parameter MIPGapAbs to value 0
Set parameter TimeLimit to value 7199.562848485
Gurobi Optimizer version 13.0.2 build v13.0.2rc1 (linux64 - "Ubuntu 22.04.5 LTS")

CPU model: INTEL(R) XEON(R) PLATINUM 8581C CPU @ 2.30GHz, instruction set [SSE2|AVX|AVX2|AVX512]
Thread count: 4 physical cores, 8 logical processors, using up to 1 threads

Non-default parameters:
TimeLimit  7199.562848485
MIPGap  0
MIPGapAbs  0
Threads  1

Academic license 2663665 - for non-commercial use only - registered to tu___@vnu.edu.vn
Optimize a model with 4867 rows, 4008 columns and 23391 nonzeros (Min)
Model fingerprint: 0x34b335fb
Model has 1 linear objective coefficients
Variable types: 0 continuous, 4008 integer (3946 binary)
Coefficient statistics:
  Matrix range     [1e+00, 9e+00]
  Objective range  [1e+00, 1e+00]
  Bounds range     [1e+00, 8e+00]
  RHS range        [1e+00, 2e+01]

Presolve removed 3389 rows and 1405 columns
Presolve time: 0.04s
Presolved: 1478 rows, 2603 columns, 11104 nonzeros
Variable types: 0 continuous, 2603 integer (2577 binary)

Root relaxation: objective 2.000000e+00, 3718 iterations, 0.21 seconds (0.32 work units)

    Nodes    |    Current Node    |     Objective Bounds      |     Work
 Expl Unexpl |  Obj  Depth IntInf | Incumbent    BestBd   Gap | It/Node Time

     0     0    2.00000    0  455          -    2.00000      -     -    0s
     0     0    2.00000    0  584          -    2.00000      -     -    0s
     0     0    2.00000    0  564          -    2.00000      -     -    0s
     0     0    2.00000    0  542          -    2.00000      -     -    0s
     0     0    2.00000    0  315          -    2.00000      -     -    1s
     0     0    2.00000    0  414          -    2.00000      -     -    1s
     0     0    2.00000    0  527          -    2.00000      -     -    1s
     0     0    2.00000    0   14          -    2.00000      -     -    1s
H    0     0                       3.0000000    2.00000  33.3%     -    1s
     0     0    2.00000    0  544    3.00000    2.00000  33.3%     -    1s
     0     0    2.00000    0   10    3.00000    2.00000  33.3%     -    1s
H    0     0                       2.0000000    2.00000  0.00%     -    1s
     0     0    2.00000    0   10    2.00000    2.00000  0.00%     -    1s

Cutting planes:
  Gomory: 2
  Cover: 13
  Clique: 19
  MIR: 3
  StrongCG: 1
  GUB cover: 4
  Zero half: 5
  RLT: 11
  Relax-and-lift: 1

Explored 1 nodes (26638 simplex iterations) in 1.84 seconds (2.71 work units)
Thread count was 1 (of 8 available processors)

Solution count 2: 2 3 

Optimal solution found (tolerance 0.00e+00)
Best objective 2.000000000000e+00, best bound 2.000000000000e+00, gap 0.0000%
    SAT | IdleRange(P*)=2 | time=2.030111s | config=R-DC-IRP-GRB-MIP
    Excel: /home/dclng566/projects/Business-Meeting-Scheduling-Problem/output/gurobi/table08_excel/forumt-14crafd.prec15.xlsx
Instance ticf-13crafa.prec25: 1 run(s)
[4/40] ticf-13crafa.prec25 | reduced | gurobi_mip | P=native_linear | G=distance_closure | n/a
Set parameter WLSAccessID
Set parameter WLSSecret
Set parameter LicenseID to value 2663665
Academic license 2663665 - for non-commercial use only - registered to tu___@vnu.edu.vn
Set parameter OutputFlag to value 1
Set parameter Threads to value 1
Set parameter Seed to value 0
Set parameter MIPGap to value 0
Set parameter MIPGapAbs to value 0
Set parameter TimeLimit to value 7199.668181145
Gurobi Optimizer version 13.0.2 build v13.0.2rc1 (linux64 - "Ubuntu 22.04.5 LTS")

CPU model: INTEL(R) XEON(R) PLATINUM 8581C CPU @ 2.30GHz, instruction set [SSE2|AVX|AVX2|AVX512]
Thread count: 4 physical cores, 8 logical processors, using up to 1 threads

Non-default parameters:
TimeLimit  7199.668181145
MIPGap  0
MIPGapAbs  0
Threads  1

Academic license 2663665 - for non-commercial use only - registered to tu___@vnu.edu.vn
Optimize a model with 8988 rows, 5896 columns and 33794 nonzeros (Min)
Model fingerprint: 0x243d7109
Model has 1 linear objective coefficients
Variable types: 0 continuous, 5896 integer (5835 binary)
Coefficient statistics:
  Matrix range     [1e+00, 2e+01]
  Objective range  [1e+00, 1e+00]
  Bounds range     [1e+00, 2e+01]
  RHS range        [1e+00, 4e+01]

Presolve time: 0.00s

Explored 0 nodes (0 simplex iterations) in 0.00 seconds (0.00 work units)
Thread count was 1 (of 8 available processors)

Solution count 0

Model is infeasible
Best objective -, best bound -, gap -
    UNSAT | IdleRange(P*)=None | time=0.086883s | config=R-DC-IRP-GRB-MIP
    Excel: /home/dclng566/projects/Business-Meeting-Scheduling-Problem/output/gurobi/table08_excel/ticf-13crafa.prec25.xlsx
Instance forumt-14.prec15: 1 run(s)
[5/40] forumt-14.prec15 | reduced | gurobi_mip | P=native_linear | G=distance_closure | n/a
Set parameter WLSAccessID
Set parameter WLSSecret
Set parameter LicenseID to value 2663665
Academic license 2663665 - for non-commercial use only - registered to tu___@vnu.edu.vn
Set parameter OutputFlag to value 1
Set parameter Threads to value 1
Set parameter Seed to value 0
Set parameter MIPGap to value 0
Set parameter MIPGapAbs to value 0
Set parameter TimeLimit to value 7.1995704195380013e+03
Gurobi Optimizer version 13.0.2 build v13.0.2rc1 (linux64 - "Ubuntu 22.04.5 LTS")

CPU model: INTEL(R) XEON(R) PLATINUM 8581C CPU @ 2.30GHz, instruction set [SSE2|AVX|AVX2|AVX512]
Thread count: 4 physical cores, 8 logical processors, using up to 1 threads

Non-default parameters:
TimeLimit  7.1995704195380013e+03
MIPGap  0
MIPGapAbs  0
Threads  1

Academic license 2663665 - for non-commercial use only - registered to tu___@vnu.edu.vn
Optimize a model with 4880 rows, 3992 columns and 23406 nonzeros (Min)
Model fingerprint: 0xfc24df99
Model has 1 linear objective coefficients
Variable types: 0 continuous, 3992 integer (3930 binary)
Coefficient statistics:
  Matrix range     [1e+00, 9e+00]
  Objective range  [1e+00, 1e+00]
  Bounds range     [1e+00, 7e+00]
  RHS range        [1e+00, 3e+01]

Presolve removed 3416 rows and 1399 columns
Presolve time: 0.05s
Presolved: 1464 rows, 2593 columns, 11081 nonzeros
Variable types: 0 continuous, 2593 integer (2567 binary)

Root relaxation: objective 2.000000e+00, 3571 iterations, 0.19 seconds (0.29 work units)

    Nodes    |    Current Node    |     Objective Bounds      |     Work
 Expl Unexpl |  Obj  Depth IntInf | Incumbent    BestBd   Gap | It/Node Time

     0     0    2.00000    0  327          -    2.00000      -     -    0s
     0     0    2.00000    0  524          -    2.00000      -     -    0s
     0     0    2.00000    0  610          -    2.00000      -     -    0s
     0     0    2.00000    0  605          -    2.00000      -     -    0s
     0     0    2.00000    0  104          -    2.00000      -     -    1s
     0     0    2.00000    0  554          -    2.00000      -     -    1s
     0     0    2.00000    0  124          -    2.00000      -     -    1s
H    0     0                       3.0000000    2.00000  33.3%     -    1s
H    0     0                       2.0000000    2.00000  0.00%     -    1s
     0     0    2.00000    0  124    2.00000    2.00000  0.00%     -    1s

Cutting planes:
  Gomory: 1
  Cover: 5
  Clique: 14
  MIR: 3
  Flow cover: 1
  GUB cover: 7
  Zero half: 5
  RLT: 2
  Relax-and-lift: 1

Explored 1 nodes (27172 simplex iterations) in 1.76 seconds (2.52 work units)
Thread count was 1 (of 8 available processors)

Solution count 2: 2 3 

Optimal solution found (tolerance 0.00e+00)
Best objective 2.000000000000e+00, best bound 2.000000000000e+00, gap 0.0000%
    SAT | IdleRange(P*)=2 | time=1.947916s | config=R-DC-IRP-GRB-MIP
    Excel: /home/dclng566/projects/Business-Meeting-Scheduling-Problem/output/gurobi/table08_excel/forumt-14.prec15.xlsx
Instance forumt-14crafc.prec15: 1 run(s)
[6/40] forumt-14crafc.prec15 | reduced | gurobi_mip | P=native_linear | G=distance_closure | n/a
Set parameter WLSAccessID
Set parameter WLSSecret
Set parameter LicenseID to value 2663665
Academic license 2663665 - for non-commercial use only - registered to tu___@vnu.edu.vn
Set parameter OutputFlag to value 1
Set parameter Threads to value 1
Set parameter Seed to value 0
Set parameter MIPGap to value 0
Set parameter MIPGapAbs to value 0
Set parameter TimeLimit to value 7199.567939465
Gurobi Optimizer version 13.0.2 build v13.0.2rc1 (linux64 - "Ubuntu 22.04.5 LTS")

CPU model: INTEL(R) XEON(R) PLATINUM 8581C CPU @ 2.30GHz, instruction set [SSE2|AVX|AVX2|AVX512]
Thread count: 4 physical cores, 8 logical processors, using up to 1 threads

Non-default parameters:
TimeLimit  7199.567939465
MIPGap  0
MIPGapAbs  0
Threads  1

Academic license 2663665 - for non-commercial use only - registered to tu___@vnu.edu.vn
Optimize a model with 4880 rows, 3992 columns and 23406 nonzeros (Min)
Model fingerprint: 0xe6b34b61
Model has 1 linear objective coefficients
Variable types: 0 continuous, 3992 integer (3930 binary)
Coefficient statistics:
  Matrix range     [1e+00, 9e+00]
  Objective range  [1e+00, 1e+00]
  Bounds range     [1e+00, 7e+00]
  RHS range        [1e+00, 2e+01]

Presolve removed 3416 rows and 1399 columns
Presolve time: 0.05s
Presolved: 1464 rows, 2593 columns, 11081 nonzeros
Variable types: 0 continuous, 2593 integer (2567 binary)

Root relaxation: objective 2.000000e+00, 3882 iterations, 0.24 seconds (0.36 work units)

    Nodes    |    Current Node    |     Objective Bounds      |     Work
 Expl Unexpl |  Obj  Depth IntInf | Incumbent    BestBd   Gap | It/Node Time

     0     0    2.00000    0  457          -    2.00000      -     -    0s
     0     0    2.00000    0  622          -    2.00000      -     -    0s
     0     0    2.00000    0  631          -    2.00000      -     -    0s
     0     0    2.00000    0  599          -    2.00000      -     -    0s
     0     0    2.00000    0   87          -    2.00000      -     -    1s
     0     0    2.00000    0  405          -    2.00000      -     -    1s
     0     0    2.00000    0   30          -    2.00000      -     -    1s
H    0     0                       4.0000000    2.00000  50.0%     -    1s
H    0     0                       3.0000000    2.00000  33.3%     -    1s
     0     0    2.00000    0  587    3.00000    2.00000  33.3%     -    1s
     0     0    2.00000    0  103    3.00000    2.00000  33.3%     -    2s
     0     0    2.00000    0  595    3.00000    2.00000  33.3%     -    2s
     0     0    2.00000    0  350    3.00000    2.00000  33.3%     -    2s
H    0     0                       2.0000000    2.00000  0.00%     -    2s
     0     0    2.00000    0  350    2.00000    2.00000  0.00%     -    2s

Cutting planes:
  Gomory: 1
  Cover: 8
  Implied bound: 1
  Clique: 13
  MIR: 6
  StrongCG: 1
  Flow cover: 1
  GUB cover: 10
  Zero half: 8
  RLT: 15
  Relax-and-lift: 1

Explored 1 nodes (38319 simplex iterations) in 2.52 seconds (3.64 work units)
Thread count was 1 (of 8 available processors)

Solution count 3: 2 3 4 

Optimal solution found (tolerance 0.00e+00)
Best objective 2.000000000000e+00, best bound 2.000000000000e+00, gap 0.0000%
    SAT | IdleRange(P*)=2 | time=2.707521s | config=R-DC-IRP-GRB-MIP
    Excel: /home/dclng566/projects/Business-Meeting-Scheduling-Problem/output/gurobi/table08_excel/forumt-14crafc.prec15.xlsx
Instance forum-13crafb.prec25: 1 run(s)
[7/40] forum-13crafb.prec25 | reduced | gurobi_mip | P=native_linear | G=distance_closure | n/a
Set parameter WLSAccessID
Set parameter WLSSecret
Set parameter LicenseID to value 2663665
Academic license 2663665 - for non-commercial use only - registered to tu___@vnu.edu.vn
Set parameter OutputFlag to value 1
Set parameter Threads to value 1
Set parameter Seed to value 0
Set parameter MIPGap to value 0
Set parameter MIPGapAbs to value 0
Set parameter TimeLimit to value 7199.648421461
Gurobi Optimizer version 13.0.2 build v13.0.2rc1 (linux64 - "Ubuntu 22.04.5 LTS")

CPU model: INTEL(R) XEON(R) PLATINUM 8581C CPU @ 2.30GHz, instruction set [SSE2|AVX|AVX2|AVX512]
Thread count: 4 physical cores, 8 logical processors, using up to 1 threads

Non-default parameters:
TimeLimit  7199.648421461
MIPGap  0
MIPGapAbs  0
Threads  1

Academic license 2663665 - for non-commercial use only - registered to tu___@vnu.edu.vn
Optimize a model with 9648 rows, 6616 columns and 39260 nonzeros (Min)
Model fingerprint: 0xefbbb5ac
Model has 1 linear objective coefficients
Variable types: 0 continuous, 6616 integer (6557 binary)
Coefficient statistics:
  Matrix range     [1e+00, 2e+01]
  Objective range  [1e+00, 1e+00]
  Bounds range     [1e+00, 2e+01]
  RHS range        [1e+00, 4e+01]

Presolve time: 0.00s

Explored 0 nodes (0 simplex iterations) in 0.00 seconds (0.00 work units)
Thread count was 1 (of 8 available processors)

Solution count 0

Model is infeasible
Best objective -, best bound -, gap -
    UNSAT | IdleRange(P*)=None | time=0.107601s | config=R-DC-IRP-GRB-MIP
    Excel: /home/dclng566/projects/Business-Meeting-Scheduling-Problem/output/gurobi/table08_excel/forum-13crafb.prec25.xlsx
Instance forum-13.prec25: 1 run(s)
[8/40] forum-13.prec25 | reduced | gurobi_mip | P=native_linear | G=distance_closure | n/a
Set parameter WLSAccessID
Set parameter WLSSecret
Set parameter LicenseID to value 2663665
Academic license 2663665 - for non-commercial use only - registered to tu___@vnu.edu.vn
Set parameter OutputFlag to value 1
Set parameter Threads to value 1
Set parameter Seed to value 0
Set parameter MIPGap to value 0
Set parameter MIPGapAbs to value 0
Set parameter TimeLimit to value 7199.670153851
Gurobi Optimizer version 13.0.2 build v13.0.2rc1 (linux64 - "Ubuntu 22.04.5 LTS")

CPU model: INTEL(R) XEON(R) PLATINUM 8581C CPU @ 2.30GHz, instruction set [SSE2|AVX|AVX2|AVX512]
Thread count: 4 physical cores, 8 logical processors, using up to 1 threads

Non-default parameters:
TimeLimit  7199.670153851
MIPGap  0
MIPGapAbs  0
Threads  1

Academic license 2663665 - for non-commercial use only - registered to tu___@vnu.edu.vn
Optimize a model with 8870 rows, 5818 columns and 33209 nonzeros (Min)
Model fingerprint: 0xa2affb74
Model has 1 linear objective coefficients
Variable types: 0 continuous, 5818 integer (5757 binary)
Coefficient statistics:
  Matrix range     [1e+00, 2e+01]
  Objective range  [1e+00, 1e+00]
  Bounds range     [1e+00, 2e+01]
  RHS range        [1e+00, 4e+01]

Presolve time: 0.00s

Explored 0 nodes (0 simplex iterations) in 0.00 seconds (0.00 work units)
Thread count was 1 (of 8 available processors)

Solution count 0

Model is infeasible
Best objective -, best bound -, gap -
    UNSAT | IdleRange(P*)=None | time=0.084561s | config=R-DC-IRP-GRB-MIP
    Excel: /home/dclng566/projects/Business-Meeting-Scheduling-Problem/output/gurobi/table08_excel/forum-13.prec25.xlsx
Instance tic-14crafd.prec15: 1 run(s)
[9/40] tic-14crafd.prec15 | reduced | gurobi_mip | P=native_linear | G=distance_closure | n/a
Set parameter WLSAccessID
Set parameter WLSSecret
Set parameter LicenseID to value 2663665
Academic license 2663665 - for non-commercial use only - registered to tu___@vnu.edu.vn
Set parameter OutputFlag to value 1
Set parameter Threads to value 1
Set parameter Seed to value 0
Set parameter MIPGap to value 0
Set parameter MIPGapAbs to value 0
Set parameter TimeLimit to value 7.1995566596160006e+03
Gurobi Optimizer version 13.0.2 build v13.0.2rc1 (linux64 - "Ubuntu 22.04.5 LTS")

CPU model: INTEL(R) XEON(R) PLATINUM 8581C CPU @ 2.30GHz, instruction set [SSE2|AVX|AVX2|AVX512]
Thread count: 4 physical cores, 8 logical processors, using up to 1 threads

Non-default parameters:
TimeLimit  7.1995566596160006e+03
MIPGap  0
MIPGapAbs  0
Threads  1

Academic license 2663665 - for non-commercial use only - registered to tu___@vnu.edu.vn
Optimize a model with 4949 rows, 4114 columns and 24118 nonzeros (Min)
Model fingerprint: 0x4b8a5039
Model has 1 linear objective coefficients
Variable types: 0 continuous, 4114 integer (4052 binary)
Coefficient statistics:
  Matrix range     [1e+00, 9e+00]
  Objective range  [1e+00, 1e+00]
  Bounds range     [1e+00, 8e+00]
  RHS range        [1e+00, 2e+01]

Presolve removed 2528 rows and 1020 columns
Presolve time: 0.02s
Presolved: 2421 rows, 3094 columns, 14056 nonzeros
Variable types: 0 continuous, 3094 integer (3067 binary)

Root relaxation: objective 0.000000e+00, 4711 iterations, 0.33 seconds (0.52 work units)

    Nodes    |    Current Node    |     Objective Bounds      |     Work
 Expl Unexpl |  Obj  Depth IntInf | Incumbent    BestBd   Gap | It/Node Time

     0     0    0.00000    0 1115          -    0.00000      -     -    0s
     0     0    0.00000    0  860          -    0.00000      -     -    1s
     0     0    0.00000    0  860          -    0.00000      -     -    1s
     0     0    0.00000    0  608          -    0.00000      -     -    1s
H    0     0                       6.0000000    0.00000   100%     -    1s
     0     0    0.00000    0  617    6.00000    0.00000   100%     -    1s
     0     0    0.00000    0  654    6.00000    0.00000   100%     -    1s
     0     0    0.00000    0  607    6.00000    0.00000   100%     -    2s
     0     0    0.00000    0  352    6.00000    0.00000   100%     -    2s
H    0     0                       5.0000000    0.00000   100%     -    2s
     0     0    0.00000    0  381    5.00000    0.00000   100%     -    2s
     0     0    0.00000    0  546    5.00000    0.00000   100%     -    2s
     0     0    0.00000    0  426    5.00000    0.00000   100%     -    3s
     0     0    0.00000    0  428    5.00000    0.00000   100%     -    3s
     0     0    0.00000    0  566    5.00000    0.00000   100%     -    3s
     0     0    0.00000    0  291    5.00000    0.00000   100%     -    4s
H    0     0                       3.0000000    0.00000   100%     -    4s
     0     0    0.00000    0  442    3.00000    0.00000   100%     -    4s
     0     0    0.00000    0  529    3.00000    0.00000   100%     -    4s
     0     0    0.00000    0  337    3.00000    0.00000   100%     -    5s
     0     0    0.00000    0  427    3.00000    0.00000   100%     -    5s
     0     0    0.00000    0  570    3.00000    0.00000   100%     -    5s
     0     0    0.00000    0  371    3.00000    0.00000   100%     -    5s
     0     0    0.00000    0  423    3.00000    0.00000   100%     -    5s
     0     0    0.00000    0  508    3.00000    0.00000   100%     -    6s
     0     0    0.00000    0  477    3.00000    0.00000   100%     -    6s
     0     0    0.00000    0  477    3.00000    0.00000   100%     -    6s
     0     0    0.00000    0  369    3.00000    0.00000   100%     -    7s
     0     2    0.00000    0  369    3.00000    0.00000   100%     -    7s
H    2     2                       1.0000000    0.00000   100%   268    8s
    17    15    0.00000   10  547    1.00000    0.00000   100%   902   10s
    23    21    0.00000   14  534    1.00000    0.00000   100%   991   17s
    40    38    0.00000   25  531    1.00000    0.00000   100%   919   20s
   179   175    0.00000  115  335    1.00000    0.00000   100%   692   25s
   264   198    0.00000  103  515    1.00000    0.00000   100%   624   30s
   275   206    0.00000  114  557    1.00000    0.00000   100%   599   35s
   285   214    0.00000   17  508    1.00000    0.00000   100%   965   46s
   300   224    0.00000   25  589    1.00000    0.00000   100%   979   50s
   343   253    0.00000   46  431    1.00000    0.00000   100%   974   55s
   394   287    0.00000   72  392    1.00000    0.00000   100%   976   68s
   416   302    0.00000   83  372    1.00000    0.00000   100%   971   70s
   639   365    0.00000  145  160    1.00000    0.00000   100%   732   75s
   801   385    0.00000  151  215    1.00000    0.00000   100%   631   80s
  1121   370    0.00000  149  230    1.00000    0.00000   100%   508   85s
  1515   451    0.00000  156  142    1.00000    0.00000   100%   435   90s
H 1975     5                       0.0000000    0.00000  0.00%   384   96s

Cutting planes:
  Gomory: 3
  Cover: 8
  Clique: 8
  MIR: 2
  Flow cover: 7
  GUB cover: 9
  Zero half: 2
  RLT: 4

Explored 1976 nodes (852835 simplex iterations) in 96.75 seconds (148.38 work units)
Thread count was 1 (of 8 available processors)

Solution count 5: 0 1 3 ... 6

Optimal solution found (tolerance 0.00e+00)
Best objective 0.000000000000e+00, best bound 0.000000000000e+00, gap 0.0000%
    SAT | IdleRange(P*)=0 | time=96.951162s | config=R-DC-IRP-GRB-MIP
    Excel: /home/dclng566/projects/Business-Meeting-Scheduling-Problem/output/gurobi/table08_excel/tic-14crafd.prec15.xlsx
Instance tic-14crafa.prec15: 1 run(s)
[10/40] tic-14crafa.prec15 | reduced | gurobi_mip | P=native_linear | G=distance_closure | n/a
Set parameter WLSAccessID
Set parameter WLSSecret
Set parameter LicenseID to value 2663665
Academic license 2663665 - for non-commercial use only - registered to tu___@vnu.edu.vn
Set parameter OutputFlag to value 1
Set parameter Threads to value 1
Set parameter Seed to value 0
Set parameter MIPGap to value 0
Set parameter MIPGapAbs to value 0
Set parameter TimeLimit to value 7199.560602269
Gurobi Optimizer version 13.0.2 build v13.0.2rc1 (linux64 - "Ubuntu 22.04.5 LTS")

CPU model: INTEL(R) XEON(R) PLATINUM 8581C CPU @ 2.30GHz, instruction set [SSE2|AVX|AVX2|AVX512]
Thread count: 4 physical cores, 8 logical processors, using up to 1 threads

Non-default parameters:
TimeLimit  7199.560602269
MIPGap  0
MIPGapAbs  0
Threads  1

Academic license 2663665 - for non-commercial use only - registered to tu___@vnu.edu.vn
Optimize a model with 4963 rows, 4098 columns and 24152 nonzeros (Min)
Model fingerprint: 0xd97335a7
Model has 1 linear objective coefficients
Variable types: 0 continuous, 4098 integer (4036 binary)
Coefficient statistics:
  Matrix range     [1e+00, 9e+00]
  Objective range  [1e+00, 1e+00]
  Bounds range     [1e+00, 7e+00]
  RHS range        [1e+00, 3e+01]

Presolve removed 2340 rows and 903 columns
Presolve time: 0.02s
Presolved: 2623 rows, 3195 columns, 14710 nonzeros
Variable types: 0 continuous, 3195 integer (3167 binary)

Root relaxation: objective 0.000000e+00, 4872 iterations, 0.33 seconds (0.52 work units)

    Nodes    |    Current Node    |     Objective Bounds      |     Work
 Expl Unexpl |  Obj  Depth IntInf | Incumbent    BestBd   Gap | It/Node Time

     0     0    0.00000    0 1176          -    0.00000      -     -    0s
     0     0    0.00000    0  866          -    0.00000      -     -    0s
     0     0    0.00000    0  866          -    0.00000      -     -    0s
     0     0    0.00000    0  629          -    0.00000      -     -    1s
     0     0    0.00000    0  697          -    0.00000      -     -    1s
     0     0    0.00000    0  675          -    0.00000      -     -    1s
     0     0    0.00000    0  665          -    0.00000      -     -    1s
     0     0    0.00000    0  353          -    0.00000      -     -    2s
H    0     0                       3.0000000    0.00000   100%     -    2s
     0     0    0.00000    0  366    3.00000    0.00000   100%     -    2s
     0     0    0.00000    0  677    3.00000    0.00000   100%     -    2s
     0     0    0.00000    0  352    3.00000    0.00000   100%     -    3s
H    0     0                       2.0000000    0.00000   100%     -    3s
     0     0    0.00000    0  467    2.00000    0.00000   100%     -    3s
     0     0    0.00000    0  535    2.00000    0.00000   100%     -    3s
     0     0    0.00000    0  383    2.00000    0.00000   100%     -    3s
     0     0    0.00000    0  408    2.00000    0.00000   100%     -    3s
     0     0    0.00000    0  561    2.00000    0.00000   100%     -    3s
     0     0    0.00000    0  457    2.00000    0.00000   100%     -    4s
     0     0    0.00000    0  457    2.00000    0.00000   100%     -    4s
     0     0    0.00000    0  379    2.00000    0.00000   100%     -    5s
     0     2    0.00000    0  379    2.00000    0.00000   100%     -    5s
H    1     1                       1.0000000    0.00000   100%   0.0    6s
    14    16    0.00000    7  441    1.00000    0.00000   100%  1158   10s
    70    72    0.00000   44  587    1.00000    0.00000   100%   948   15s
    81    79    0.00000   52  490    1.00000    0.00000   100%   890   20s
   256   217    0.00000   55  866    1.00000    0.00000   100%   677   25s
   269   226    0.00000  102  497    1.00000    0.00000   100%   644   30s
   277   233    0.00000   14  466    1.00000    0.00000   100%   900   36s
   296   246    0.00000   24  444    1.00000    0.00000   100%   923   40s
   373   297    0.00000   62  391    1.00000    0.00000   100%   912   45s
   500   382    0.00000  126  138    1.00000    0.00000   100%   810   50s
   743   357    0.00000  139  163    1.00000    0.00000   100%   627   55s
  1074   323    0.00000  143  216    1.00000    0.00000   100%   495   60s
  1466   430    0.00000  138  283    1.00000    0.00000   100%   417   65s
  1857   483    0.00000  144  168    1.00000    0.00000   100%   376   70s
  1975   525    0.00000  143  189    1.00000    0.00000   100%   366   77s
  2271   573    0.00000  151  189    1.00000    0.00000   100%   347   80s
  2772   632    0.00000  148  191    1.00000    0.00000   100%   321   91s
  2977   654    0.00000  146  213    1.00000    0.00000   100%   312   95s
  3428   769    0.00000  156  194    1.00000    0.00000   100%   300  100s
  3886   864    0.00000  151  193    1.00000    0.00000   100%   291  105s
  4427   948    0.00000  163  223    1.00000    0.00000   100%   281  110s
  4946   999 infeasible  154         1.00000    0.00000   100%   273  115s
  5203  1032 infeasible  158         1.00000    0.00000   100%   269  120s
  5843  1099    0.00000  155  210    1.00000    0.00000   100%   260  125s
  6504  1169    0.00000  144  134    1.00000    0.00000   100%   253  130s
  6890  1265    0.00000  157   82    1.00000    0.00000   100%   249  137s
  7167  1286    0.00000  157  119    1.00000    0.00000   100%   247  140s
  7598  1281 infeasible  150         1.00000    0.00000   100%   244  145s
  8213  1352    0.00000  154  171    1.00000    0.00000   100%   240  150s
  8885  1358    0.00000  153  170    1.00000    0.00000   100%   236  156s
  9264  1410 infeasible  137         1.00000    0.00000   100%   236  160s
  9769  1540 infeasible  144         1.00000    0.00000   100%   235  165s
 10202  1608    0.00000  142  200    1.00000    0.00000   100%   234  197s
 10297  1647    0.00000  147  188    1.00000    0.00000   100%   234  200s
 10768  1730    0.00000  145  143    1.00000    0.00000   100%   233  205s
 11479  1781    0.00000  141  217    1.00000    0.00000   100%   230  210s
 12113  1781 infeasible  149         1.00000    0.00000   100%   228  215s
 12363  1800    0.00000  143  142    1.00000    0.00000   100%   227  220s
 12364  1801    0.00000  144  106    1.00000    0.00000   100%   227  226s
 12368  1799    0.00000  143  218    1.00000    0.00000   100%   227  231s
 12795  1881    0.00000  146  241    1.00000    0.00000   100%   226  235s
 13451  1949 infeasible  148         1.00000    0.00000   100%   225  240s
 14192  1993    0.00000  149  134    1.00000    0.00000   100%   222  245s
 14754  2019    0.00000  149  150    1.00000    0.00000   100%   221  254s
 14906  2028    0.00000  139  189    1.00000    0.00000   100%   221  255s
 15573  2067    0.00000  152  148    1.00000    0.00000   100%   219  260s
 16243  2119    0.00000  158  224    1.00000    0.00000   100%   218  265s
 16520  2123    0.00000  155  209    1.00000    0.00000   100%   218  271s
 17047  2232    0.00000  155   96    1.00000    0.00000   100%   217  275s
 17622  2362    0.00000  156  155    1.00000    0.00000   100%   217  280s
 18179  2488    0.00000  150  206    1.00000    0.00000   100%   217  285s
 18829  2547 infeasible  164         1.00000    0.00000   100%   217  290s
 19519  2549    0.00000  156  173    1.00000    0.00000   100%   216  295s
 20134  2599    0.00000  140  133    1.00000    0.00000   100%   215  300s
 20137  2598    0.00000  152  144    1.00000    0.00000   100%   215  305s
 20212  2615    0.00000  153  167    1.00000    0.00000   100%   215  310s
 20812  2667    0.00000  144  155    1.00000    0.00000   100%   215  315s
 21475  2700    0.00000  146  197    1.00000    0.00000   100%   215  320s
 22177  2739 infeasible  144         1.00000    0.00000   100%   214  325s
 22784  2732 infeasible  150         1.00000    0.00000   100%   214  330s
 23020  2728    0.00000  149  138    1.00000    0.00000   100%   214  338s
 23173  2793    0.00000  146  171    1.00000    0.00000   100%   214  340s
 23601  2900    0.00000  140  238    1.00000    0.00000   100%   214  348s
 23704  2930    0.00000  150  227    1.00000    0.00000   100%   214  350s
 24262  3005 infeasible  158         1.00000    0.00000   100%   215  355s
 25017  3045    0.00000  144  194    1.00000    0.00000   100%   213  360s
 25726  3091    0.00000  144  190    1.00000    0.00000   100%   213  365s
 26452  3140 infeasible  146         1.00000    0.00000   100%   212  370s
 27149  3163 infeasible  138         1.00000    0.00000   100%   211  375s
 27712  3274    0.00000  137  204    1.00000    0.00000   100%   211  384s
 27790  3290    0.00000  139  206    1.00000    0.00000   100%   211  385s
 28105  3315    0.00000  143  169    1.00000    0.00000   100%   211  390s
 28874  3374    0.00000  140  162    1.00000    0.00000   100%   209  395s
 29603  3426    0.00000  146  164    1.00000    0.00000   100%   208  400s
 30301  3425    0.00000  131  170    1.00000    0.00000   100%   208  405s
 30426  3464    0.00000  143  144    1.00000    0.00000   100%   208  418s
 30595  3482    0.00000  140  193    1.00000    0.00000   100%   208  420s
 31264  3542    0.00000  146  188    1.00000    0.00000   100%   207  425s
 31948  3563 infeasible  152         1.00000    0.00000   100%   207  430s
 32622  3558    0.00000  137  154    1.00000    0.00000   100%   207  435s
 33306  3552    0.00000  139  192    1.00000    0.00000   100%   207  440s
 33431  3567    0.00000  152  140    1.00000    0.00000   100%   207  445s
 34076  3538 infeasible  146         1.00000    0.00000   100%   206  450s
 34255  3531    0.00000  144   68    1.00000    0.00000   100%   206  458s
 34458  3571 infeasible  143         1.00000    0.00000   100%   206  460s
 35215  3577    0.00000  154  181    1.00000    0.00000   100%   205  465s
 35948  3585 infeasible  157         1.00000    0.00000   100%   205  470s
 36533  3623 infeasible  155         1.00000    0.00000   100%   205  475s
 37216  3654 infeasible  146         1.00000    0.00000   100%   205  480s
 37897  3674    0.00000  146  166    1.00000    0.00000   100%   204  485s
 38586  3694 infeasible  142         1.00000    0.00000   100%   204  490s
 39200  3738    0.00000  145  170    1.00000    0.00000   100%   204  495s
 39820  3760 infeasible  149         1.00000    0.00000   100%   204  500s
 40461  3823    0.00000  156  232    1.00000    0.00000   100%   204  505s
 40956  3811    0.00000  156  203    1.00000    0.00000   100%   204  510s
 41532  3870    0.00000  158  157    1.00000    0.00000   100%   204  515s
 42218  3851    0.00000  150  190    1.00000    0.00000   100%   204  520s
 42759  3837    0.00000  151  182    1.00000    0.00000   100%   203  525s
 43396  3873 infeasible  148         1.00000    0.00000   100%   203  530s
 43742  3916    0.00000  148  117    1.00000    0.00000   100%   203  535s
 44244  3941    0.00000  151  179    1.00000    0.00000   100%   203  543s
 44491  3969    0.00000  153  165    1.00000    0.00000   100%   203  545s
 45117  3990    0.00000  161  183    1.00000    0.00000   100%   203  550s
 45645  3976    0.00000  161  203    1.00000    0.00000   100%   202  555s
 46143  3962    0.00000  149  187    1.00000    0.00000   100%   202  565s
 46158  3963    0.00000  144  198    1.00000    0.00000   100%   202  570s
 46857  3964    0.00000  139  192    1.00000    0.00000   100%   202  575s
 47536  3941 infeasible  150         1.00000    0.00000   100%   202  580s
 48207  3964 infeasible  162         1.00000    0.00000   100%   202  585s
 48842  3967    0.00000  146  180    1.00000    0.00000   100%   202  590s
 49547  4081    0.00000  161  116    1.00000    0.00000   100%   202  595s
 50119  4098    0.00000  156  205    1.00000    0.00000   100%   201  600s
 50889  4090 infeasible  149         1.00000    0.00000   100%   201  605s
 51390  4079 infeasible  147         1.00000    0.00000   100%   201  610s
 52009  4118 infeasible  148         1.00000    0.00000   100%   201  615s
 52108  4143    0.00000  148   97    1.00000    0.00000   100%   201  620s
 52362  4142 infeasible  161         1.00000    0.00000   100%   201  625s
 53042  4164    0.00000  150  146    1.00000    0.00000   100%   201  630s
 53693  4153    0.00000  154  155    1.00000    0.00000   100%   201  635s
 53929  4196    0.00000  156  216    1.00000    0.00000   100%   201  640s
 54554  4240 infeasible  156         1.00000    0.00000   100%   201  645s
 55172  4267    0.00000  153  215    1.00000    0.00000   100%   201  650s
 55644  4269    0.00000  147  136    1.00000    0.00000   100%   201  655s
 56167  4269    0.00000  143  143    1.00000    0.00000   100%   201  662s
 56220  4269    0.00000  144  152    1.00000    0.00000   100%   201  671s
 56655  4275    0.00000  145  124    1.00000    0.00000   100%   201  675s
 57286  4313    0.00000  141  221    1.00000    0.00000   100%   201  680s
 57982  4327    0.00000  148  141    1.00000    0.00000   100%   201  685s
 58647  4314    0.00000  148  193    1.00000    0.00000   100%   200  690s
 59265  4329    0.00000  140  187    1.00000    0.00000   100%   200  695s
 59722  4338 infeasible  148         1.00000    0.00000   100%   200  700s
 60468  4353    0.00000  157  136    1.00000    0.00000   100%   200  705s
 61034  4393    0.00000  147  219    1.00000    0.00000   100%   200  710s
 61553  4509    0.00000  153  195    1.00000    0.00000   100%   200  715s
 62050  4584    0.00000  144  194    1.00000    0.00000   100%   200  720s
 62389  4592    0.00000  144  185    1.00000    0.00000   100%   200  725s
 62921  4611    0.00000  148  158    1.00000    0.00000   100%   200  734s
 62966  4605    0.00000  144  223    1.00000    0.00000   100%   200  735s
 63572  4669    0.00000  147  154    1.00000    0.00000   100%   200  740s
 64180  4660    0.00000  145   82    1.00000    0.00000   100%   200  745s
 64698  4656    0.00000  128  278    1.00000    0.00000   100%   200  753s
 64862  4692    0.00000  142  230    1.00000    0.00000   100%   200  755s
 65512  4745    0.00000  143  217    1.00000    0.00000   100%   200  760s
 66152  4759    0.00000  144  150    1.00000    0.00000   100%   200  765s
 66810  4781    0.00000  145  164    1.00000    0.00000   100%   200  770s
 67525  4775    0.00000  149   44    1.00000    0.00000   100%   200  775s
 68199  4764    0.00000  127  224    1.00000    0.00000   100%   199  780s
 68702  4987    0.00000  143  189    1.00000    0.00000   100%   200  785s
 68944  5108    0.00000  158  210    1.00000    0.00000   100%   200  791s
 68945  5109    0.00000  156  212    1.00000    0.00000   100%   200  801s
 69314  5177    0.00000  141  213    1.00000    0.00000   100%   200  805s
 69950  5308 infeasible  156         1.00000    0.00000   100%   200  810s
 70595  5356    0.00000  136  258    1.00000    0.00000   100%   200  815s
 71092  5554    0.00000  150  208    1.00000    0.00000   100%   200  820s
 71657  5656    0.00000  155  201    1.00000    0.00000   100%   200  825s
 71768  5660    0.00000  161  203    1.00000    0.00000   100%   200  831s
 72018  5670    0.00000  162  177    1.00000    0.00000   100%   200  835s
 72733  5704    0.00000  154  173    1.00000    0.00000   100%   200  840s
 73383  5799    0.00000  146  212    1.00000    0.00000   100%   200  845s
 73712  5841    0.00000  150  188    1.00000    0.00000   100%   200  858s
 73854  5870    0.00000  145  186    1.00000    0.00000   100%   200  860s
 74475  5940    0.00000  155  104    1.00000    0.00000   100%   200  865s
 75143  5998    0.00000  152  132    1.00000    0.00000   100%   200  870s
 75827  6042    0.00000  159  148    1.00000    0.00000   100%   200  875s
 76599  6081 infeasible  172         1.00000    0.00000   100%   199  880s
 77418  6086    0.00000  155  178    1.00000    0.00000   100%   199  885s
 78121  6169    0.00000  155  200    1.00000    0.00000   100%   199  890s
 78713  6314 infeasible  156         1.00000    0.00000   100%   199  895s
 79422  6322    0.00000  154  219    1.00000    0.00000   100%   199  900s
 80017  6405    0.00000  153  217    1.00000    0.00000   100%   199  905s
 80635  6436    0.00000  156  240    1.00000    0.00000   100%   199  910s
 81231  6517    0.00000  137  239    1.00000    0.00000   100%   199  915s
 81598  6721    0.00000  146  215    1.00000    0.00000   100%   199  924s
 81630  6729    0.00000  147  200    1.00000    0.00000   100%   199  925s
 82192  6824    0.00000  138  225    1.00000    0.00000   100%   199  930s
 82784  6853 infeasible  156         1.00000    0.00000   100%   200  935s
 82900  6868    0.00000  146  107    1.00000    0.00000   100%   200  946s
 83396  6863 infeasible  156         1.00000    0.00000   100%   200  950s
 83606  6932    0.00000  135  236    1.00000    0.00000   100%   200  955s
 84098  7118 infeasible  153         1.00000    0.00000   100%   200  960s
 84576  7290    0.00000  155  216    1.00000    0.00000   100%   200  965s
 85165  7397    0.00000  147  183    1.00000    0.00000   100%   200  970s
 85717  7499    0.00000  146  242    1.00000    0.00000   100%   200  977s
 85998  7596 infeasible  153         1.00000    0.00000   100%   201  980s
 86557  7703    0.00000  145  196    1.00000    0.00000   100%   201  985s
 87233  7718    0.00000  142  261    1.00000    0.00000   100%   201  990s
 87869  7711    0.00000  146  153    1.00000    0.00000   100%   201  995s
 88277  7751 infeasible  155         1.00000    0.00000   100%   201 1000s
 88876  7832    0.00000  151  205    1.00000    0.00000   100%   201 1005s
 89545  7875 infeasible  150         1.00000    0.00000   100%   201 1010s
 89940  7879    0.00000  140  163    1.00000    0.00000   100%   201 1015s
 90491  7983    0.00000  141  243    1.00000    0.00000   100%   201 1020s
 90902  8045    0.00000  145  160    1.00000    0.00000   100%   201 1025s
 91540  8202 infeasible  153         1.00000    0.00000   100%   201 1030s
 92176  8247 infeasible  156         1.00000    0.00000   100%   201 1035s
 92596  8322    0.00000  143  209    1.00000    0.00000   100%   201 1040s
 93205  8344    0.00000  149  219    1.00000    0.00000   100%   201 1045s
 93662  8332    0.00000  161  194    1.00000    0.00000   100%   201 1054s
 93663  8333    0.00000  162  209    1.00000    0.00000   100%   201 1067s
 93996  8338 infeasible  157         1.00000    0.00000   100%   201 1070s
 94513  8412    0.00000  141  243    1.00000    0.00000   100%   201 1075s
 95132  8467    0.00000  148  183    1.00000    0.00000   100%   201 1080s
 95794  8524    0.00000  148  132    1.00000    0.00000   100%   201 1085s
 96373  8546    0.00000  147  200    1.00000    0.00000   100%   201 1090s
 96988  8589    0.00000  154  230    1.00000    0.00000   100%   201 1095s
 97633  8609    0.00000  159  152    1.00000    0.00000   100%   201 1100s
 98255  8650 infeasible  155         1.00000    0.00000   100%   201 1105s
 98913  8641 infeasible  147         1.00000    0.00000   100%   201 1110s
 99610  8660 infeasible  153         1.00000    0.00000   100%   201 1115s
 100143  8776    0.00000  140  184    1.00000    0.00000   100%   201 1120s
 100702  8845    0.00000  152  227    1.00000    0.00000   100%   201 1125s
 101368  8881 infeasible  162         1.00000    0.00000   100%   201 1130s
 102015  8907    0.00000  148  180    1.00000    0.00000   100%   201 1135s
 102613  8941    0.00000  156  152    1.00000    0.00000   100%   201 1140s
H103182     0                       0.0000000    0.00000  0.00%   201 1146s

Cutting planes:
  Cover: 13
  Clique: 36
  MIR: 4
  Flow cover: 7
  GUB cover: 10
  Zero half: 3
  RLT: 4
  Relax-and-lift: 1
  BQP: 2

Explored 103183 nodes (20800697 simplex iterations) in 1146.21 seconds (1697.61 work units)
Thread count was 1 (of 8 available processors)

Solution count 4: 0 1 2 3 

Optimal solution found (tolerance 0.00e+00)
Best objective 0.000000000000e+00, best bound 0.000000000000e+00, gap 0.0000%
    SAT | IdleRange(P*)=0 | time=1146.408107s | config=R-DC-IRP-GRB-MIP
    Excel: /home/dclng566/projects/Business-Meeting-Scheduling-Problem/output/gurobi/table08_excel/tic-14crafa.prec15.xlsx
Instance tic-14crafd.prec25: 1 run(s)
[11/40] tic-14crafd.prec25 | reduced | gurobi_mip | P=native_linear | G=distance_closure | n/a
Set parameter WLSAccessID
Set parameter WLSSecret
Set parameter LicenseID to value 2663665
Academic license 2663665 - for non-commercial use only - registered to tu___@vnu.edu.vn
Set parameter OutputFlag to value 1
Set parameter Threads to value 1
Set parameter Seed to value 0
Set parameter MIPGap to value 0
Set parameter MIPGapAbs to value 0
Set parameter TimeLimit to value 7199.571433757
Gurobi Optimizer version 13.0.2 build v13.0.2rc1 (linux64 - "Ubuntu 22.04.5 LTS")

CPU model: INTEL(R) XEON(R) PLATINUM 8581C CPU @ 2.30GHz, instruction set [SSE2|AVX|AVX2|AVX512]
Thread count: 4 physical cores, 8 logical processors, using up to 1 threads

Non-default parameters:
TimeLimit  7199.571433757
MIPGap  0
MIPGapAbs  0
Threads  1

Academic license 2663665 - for non-commercial use only - registered to tu___@vnu.edu.vn
Optimize a model with 5047 rows, 3932 columns and 24384 nonzeros (Min)
Model fingerprint: 0xa711a0bb
Model has 1 linear objective coefficients
Variable types: 0 continuous, 3932 integer (3870 binary)
Coefficient statistics:
  Matrix range     [1e+00, 9e+00]
  Objective range  [1e+00, 1e+00]
  Bounds range     [1e+00, 8e+00]
  RHS range        [1e+00, 2e+01]

Presolve removed 2528 rows and 1024 columns
Presolve time: 0.02s
Presolved: 2519 rows, 2908 columns, 14536 nonzeros
Variable types: 0 continuous, 2908 integer (2881 binary)

Root relaxation: objective 0.000000e+00, 4869 iterations, 0.37 seconds (0.60 work units)

    Nodes    |    Current Node    |     Objective Bounds      |     Work
 Expl Unexpl |  Obj  Depth IntInf | Incumbent    BestBd   Gap | It/Node Time

     0     0    0.00000    0 1199          -    0.00000      -     -    0s
     0     0    0.00000    0  885          -    0.00000      -     -    1s
     0     0    0.00000    0  885          -    0.00000      -     -    1s
     0     0    0.00000    0  824          -    0.00000      -     -    2s
     0     0    0.00000    0  847          -    0.00000      -     -    2s
     0     0    0.00000    0  859          -    0.00000      -     -    2s
     0     0    0.00000    0  847          -    0.00000      -     -    2s
     0     0    0.00000    0  621          -    0.00000      -     -    3s
     0     0    0.00000    0  700          -    0.00000      -     -    3s
     0     0    0.00000    0  791          -    0.00000      -     -    3s
     0     0    0.00000    0  530          -    0.00000      -     -    4s
     0     0    0.00000    0  549          -    0.00000      -     -    4s
     0     0    0.00000    0  716          -    0.00000      -     -    4s
     0     0    0.00000    0  577          -    0.00000      -     -    5s
     0     0    0.00000    0  721          -    0.00000      -     -    5s
     0     0    0.00000    0  760          -    0.00000      -     -    6s
     0     0    0.00000    0  619          -    0.00000      -     -    6s
     0     0    0.00000    0  712          -    0.00000      -     -    6s
     0     0    0.00000    0  777          -    0.00000      -     -    6s
     0     0    0.00000    0  600          -    0.00000      -     -    7s
     0     0    0.00000    0  600          -    0.00000      -     -    7s
     0     0    0.00000    0  600          -    0.00000      -     -    7s
     0     2    0.00000    0  506          -    0.00000      -     -    9s
     2     5    0.00000    1  731          -    0.00000      -  1390   10s
    31    33    0.00000   18  691          -    0.00000      -   958   17s
    68    68    0.00000   43  529          -    0.00000      -   671   25s
   328   293    1.00000  148  358          -    0.00000      -   348   30s
   569   480    0.00000   25  911          -    0.00000      -   288   35s
   576   484    0.00000   42  419          -    0.00000      -   285   40s
H  581   463                       3.0000000    0.00000   100%   283   43s
H  584   441                       2.0000000    0.00000   100%   427   44s
H  587   421                       0.0000000    0.00000  0.00%   432   46s

Cutting planes:
  Cover: 24
  Clique: 50
  MIR: 2
  Flow cover: 15
  GUB cover: 34
  Zero half: 12
  RLT: 37
  Relax-and-lift: 1

Explored 588 nodes (337746 simplex iterations) in 46.79 seconds (71.87 work units)
Thread count was 1 (of 8 available processors)

Solution count 3: 0 2 3 

Optimal solution found (tolerance 0.00e+00)
Best objective 0.000000000000e+00, best bound 0.000000000000e+00, gap 0.0000%
    SAT | IdleRange(P*)=0 | time=46.969889s | config=R-DC-IRP-GRB-MIP
    Excel: /home/dclng566/projects/Business-Meeting-Scheduling-Problem/output/gurobi/table08_excel/tic-14crafd.prec25.xlsx
Instance tic-12crafc.prec15: 1 run(s)
[12/40] tic-12crafc.prec15 | reduced | gurobi_mip | P=native_linear | G=distance_closure | n/a
Set parameter WLSAccessID
Set parameter WLSSecret
Set parameter LicenseID to value 2663665
Academic license 2663665 - for non-commercial use only - registered to tu___@vnu.edu.vn
Set parameter OutputFlag to value 1
Set parameter Threads to value 1
Set parameter Seed to value 0
Set parameter MIPGap to value 0
Set parameter MIPGapAbs to value 0
Set parameter TimeLimit to value 7199.678474795
Gurobi Optimizer version 13.0.2 build v13.0.2rc1 (linux64 - "Ubuntu 22.04.5 LTS")

CPU model: INTEL(R) XEON(R) PLATINUM 8581C CPU @ 2.30GHz, instruction set [SSE2|AVX|AVX2|AVX512]
Thread count: 4 physical cores, 8 logical processors, using up to 1 threads

Non-default parameters:
TimeLimit  7199.678474795
MIPGap  0
MIPGapAbs  0
Threads  1

Academic license 2663665 - for non-commercial use only - registered to tu___@vnu.edu.vn
Optimize a model with 2616 rows, 1925 columns and 11104 nonzeros (Min)
Model fingerprint: 0x7daf50bb
Model has 1 linear objective coefficients
Variable types: 0 continuous, 1925 integer (1883 binary)
Coefficient statistics:
  Matrix range     [1e+00, 7e+00]
  Objective range  [1e+00, 1e+00]
  Bounds range     [1e+00, 6e+00]
  RHS range        [1e+00, 2e+01]

Presolve removed 1828 rows and 775 columns
Presolve time: 0.02s
Presolved: 788 rows, 1150 columns, 4990 nonzeros
Variable types: 0 continuous, 1150 integer (1134 binary)

Root relaxation: objective 0.000000e+00, 1882 iterations, 0.06 seconds (0.09 work units)

    Nodes    |    Current Node    |     Objective Bounds      |     Work
 Expl Unexpl |  Obj  Depth IntInf | Incumbent    BestBd   Gap | It/Node Time

     0     0    0.00000    0  402          -    0.00000      -     -    0s
     0     0    0.00000    0  387          -    0.00000      -     -    0s
     0     0    0.00000    0  382          -    0.00000      -     -    0s
     0     0    0.00000    0  353          -    0.00000      -     -    0s
     0     0    0.00000    0  309          -    0.00000      -     -    0s
     0     0    0.00000    0  304          -    0.00000      -     -    0s
     0     0    0.00000    0  397          -    0.00000      -     -    0s
     0     0    0.00000    0   46          -    0.00000      -     -    0s
     0     0    0.00000    0  236          -    0.00000      -     -    0s
     0     0    0.00000    0  219          -    0.00000      -     -    0s
     0     0    0.00000    0  110          -    0.00000      -     -    0s
     0     0    0.00000    0  219          -    0.00000      -     -    0s
     0     0    0.00000    0  219          -    0.00000      -     -    0s
     0     0    0.00000    0  224          -    0.00000      -     -    0s
     0     0    0.00000    0  337          -    0.00000      -     -    0s
     0     0    0.00000    0  337          -    0.00000      -     -    1s
     0     0    0.00000    0  337          -    0.00000      -     -    1s
     0     0    0.00000    0  337          -    0.00000      -     -    1s
     0     2    0.00000    0  334          -    0.00000      -     -    1s
H    6     2                       0.0000000    0.00000  0.00%   292    1s

Cutting planes:
  Cover: 4
  Implied bound: 1
  Clique: 17
  MIR: 2
  StrongCG: 2
  Flow cover: 4
  GUB cover: 5
  Zero half: 5
  RLT: 14
  Relax-and-lift: 1
  BQP: 1

Explored 7 nodes (24700 simplex iterations) in 1.96 seconds (2.79 work units)
Thread count was 1 (of 8 available processors)

Solution count 1: 0 

Optimal solution found (tolerance 0.00e+00)
Best objective 0.000000000000e+00, best bound 0.000000000000e+00, gap 0.0000%
    SAT | IdleRange(P*)=0 | time=2.031623s | config=R-DC-IRP-GRB-MIP
    Excel: /home/dclng566/projects/Business-Meeting-Scheduling-Problem/output/gurobi/table08_excel/tic-12crafc.prec15.xlsx
Instance tic-14crafc.prec25: 1 run(s)
[13/40] tic-14crafc.prec25 | reduced | gurobi_mip | P=native_linear | G=distance_closure | n/a
Set parameter WLSAccessID
Set parameter WLSSecret
Set parameter LicenseID to value 2663665
Academic license 2663665 - for non-commercial use only - registered to tu___@vnu.edu.vn
Set parameter OutputFlag to value 1
Set parameter Threads to value 1
Set parameter Seed to value 0
Set parameter MIPGap to value 0
Set parameter MIPGapAbs to value 0
Set parameter TimeLimit to value 7199.577234876
Gurobi Optimizer version 13.0.2 build v13.0.2rc1 (linux64 - "Ubuntu 22.04.5 LTS")

CPU model: INTEL(R) XEON(R) PLATINUM 8581C CPU @ 2.30GHz, instruction set [SSE2|AVX|AVX2|AVX512]
Thread count: 4 physical cores, 8 logical processors, using up to 1 threads

Non-default parameters:
TimeLimit  7199.577234876
MIPGap  0
MIPGapAbs  0
Threads  1

Academic license 2663665 - for non-commercial use only - registered to tu___@vnu.edu.vn
Optimize a model with 5054 rows, 3948 columns and 24517 nonzeros (Min)
Model fingerprint: 0x9c9b3f5f
Model has 1 linear objective coefficients
Variable types: 0 continuous, 3948 integer (3886 binary)
Coefficient statistics:
  Matrix range     [1e+00, 9e+00]
  Objective range  [1e+00, 1e+00]
  Bounds range     [1e+00, 7e+00]
  RHS range        [1e+00, 2e+01]

Presolve removed 2340 rows and 903 columns
Presolve time: 0.02s
Presolved: 2714 rows, 3045 columns, 15244 nonzeros
Variable types: 0 continuous, 3045 integer (3017 binary)

Root relaxation: objective 0.000000e+00, 5338 iterations, 0.42 seconds (0.67 work units)

    Nodes    |    Current Node    |     Objective Bounds      |     Work
 Expl Unexpl |  Obj  Depth IntInf | Incumbent    BestBd   Gap | It/Node Time

     0     0    0.00000    0 1350          -    0.00000      -     -    0s
     0     0    0.00000    0 1053          -    0.00000      -     -    1s
     0     0    0.00000    0 1053          -    0.00000      -     -    1s
     0     0    0.00000    0  927          -    0.00000      -     -    2s
     0     0    0.00000    0 1024          -    0.00000      -     -    3s
     0     0    0.00000    0  946          -    0.00000      -     -    3s
     0     0    0.00000    0  952          -    0.00000      -     -    3s
     0     0    0.00000    0  749          -    0.00000      -     -    4s
     0     0    0.00000    0  718          -    0.00000      -     -    4s
     0     0    0.00000    0  875          -    0.00000      -     -    4s
     0     0    0.00000    0  746          -    0.00000      -     -    5s
     0     0    0.00000    0  754          -    0.00000      -     -    5s
     0     0    0.00000    0  820          -    0.00000      -     -    5s
     0     0    0.00000    0  570          -    0.00000      -     -    6s
     0     0    0.00000    0  557          -    0.00000      -     -    6s
     0     0    0.00000    0  798          -    0.00000      -     -    6s
     0     0    0.00000    0  709          -    0.00000      -     -    7s
     0     0    0.00000    0  738          -    0.00000      -     -    7s
     0     0    0.00000    0  749          -    0.00000      -     -    7s
     0     0    0.00000    0  606          -    0.00000      -     -    8s
     0     0    0.00000    0  606          -    0.00000      -     -    8s
     0     0    0.00000    0  606          -    0.00000      -     -    8s
     0     2    0.00000    0  606          -    0.00000      -     -    9s
     1     4    0.00000    1  772          -    0.00000      -   979   10s
     8    10    0.00000    4  742          -    0.00000      -  1003   18s
    29    31    0.00000   21  736          -    0.00000      -   692   20s
    35    35    0.00000   25  659          -    0.00000      -   635   25s
   156   150    0.00030  104  779          -    0.00000      -   525   30s
   389   347    1.00000  137  431          -    0.00000      -   394   35s
   564   481    0.00000   30  951          -    0.00000      -   367   40s
   571   486    0.00000   63  706          -    0.00000      -   362   45s
   579   491    0.00000  102  526          -    0.00000      -   357   50s
H  594   476                       1.0000000    0.00000   100%   514   55s
   619   489    0.00000   32  607    1.00000    0.00000   100%   534   61s
   621   490    0.00000   33  587    1.00000    0.00000   100%   537   72s
   646   505    0.00000   45  564    1.00000    0.00000   100%   553   75s
H  652   424                       0.0000000    0.00000  0.00%   556   82s

Cutting planes:
  Cover: 21
  Clique: 51
  MIR: 5
  StrongCG: 5
  Flow cover: 23
  GUB cover: 41
  Zero half: 5
  RLT: 20
  Relax-and-lift: 2
  PSD: 1

Explored 653 nodes (447940 simplex iterations) in 82.75 seconds (130.46 work units)
Thread count was 1 (of 8 available processors)

Solution count 2: 0 1 

Optimal solution found (tolerance 0.00e+00)
Best objective 0.000000000000e+00, best bound 0.000000000000e+00, gap 0.0000%
    SAT | IdleRange(P*)=0 | time=82.929506s | config=R-DC-IRP-GRB-MIP
    Excel: /home/dclng566/projects/Business-Meeting-Scheduling-Problem/output/gurobi/table08_excel/tic-14crafc.prec25.xlsx
Instance ticf-13crafa.prec15: 1 run(s)
[14/40] ticf-13crafa.prec15 | reduced | gurobi_mip | P=native_linear | G=distance_closure | n/a
Set parameter WLSAccessID
Set parameter WLSSecret
Set parameter LicenseID to value 2663665
Academic license 2663665 - for non-commercial use only - registered to tu___@vnu.edu.vn
Set parameter OutputFlag to value 1
Set parameter Threads to value 1
Set parameter Seed to value 0
Set parameter MIPGap to value 0
Set parameter MIPGapAbs to value 0
Set parameter TimeLimit to value 7199.533221987
Gurobi Optimizer version 13.0.2 build v13.0.2rc1 (linux64 - "Ubuntu 22.04.5 LTS")

CPU model: INTEL(R) XEON(R) PLATINUM 8581C CPU @ 2.30GHz, instruction set [SSE2|AVX|AVX2|AVX512]
Thread count: 4 physical cores, 8 logical processors, using up to 1 threads

Non-default parameters:
TimeLimit  7199.533221987
MIPGap  0
MIPGapAbs  0
Threads  1

Academic license 2663665 - for non-commercial use only - registered to tu___@vnu.edu.vn
Optimize a model with 9111 rows, 6043 columns and 33806 nonzeros (Min)
Model fingerprint: 0xc441e81f
Model has 1 linear objective coefficients
Variable types: 0 continuous, 6043 integer (5982 binary)
Coefficient statistics:
  Matrix range     [1e+00, 2e+01]
  Objective range  [1e+00, 1e+00]
  Bounds range     [1e+00, 2e+01]
  RHS range        [1e+00, 4e+01]

Presolve removed 1616 rows and 551 columns
Presolve time: 0.04s
Presolved: 7495 rows, 5492 columns, 27228 nonzeros
Variable types: 0 continuous, 5492 integer (5432 binary)

Root relaxation: objective 0.000000e+00, 12023 iterations, 1.36 seconds (2.18 work units)

    Nodes    |    Current Node    |     Objective Bounds      |     Work
 Expl Unexpl |  Obj  Depth IntInf | Incumbent    BestBd   Gap | It/Node Time

     0     0    0.00000    0 2388          -    0.00000      -     -    2s
     0     0    0.00000    0 1714          -    0.00000      -     -    2s
H    0     0                      14.0000000    0.00000   100%     -    2s
H    0     0                      13.0000000    0.00000   100%     -    2s
     0     0    0.00000    0 1714   13.00000    0.00000   100%     -    2s
     0     0    0.00000    0 1344   13.00000    0.00000   100%     -    4s
H    0     0                      12.0000000    0.00000   100%     -    4s
     0     0    0.00000    0 1464   12.00000    0.00000   100%     -    4s
H    0     0                      11.0000000    0.00000   100%     -    4s
H    0     0                      10.0000000    0.00000   100%     -    4s
     0     0    0.00000    0 1425   10.00000    0.00000   100%     -    5s
     0     0    0.00000    0 1338   10.00000    0.00000   100%     -    5s
     0     0    0.00000    0  681   10.00000    0.00000   100%     -    6s
H    0     0                       8.0000000    0.00000   100%     -    6s
H    0     0                       7.0000000    0.00000   100%     -    6s
H    0     0                       6.0000000    0.00000   100%     -    6s
     0     0    0.00000    0  601    6.00000    0.00000   100%     -    6s
     0     0    0.00000    0  600    6.00000    0.00000   100%     -    6s
     0     0    0.00000    0  791    6.00000    0.00000   100%     -    6s
     0     0    0.00000    0  486    6.00000    0.00000   100%     -    7s
H    0     0                       5.0000000    0.00000   100%     -    7s
     0     0    0.00000    0  427    5.00000    0.00000   100%     -    7s
     0     0    0.00000    0  426    5.00000    0.00000   100%     -    7s
     0     0    0.00000    0  550    5.00000    0.00000   100%     -    7s
     0     0    0.00000    0  512    5.00000    0.00000   100%     -    7s
H    0     0                       4.0000000    0.00000   100%     -    7s
     0     0    0.00000    0  498    4.00000    0.00000   100%     -    7s
     0     0    0.00000    0  489    4.00000    0.00000   100%     -    7s
     0     0    0.00000    0  511    4.00000    0.00000   100%     -    7s
     0     0    0.00000    0  314    4.00000    0.00000   100%     -    7s
H    0     0                       3.0000000    0.00000   100%     -    7s
     0     0    0.00000    0  376    3.00000    0.00000   100%     -    7s
     0     0    0.00000    0  370    3.00000    0.00000   100%     -    7s
     0     0    0.00000    0  451    3.00000    0.00000   100%     -    7s
     0     0    0.00000    0  193    3.00000    0.00000   100%     -    8s
H    0     0                       2.0000000    0.00000   100%     -    8s
     0     0    0.00000    0  200    2.00000    0.00000   100%     -    8s
     0     0    0.00000    0  318    2.00000    0.00000   100%     -    8s
     0     0    0.00000    0  245    2.00000    0.00000   100%     -    8s
     0     0    0.00000    0  245    2.00000    0.00000   100%     -    8s
     0     0    0.00000    0  187    2.00000    0.00000   100%     -    9s
     0     2    0.00000    0  187    2.00000    0.00000   100%     -    9s
H    1     1                       1.0000000    0.00000   100%   0.0    9s
H    3     3                       0.0000000    0.00000  0.00%   489    9s

Cutting planes:
  Gomory: 2
  Cover: 4
  Implied bound: 51
  Clique: 46
  MIR: 13
  StrongCG: 1
  Flow cover: 43
  GUB cover: 9
  Zero half: 42
  RLT: 85
  Relax-and-lift: 114
  BQP: 26

Explored 4 nodes (95391 simplex iterations) in 9.92 seconds (15.09 work units)
Thread count was 1 (of 8 available processors)

Solution count 10: 0 1 2 ... 10

Optimal solution found (tolerance 0.00e+00)
Best objective 0.000000000000e+00, best bound 0.000000000000e+00, gap 0.0000%
    SAT | IdleRange(P*)=0 | time=10.146278s | config=R-DC-IRP-GRB-MIP
    Excel: /home/dclng566/projects/Business-Meeting-Scheduling-Problem/output/gurobi/table08_excel/ticf-13crafa.prec15.xlsx
Instance forum-13crafc.prec25: 1 run(s)
[15/40] forum-13crafc.prec25 | reduced | gurobi_mip | P=native_linear | G=distance_closure | n/a
Set parameter WLSAccessID
Set parameter WLSSecret
Set parameter LicenseID to value 2663665
Academic license 2663665 - for non-commercial use only - registered to tu___@vnu.edu.vn
Set parameter OutputFlag to value 1
Set parameter Threads to value 1
Set parameter Seed to value 0
Set parameter MIPGap to value 0
Set parameter MIPGapAbs to value 0
Set parameter TimeLimit to value 7199.66823202
Gurobi Optimizer version 13.0.2 build v13.0.2rc1 (linux64 - "Ubuntu 22.04.5 LTS")

CPU model: INTEL(R) XEON(R) PLATINUM 8581C CPU @ 2.30GHz, instruction set [SSE2|AVX|AVX2|AVX512]
Thread count: 4 physical cores, 8 logical processors, using up to 1 threads

Non-default parameters:
TimeLimit  7199.66823202
MIPGap  0
MIPGapAbs  0
Threads  1

Academic license 2663665 - for non-commercial use only - registered to tu___@vnu.edu.vn
Optimize a model with 8870 rows, 5818 columns and 33209 nonzeros (Min)
Model fingerprint: 0xbe7908e3
Model has 1 linear objective coefficients
Variable types: 0 continuous, 5818 integer (5757 binary)
Coefficient statistics:
  Matrix range     [1e+00, 2e+01]
  Objective range  [1e+00, 1e+00]
  Bounds range     [1e+00, 2e+01]
  RHS range        [1e+00, 4e+01]

Presolve time: 0.00s

Explored 0 nodes (0 simplex iterations) in 0.00 seconds (0.00 work units)
Thread count was 1 (of 8 available processors)

Solution count 0

Model is infeasible
Best objective -, best bound -, gap -
    UNSAT | IdleRange(P*)=None | time=0.086721s | config=R-DC-IRP-GRB-MIP
    Excel: /home/dclng566/projects/Business-Meeting-Scheduling-Problem/output/gurobi/table08_excel/forum-13crafc.prec25.xlsx
Instance forum-14.prec25: 1 run(s)
[16/40] forum-14.prec25 | reduced | gurobi_mip | P=native_linear | G=distance_closure | n/a
Set parameter WLSAccessID
Set parameter WLSSecret
Set parameter LicenseID to value 2663665
Academic license 2663665 - for non-commercial use only - registered to tu___@vnu.edu.vn
Set parameter OutputFlag to value 1
Set parameter Threads to value 1
Set parameter Seed to value 0
Set parameter MIPGap to value 0
Set parameter MIPGapAbs to value 0
Set parameter TimeLimit to value 7199.620225892
Gurobi Optimizer version 13.0.2 build v13.0.2rc1 (linux64 - "Ubuntu 22.04.5 LTS")

CPU model: INTEL(R) XEON(R) PLATINUM 8581C CPU @ 2.30GHz, instruction set [SSE2|AVX|AVX2|AVX512]
Thread count: 4 physical cores, 8 logical processors, using up to 1 threads

Non-default parameters:
TimeLimit  7199.620225892
MIPGap  0
MIPGapAbs  0
Threads  1

Academic license 2663665 - for non-commercial use only - registered to tu___@vnu.edu.vn
Optimize a model with 12263 rows, 9514 columns and 58564 nonzeros (Min)
Model fingerprint: 0x1f705266
Model has 1 linear objective coefficients
Variable types: 0 continuous, 9514 integer (9439 binary)
Coefficient statistics:
  Matrix range     [1e+00, 2e+01]
  Objective range  [1e+00, 1e+00]
  Bounds range     [1e+00, 2e+01]
  RHS range        [1e+00, 4e+01]

Presolve time: 0.00s

Explored 0 nodes (0 simplex iterations) in 0.00 seconds (0.00 work units)
Thread count was 1 (of 8 available processors)

Solution count 0

Model is infeasible
Best objective -, best bound -, gap -
    UNSAT | IdleRange(P*)=None | time=0.137564s | config=R-DC-IRP-GRB-MIP
    Excel: /home/dclng566/projects/Business-Meeting-Scheduling-Problem/output/gurobi/table08_excel/forum-14.prec25.xlsx
Instance tic-13.prec15: 1 run(s)
[17/40] tic-13.prec15 | reduced | gurobi_mip | P=native_linear | G=distance_closure | n/a
Set parameter WLSAccessID
Set parameter WLSSecret
Set parameter LicenseID to value 2663665
Academic license 2663665 - for non-commercial use only - registered to tu___@vnu.edu.vn
Set parameter OutputFlag to value 1
Set parameter Threads to value 1
Set parameter Seed to value 0
Set parameter MIPGap to value 0
Set parameter MIPGapAbs to value 0
Set parameter TimeLimit to value 7199.610461226
Gurobi Optimizer version 13.0.2 build v13.0.2rc1 (linux64 - "Ubuntu 22.04.5 LTS")

CPU model: INTEL(R) XEON(R) PLATINUM 8581C CPU @ 2.30GHz, instruction set [SSE2|AVX|AVX2|AVX512]
Thread count: 4 physical cores, 8 logical processors, using up to 1 threads

Non-default parameters:
TimeLimit  7199.610461226
MIPGap  0
MIPGapAbs  0
Threads  1

Academic license 2663665 - for non-commercial use only - registered to tu___@vnu.edu.vn
Optimize a model with 3785 rows, 3125 columns and 18424 nonzeros (Min)
Model fingerprint: 0x52d0997a
Model has 1 linear objective coefficients
Variable types: 0 continuous, 3125 integer (3077 binary)
Coefficient statistics:
  Matrix range     [1e+00, 9e+00]
  Objective range  [1e+00, 1e+00]
  Bounds range     [1e+00, 6e+00]
  RHS range        [1e+00, 2e+01]

Presolve removed 2628 rows and 1027 columns
Presolve time: 0.03s
Presolved: 1157 rows, 2098 columns, 8827 nonzeros
Variable types: 0 continuous, 2098 integer (2073 binary)

Root relaxation: objective 0.000000e+00, 3017 iterations, 0.14 seconds (0.21 work units)

    Nodes    |    Current Node    |     Objective Bounds      |     Work
 Expl Unexpl |  Obj  Depth IntInf | Incumbent    BestBd   Gap | It/Node Time

     0     0    0.00000    0  422          -    0.00000      -     -    0s
H    0     0                       4.0000000    0.00000   100%     -    0s
     0     0    0.00000    0  537    4.00000    0.00000   100%     -    0s
     0     0    0.00000    0  501    4.00000    0.00000   100%     -    0s
     0     0    0.00000    0  600    4.00000    0.00000   100%     -    0s
     0     0    0.00000    0  331    4.00000    0.00000   100%     -    0s
H    0     0                       3.0000000    0.00000   100%     -    0s
     0     0    0.00000    0  319    3.00000    0.00000   100%     -    0s
     0     0    0.00000    0  425    3.00000    0.00000   100%     -    1s
     0     0    0.00000    0  303    3.00000    0.00000   100%     -    1s
     0     0    0.00000    0  317    3.00000    0.00000   100%     -    1s
     0     0    0.00000    0  351    3.00000    0.00000   100%     -    1s
     0     0    0.00000    0  351    3.00000    0.00000   100%     -    1s
     0     0    0.00000    0  410    3.00000    0.00000   100%     -    1s
     0     0    0.00000    0  316    3.00000    0.00000   100%     -    2s
     0     0    0.00000    0  316    3.00000    0.00000   100%     -    2s
     0     0    0.00000    0   68    3.00000    0.00000   100%     -    2s
H    0     0                       1.0000000    0.00000   100%     -    2s
     0     2    0.00000    0   62    1.00000    0.00000   100%     -    2s
    39    41    0.00000   25  433    1.00000    0.00000   100%   715    5s
*  156     3             100       0.0000000    0.00000  0.00%   475    8s

Cutting planes:
  Gomory: 1
  Cover: 8
  Clique: 20
  MIR: 6
  Flow cover: 2
  GUB cover: 13
  Zero half: 2
  RLT: 20
  BQP: 1

Explored 157 nodes (111647 simplex iterations) in 8.38 seconds (12.44 work units)
Thread count was 1 (of 8 available processors)

Solution count 4: 0 1 3 4 

Optimal solution found (tolerance 0.00e+00)
Best objective 0.000000000000e+00, best bound 0.000000000000e+00, gap 0.0000%
    SAT | IdleRange(P*)=0 | time=8.519668s | config=R-DC-IRP-GRB-MIP
    Excel: /home/dclng566/projects/Business-Meeting-Scheduling-Problem/output/gurobi/table08_excel/tic-13.prec15.xlsx
Instance tic-13crafc.prec25: 1 run(s)
[18/40] tic-13crafc.prec25 | reduced | gurobi_mip | P=native_linear | G=distance_closure | n/a
Set parameter WLSAccessID
Set parameter WLSSecret
Set parameter LicenseID to value 2663665
Academic license 2663665 - for non-commercial use only - registered to tu___@vnu.edu.vn
Set parameter OutputFlag to value 1
Set parameter Threads to value 1
Set parameter Seed to value 0
Set parameter MIPGap to value 0
Set parameter MIPGapAbs to value 0
Set parameter TimeLimit to value 7199.618839717
Gurobi Optimizer version 13.0.2 build v13.0.2rc1 (linux64 - "Ubuntu 22.04.5 LTS")

CPU model: INTEL(R) XEON(R) PLATINUM 8581C CPU @ 2.30GHz, instruction set [SSE2|AVX|AVX2|AVX512]
Thread count: 4 physical cores, 8 logical processors, using up to 1 threads

Non-default parameters:
TimeLimit  7199.618839717
MIPGap  0
MIPGapAbs  0
Threads  1

Academic license 2663665 - for non-commercial use only - registered to tu___@vnu.edu.vn
Optimize a model with 3856 rows, 2998 columns and 18660 nonzeros (Min)
Model fingerprint: 0xa721382d
Model has 1 linear objective coefficients
Variable types: 0 continuous, 2998 integer (2950 binary)
Coefficient statistics:
  Matrix range     [1e+00, 9e+00]
  Objective range  [1e+00, 1e+00]
  Bounds range     [1e+00, 6e+00]
  RHS range        [1e+00, 2e+01]

Presolve removed 1454 rows and 499 columns
Presolve time: 0.02s
Presolved: 2402 rows, 2499 columns, 12607 nonzeros
Variable types: 0 continuous, 2499 integer (2474 binary)

Root relaxation: objective 0.000000e+00, 4381 iterations, 0.29 seconds (0.45 work units)

    Nodes    |    Current Node    |     Objective Bounds      |     Work
 Expl Unexpl |  Obj  Depth IntInf | Incumbent    BestBd   Gap | It/Node Time

     0     0    0.00000    0 1179          -    0.00000      -     -    0s
     0     0    0.11040    0  914          -    0.11040      -     -    1s
     0     0    0.11040    0  914          -    0.11040      -     -    1s
     0     0    0.30157    0  825          -    0.30157      -     -    2s
     0     0    1.00000    0  773          -    1.00000      -     -    2s
     0     0    1.00000    0  754          -    1.00000      -     -    2s
     0     0    1.00000    0  723          -    1.00000      -     -    2s
     0     0    1.00000    0  717          -    1.00000      -     -    2s
     0     0    1.00000    0  691          -    1.00000      -     -    2s
     0     0    1.00000    0  467          -    1.00000      -     -    2s
     0     0    1.00000    0  443          -    1.00000      -     -    2s
     0     0    1.00000    0  535          -    1.00000      -     -    3s
     0     0    1.00000    0  402          -    1.00000      -     -    3s
     0     0    1.00000    0  489          -    1.00000      -     -    3s
     0     0    1.00000    0  469          -    1.00000      -     -    3s
     0     0    1.00000    0  108          -    1.00000      -     -    3s
     0     0    1.00000    0  108          -    1.00000      -     -    3s
     0     0    1.00000    0  345          -    1.00000      -     -    3s
*    0     0               0       1.0000000    1.00000  0.00%     -    3s

Cutting planes:
  Gomory: 1
  Cover: 25
  Clique: 37
  MIR: 22
  StrongCG: 5
  Flow cover: 1
  GUB cover: 20
  Zero half: 13
  RLT: 26
  Relax-and-lift: 19

Explored 1 nodes (50262 simplex iterations) in 3.97 seconds (6.29 work units)
Thread count was 1 (of 8 available processors)

Solution count 1: 1 

Optimal solution found (tolerance 0.00e+00)
Best objective 1.000000000000e+00, best bound 1.000000000000e+00, gap 0.0000%
    SAT | IdleRange(P*)=1 | time=4.108089s | config=R-DC-IRP-GRB-MIP
    Excel: /home/dclng566/projects/Business-Meeting-Scheduling-Problem/output/gurobi/table08_excel/tic-13crafc.prec25.xlsx
Instance forumt-14crafe.prec15: 1 run(s)
[19/40] forumt-14crafe.prec15 | reduced | gurobi_mip | P=native_linear | G=distance_closure | n/a
Set parameter WLSAccessID
Set parameter WLSSecret
Set parameter LicenseID to value 2663665
Academic license 2663665 - for non-commercial use only - registered to tu___@vnu.edu.vn
Set parameter OutputFlag to value 1
Set parameter Threads to value 1
Set parameter Seed to value 0
Set parameter MIPGap to value 0
Set parameter MIPGapAbs to value 0
Set parameter TimeLimit to value 7.1995622723060005e+03
Gurobi Optimizer version 13.0.2 build v13.0.2rc1 (linux64 - "Ubuntu 22.04.5 LTS")

CPU model: INTEL(R) XEON(R) PLATINUM 8581C CPU @ 2.30GHz, instruction set [SSE2|AVX|AVX2|AVX512]
Thread count: 4 physical cores, 8 logical processors, using up to 1 threads

Non-default parameters:
TimeLimit  7.1995622723060005e+03
MIPGap  0
MIPGapAbs  0
Threads  1

Academic license 2663665 - for non-commercial use only - registered to tu___@vnu.edu.vn
Optimize a model with 4867 rows, 4008 columns and 23391 nonzeros (Min)
Model fingerprint: 0x162effc3
Model has 1 linear objective coefficients
Variable types: 0 continuous, 4008 integer (3946 binary)
Coefficient statistics:
  Matrix range     [1e+00, 9e+00]
  Objective range  [1e+00, 1e+00]
  Bounds range     [1e+00, 8e+00]
  RHS range        [1e+00, 2e+01]

Presolve removed 3389 rows and 1405 columns
Presolve time: 0.04s
Presolved: 1478 rows, 2603 columns, 11104 nonzeros
Variable types: 0 continuous, 2603 integer (2577 binary)

Root relaxation: objective 2.000000e+00, 3677 iterations, 0.22 seconds (0.35 work units)

    Nodes    |    Current Node    |     Objective Bounds      |     Work
 Expl Unexpl |  Obj  Depth IntInf | Incumbent    BestBd   Gap | It/Node Time

     0     0    2.00000    0  460          -    2.00000      -     -    0s
     0     0    2.00000    0  568          -    2.00000      -     -    0s
H    0     0                       5.0000000    2.00000  60.0%     -    0s
     0     0    2.00000    0  569    5.00000    2.00000  60.0%     -    0s
     0     0    2.00000    0  583    5.00000    2.00000  60.0%     -    0s
     0     0    2.00000    0  252    5.00000    2.00000  60.0%     -    1s
     0     0    2.00000    0  249    5.00000    2.00000  60.0%     -    1s
     0     0    2.00000    0  493    5.00000    2.00000  60.0%     -    1s
     0     0    2.00000    0  145    5.00000    2.00000  60.0%     -    2s
     0     0    2.00000    0  375    5.00000    2.00000  60.0%     -    2s
     0     0    2.00000    0   40    5.00000    2.00000  60.0%     -    2s
H    0     0                       3.0000000    2.00000  33.3%     -    2s
     0     0    2.00000    0   16    3.00000    2.00000  33.3%     -    2s
H    0     0                       2.0000000    2.00000  0.00%     -    2s

Cutting planes:
  Cover: 20
  Implied bound: 2
  Clique: 28
  MIR: 12
  StrongCG: 3
  GUB cover: 5
  Zero half: 8
  RLT: 12
  Relax-and-lift: 3

Explored 1 nodes (35494 simplex iterations) in 2.54 seconds (3.69 work units)
Thread count was 1 (of 8 available processors)

Solution count 3: 2 3 5 

Optimal solution found (tolerance 0.00e+00)
Best objective 2.000000000000e+00, best bound 2.000000000000e+00, gap 0.0000%
    SAT | IdleRange(P*)=2 | time=2.731197s | config=R-DC-IRP-GRB-MIP
    Excel: /home/dclng566/projects/Business-Meeting-Scheduling-Problem/output/gurobi/table08_excel/forumt-14crafe.prec15.xlsx
Instance tic-13.prec25: 1 run(s)
[20/40] tic-13.prec25 | reduced | gurobi_mip | P=native_linear | G=distance_closure | n/a
Set parameter WLSAccessID
Set parameter WLSSecret
Set parameter LicenseID to value 2663665
Academic license 2663665 - for non-commercial use only - registered to tu___@vnu.edu.vn
Set parameter OutputFlag to value 1
Set parameter Threads to value 1
Set parameter Seed to value 0
Set parameter MIPGap to value 0
Set parameter MIPGapAbs to value 0
Set parameter TimeLimit to value 7199.618901038
Gurobi Optimizer version 13.0.2 build v13.0.2rc1 (linux64 - "Ubuntu 22.04.5 LTS")

CPU model: INTEL(R) XEON(R) PLATINUM 8581C CPU @ 2.30GHz, instruction set [SSE2|AVX|AVX2|AVX512]
Thread count: 4 physical cores, 8 logical processors, using up to 1 threads

Non-default parameters:
TimeLimit  7199.618901038
MIPGap  0
MIPGapAbs  0
Threads  1

Academic license 2663665 - for non-commercial use only - registered to tu___@vnu.edu.vn
Optimize a model with 3856 rows, 2998 columns and 18660 nonzeros (Min)
Model fingerprint: 0x7ccf6004
Model has 1 linear objective coefficients
Variable types: 0 continuous, 2998 integer (2950 binary)
Coefficient statistics:
  Matrix range     [1e+00, 9e+00]
  Objective range  [1e+00, 1e+00]
  Bounds range     [1e+00, 6e+00]
  RHS range        [1e+00, 2e+01]

Presolve removed 1454 rows and 499 columns
Presolve time: 0.02s
Presolved: 2402 rows, 2499 columns, 12607 nonzeros
Variable types: 0 continuous, 2499 integer (2474 binary)

Root relaxation: objective 0.000000e+00, 4318 iterations, 0.27 seconds (0.43 work units)

    Nodes    |    Current Node    |     Objective Bounds      |     Work
 Expl Unexpl |  Obj  Depth IntInf | Incumbent    BestBd   Gap | It/Node Time

     0     0    0.00000    0 1131          -    0.00000      -     -    0s
     0     0    0.00000    0  726          -    0.00000      -     -    0s
     0     0    0.00000    0  726          -    0.00000      -     -    0s
     0     0    0.00000    0  588          -    0.00000      -     -    1s
     0     0    0.00000    0  637          -    0.00000      -     -    1s
     0     0    0.00000    0  630          -    0.00000      -     -    1s
     0     0    0.00000    0  608          -    0.00000      -     -    1s
     0     0    0.00000    0  421          -    0.00000      -     -    2s
     0     0    0.00000    0  452          -    0.00000      -     -    2s
     0     0    0.00000    0  547          -    0.00000      -     -    2s
     0     0    0.00000    0  307          -    0.00000      -     -    2s
     0     0    0.00000    0  451          -    0.00000      -     -    2s
     0     0    0.00000    0  561          -    0.00000      -     -    2s
     0     0    0.00000    0  386          -    0.00000      -     -    2s
     0     0    0.00000    0  358          -    0.00000      -     -    2s
     0     0    0.00000    0  542          -    0.00000      -     -    2s
     0     0    0.00000    0  478          -    0.00000      -     -    3s
     0     0    0.00000    0  478          -    0.00000      -     -    3s
     0     0    0.00000    0  476          -    0.00000      -     -    3s
H    0     0                       6.0000000    0.00000   100%     -    3s
H    0     0                       5.0000000    0.00000   100%     -    3s
     0     2    0.00000    0  274    5.00000    0.00000   100%     -    4s
H    2     2                       4.0000000    0.00000   100%   366    4s
H    3     3                       3.0000000    0.00000   100%   519    4s
H    5     5                       2.0000000    0.00000   100%   653    4s
H    8     8                       1.0000000    0.00000   100%   619    4s
    10    12    0.00000    5  578    1.00000    0.00000   100%   929    8s
    34    36    0.00000   19  402    1.00000    0.00000   100%   796   10s
   200   140    0.00000   87  316    1.00000    0.00000   100%   476   15s
   272   165    0.00000   60  555    1.00000    0.00000   100%   398   20s
H  282   160                       0.0000000    0.00000  0.00%   595   23s

Cutting planes:
  Cover: 16
  Clique: 43
  MIR: 2
  StrongCG: 2
  Flow cover: 13
  GUB cover: 23
  Zero half: 1
  RLT: 6
  BQP: 1

Explored 283 nodes (217190 simplex iterations) in 23.98 seconds (36.35 work units)
Thread count was 1 (of 8 available processors)

Solution count 7: 0 1 2 ... 6

Optimal solution found (tolerance 0.00e+00)
Best objective 0.000000000000e+00, best bound 0.000000000000e+00, gap 0.0000%
    SAT | IdleRange(P*)=0 | time=24.11385s | config=R-DC-IRP-GRB-MIP
    Excel: /home/dclng566/projects/Business-Meeting-Scheduling-Problem/output/gurobi/table08_excel/tic-13.prec25.xlsx
Instance forum-14.prec15: 1 run(s)
[21/40] forum-14.prec15 | reduced | gurobi_mip | P=native_linear | G=distance_closure | n/a
Set parameter WLSAccessID
Set parameter WLSSecret
Set parameter LicenseID to value 2663665
Academic license 2663665 - for non-commercial use only - registered to tu___@vnu.edu.vn
Set parameter OutputFlag to value 1
Set parameter Threads to value 1
Set parameter Seed to value 0
Set parameter MIPGap to value 0
Set parameter MIPGapAbs to value 0
Set parameter TimeLimit to value 7.1986024995920006e+03
Gurobi Optimizer version 13.0.2 build v13.0.2rc1 (linux64 - "Ubuntu 22.04.5 LTS")

CPU model: INTEL(R) XEON(R) PLATINUM 8581C CPU @ 2.30GHz, instruction set [SSE2|AVX|AVX2|AVX512]
Thread count: 4 physical cores, 8 logical processors, using up to 1 threads

Non-default parameters:
TimeLimit  7.1986024995920006e+03
MIPGap  0
MIPGapAbs  0
Threads  1

Academic license 2663665 - for non-commercial use only - registered to tu___@vnu.edu.vn
Optimize a model with 12181 rows, 9805 columns and 57366 nonzeros (Min)
Model fingerprint: 0x21a82c22
Model has 1 linear objective coefficients
Variable types: 0 continuous, 9805 integer (9730 binary)
Coefficient statistics:
  Matrix range     [1e+00, 2e+01]
  Objective range  [1e+00, 1e+00]
  Bounds range     [1e+00, 2e+01]
  RHS range        [1e+00, 4e+01]

Presolve removed 6251 rows and 2194 columns
Presolve time: 0.16s
Presolved: 5930 rows, 7611 columns, 34450 nonzeros
Variable types: 0 continuous, 7611 integer (7542 binary)

Root relaxation: objective 4.000000e+00, 15795 iterations, 2.93 seconds (4.68 work units)

    Nodes    |    Current Node    |     Objective Bounds      |     Work
 Expl Unexpl |  Obj  Depth IntInf | Incumbent    BestBd   Gap | It/Node Time

     0     0    4.00000    0 1380          -    4.00000      -     -    4s
H    0     0                      14.0000000    4.00000  71.4%     -    4s
H    0     0                      13.0000000    4.00000  69.2%     -    4s
     0     0    4.00000    0 1543   13.00000    4.00000  69.2%     -    4s
H    0     0                      12.0000000    4.00000  66.7%     -    4s
     0     0    4.00000    0 1534   12.00000    4.00000  66.7%     -    4s
     0     0    4.00000    0 1459   12.00000    4.00000  66.7%     -    5s
     0     0    4.00000    0  897   12.00000    4.00000  66.7%     -    8s
H    0     0                      11.0000000    4.00000  63.6%     -    8s
H    0     0                      10.0000000    4.00000  60.0%     -    8s
     0     0    4.00000    0  909   10.00000    4.00000  60.0%     -    8s
     0     0    4.00000    0  907   10.00000    4.00000  60.0%     -    8s
     0     0    4.00000    0  972   10.00000    4.00000  60.0%     -    8s
     0     0    4.00000    0  848   10.00000    4.00000  60.0%     -   11s
H    0     0                       9.0000000    4.00000  55.6%     -   11s
H    0     0                       7.0000000    4.00000  42.9%     -   11s
     0     0    4.00000    0  803    7.00000    4.00000  42.9%     -   11s
     0     0    4.00000    0  814    7.00000    4.00000  42.9%     -   11s
     0     0    4.00000    0  514    7.00000    4.00000  42.9%     -   12s
H    0     0                       6.0000000    4.00000  33.3%     -   12s
H    0     0                       5.0000000    4.00000  20.0%     -   12s
     0     0    4.00000    0  518    5.00000    4.00000  20.0%     -   12s
     0     0    4.00000    0  494    5.00000    4.00000  20.0%     -   12s
     0     0    4.00000    0  484    5.00000    4.00000  20.0%     -   12s
H    0     0                       4.0000000    4.00000  0.00%     -   12s
     0     0    4.00000    0  484    4.00000    4.00000  0.00%     -   12s

Cutting planes:
  Gomory: 1
  Cover: 3
  Implied bound: 6
  Clique: 84
  MIR: 6
  StrongCG: 1
  Flow cover: 10
  GUB cover: 16
  Zero half: 30
  RLT: 40
  Relax-and-lift: 6
  BQP: 8

Explored 1 nodes (105174 simplex iterations) in 12.82 seconds (19.10 work units)
Thread count was 1 (of 8 available processors)

Solution count 10: 4 5 6 ... 14

Optimal solution found (tolerance 0.00e+00)
Best objective 4.000000000000e+00, best bound 4.000000000000e+00, gap 0.0000%
    SAT | IdleRange(P*)=4 | time=13.973881s | config=R-DC-IRP-GRB-MIP
    Excel: /home/dclng566/projects/Business-Meeting-Scheduling-Problem/output/gurobi/table08_excel/forum-14.prec15.xlsx
Instance ticf-14crafa.prec15: 1 run(s)
[22/40] ticf-14crafa.prec15 | reduced | gurobi_mip | P=native_linear | G=distance_closure | n/a
Set parameter WLSAccessID
Set parameter WLSSecret
Set parameter LicenseID to value 2663665
Academic license 2663665 - for non-commercial use only - registered to tu___@vnu.edu.vn
Set parameter OutputFlag to value 1
Set parameter Threads to value 1
Set parameter Seed to value 0
Set parameter MIPGap to value 0
Set parameter MIPGapAbs to value 0
Set parameter TimeLimit to value 7.1984056330090007e+03
Gurobi Optimizer version 13.0.2 build v13.0.2rc1 (linux64 - "Ubuntu 22.04.5 LTS")

CPU model: INTEL(R) XEON(R) PLATINUM 8581C CPU @ 2.30GHz, instruction set [SSE2|AVX|AVX2|AVX512]
Thread count: 4 physical cores, 8 logical processors, using up to 1 threads

Non-default parameters:
TimeLimit  7.1984056330090007e+03
MIPGap  0
MIPGapAbs  0
Threads  1

Academic license 2663665 - for non-commercial use only - registered to tu___@vnu.edu.vn
Optimize a model with 12742 rows, 10475 columns and 62023 nonzeros (Min)
Model fingerprint: 0xe1bf2c7f
Model has 1 linear objective coefficients
Variable types: 0 continuous, 10475 integer (10400 binary)
Coefficient statistics:
  Matrix range     [1e+00, 2e+01]
  Objective range  [1e+00, 1e+00]
  Bounds range     [1e+00, 2e+01]
  RHS range        [1e+00, 4e+01]

Presolve removed 2064 rows and 370 columns
Presolve time: 0.07s
Presolved: 10678 rows, 10105 columns, 49139 nonzeros
Variable types: 0 continuous, 10105 integer (10034 binary)

Root simplex log...

Iteration    Objective       Primal Inf.    Dual Inf.      Time
   21131    2.6731722e-03   3.144491e+02   0.000000e+00      5s
   21707    0.0000000e+00   0.000000e+00   0.000000e+00      5s

Root relaxation: objective 0.000000e+00, 21707 iterations, 5.21 seconds (8.43 work units)

    Nodes    |    Current Node    |     Objective Bounds      |     Work
 Expl Unexpl |  Obj  Depth IntInf | Incumbent    BestBd   Gap | It/Node Time

     0     0    0.00000    0 4566          -    0.00000      -     -    8s
H    0     0                      20.0000000    0.00000   100%     -    8s
H    0     0                      19.0000000    0.00000   100%     -    8s
     0     0    0.00000    0 4126   19.00000    0.00000   100%     -   19s
     0     0    0.00000    0 2970   19.00000    0.00000   100%     -   36s
H    0     0                      18.0000000    0.00000   100%     -   36s
     0     0    0.00000    0 2896   18.00000    0.00000   100%     -   36s
     0     0    0.00000    0 2758   18.00000    0.00000   100%     -   43s
     0     0    0.00000    0 2650   18.00000    0.00000   100%     -   47s
H    0     0                      13.0000000    0.00000   100%     -   47s
     0     0    0.00000    0 2570   13.00000    0.00000   100%     -   47s
     0     0    0.00000    0 2473   13.00000    0.00000   100%     -   50s
     0     0    0.00000    0 1615   13.00000    0.00000   100%     -   58s
H    0     0                      12.0000000    0.00000   100%     -   58s
     0     0    0.00000    0 1575   12.00000    0.00000   100%     -   59s
     0     0    0.00000    0 1710   12.00000    0.00000   100%     -   60s
     0     0    0.00000    0 1523   12.00000    0.00000   100%     -   66s
     0     0    0.00000    0 1536   12.00000    0.00000   100%     -   66s
     0     0    0.00000    0 1661   12.00000    0.00000   100%     -   67s
     0     0    0.00000    0 1266   12.00000    0.00000   100%     -   74s
H    0     0                      11.0000000    0.00000   100%     -   74s
H    0     0                      10.0000000    0.00000   100%     -   74s
     0     0    0.00000    0 1443   10.00000    0.00000   100%     -   74s
     0     0    0.00000    0 1913   10.00000    0.00000   100%     -   77s
     0     0    0.00000    0 1572   10.00000    0.00000   100%     -   84s
     0     0    0.00000    0 1572   10.00000    0.00000   100%     -   84s
     0     0    0.00000    0 1518   10.00000    0.00000   100%     -   89s
H    0     0                       9.0000000    0.00000   100%     -   92s
H    0     0                       6.0000000    0.00000   100%     -   92s
H    0     0                       5.0000000    0.00000   100%     -   93s
     0     2    0.00000    0 1518    5.00000    0.00000   100%     -   96s
H    1     1                       4.0000000    0.00000   100%   0.0   98s
H    5     3                       2.0000000    0.00000   100%  1971  101s
     8     8    0.00000    4 1490    2.00000    0.00000   100%  3465  105s
H   13    11                       1.0000000    0.00000   100%  2381  142s
    19    19    0.00000   11 1456    1.00000    0.00000   100%  2125  148s
    27    23    0.00000   15 1451    1.00000    0.00000   100%  1783  150s
    36    28    0.00000   21 1476    1.00000    0.00000   100%  2072  155s
    48    40    0.00000   29 1477    1.00000    0.00000   100%  2046  160s
    57    49    0.00000   36 1337    1.00000    0.00000   100%  1850  165s
    59    51    0.00000   38 1360    1.00000    0.00000   100%  1844  172s
    60    52    0.00000   38 1359    1.00000    0.00000   100%  1827  232s
    75    59    0.00000   48 1332    1.00000    0.00000   100%  1646  235s
   100    73 infeasible   62         1.00000    0.00000   100%  1592  240s
   132    87    0.00000   80 1329    1.00000    0.00000   100%  1514  246s
   155   109    0.00000   96 1198    1.00000    0.00000   100%  1515  250s
   173   123    0.00000  106 1232    1.00000    0.00000   100%  1571  255s
   194   138    0.00000  119 1206    1.00000    0.00000   100%  1546  260s
   217   147    0.00000   94 1159    1.00000    0.00000   100%  1545  265s
   241   157    0.00000  104 1207    1.00000    0.00000   100%  1549  270s
   258   168    0.00000   58 2094    1.00000    0.00000   100%  1510  281s
   261   170    0.00000   99 1553    1.00000    0.00000   100%  1493  290s
   263   172    0.00000  117 1629    1.00000    0.00000   100%  1481  298s
   265   173    0.00000   61 1427    1.00000    0.00000   100%  1470  305s
   267   174    0.00000   88 1401    1.00000    0.00000   100%  1459  312s
   269   176    0.00000   83 1382    1.00000    0.00000   100%  1448  318s
   271   177    0.00000    2 1375    1.00000    0.00000   100%  1438  323s
   273   178    0.00000   71 1513    1.00000    0.00000   100%  1427  328s
   275   180    0.00000   11 1396    1.00000    0.00000   100%  1417  333s
   277   181    0.00000   88 1483    1.00000    0.00000   100%  1406  339s
   278   182    0.00000  104 1304    1.00000    0.00000   100%  1401  343s
   279   182    0.00000   72 1304    1.00000    0.00000   100%  1396  345s
   281   186    0.00000   11 1523    1.00000    0.00000   100%  2559  351s
   284   188    0.00000   13 1162    1.00000    0.00000   100%  2599  356s
   291   192    0.00000   16 1004    1.00000    0.00000   100%  2621  421s
   298   197    0.00000   20 1032    1.00000    0.00000   100%  2658  425s
   305   200    0.00000   23 1016    1.00000    0.00000   100%  2686  430s
   307   201    0.00000   24 1165    1.00000    0.00000   100%  2687  436s
   309   202    0.00000   25 1096    1.00000    0.00000   100%  2699  444s
   310   203    0.00000   26 1112    1.00000    0.00000   100%  2698  446s
   311   204    0.00000   26 1024    1.00000    0.00000   100%  2715  458s
   314   206    0.00000   28  977    1.00000    0.00000   100%  2736  460s
   331   217    0.00000   36  945    1.00000    0.00000   100%  2702  465s
   336   220    0.00000   39  963    1.00000    0.00000   100%  2712  536s
   347   228    0.00000   44 1048    1.00000    0.00000   100%  2701  540s
   370   241    0.00000   56  864    1.00000    0.00000   100%  2630  545s
   407   266    0.00000   74  783    1.00000    0.00000   100%  2516  550s
   470   280    0.00000   81  604    1.00000    0.00000   100%  2314  555s
   516   308    0.00000  104  435    1.00000    0.00000   100%  2250  560s
   563   322    0.00000  111  480    1.00000    0.00000   100%  2213  565s
   594   310 infeasible  113         1.00000    0.00000   100%  2226  570s
   623   312    0.00000  115  316    1.00000    0.00000   100%  2217  575s
*  641    57             128       0.0000000    0.00000  0.00%  2198  578s

Cutting planes:
  Gomory: 8
  Cover: 9
  Implied bound: 17
  Clique: 101
  MIR: 2
  Flow cover: 12
  GUB cover: 29
  Zero half: 38
  RLT: 70
  Relax-and-lift: 6
  BQP: 8

Explored 642 nodes (1757497 simplex iterations) in 578.50 seconds (901.80 work units)
Thread count was 1 (of 8 available processors)

Solution count 10: 0 1 2 ... 12

Optimal solution found (tolerance 0.00e+00)
Best objective 0.000000000000e+00, best bound 0.000000000000e+00, gap 0.0000%
    SAT | IdleRange(P*)=0 | time=579.855274s | config=R-DC-IRP-GRB-MIP
    Excel: /home/dclng566/projects/Business-Meeting-Scheduling-Problem/output/gurobi/table08_excel/ticf-14crafa.prec15.xlsx
Instance ticf-14crafa.prec25: 1 run(s)
[23/40] ticf-14crafa.prec25 | reduced | gurobi_mip | P=native_linear | G=distance_closure | n/a
Set parameter WLSAccessID
Set parameter WLSSecret
Set parameter LicenseID to value 2663665
Academic license 2663665 - for non-commercial use only - registered to tu___@vnu.edu.vn
Set parameter OutputFlag to value 1
Set parameter Threads to value 1
Set parameter Seed to value 0
Set parameter MIPGap to value 0
Set parameter MIPGapAbs to value 0
Set parameter TimeLimit to value 7199.607850594
Gurobi Optimizer version 13.0.2 build v13.0.2rc1 (linux64 - "Ubuntu 22.04.5 LTS")

CPU model: INTEL(R) XEON(R) PLATINUM 8581C CPU @ 2.30GHz, instruction set [SSE2|AVX|AVX2|AVX512]
Thread count: 4 physical cores, 8 logical processors, using up to 1 threads

Non-default parameters:
TimeLimit  7199.607850594
MIPGap  0
MIPGapAbs  0
Threads  1

Academic license 2663665 - for non-commercial use only - registered to tu___@vnu.edu.vn
Optimize a model with 12831 rows, 10189 columns and 63715 nonzeros (Min)
Model fingerprint: 0x54966c76
Model has 1 linear objective coefficients
Variable types: 0 continuous, 10189 integer (10114 binary)
Coefficient statistics:
  Matrix range     [1e+00, 2e+01]
  Objective range  [1e+00, 1e+00]
  Bounds range     [1e+00, 2e+01]
  RHS range        [1e+00, 4e+01]

Presolve time: 0.00s

Explored 0 nodes (0 simplex iterations) in 0.00 seconds (0.00 work units)
Thread count was 1 (of 8 available processors)

Solution count 0

Model is infeasible
Best objective -, best bound -, gap -
    UNSAT | IdleRange(P*)=None | time=0.150653s | config=R-DC-IRP-GRB-MIP
    Excel: /home/dclng566/projects/Business-Meeting-Scheduling-Problem/output/gurobi/table08_excel/ticf-14crafa.prec25.xlsx
Instance tic-14crafc.prec15: 1 run(s)
[24/40] tic-14crafc.prec15 | reduced | gurobi_mip | P=native_linear | G=distance_closure | n/a
Set parameter WLSAccessID
Set parameter WLSSecret
Set parameter LicenseID to value 2663665
Academic license 2663665 - for non-commercial use only - registered to tu___@vnu.edu.vn
Set parameter OutputFlag to value 1
Set parameter Threads to value 1
Set parameter Seed to value 0
Set parameter MIPGap to value 0
Set parameter MIPGapAbs to value 0
Set parameter TimeLimit to value 7.1995595785539990e+03
Gurobi Optimizer version 13.0.2 build v13.0.2rc1 (linux64 - "Ubuntu 22.04.5 LTS")

CPU model: INTEL(R) XEON(R) PLATINUM 8581C CPU @ 2.30GHz, instruction set [SSE2|AVX|AVX2|AVX512]
Thread count: 4 physical cores, 8 logical processors, using up to 1 threads

Non-default parameters:
TimeLimit  7.1995595785539990e+03
MIPGap  0
MIPGapAbs  0
Threads  1

Academic license 2663665 - for non-commercial use only - registered to tu___@vnu.edu.vn
Optimize a model with 4963 rows, 4098 columns and 24152 nonzeros (Min)
Model fingerprint: 0x5d868c66
Model has 1 linear objective coefficients
Variable types: 0 continuous, 4098 integer (4036 binary)
Coefficient statistics:
  Matrix range     [1e+00, 9e+00]
  Objective range  [1e+00, 1e+00]
  Bounds range     [1e+00, 7e+00]
  RHS range        [1e+00, 2e+01]

Presolve removed 2340 rows and 903 columns
Presolve time: 0.02s
Presolved: 2623 rows, 3195 columns, 14710 nonzeros
Variable types: 0 continuous, 3195 integer (3167 binary)

Root relaxation: objective 0.000000e+00, 5159 iterations, 0.39 seconds (0.62 work units)

    Nodes    |    Current Node    |     Objective Bounds      |     Work
 Expl Unexpl |  Obj  Depth IntInf | Incumbent    BestBd   Gap | It/Node Time

     0     0    0.00000    0 1206          -    0.00000      -     -    0s
     0     0    0.00000    0  946          -    0.00000      -     -    1s
     0     0    0.00000    0  946          -    0.00000      -     -    1s
     0     0    0.00000    0  690          -    0.00000      -     -    2s
     0     0    0.00000    0  812          -    0.00000      -     -    2s
     0     0    0.00000    0  779          -    0.00000      -     -    2s
     0     0    0.00000    0  834          -    0.00000      -     -    3s
     0     0    0.00000    0  676          -    0.00000      -     -    3s
H    0     0                       7.0000000    0.00000   100%     -    3s
H    0     0                       6.0000000    0.00000   100%     -    3s
     0     0    0.00000    0  695    6.00000    0.00000   100%     -    4s
     0     0    0.00000    0  836    6.00000    0.00000   100%     -    4s
     0     0    0.00000    0  684    6.00000    0.00000   100%     -    5s
     0     0    0.00000    0  761    6.00000    0.00000   100%     -    5s
     0     0    0.00000    0  721    6.00000    0.00000   100%     -    5s
     0     0    0.00000    0  633    6.00000    0.00000   100%     -    5s
H    0     0                       4.0000000    0.00000   100%     -    5s
H    0     0                       3.0000000    0.00000   100%     -    5s
     0     0    0.00000    0  671    3.00000    0.00000   100%     -    6s
     0     0    0.00000    0  646    3.00000    0.00000   100%     -    6s
     0     0    0.00000    0  646    3.00000    0.00000   100%     -    6s
     0     0    0.00000    0  646    3.00000    0.00000   100%     -    6s
     0     0    0.00000    0  646    3.00000    0.00000   100%     -    7s
     0     2    0.00000    0  551    3.00000    0.00000   100%     -    8s
H    3     3                       2.0000000    0.00000   100%   820    9s
H    3     3                       1.0000000    0.00000   100%   820    9s
     8     8    0.00000    4  723    1.00000    0.00000   100%   823   10s
    42    32    0.00000   25  467    1.00000    0.00000   100%   900   15s
    52    42    0.00000   32  469    1.00000    0.00000   100%   886   22s
    64    54    0.00000   40  533    1.00000    0.00000   100%   846   25s
*  220     4             129       0.0000000    0.00000  0.00%   685   29s

Cutting planes:
  Cover: 14
  Clique: 25
  MIR: 4
  Flow cover: 2
  GUB cover: 17
  Zero half: 3
  RLT: 7
  Relax-and-lift: 1

Explored 221 nodes (228833 simplex iterations) in 29.67 seconds (46.08 work units)
Thread count was 1 (of 8 available processors)

Solution count 7: 0 1 2 ... 7

Optimal solution found (tolerance 0.00e+00)
Best objective 0.000000000000e+00, best bound 0.000000000000e+00, gap 0.0000%
    SAT | IdleRange(P*)=0 | time=29.86595s | config=R-DC-IRP-GRB-MIP
    Excel: /home/dclng566/projects/Business-Meeting-Scheduling-Problem/output/gurobi/table08_excel/tic-14crafc.prec15.xlsx
Instance forum-13.prec15: 1 run(s)
[25/40] forum-13.prec15 | reduced | gurobi_mip | P=native_linear | G=distance_closure | n/a
Set parameter WLSAccessID
Set parameter WLSSecret
Set parameter LicenseID to value 2663665
Academic license 2663665 - for non-commercial use only - registered to tu___@vnu.edu.vn
Set parameter OutputFlag to value 1
Set parameter Threads to value 1
Set parameter Seed to value 0
Set parameter MIPGap to value 0
Set parameter MIPGapAbs to value 0
Set parameter TimeLimit to value 7.1995372732079995e+03
Gurobi Optimizer version 13.0.2 build v13.0.2rc1 (linux64 - "Ubuntu 22.04.5 LTS")

CPU model: INTEL(R) XEON(R) PLATINUM 8581C CPU @ 2.30GHz, instruction set [SSE2|AVX|AVX2|AVX512]
Thread count: 4 physical cores, 8 logical processors, using up to 1 threads

Non-default parameters:
TimeLimit  7.1995372732079995e+03
MIPGap  0
MIPGapAbs  0
Threads  1

Academic license 2663665 - for non-commercial use only - registered to tu___@vnu.edu.vn
Optimize a model with 8980 rows, 5960 columns and 33196 nonzeros (Min)
Model fingerprint: 0x30ec145b
Model has 1 linear objective coefficients
Variable types: 0 continuous, 5960 integer (5899 binary)
Coefficient statistics:
  Matrix range     [1e+00, 2e+01]
  Objective range  [1e+00, 1e+00]
  Bounds range     [1e+00, 2e+01]
  RHS range        [1e+00, 4e+01]

Presolve removed 1639 rows and 590 columns
Presolve time: 0.04s
Presolved: 7341 rows, 5370 columns, 26619 nonzeros
Variable types: 0 continuous, 5370 integer (5310 binary)

Root relaxation: objective 0.000000e+00, 11448 iterations, 1.24 seconds (1.96 work units)

    Nodes    |    Current Node    |     Objective Bounds      |     Work
 Expl Unexpl |  Obj  Depth IntInf | Incumbent    BestBd   Gap | It/Node Time

     0     0    0.00000    0 2415          -    0.00000      -     -    2s
     0     0    0.00000    0 1575          -    0.00000      -     -    2s
H    0     0                      15.0000000    0.00000   100%     -    2s
H    0     0                      14.0000000    0.00000   100%     -    2s
     0     0    0.00000    0 1575   14.00000    0.00000   100%     -    2s
     0     0    0.00000    0 1222   14.00000    0.00000   100%     -    4s
H    0     0                      11.0000000    0.00000   100%     -    4s
H    0     0                      10.0000000    0.00000   100%     -    4s
     0     0    0.00000    0 1323   10.00000    0.00000   100%     -    5s
H    0     0                       8.0000000    0.00000   100%     -    5s
H    0     0                       7.0000000    0.00000   100%     -    5s
     0     0    0.00000    0 1281    7.00000    0.00000   100%     -    5s
     0     0    0.00000    0 1160    7.00000    0.00000   100%     -    5s
     0     0    0.00000    0  524    7.00000    0.00000   100%     -    6s
H    0     0                       6.0000000    0.00000   100%     -    6s
H    0     0                       5.0000000    0.00000   100%     -    6s
H    0     0                       4.0000000    0.00000   100%     -    6s
     0     0    0.00000    0  575    4.00000    0.00000   100%     -    6s
     0     0    0.00000    0  581    4.00000    0.00000   100%     -    6s
     0     0    0.00000    0  707    4.00000    0.00000   100%     -    6s
     0     0    0.00000    0  675    4.00000    0.00000   100%     -    6s
     0     0    0.00000    0  477    4.00000    0.00000   100%     -    6s
H    0     0                       3.0000000    0.00000   100%     -    6s
     0     0    0.00000    0  467    3.00000    0.00000   100%     -    6s
     0     0    0.00000    0  664    3.00000    0.00000   100%     -    7s
     0     0    0.00000    0  638    3.00000    0.00000   100%     -    7s
     0     0    0.00000    0  378    3.00000    0.00000   100%     -    7s
     0     0    0.00000    0  373    3.00000    0.00000   100%     -    7s
     0     0    0.00000    0  551    3.00000    0.00000   100%     -    7s
     0     0    0.00000    0  547    3.00000    0.00000   100%     -    7s
     0     0    0.00000    0  418    3.00000    0.00000   100%     -    8s
     0     0    0.00000    0  414    3.00000    0.00000   100%     -    8s
     0     0    0.00000    0  311    3.00000    0.00000   100%     -    8s
     0     2    0.00000    0  311    3.00000    0.00000   100%     -    8s
H    1     1                       2.0000000    0.00000   100%   0.0    9s
H    1     1                       1.0000000    0.00000   100%   0.0    9s
H    5     5                       0.0000000    0.00000  0.00%   424    9s

Cutting planes:
  Learned: 1
  Gomory: 4
  Cover: 1
  Implied bound: 25
  Clique: 34
  MIR: 13
  StrongCG: 2
  Flow cover: 45
  GUB cover: 7
  Zero half: 38
  RLT: 90
  Relax-and-lift: 94
  BQP: 8

Explored 6 nodes (86775 simplex iterations) in 9.30 seconds (14.20 work units)
Thread count was 1 (of 8 available processors)

Solution count 10: 0 1 2 ... 10

Optimal solution found (tolerance 0.00e+00)
Best objective 0.000000000000e+00, best bound 0.000000000000e+00, gap 0.0000%
    SAT | IdleRange(P*)=0 | time=9.521902s | config=R-DC-IRP-GRB-MIP
    Excel: /home/dclng566/projects/Business-Meeting-Scheduling-Problem/output/gurobi/table08_excel/forum-13.prec15.xlsx
Instance tic-13crafc.prec15: 1 run(s)
[26/40] tic-13crafc.prec15 | reduced | gurobi_mip | P=native_linear | G=distance_closure | n/a
Set parameter WLSAccessID
Set parameter WLSSecret
Set parameter LicenseID to value 2663665
Academic license 2663665 - for non-commercial use only - registered to tu___@vnu.edu.vn
Set parameter OutputFlag to value 1
Set parameter Threads to value 1
Set parameter Seed to value 0
Set parameter MIPGap to value 0
Set parameter MIPGapAbs to value 0
Set parameter TimeLimit to value 7199.608002179
Gurobi Optimizer version 13.0.2 build v13.0.2rc1 (linux64 - "Ubuntu 22.04.5 LTS")

CPU model: INTEL(R) XEON(R) PLATINUM 8581C CPU @ 2.30GHz, instruction set [SSE2|AVX|AVX2|AVX512]
Thread count: 4 physical cores, 8 logical processors, using up to 1 threads

Non-default parameters:
TimeLimit  7199.608002179
MIPGap  0
MIPGapAbs  0
Threads  1

Academic license 2663665 - for non-commercial use only - registered to tu___@vnu.edu.vn
Optimize a model with 3785 rows, 3125 columns and 18424 nonzeros (Min)
Model fingerprint: 0x563e8644
Model has 1 linear objective coefficients
Variable types: 0 continuous, 3125 integer (3077 binary)
Coefficient statistics:
  Matrix range     [1e+00, 9e+00]
  Objective range  [1e+00, 1e+00]
  Bounds range     [1e+00, 6e+00]
  RHS range        [1e+00, 2e+01]

Presolve removed 2628 rows and 1027 columns
Presolve time: 0.03s
Presolved: 1157 rows, 2098 columns, 8827 nonzeros
Variable types: 0 continuous, 2098 integer (2073 binary)

Root relaxation: objective 3.015734e-01, 5361 iterations, 0.36 seconds (0.55 work units)

    Nodes    |    Current Node    |     Objective Bounds      |     Work
 Expl Unexpl |  Obj  Depth IntInf | Incumbent    BestBd   Gap | It/Node Time

     0     0    0.30157    0  710          -    0.30157      -     -    0s
     0     0    1.00000    0  607          -    1.00000      -     -    0s
     0     0    1.00000    0  588          -    1.00000      -     -    0s
     0     0    1.00000    0  559          -    1.00000      -     -    0s
     0     0    1.00000    0  533          -    1.00000      -     -    0s
     0     0    1.00000    0  535          -    1.00000      -     -    0s
     0     0    1.00000    0  268          -    1.00000      -     -    1s
     0     0    1.00000    0  256          -    1.00000      -     -    1s
     0     0    1.00000    0  319          -    1.00000      -     -    1s
     0     0    1.00000    0  163          -    1.00000      -     -    1s
     0     0    1.00000    0  199          -    1.00000      -     -    1s
     0     0    1.00000    0  266          -    1.00000      -     -    1s
*    0     0               0       1.0000000    1.00000  0.00%     -    1s

Cutting planes:
  Gomory: 1
  Cover: 11
  Clique: 15
  MIR: 8
  StrongCG: 3
  GUB cover: 7
  Zero half: 28
  RLT: 8
  Relax-and-lift: 14

Explored 1 nodes (25070 simplex iterations) in 1.68 seconds (2.49 work units)
Thread count was 1 (of 8 available processors)

Solution count 1: 1 

Optimal solution found (tolerance 0.00e+00)
Best objective 1.000000000000e+00, best bound 1.000000000000e+00, gap 0.0000%
    SAT | IdleRange(P*)=1 | time=1.827975s | config=R-DC-IRP-GRB-MIP
    Excel: /home/dclng566/projects/Business-Meeting-Scheduling-Problem/output/gurobi/table08_excel/tic-13crafc.prec15.xlsx
Instance tic-12.prec25: 1 run(s)
[27/40] tic-12.prec25 | reduced | gurobi_mip | P=native_linear | G=distance_closure | n/a
Set parameter WLSAccessID
Set parameter WLSSecret
Set parameter LicenseID to value 2663665
Academic license 2663665 - for non-commercial use only - registered to tu___@vnu.edu.vn
Set parameter OutputFlag to value 1
Set parameter Threads to value 1
Set parameter Seed to value 0
Set parameter MIPGap to value 0
Set parameter MIPGapAbs to value 0
Set parameter TimeLimit to value 7.1996856511009992e+03
Gurobi Optimizer version 13.0.2 build v13.0.2rc1 (linux64 - "Ubuntu 22.04.5 LTS")

CPU model: INTEL(R) XEON(R) PLATINUM 8581C CPU @ 2.30GHz, instruction set [SSE2|AVX|AVX2|AVX512]
Thread count: 4 physical cores, 8 logical processors, using up to 1 threads

Non-default parameters:
TimeLimit  7.1996856511009992e+03
MIPGap  0
MIPGapAbs  0
Threads  1

Academic license 2663665 - for non-commercial use only - registered to tu___@vnu.edu.vn
Optimize a model with 2669 rows, 1819 columns and 10986 nonzeros (Min)
Model fingerprint: 0x58c0b7c0
Model has 1 linear objective coefficients
Variable types: 0 continuous, 1819 integer (1777 binary)
Coefficient statistics:
  Matrix range     [1e+00, 7e+00]
  Objective range  [1e+00, 1e+00]
  Bounds range     [1e+00, 6e+00]
  RHS range        [1e+00, 2e+01]

Presolve removed 1851 rows and 792 columns
Presolve time: 0.02s
Presolved: 818 rows, 1027 columns, 4952 nonzeros
Variable types: 0 continuous, 1027 integer (1011 binary)

Root relaxation: objective 0.000000e+00, 1548 iterations, 0.05 seconds (0.07 work units)

    Nodes    |    Current Node    |     Objective Bounds      |     Work
 Expl Unexpl |  Obj  Depth IntInf | Incumbent    BestBd   Gap | It/Node Time

     0     0    0.00000    0  341          -    0.00000      -     -    0s
     0     0    0.00000    0  383          -    0.00000      -     -    0s
     0     0    0.00000    0  388          -    0.00000      -     -    0s
     0     0    0.00000    0  412          -    0.00000      -     -    0s
     0     0    0.00000    0  324          -    0.00000      -     -    0s
     0     0    0.00000    0  313          -    0.00000      -     -    0s
     0     0    0.00000    0  349          -    0.00000      -     -    0s
     0     0    0.00000    0  293          -    0.00000      -     -    0s
     0     0    0.00000    0  301          -    0.00000      -     -    0s
     0     0    0.00000    0  443          -    0.00000      -     -    0s
     0     0    0.00000    0  315          -    0.00000      -     -    0s
     0     0    0.00000    0  315          -    0.00000      -     -    0s
     0     0    0.00000    0  279          -    0.00000      -     -    0s
H    0     0                       6.0000000    0.00000   100%     -    0s
H    0     0                       5.0000000    0.00000   100%     -    0s
     0     2    0.00000    0  202    5.00000    0.00000   100%     -    1s
H    8     8                       4.0000000    0.00000   100%   200    1s
H   15    15                       3.0000000    0.00000   100%   223    1s
H   28    28                       2.0000000    0.00000   100%   213    1s
H   33    33                       1.0000000    0.00000   100%   217    1s
   242   168    0.00000   28  209    1.00000    0.00000   100%   210    5s
H  279   174                       0.0000000    0.00000  0.00%   282    7s

Cutting planes:
  Gomory: 1
  Cover: 14
  Implied bound: 2
  Clique: 37
  StrongCG: 3
  GUB cover: 9
  RLT: 18
  Relax-and-lift: 2
  BQP: 2

Explored 280 nodes (93339 simplex iterations) in 7.48 seconds (10.00 work units)
Thread count was 1 (of 8 available processors)

Solution count 7: 0 1 2 ... 6

Optimal solution found (tolerance 0.00e+00)
Best objective 0.000000000000e+00, best bound 0.000000000000e+00, gap 0.0000%
    SAT | IdleRange(P*)=0 | time=7.544982s | config=R-DC-IRP-GRB-MIP
    Excel: /home/dclng566/projects/Business-Meeting-Scheduling-Problem/output/gurobi/table08_excel/tic-12.prec25.xlsx
Instance ticf-13crafb.prec25: 1 run(s)
[28/40] ticf-13crafb.prec25 | reduced | gurobi_mip | P=native_linear | G=distance_closure | n/a
Set parameter WLSAccessID
Set parameter WLSSecret
Set parameter LicenseID to value 2663665
Academic license 2663665 - for non-commercial use only - registered to tu___@vnu.edu.vn
Set parameter OutputFlag to value 1
Set parameter Threads to value 1
Set parameter Seed to value 0
Set parameter MIPGap to value 0
Set parameter MIPGapAbs to value 0
Set parameter TimeLimit to value 7.1996487919800020e+03
Gurobi Optimizer version 13.0.2 build v13.0.2rc1 (linux64 - "Ubuntu 22.04.5 LTS")

CPU model: INTEL(R) XEON(R) PLATINUM 8581C CPU @ 2.30GHz, instruction set [SSE2|AVX|AVX2|AVX512]
Thread count: 4 physical cores, 8 logical processors, using up to 1 threads

Non-default parameters:
TimeLimit  7.1996487919800020e+03
MIPGap  0
MIPGapAbs  0
Threads  1

Academic license 2663665 - for non-commercial use only - registered to tu___@vnu.edu.vn
Optimize a model with 9785 rows, 6715 columns and 40019 nonzeros (Min)
Model fingerprint: 0x4d96a54d
Model has 1 linear objective coefficients
Variable types: 0 continuous, 6715 integer (6656 binary)
Coefficient statistics:
  Matrix range     [1e+00, 2e+01]
  Objective range  [1e+00, 1e+00]
  Bounds range     [1e+00, 2e+01]
  RHS range        [1e+00, 4e+01]

Presolve time: 0.00s

Explored 0 nodes (0 simplex iterations) in 0.00 seconds (0.00 work units)
Thread count was 1 (of 8 available processors)

Solution count 0

Model is infeasible
Best objective -, best bound -, gap -
    UNSAT | IdleRange(P*)=None | time=0.106785s | config=R-DC-IRP-GRB-MIP
    Excel: /home/dclng566/projects/Business-Meeting-Scheduling-Problem/output/gurobi/table08_excel/ticf-13crafb.prec25.xlsx
Instance forumt-14.prec25: 1 run(s)
[29/40] forumt-14.prec25 | reduced | gurobi_mip | P=native_linear | G=distance_closure | n/a
Set parameter WLSAccessID
Set parameter WLSSecret
Set parameter LicenseID to value 2663665
Academic license 2663665 - for non-commercial use only - registered to tu___@vnu.edu.vn
Set parameter OutputFlag to value 1
Set parameter Threads to value 1
Set parameter Seed to value 0
Set parameter MIPGap to value 0
Set parameter MIPGapAbs to value 0
Set parameter TimeLimit to value 7.1995231068719986e+03
Gurobi Optimizer version 13.0.2 build v13.0.2rc1 (linux64 - "Ubuntu 22.04.5 LTS")

CPU model: INTEL(R) XEON(R) PLATINUM 8581C CPU @ 2.30GHz, instruction set [SSE2|AVX|AVX2|AVX512]
Thread count: 4 physical cores, 8 logical processors, using up to 1 threads

Non-default parameters:
TimeLimit  7.1995231068719986e+03
MIPGap  0
MIPGapAbs  0
Threads  1

Academic license 2663665 - for non-commercial use only - registered to tu___@vnu.edu.vn
Optimize a model with 4971 rows, 3836 columns and 23645 nonzeros (Min)
Model fingerprint: 0xa106c6cf
Model has 1 linear objective coefficients
Variable types: 0 continuous, 3836 integer (3774 binary)
Coefficient statistics:
  Matrix range     [1e+00, 9e+00]
  Objective range  [1e+00, 1e+00]
  Bounds range     [1e+00, 7e+00]
  RHS range        [1e+00, 3e+01]

Presolve removed 3419 rows and 1404 columns
Presolve time: 0.05s
Presolved: 1552 rows, 2432 columns, 11487 nonzeros
Variable types: 0 continuous, 2432 integer (2406 binary)

Root relaxation: objective 2.000000e+00, 3880 iterations, 0.24 seconds (0.36 work units)

    Nodes    |    Current Node    |     Objective Bounds      |     Work
 Expl Unexpl |  Obj  Depth IntInf | Incumbent    BestBd   Gap | It/Node Time

     0     0    2.00000    0  495          -    2.00000      -     -    0s
     0     0    2.00000    0  650          -    2.00000      -     -    0s
     0     0    2.00000    0  636          -    2.00000      -     -    0s
     0     0    2.00000    0  665          -    2.00000      -     -    0s
     0     0    2.00000    0  421          -    2.00000      -     -    1s
     0     0    2.00000    0  477          -    2.00000      -     -    1s
     0     0    2.00000    0  544          -    2.00000      -     -    1s
     0     0    2.00000    0  113          -    2.00000      -     -    1s
H    0     0                       4.0000000    2.00000  50.0%     -    1s
     0     0    2.00000    0  511    4.00000    2.00000  50.0%     -    1s
     0     0    2.00000    0  321    4.00000    2.00000  50.0%     -    2s
     0     0    2.00000    0  240    4.00000    2.00000  50.0%     -    2s
     0     0    2.00000    0  483    4.00000    2.00000  50.0%     -    2s
     0     0    2.00000    0  432    4.00000    2.00000  50.0%     -    2s
H    0     0                       3.0000000    2.00000  33.3%     -    2s
     0     0    2.00000    0  387    3.00000    2.00000  33.3%     -    2s
     0     0    2.00000    0  643    3.00000    2.00000  33.3%     -    3s
     0     0    2.00000    0  535    3.00000    2.00000  33.3%     -    3s
     0     0    2.00000    0  535    3.00000    2.00000  33.3%     -    3s
*    0     0               0       2.0000000    2.00000  0.00%     -    3s

Cutting planes:
  Cover: 13
  Implied bound: 2
  Clique: 30
  MIR: 9
  StrongCG: 3
  Flow cover: 3
  GUB cover: 12
  Zero half: 12
  RLT: 10
  Relax-and-lift: 1

Explored 1 nodes (52144 simplex iterations) in 3.74 seconds (5.55 work units)
Thread count was 1 (of 8 available processors)

Solution count 3: 2 3 4 

Optimal solution found (tolerance 0.00e+00)
Best objective 2.000000000000e+00, best bound 2.000000000000e+00, gap 0.0000%
    SAT | IdleRange(P*)=2 | time=3.969604s | config=R-DC-IRP-GRB-MIP
    Excel: /home/dclng566/projects/Business-Meeting-Scheduling-Problem/output/gurobi/table08_excel/forumt-14.prec25.xlsx
Instance tic-12crafc.prec25: 1 run(s)
[30/40] tic-12crafc.prec25 | reduced | gurobi_mip | P=native_linear | G=distance_closure | n/a
Set parameter WLSAccessID
Set parameter WLSSecret
Set parameter LicenseID to value 2663665
Academic license 2663665 - for non-commercial use only - registered to tu___@vnu.edu.vn
Set parameter OutputFlag to value 1
Set parameter Threads to value 1
Set parameter Seed to value 0
Set parameter MIPGap to value 0
Set parameter MIPGapAbs to value 0
Set parameter TimeLimit to value 7.1996860113170005e+03
Gurobi Optimizer version 13.0.2 build v13.0.2rc1 (linux64 - "Ubuntu 22.04.5 LTS")

CPU model: INTEL(R) XEON(R) PLATINUM 8581C CPU @ 2.30GHz, instruction set [SSE2|AVX|AVX2|AVX512]
Thread count: 4 physical cores, 8 logical processors, using up to 1 threads

Non-default parameters:
TimeLimit  7.1996860113170005e+03
MIPGap  0
MIPGapAbs  0
Threads  1

Academic license 2663665 - for non-commercial use only - registered to tu___@vnu.edu.vn
Optimize a model with 2669 rows, 1819 columns and 10986 nonzeros (Min)
Model fingerprint: 0xa751c4b2
Model has 1 linear objective coefficients
Variable types: 0 continuous, 1819 integer (1777 binary)
Coefficient statistics:
  Matrix range     [1e+00, 7e+00]
  Objective range  [1e+00, 1e+00]
  Bounds range     [1e+00, 6e+00]
  RHS range        [1e+00, 2e+01]

Presolve removed 1851 rows and 792 columns
Presolve time: 0.02s
Presolved: 818 rows, 1027 columns, 4952 nonzeros
Variable types: 0 continuous, 1027 integer (1011 binary)

Root relaxation: objective 0.000000e+00, 2245 iterations, 0.09 seconds (0.13 work units)

    Nodes    |    Current Node    |     Objective Bounds      |     Work
 Expl Unexpl |  Obj  Depth IntInf | Incumbent    BestBd   Gap | It/Node Time

     0     0    0.00000    0  442          -    0.00000      -     -    0s
     0     0    0.00000    0  445          -    0.00000      -     -    0s
     0     0    0.00000    0  467          -    0.00000      -     -    0s
     0     0    0.00000    0  474          -    0.00000      -     -    0s
     0     0    0.00000    0  332          -    0.00000      -     -    0s
     0     0    0.00000    0  346          -    0.00000      -     -    0s
     0     0    0.00000    0  425          -    0.00000      -     -    0s
     0     0    0.00000    0  361          -    0.00000      -     -    0s
     0     0    0.00000    0  370          -    0.00000      -     -    0s
     0     0    0.00000    0  428          -    0.00000      -     -    0s
     0     0    0.00000    0  392          -    0.00000      -     -    0s
     0     0    0.00000    0  444          -    0.00000      -     -    0s
     0     0    0.00000    0  376          -    0.00000      -     -    1s
     0     0    0.00000    0  366          -    0.00000      -     -    1s
     0     0    0.00000    0  366          -    0.00000      -     -    1s
     0     0    0.00000    0  366          -    0.00000      -     -    1s
     0     2    0.00000    0  366          -    0.00000      -     -    1s
   232   195    0.75000   46  319          -    0.00000      -   154    5s
H  282   220                       3.0000000    0.00000   100%   141    5s
H  600   293                       2.0000000    0.00000   100%   142    7s
H  616   288                       1.0000000    0.00000   100%   180   10s
H  635   272                       0.0000000    0.00000  0.00%   185   11s

Cutting planes:
  Cover: 8
  Clique: 27
  MIR: 1
  Flow cover: 5
  GUB cover: 8
  Zero half: 5
  RLT: 10

Explored 636 nodes (137116 simplex iterations) in 11.39 seconds (15.89 work units)
Thread count was 1 (of 8 available processors)

Solution count 4: 0 1 2 3 

Optimal solution found (tolerance 0.00e+00)
Best objective 0.000000000000e+00, best bound 0.000000000000e+00, gap 0.0000%
    SAT | IdleRange(P*)=0 | time=11.460583s | config=R-DC-IRP-GRB-MIP
    Excel: /home/dclng566/projects/Business-Meeting-Scheduling-Problem/output/gurobi/table08_excel/tic-12crafc.prec25.xlsx
Instance tic-14crafa.prec25: 1 run(s)
[31/40] tic-14crafa.prec25 | reduced | gurobi_mip | P=native_linear | G=distance_closure | n/a
Set parameter WLSAccessID
Set parameter WLSSecret
Set parameter LicenseID to value 2663665
Academic license 2663665 - for non-commercial use only - registered to tu___@vnu.edu.vn
Set parameter OutputFlag to value 1
Set parameter Threads to value 1
Set parameter Seed to value 0
Set parameter MIPGap to value 0
Set parameter MIPGapAbs to value 0
Set parameter TimeLimit to value 7.1995753741650024e+03
Gurobi Optimizer version 13.0.2 build v13.0.2rc1 (linux64 - "Ubuntu 22.04.5 LTS")

CPU model: INTEL(R) XEON(R) PLATINUM 8581C CPU @ 2.30GHz, instruction set [SSE2|AVX|AVX2|AVX512]
Thread count: 4 physical cores, 8 logical processors, using up to 1 threads

Non-default parameters:
TimeLimit  7.1995753741650024e+03
MIPGap  0
MIPGapAbs  0
Threads  1

Academic license 2663665 - for non-commercial use only - registered to tu___@vnu.edu.vn
Optimize a model with 5054 rows, 3948 columns and 24517 nonzeros (Min)
Model fingerprint: 0x0837f2b3
Model has 1 linear objective coefficients
Variable types: 0 continuous, 3948 integer (3886 binary)
Coefficient statistics:
  Matrix range     [1e+00, 9e+00]
  Objective range  [1e+00, 1e+00]
  Bounds range     [1e+00, 7e+00]
  RHS range        [1e+00, 3e+01]

Presolve removed 2340 rows and 903 columns
Presolve time: 0.02s
Presolved: 2714 rows, 3045 columns, 15244 nonzeros
Variable types: 0 continuous, 3045 integer (3017 binary)

Root relaxation: objective 0.000000e+00, 5422 iterations, 0.44 seconds (0.68 work units)

    Nodes    |    Current Node    |     Objective Bounds      |     Work
 Expl Unexpl |  Obj  Depth IntInf | Incumbent    BestBd   Gap | It/Node Time

     0     0    0.00000    0 1253          -    0.00000      -     -    0s
     0     0    0.00000    0  971          -    0.00000      -     -    1s
     0     0    0.00000    0  971          -    0.00000      -     -    1s
     0     0    0.00000    0  837          -    0.00000      -     -    1s
     0     0    0.00000    0  923          -    0.00000      -     -    2s
     0     0    0.00000    0  890          -    0.00000      -     -    2s
     0     0    0.00000    0  968          -    0.00000      -     -    2s
     0     0    0.00000    0  712          -    0.00000      -     -    3s
     0     0    0.00000    0  701          -    0.00000      -     -    3s
     0     0    0.00000    0  817          -    0.00000      -     -    3s
     0     0    0.00000    0  668          -    0.00000      -     -    4s
     0     0    0.00000    0  620          -    0.00000      -     -    4s
     0     0    0.00000    0  795          -    0.00000      -     -    4s
     0     0    0.00000    0  544          -    0.00000      -     -    5s
     0     0    0.00000    0  738          -    0.00000      -     -    5s
     0     0    0.00000    0  657          -    0.00000      -     -    5s
     0     0    0.00000    0  540          -    0.00000      -     -    5s
H    0     0                       3.0000000    0.00000   100%     -    5s
     0     0    0.00000    0  531    3.00000    0.00000   100%     -    6s
     0     0    0.00000    0  712    3.00000    0.00000   100%     -    6s
     0     0    0.00000    0  385    3.00000    0.00000   100%     -    6s
     0     0    0.00000    0  664    3.00000    0.00000   100%     -    6s
     0     0    0.00000    0  707    3.00000    0.00000   100%     -    7s
     0     0    0.00000    0  350    3.00000    0.00000   100%     -    7s
     0     0    0.00000    0  350    3.00000    0.00000   100%     -    7s
     0     0    0.00000    0  350    3.00000    0.00000   100%     -    8s
     0     2    0.00000    0  350    3.00000    0.00000   100%     -    8s
H    1     1                       2.0000000    0.00000   100%   0.0    8s
H    5     5                       1.0000000    0.00000   100%   623   10s
    11    12    0.00000    7  595    1.00000    0.00000   100%   921   15s
    41    39    0.00000   23  595    1.00000    0.00000   100%  1022   20s
   129   120    0.00000   79  481    1.00000    0.00000   100%   786   25s
   217   192    0.00000   12  590    1.00000    0.00000   100%   740   30s
   262   234    0.00000   11  664    1.00000    0.00000   100%   717   35s
   272   241    0.00000   77  694    1.00000    0.00000   100%   691   40s
   283   250    0.00000   17  513    1.00000    0.00000   100%  1013   50s
   308   267    0.00000   30  517    1.00000    0.00000   100%  1066   55s
   334   284    0.00000   43  555    1.00000    0.00000   100%  1073   60s
   397   322    0.00000   74  408    1.00000    0.00000   100%  1055   65s
   509   338    0.00000   66  453    1.00000    0.00000   100%   952   71s
   611   384    0.00000  107  347    1.00000    0.00000   100%   869   75s
   755   372    0.00000  104  326    1.00000    0.00000   100%   776   80s
H  865    37                       0.0000000    0.00000  0.00%   724   83s

Cutting planes:
  Cover: 17
  Clique: 26
  MIR: 6
  StrongCG: 1
  Flow cover: 12
  GUB cover: 23
  Zero half: 5
  RLT: 4

Explored 866 nodes (718148 simplex iterations) in 83.50 seconds (126.65 work units)
Thread count was 1 (of 8 available processors)

Solution count 4: 0 1 2 3 

Optimal solution found (tolerance 0.00e+00)
Best objective 0.000000000000e+00, best bound 0.000000000000e+00, gap 0.0000%
    SAT | IdleRange(P*)=0 | time=83.673876s | config=R-DC-IRP-GRB-MIP
    Excel: /home/dclng566/projects/Business-Meeting-Scheduling-Problem/output/gurobi/table08_excel/tic-14crafa.prec25.xlsx
Instance ticf-13crafc.prec25: 1 run(s)
[32/40] ticf-13crafc.prec25 | reduced | gurobi_mip | P=native_linear | G=distance_closure | n/a
Set parameter WLSAccessID
Set parameter WLSSecret
Set parameter LicenseID to value 2663665
Academic license 2663665 - for non-commercial use only - registered to tu___@vnu.edu.vn
Set parameter OutputFlag to value 1
Set parameter Threads to value 1
Set parameter Seed to value 0
Set parameter MIPGap to value 0
Set parameter MIPGapAbs to value 0
Set parameter TimeLimit to value 7199.665870433
Gurobi Optimizer version 13.0.2 build v13.0.2rc1 (linux64 - "Ubuntu 22.04.5 LTS")

CPU model: INTEL(R) XEON(R) PLATINUM 8581C CPU @ 2.30GHz, instruction set [SSE2|AVX|AVX2|AVX512]
Thread count: 4 physical cores, 8 logical processors, using up to 1 threads

Non-default parameters:
TimeLimit  7199.665870433
MIPGap  0
MIPGapAbs  0
Threads  1

Academic license 2663665 - for non-commercial use only - registered to tu___@vnu.edu.vn
Optimize a model with 8988 rows, 5896 columns and 33794 nonzeros (Min)
Model fingerprint: 0x7a98ae42
Model has 1 linear objective coefficients
Variable types: 0 continuous, 5896 integer (5835 binary)
Coefficient statistics:
  Matrix range     [1e+00, 2e+01]
  Objective range  [1e+00, 1e+00]
  Bounds range     [1e+00, 2e+01]
  RHS range        [1e+00, 4e+01]

Presolve time: 0.00s

Explored 0 nodes (0 simplex iterations) in 0.00 seconds (0.00 work units)
Thread count was 1 (of 8 available processors)

Solution count 0

Model is infeasible
Best objective -, best bound -, gap -
    UNSAT | IdleRange(P*)=None | time=0.089293s | config=R-DC-IRP-GRB-MIP
    Excel: /home/dclng566/projects/Business-Meeting-Scheduling-Problem/output/gurobi/table08_excel/ticf-13crafc.prec25.xlsx
Instance ticf-13crafb.prec15: 1 run(s)
[33/40] ticf-13crafb.prec15 | reduced | gurobi_mip | P=native_linear | G=distance_closure | n/a
Set parameter WLSAccessID
Set parameter WLSSecret
Set parameter LicenseID to value 2663665
Academic license 2663665 - for non-commercial use only - registered to tu___@vnu.edu.vn
Set parameter OutputFlag to value 1
Set parameter Threads to value 1
Set parameter Seed to value 0
Set parameter MIPGap to value 0
Set parameter MIPGapAbs to value 0
Set parameter TimeLimit to value 7.1996507687179983e+03
Gurobi Optimizer version 13.0.2 build v13.0.2rc1 (linux64 - "Ubuntu 22.04.5 LTS")

CPU model: INTEL(R) XEON(R) PLATINUM 8581C CPU @ 2.30GHz, instruction set [SSE2|AVX|AVX2|AVX512]
Thread count: 4 physical cores, 8 logical processors, using up to 1 threads

Non-default parameters:
TimeLimit  7.1996507687179983e+03
MIPGap  0
MIPGapAbs  0
Threads  1

Academic license 2663665 - for non-commercial use only - registered to tu___@vnu.edu.vn
Optimize a model with 9698 rows, 6820 columns and 39094 nonzeros (Min)
Model fingerprint: 0xedac491e
Model has 1 linear objective coefficients
Variable types: 0 continuous, 6820 integer (6761 binary)
Coefficient statistics:
  Matrix range     [1e+00, 2e+01]
  Objective range  [1e+00, 1e+00]
  Bounds range     [1e+00, 2e+01]
  RHS range        [1e+00, 4e+01]

Presolve time: 0.00s

Explored 0 nodes (0 simplex iterations) in 0.00 seconds (0.00 work units)
Thread count was 1 (of 8 available processors)

Solution count 0

Model is infeasible
Best objective -, best bound -, gap -
    UNSAT | IdleRange(P*)=None | time=0.104718s | config=R-DC-IRP-GRB-MIP
    Excel: /home/dclng566/projects/Business-Meeting-Scheduling-Problem/output/gurobi/table08_excel/ticf-13crafb.prec15.xlsx
Instance forumt-14crafe.prec25: 1 run(s)
[34/40] forumt-14crafe.prec25 | reduced | gurobi_mip | P=native_linear | G=distance_closure | n/a
Set parameter WLSAccessID
Set parameter WLSSecret
Set parameter LicenseID to value 2663665
Academic license 2663665 - for non-commercial use only - registered to tu___@vnu.edu.vn
Set parameter OutputFlag to value 1
Set parameter Threads to value 1
Set parameter Seed to value 0
Set parameter MIPGap to value 0
Set parameter MIPGapAbs to value 0
Set parameter TimeLimit to value 7.1995790878909993e+03
Gurobi Optimizer version 13.0.2 build v13.0.2rc1 (linux64 - "Ubuntu 22.04.5 LTS")

CPU model: INTEL(R) XEON(R) PLATINUM 8581C CPU @ 2.30GHz, instruction set [SSE2|AVX|AVX2|AVX512]
Thread count: 4 physical cores, 8 logical processors, using up to 1 threads

Non-default parameters:
TimeLimit  7.1995790878909993e+03
MIPGap  0
MIPGapAbs  0
Threads  1

Academic license 2663665 - for non-commercial use only - registered to tu___@vnu.edu.vn
Optimize a model with 4965 rows, 3831 columns and 23607 nonzeros (Min)
Model fingerprint: 0x97a22381
Model has 1 linear objective coefficients
Variable types: 0 continuous, 3831 integer (3769 binary)
Coefficient statistics:
  Matrix range     [1e+00, 9e+00]
  Objective range  [1e+00, 1e+00]
  Bounds range     [1e+00, 8e+00]
  RHS range        [1e+00, 2e+01]

Presolve removed 3406 rows and 1424 columns
Presolve time: 0.05s
Presolved: 1559 rows, 2407 columns, 11510 nonzeros
Variable types: 0 continuous, 2407 integer (2381 binary)

Root relaxation: objective 2.000000e+00, 4067 iterations, 0.29 seconds (0.46 work units)

    Nodes    |    Current Node    |     Objective Bounds      |     Work
 Expl Unexpl |  Obj  Depth IntInf | Incumbent    BestBd   Gap | It/Node Time

     0     0    2.00000    0  612          -    2.00000      -     -    0s
     0     0    2.00000    0  742          -    2.00000      -     -    0s
     0     0    2.00000    0  734          -    2.00000      -     -    0s
     0     0    2.00000    0  739          -    2.00000      -     -    1s
     0     0    2.00000    0  385          -    2.00000      -     -    1s
     0     0    2.00000    0  415          -    2.00000      -     -    1s
     0     0    2.00000    0  635          -    2.00000      -     -    1s
     0     0    2.00000    0  443          -    2.00000      -     -    2s
     0     0    2.00000    0  619          -    2.00000      -     -    2s
     0     0    2.00000    0  719          -    2.00000      -     -    2s
     0     0    2.00000    0  526          -    2.00000      -     -    2s
     0     0    2.00000    0  558          -    2.00000      -     -    3s
     0     0    2.00000    0  595          -    2.00000      -     -    3s
     0     0    2.00000    0  372          -    2.00000      -     -    3s
     0     0    2.00000    0  372          -    2.00000      -     -    3s
     0     0    2.00000    0  163          -    2.00000      -     -    4s
H    0     0                       3.0000000    2.00000  33.3%     -    4s
     0     2    2.00000    0  163    3.00000    2.00000  33.3%     -    4s
     8     8    2.00000    5  581    3.00000    2.00000  33.3%   555    5s
    55    55    2.00000   34  421    3.00000    2.00000  33.3%   636   13s
   121   121    2.00000   78  428    3.00000    2.00000  33.3%   543   15s
   259   238    2.00000  134  461    3.00000    2.00000  33.3%   477   20s
*  264   228              15       2.0000000    2.00000  0.00%   468   22s

Cutting planes:
  Gomory: 2
  Cover: 25
  Implied bound: 8
  Clique: 50
  MIR: 18
  StrongCG: 4
  Flow cover: 20
  GUB cover: 38
  Zero half: 20
  RLT: 28
  Relax-and-lift: 2

Explored 264 nodes (217842 simplex iterations) in 22.50 seconds (32.43 work units)
Thread count was 1 (of 8 available processors)

Solution count 2: 2 3 

Optimal solution found (tolerance 0.00e+00)
Best objective 2.000000000000e+00, best bound 2.000000000000e+00, gap 0.0000%
    SAT | IdleRange(P*)=2 | time=22.679549s | config=R-DC-IRP-GRB-MIP
    Excel: /home/dclng566/projects/Business-Meeting-Scheduling-Problem/output/gurobi/table08_excel/forumt-14crafe.prec25.xlsx
Instance forumt-14crafc.prec25: 1 run(s)
[35/40] forumt-14crafc.prec25 | reduced | gurobi_mip | P=native_linear | G=distance_closure | n/a
Set parameter WLSAccessID
Set parameter WLSSecret
Set parameter LicenseID to value 2663665
Academic license 2663665 - for non-commercial use only - registered to tu___@vnu.edu.vn
Set parameter OutputFlag to value 1
Set parameter Threads to value 1
Set parameter Seed to value 0
Set parameter MIPGap to value 0
Set parameter MIPGapAbs to value 0
Set parameter TimeLimit to value 7.1995226737439989e+03
Gurobi Optimizer version 13.0.2 build v13.0.2rc1 (linux64 - "Ubuntu 22.04.5 LTS")

CPU model: INTEL(R) XEON(R) PLATINUM 8581C CPU @ 2.30GHz, instruction set [SSE2|AVX|AVX2|AVX512]
Thread count: 4 physical cores, 8 logical processors, using up to 1 threads

Non-default parameters:
TimeLimit  7.1995226737439989e+03
MIPGap  0
MIPGapAbs  0
Threads  1

Academic license 2663665 - for non-commercial use only - registered to tu___@vnu.edu.vn
Optimize a model with 4971 rows, 3836 columns and 23645 nonzeros (Min)
Model fingerprint: 0x84c9acf1
Model has 1 linear objective coefficients
Variable types: 0 continuous, 3836 integer (3774 binary)
Coefficient statistics:
  Matrix range     [1e+00, 9e+00]
  Objective range  [1e+00, 1e+00]
  Bounds range     [1e+00, 7e+00]
  RHS range        [1e+00, 2e+01]

Presolve removed 3419 rows and 1404 columns
Presolve time: 0.05s
Presolved: 1552 rows, 2432 columns, 11487 nonzeros
Variable types: 0 continuous, 2432 integer (2406 binary)

Root relaxation: objective 2.000000e+00, 3995 iterations, 0.27 seconds (0.42 work units)

    Nodes    |    Current Node    |     Objective Bounds      |     Work
 Expl Unexpl |  Obj  Depth IntInf | Incumbent    BestBd   Gap | It/Node Time

     0     0    2.00000    0  580          -    2.00000      -     -    0s
     0     0    2.00000    0  704          -    2.00000      -     -    0s
     0     0    2.00000    0  694          -    2.00000      -     -    0s
     0     0    2.00000    0  684          -    2.00000      -     -    0s
     0     0    2.00000    0  544          -    2.00000      -     -    1s
     0     0    2.00000    0  639          -    2.00000      -     -    1s
     0     0    2.00000    0  639          -    2.00000      -     -    1s
     0     0    2.00000    0  475          -    2.00000      -     -    1s
H    0     0                       3.0000000    2.00000  33.3%     -    1s
     0     0    2.00000    0  599    3.00000    2.00000  33.3%     -    2s
     0     0    2.00000    0  687    3.00000    2.00000  33.3%     -    2s
     0     0    2.00000    0  506    3.00000    2.00000  33.3%     -    2s
H    0     0                       2.0000000    2.00000  0.00%     -    2s
     0     0    2.00000    0  506    2.00000    2.00000  0.00%     -    2s

Cutting planes:
  Cover: 17
  Implied bound: 3
  Clique: 32
  MIR: 17
  StrongCG: 4
  GUB cover: 15
  Zero half: 4
  RLT: 21
  Relax-and-lift: 1

Explored 1 nodes (32423 simplex iterations) in 2.56 seconds (3.91 work units)
Thread count was 1 (of 8 available processors)

Solution count 2: 2 3 

Optimal solution found (tolerance 0.00e+00)
Best objective 2.000000000000e+00, best bound 2.000000000000e+00, gap 0.0000%
    SAT | IdleRange(P*)=2 | time=2.793693s | config=R-DC-IRP-GRB-MIP
    Excel: /home/dclng566/projects/Business-Meeting-Scheduling-Problem/output/gurobi/table08_excel/forumt-14crafc.prec25.xlsx
Instance forumt-14crafd.prec25: 1 run(s)
[36/40] forumt-14crafd.prec25 | reduced | gurobi_mip | P=native_linear | G=distance_closure | n/a
Set parameter WLSAccessID
Set parameter WLSSecret
Set parameter LicenseID to value 2663665
Academic license 2663665 - for non-commercial use only - registered to tu___@vnu.edu.vn
Set parameter OutputFlag to value 1
Set parameter Threads to value 1
Set parameter Seed to value 0
Set parameter MIPGap to value 0
Set parameter MIPGapAbs to value 0
Set parameter TimeLimit to value 7.1995781095349994e+03
Gurobi Optimizer version 13.0.2 build v13.0.2rc1 (linux64 - "Ubuntu 22.04.5 LTS")

CPU model: INTEL(R) XEON(R) PLATINUM 8581C CPU @ 2.30GHz, instruction set [SSE2|AVX|AVX2|AVX512]
Thread count: 4 physical cores, 8 logical processors, using up to 1 threads

Non-default parameters:
TimeLimit  7.1995781095349994e+03
MIPGap  0
MIPGapAbs  0
Threads  1

Academic license 2663665 - for non-commercial use only - registered to tu___@vnu.edu.vn
Optimize a model with 4965 rows, 3831 columns and 23607 nonzeros (Min)
Model fingerprint: 0x6cfe9775
Model has 1 linear objective coefficients
Variable types: 0 continuous, 3831 integer (3769 binary)
Coefficient statistics:
  Matrix range     [1e+00, 9e+00]
  Objective range  [1e+00, 1e+00]
  Bounds range     [1e+00, 8e+00]
  RHS range        [1e+00, 2e+01]

Presolve removed 3406 rows and 1424 columns
Presolve time: 0.05s
Presolved: 1559 rows, 2407 columns, 11510 nonzeros
Variable types: 0 continuous, 2407 integer (2381 binary)

Root relaxation: objective 2.000000e+00, 4167 iterations, 0.29 seconds (0.46 work units)

    Nodes    |    Current Node    |     Objective Bounds      |     Work
 Expl Unexpl |  Obj  Depth IntInf | Incumbent    BestBd   Gap | It/Node Time

     0     0    2.00000    0  573          -    2.00000      -     -    0s
     0     0    2.00000    0  731          -    2.00000      -     -    0s
     0     0    2.00000    0  715          -    2.00000      -     -    0s
     0     0    2.00000    0  698          -    2.00000      -     -    0s
     0     0    2.00000    0  366          -    2.00000      -     -    1s
     0     0    2.00000    0  350          -    2.00000      -     -    1s
     0     0    2.00000    0  578          -    2.00000      -     -    1s
     0     0    2.00000    0  468          -    2.00000      -     -    2s
     0     0    2.00000    0  555          -    2.00000      -     -    2s
     0     0    2.00000    0  585          -    2.00000      -     -    2s
     0     0    2.00000    0  501          -    2.00000      -     -    2s
     0     0    2.00000    0  549          -    2.00000      -     -    2s
     0     0    2.00000    0  551          -    2.00000      -     -    2s
     0     0    2.00000    0  304          -    2.00000      -     -    3s
     0     0    2.00000    0  296          -    2.00000      -     -    3s
     0     0    2.00000    0  584          -    2.00000      -     -    3s
     0     0    2.00000    0  277          -    2.00000      -     -    3s
     0     0    2.00000    0  277          -    2.00000      -     -    3s
     0     0    2.00000    0  277          -    2.00000      -     -    4s
     0     2    2.00000    0  277          -    2.00000      -     -    4s
     4     6    2.00000    2  537          -    2.00000      -   692    5s
H    5     3                       2.0000000    2.00000  0.00%   554    8s

Cutting planes:
  Cover: 18
  Clique: 36
  MIR: 7
  StrongCG: 4
  GUB cover: 12
  Zero half: 7
  RLT: 16
  Relax-and-lift: 2

Explored 6 nodes (59409 simplex iterations) in 8.85 seconds (12.81 work units)
Thread count was 1 (of 8 available processors)

Solution count 1: 2 

Optimal solution found (tolerance 0.00e+00)
Best objective 2.000000000000e+00, best bound 2.000000000000e+00, gap 0.0000%
    SAT | IdleRange(P*)=2 | time=9.02746s | config=R-DC-IRP-GRB-MIP
    Excel: /home/dclng566/projects/Business-Meeting-Scheduling-Problem/output/gurobi/table08_excel/forumt-14crafd.prec25.xlsx
Instance ticf-13crafc.prec15: 1 run(s)
[37/40] ticf-13crafc.prec15 | reduced | gurobi_mip | P=native_linear | G=distance_closure | n/a
Set parameter WLSAccessID
Set parameter WLSSecret
Set parameter LicenseID to value 2663665
Academic license 2663665 - for non-commercial use only - registered to tu___@vnu.edu.vn
Set parameter OutputFlag to value 1
Set parameter Threads to value 1
Set parameter Seed to value 0
Set parameter MIPGap to value 0
Set parameter MIPGapAbs to value 0
Set parameter TimeLimit to value 7.1995318875819994e+03
Gurobi Optimizer version 13.0.2 build v13.0.2rc1 (linux64 - "Ubuntu 22.04.5 LTS")

CPU model: INTEL(R) XEON(R) PLATINUM 8581C CPU @ 2.30GHz, instruction set [SSE2|AVX|AVX2|AVX512]
Thread count: 4 physical cores, 8 logical processors, using up to 1 threads

Non-default parameters:
TimeLimit  7.1995318875819994e+03
MIPGap  0
MIPGapAbs  0
Threads  1

Academic license 2663665 - for non-commercial use only - registered to tu___@vnu.edu.vn
Optimize a model with 9111 rows, 6043 columns and 33806 nonzeros (Min)
Model fingerprint: 0x26d7b773
Model has 1 linear objective coefficients
Variable types: 0 continuous, 6043 integer (5982 binary)
Coefficient statistics:
  Matrix range     [1e+00, 2e+01]
  Objective range  [1e+00, 1e+00]
  Bounds range     [1e+00, 2e+01]
  RHS range        [1e+00, 4e+01]

Presolve removed 1616 rows and 551 columns
Presolve time: 0.04s
Presolved: 7495 rows, 5492 columns, 27228 nonzeros
Variable types: 0 continuous, 5492 integer (5432 binary)

Root relaxation: objective 0.000000e+00, 11858 iterations, 1.37 seconds (2.14 work units)

    Nodes    |    Current Node    |     Objective Bounds      |     Work
 Expl Unexpl |  Obj  Depth IntInf | Incumbent    BestBd   Gap | It/Node Time

     0     0    0.00000    0 2136          -    0.00000      -     -    2s
     0     0    0.00000    0 1711          -    0.00000      -     -    2s
H    0     0                      17.0000000    0.00000   100%     -    2s
H    0     0                      16.0000000    0.00000   100%     -    2s
     0     0    0.00000    0 1711   16.00000    0.00000   100%     -    2s
     0     0    0.00000    0 1376   16.00000    0.00000   100%     -    4s
H    0     0                      14.0000000    0.00000   100%     -    4s
H    0     0                      13.0000000    0.00000   100%     -    4s
     0     0    0.00000    0 1324   13.00000    0.00000   100%     -    5s
H    0     0                      11.0000000    0.00000   100%     -    5s
H    0     0                       7.0000000    0.00000   100%     -    5s
     0     0    0.00000    0 1297    7.00000    0.00000   100%     -    5s
     0     0    0.00000    0 1339    7.00000    0.00000   100%     -    6s
     0     0    0.00000    0 1315    7.00000    0.00000   100%     -    6s
     0     0    0.00000    0  871    7.00000    0.00000   100%     -    7s
H    0     0                       6.0000000    0.00000   100%     -    7s
     0     0    0.00000    0  862    6.00000    0.00000   100%     -    7s
     0     0    0.00000    0  827    6.00000    0.00000   100%     -    7s
     0     0    0.00000    0  623    6.00000    0.00000   100%     -    8s
H    0     0                       5.0000000    0.00000   100%     -    8s
     0     0    0.00000    0  615    5.00000    0.00000   100%     -    8s
     0     0    0.00000    0  676    5.00000    0.00000   100%     -    8s
     0     0    0.00000    0  676    5.00000    0.00000   100%     -    8s
     0     0    0.00000    0  732    5.00000    0.00000   100%     -    8s
     0     0    0.00000    0  759    5.00000    0.00000   100%     -    8s
     0     0    0.00000    0  501    5.00000    0.00000   100%     -    9s
H    0     0                       4.0000000    0.00000   100%     -    9s
     0     0    0.00000    0  525    4.00000    0.00000   100%     -    9s
     0     0    0.00000    0  519    4.00000    0.00000   100%     -    9s
     0     0    0.00000    0  752    4.00000    0.00000   100%     -    9s
     0     0    0.00000    0  675    4.00000    0.00000   100%     -    9s
     0     0    0.00000    0  394    4.00000    0.00000   100%     -   10s
H    0     0                       3.0000000    0.00000   100%     -   10s
H    0     0                       2.0000000    0.00000   100%     -   10s
H    0     0                       1.0000000    0.00000   100%     -   10s
     0     0    0.00000    0  352    1.00000    0.00000   100%     -   10s
     0     0    0.00000    0  712    1.00000    0.00000   100%     -   10s
     0     0    0.00000    0  650    1.00000    0.00000   100%     -   10s
     0     0    0.00000    0  108    1.00000    0.00000   100%     -   11s
     0     0    0.00000    0  120    1.00000    0.00000   100%     -   11s
     0     0    0.00000    0  548    1.00000    0.00000   100%     -   11s
     0     0    0.00000    0  243    1.00000    0.00000   100%     -   11s
     0     0    0.00000    0  243    1.00000    0.00000   100%     -   11s
     0     0    0.00000    0  243    1.00000    0.00000   100%     -   11s
H    0     0                       0.0000000    0.00000  0.00%     -   12s
     0     0    0.00000    0  243    0.00000    0.00000  0.00%     -   12s

Cutting planes:
  Gomory: 1
  Cover: 8
  Implied bound: 98
  Clique: 37
  MIR: 14
  Flow cover: 37
  GUB cover: 5
  Zero half: 43
  RLT: 144
  Relax-and-lift: 208
  BQP: 4

Explored 1 nodes (116298 simplex iterations) in 12.36 seconds (18.85 work units)
Thread count was 1 (of 8 available processors)

Solution count 10: 0 1 2 ... 13

Optimal solution found (tolerance 0.00e+00)
Best objective 0.000000000000e+00, best bound 0.000000000000e+00, gap 0.0000%
    SAT | IdleRange(P*)=0 | time=12.585884s | config=R-DC-IRP-GRB-MIP
    Excel: /home/dclng566/projects/Business-Meeting-Scheduling-Problem/output/gurobi/table08_excel/ticf-13crafc.prec15.xlsx
Instance tic-12.prec15: 1 run(s)
[38/40] tic-12.prec15 | reduced | gurobi_mip | P=native_linear | G=distance_closure | n/a
Set parameter WLSAccessID
Set parameter WLSSecret
Set parameter LicenseID to value 2663665
Academic license 2663665 - for non-commercial use only - registered to tu___@vnu.edu.vn
Set parameter OutputFlag to value 1
Set parameter Threads to value 1
Set parameter Seed to value 0
Set parameter MIPGap to value 0
Set parameter MIPGapAbs to value 0
Set parameter TimeLimit to value 7.1996785431160006e+03
Gurobi Optimizer version 13.0.2 build v13.0.2rc1 (linux64 - "Ubuntu 22.04.5 LTS")

CPU model: INTEL(R) XEON(R) PLATINUM 8581C CPU @ 2.30GHz, instruction set [SSE2|AVX|AVX2|AVX512]
Thread count: 4 physical cores, 8 logical processors, using up to 1 threads

Non-default parameters:
TimeLimit  7.1996785431160006e+03
MIPGap  0
MIPGapAbs  0
Threads  1

Academic license 2663665 - for non-commercial use only - registered to tu___@vnu.edu.vn
Optimize a model with 2616 rows, 1925 columns and 11104 nonzeros (Min)
Model fingerprint: 0x01cff7fd
Model has 1 linear objective coefficients
Variable types: 0 continuous, 1925 integer (1883 binary)
Coefficient statistics:
  Matrix range     [1e+00, 7e+00]
  Objective range  [1e+00, 1e+00]
  Bounds range     [1e+00, 6e+00]
  RHS range        [1e+00, 2e+01]

Presolve removed 1828 rows and 775 columns
Presolve time: 0.02s
Presolved: 788 rows, 1150 columns, 4990 nonzeros
Variable types: 0 continuous, 1150 integer (1134 binary)

Root relaxation: objective 0.000000e+00, 1486 iterations, 0.04 seconds (0.06 work units)

    Nodes    |    Current Node    |     Objective Bounds      |     Work
 Expl Unexpl |  Obj  Depth IntInf | Incumbent    BestBd   Gap | It/Node Time

     0     0    0.00000    0  211          -    0.00000      -     -    0s
     0     0    0.00000    0  204          -    0.00000      -     -    0s
     0     0    0.00000    0  280          -    0.00000      -     -    0s
     0     0    0.00000    0  299          -    0.00000      -     -    0s
     0     0    0.00000    0  141          -    0.00000      -     -    0s
     0     0    0.00000    0  186          -    0.00000      -     -    0s
     0     0    0.00000    0  290          -    0.00000      -     -    0s
     0     0    0.00000    0  198          -    0.00000      -     -    0s
     0     0    0.00000    0  193          -    0.00000      -     -    0s
     0     0    0.00000    0  336          -    0.00000      -     -    0s
     0     0    0.00000    0  221          -    0.00000      -     -    0s
H    0     0                       1.0000000    0.00000   100%     -    0s
     0     0    0.00000    0  163    1.00000    0.00000   100%     -    0s
     0     0    0.00000    0  260    1.00000    0.00000   100%     -    0s
     0     0    0.00000    0   36    1.00000    0.00000   100%     -    0s
     0     0    0.00000    0  260    1.00000    0.00000   100%     -    0s
     0     0    0.00000    0  213    1.00000    0.00000   100%     -    0s
     0     0    0.00000    0  213    1.00000    0.00000   100%     -    0s
     0     0    0.00000    0   83    1.00000    0.00000   100%     -    0s
     0     2    0.00000    0   10    1.00000    0.00000   100%     -    0s
H  180     4                       0.0000000    0.00000  0.00%   166    3s

Cutting planes:
  Cover: 13
  Implied bound: 1
  Clique: 11
  MIR: 4
  Flow cover: 1
  GUB cover: 3
  Zero half: 1
  RLT: 11

Explored 181 nodes (48947 simplex iterations) in 3.14 seconds (3.83 work units)
Thread count was 1 (of 8 available processors)

Solution count 2: 0 1 

Optimal solution found (tolerance 0.00e+00)
Best objective 0.000000000000e+00, best bound 0.000000000000e+00, gap 0.0000%
    SAT | IdleRange(P*)=0 | time=3.209692s | config=R-DC-IRP-GRB-MIP
    Excel: /home/dclng566/projects/Business-Meeting-Scheduling-Problem/output/gurobi/table08_excel/tic-12.prec15.xlsx
Instance forum-13crafb.prec15: 1 run(s)
[39/40] forum-13crafb.prec15 | reduced | gurobi_mip | P=native_linear | G=distance_closure | n/a
Set parameter WLSAccessID
Set parameter WLSSecret
Set parameter LicenseID to value 2663665
Academic license 2663665 - for non-commercial use only - registered to tu___@vnu.edu.vn
Set parameter OutputFlag to value 1
Set parameter Threads to value 1
Set parameter Seed to value 0
Set parameter MIPGap to value 0
Set parameter MIPGapAbs to value 0
Set parameter TimeLimit to value 7.1996504453360012e+03
Gurobi Optimizer version 13.0.2 build v13.0.2rc1 (linux64 - "Ubuntu 22.04.5 LTS")

CPU model: INTEL(R) XEON(R) PLATINUM 8581C CPU @ 2.30GHz, instruction set [SSE2|AVX|AVX2|AVX512]
Thread count: 4 physical cores, 8 logical processors, using up to 1 threads

Non-default parameters:
TimeLimit  7.1996504453360012e+03
MIPGap  0
MIPGapAbs  0
Threads  1

Academic license 2663665 - for non-commercial use only - registered to tu___@vnu.edu.vn
Optimize a model with 9571 rows, 6727 columns and 38420 nonzeros (Min)
Model fingerprint: 0x189a5be9
Model has 1 linear objective coefficients
Variable types: 0 continuous, 6727 integer (6668 binary)
Coefficient statistics:
  Matrix range     [1e+00, 2e+01]
  Objective range  [1e+00, 1e+00]
  Bounds range     [1e+00, 2e+01]
  RHS range        [1e+00, 4e+01]

Presolve time: 0.00s

Explored 0 nodes (0 simplex iterations) in 0.00 seconds (0.00 work units)
Thread count was 1 (of 8 available processors)

Solution count 0

Model is infeasible
Best objective -, best bound -, gap -
    UNSAT | IdleRange(P*)=None | time=0.105334s | config=R-DC-IRP-GRB-MIP
    Excel: /home/dclng566/projects/Business-Meeting-Scheduling-Problem/output/gurobi/table08_excel/forum-13crafb.prec15.xlsx
Instance tic-13crafb.prec25: 1 run(s)
[40/40] tic-13crafb.prec25 | reduced | gurobi_mip | P=native_linear | G=distance_closure | n/a
Set parameter WLSAccessID
Set parameter WLSSecret
Set parameter LicenseID to value 2663665
Academic license 2663665 - for non-commercial use only - registered to tu___@vnu.edu.vn
Set parameter OutputFlag to value 1
Set parameter Threads to value 1
Set parameter Seed to value 0
Set parameter MIPGap to value 0
Set parameter MIPGapAbs to value 0
Set parameter TimeLimit to value 7.1996081208689993e+03
Gurobi Optimizer version 13.0.2 build v13.0.2rc1 (linux64 - "Ubuntu 22.04.5 LTS")

CPU model: INTEL(R) XEON(R) PLATINUM 8581C CPU @ 2.30GHz, instruction set [SSE2|AVX|AVX2|AVX512]
Thread count: 4 physical cores, 8 logical processors, using up to 1 threads

Non-default parameters:
TimeLimit  7.1996081208689993e+03
MIPGap  0
MIPGapAbs  0
Threads  1

Academic license 2663665 - for non-commercial use only - registered to tu___@vnu.edu.vn
Optimize a model with 3777 rows, 3021 columns and 18767 nonzeros (Min)
Model fingerprint: 0x671b7c10
Model has 1 linear objective coefficients
Variable types: 0 continuous, 3021 integer (2974 binary)
Coefficient statistics:
  Matrix range     [1e+00, 9e+00]
  Objective range  [1e+00, 1e+00]
  Bounds range     [1e+00, 8e+00]
  RHS range        [1e+00, 2e+01]

Presolve removed 1809 rows and 699 columns
Presolve time: 0.02s
Presolved: 1968 rows, 2322 columns, 11528 nonzeros
Variable types: 0 continuous, 2322 integer (2303 binary)

Root relaxation: objective 0.000000e+00, 3546 iterations, 0.20 seconds (0.33 work units)

    Nodes    |    Current Node    |     Objective Bounds      |     Work
 Expl Unexpl |  Obj  Depth IntInf | Incumbent    BestBd   Gap | It/Node Time

     0     0    0.00000    0  857          -    0.00000      -     -    0s
     0     0    0.00000    0  592          -    0.00000      -     -    0s
     0     0    0.00000    0  592          -    0.00000      -     -    0s
     0     0    0.00000    0  614          -    0.00000      -     -    0s
     0     0    0.00000    0  635          -    0.00000      -     -    1s
     0     0    0.00000    0  629          -    0.00000      -     -    1s
     0     0    0.00000    0  639          -    0.00000      -     -    1s
     0     0    0.00000    0  542          -    0.00000      -     -    1s
     0     0    0.00000    0  510          -    0.00000      -     -    1s
     0     0    0.00000    0  574          -    0.00000      -     -    1s
     0     0    0.00000    0  418          -    0.00000      -     -    2s
H    0     0                       2.0000000    0.00000   100%     -    2s
     0     0    0.00000    0  448    2.00000    0.00000   100%     -    2s
     0     0    0.00000    0  553    2.00000    0.00000   100%     -    2s
     0     0    0.00000    0  481    2.00000    0.00000   100%     -    2s
     0     0    0.00000    0  494    2.00000    0.00000   100%     -    2s
     0     0    0.00000    0  550    2.00000    0.00000   100%     -    2s
     0     0    0.00000    0  461    2.00000    0.00000   100%     -    2s
     0     0    0.00000    0  461    2.00000    0.00000   100%     -    2s
     0     0    0.00000    0  461    2.00000    0.00000   100%     -    3s
     0     2    0.00000    0  461    2.00000    0.00000   100%     -    3s
H    1     1                       1.0000000    0.00000   100%   0.0    3s
     5     7    0.00000    3  506    1.00000    0.00000   100%   670    7s
    47    49    0.00000   29  391    1.00000    0.00000   100%   592   10s
   263   138    0.00000   48  485    1.00000    0.00000   100%   364   15s
   285   154    0.00000   15  521    1.00000    0.00000   100%   516   20s
   371   212    0.00000   58  316    1.00000    0.00000   100%   559   25s
   581   276    0.00000   95  255    1.00000    0.00000   100%   486   30s
   882   334    0.00000  113  144    1.00000    0.00000   100%   398   35s
* 1156     9              92       0.0000000    0.00000  0.00%   349   38s

Cutting planes:
  Cover: 14
  Clique: 13
  MIR: 4
  StrongCG: 1
  Flow cover: 11
  GUB cover: 18
  RLT: 4
  Relax-and-lift: 3

Explored 1157 nodes (445782 simplex iterations) in 38.45 seconds (54.76 work units)
Thread count was 1 (of 8 available processors)

Solution count 3: 0 1 2 

Optimal solution found (tolerance 0.00e+00)
Best objective 0.000000000000e+00, best bound 0.000000000000e+00, gap 0.0000%
    SAT | IdleRange(P*)=0 | time=38.591492s | config=R-DC-IRP-GRB-MIP
    Excel: /home/dclng566/projects/Business-Meeting-Scheduling-Problem/output/gurobi/table08_excel/tic-13crafb.prec25.xlsx
Detailed CSV: /home/dclng566/projects/Business-Meeting-Scheduling-Problem/output/gurobi/table08_detailed.csv
Aggregate CSV: /home/dclng566/projects/Business-Meeting-Scheduling-Problem/output/gurobi/table08_aggregate.csv
Per-instance Excel directory: /home/dclng566/projects/Business-Meeting-Scheduling-Problem/output/gurobi/table08_excel
Completed with errors=0, timeouts=0.
