instance,instance_content_id,instance_family,configuration_label,factor_m,factor_p,factor_g,factor_b,factor_o,factor_s,factor_i,status,sat_result,best_value,proven_optimum,runtime_seconds,runtime_censored,peak_memory_mb,n_vars,n_hard_clauses,n_soft_clauses,n_total_clauses,n_primary_variables,n_auxiliary_variables,n_total_literals,max_hard_clause_length,configuration_id,configuration_key,domain_mode,precedence_encoding,precedence_graph,optimization_engine,solver_backend,solver_version,encoding_variant,idle_encoding,objective,objective_code,implied_constraints_code,n_hard_literals,n_soft_literals,max_soft_clause_length,n_unit_hard_clauses,n_binary_hard_clauses,n_ternary_hard_clauses,n_long_hard_clauses,soft_clause_weight,soft_weight_sum,n_objective_lits,n_optimizer_calls,n_bound_encodings,optimizer_added_variables_peak,optimizer_added_clauses_peak,optimizer_added_literals_peak,optimizer_added_clauses_cumulative,formula_scope,full_schedule_candidates,unary_eligible_schedule_candidates,reduced_schedule_candidates,active_schedule_candidates,precedence_direct_edges,precedence_closure_edges,precedence_relation_edges,precedence_max_distance,precedence_pairwise_clauses,precedence_sparse_link_clauses,precedence_unique_suffix_cuts,input_parsing_seconds,model_construction_seconds,model_build_seconds,solve_and_validate_seconds,runtime_scope,idle_range_pstar,total_internal_idle_slots,all_participant_idle_range,memory_metric,instance_sha256,instance_variant,instance_path,source_alias_count,source_alias_paths,repository_alias_count,repository_alias_paths,dataset_source_page,dataset_archive_url,dataset_archive_sha256,run_started_utc,timeout_seconds,memory_limit_mb,git_commit,git_dirty,python_version,pysat_version,hostname,platform,cpu_model,physical_cpu_cores,logical_cpu_cores,system_memory_mb,random_seed,runner_command,solver_binary,solver_binary_sha256,solver_command,validation_errors,solver_message,error_type,error_message,solver,maxsat_backend_preference,sat_backend_preference,resolved_uwrmaxsat_bin,precedence_mode,precedence_configuration,objective_value,objective_participant_count,objective_participants,initial_schedule_candidates,unary_removed_schedule_candidates,preprocessing_removed_schedule_candidates,removed_schedule_candidates,participant_internal_idle_slots,busy_participants_per_slot,assignment,schedule_by_slot,enabled_constraints,assignment_by_meeting,participant_gap_slots,solver_cost,solver_runtime_seconds,validation_status
forum-13crafc.forb0007,b2b-012845c64333a713,forbidden,ORG-F-PW-DE-PSC-IRP-UW-OBIC12P,ORGFull,Pairwise,Direct-E,PerSlotCardinality,IdleRangePstar,UWrMaxSAT,OldBestIC12+,OPTIMAL,SAT,0,0,3.191751,False,198.125,131031,362216,19,362235,3234,127797,840462,59,baseline1__model-org_old_best_maxsat__m-full__p-pairwise__g-direct__b-per_slot_cardinality__o-idle_range_pstar__s-uwrmaxsat__i-old_best_ic12plus__fairness-none,baseline1__model-org_old_best_maxsat__m-full__p-pairwise__g-direct__b-per_slot_cardinality__o-idle_range_pstar__s-uwrmaxsat__i-old_best_ic12plus__fairness-none,legacy_full,pairwise,direct,UWrMaxSAT,UWrMaxSAT,binary-sha256:1af0283ba4ce003dbe3e4ae5b8e0d9bbcaf7fdd46af7b69b0eb4f2089aa4a5e8,org_old_best_ic12plus,per_slot_cardinality,internal_idle_slot_range_pstar,IRP,OBIC12P,840443,19,1,1273,252356,105718,2869,1,19,19,1,0,0,0,0,0,shared base CNF plus unit soft objective clauses for MaxSAT; SAT bound/totalizer overhead is reported separately in optimizer_added_* fields,3234,,,3234,0,,0,1,,0,0,0.000325,0.452004,0.452329,2.739422,"wall-clock from immediately before reading/parsing the .dzn instance through model construction, optimization, solution decoding, and independent validation; excludes worker-process startup and result-file export",0,116,2,peak_process_tree_rss_mb,012845c64333a713ece8bd629db7798ceb7bc7390978e5070fa46292ea01deb8,forb0007,data_table06_forb/forum-13crafc.forb0007.dzn,2,data_table06_forb/forum-13crafc.forb0007.dzn | data_table06_forb/ticf-13crafc.forb0007.dzn,2,data_table06_forb/forum-13crafc.forb0007.dzn | data_table06_forb/ticf-13crafc.forb0007.dzn,https://imae.udg.edu/Recerca/LAI/,https://ima.udg.edu/Recerca/lai/b2b/b2b.zip,,2026-07-23T02:33:53+00:00,7200.0,,20203e5553143da770fdc5d850d93b36d1269b33,True,3.10.12,1.9.dev7,instance-20260722-153126,Linux-6.8.0-1064-gcp-x86_64-with-glibc2.35,x86_64,4,8,15988.062,,/home/dclng566/projects/Business-Meeting-Scheduling-Problem/.venv/bin/python /home/dclng566/projects/Business-Meeting-Scheduling-Problem/src/ORG_new.py --data-dir data_table06_forb --timeout 7200 --uwrmaxsat-bin /home/dclng566/solver-build/uwrmaxsat/build/release/bin/uwrmaxsat --uwrmaxsat-sha256 1af0283ba4ce003dbe3e4ae5b8e0d9bbcaf7fdd46af7b69b0eb4f2089aa4a5e8 --csv /home/dclng566/projects/Business-Meeting-Scheduling-Problem/output/ic12p-gcp-ic12p-20260723T023309Z/org/data_table06_forb_org_new.csv --excel-dir /home/dclng566/projects/Business-Meeting-Scheduling-Problem/output/ic12p-gcp-ic12p-20260723T023309Z/org/excel_data_table06_forb,/home/dclng566/solver-build/uwrmaxsat/build/release/bin/uwrmaxsat,1af0283ba4ce003dbe3e4ae5b8e0d9bbcaf7fdd46af7b69b0eb4f2089aa4a5e8,/home/dclng566/solver-build/uwrmaxsat/build/release/bin/uwrmaxsat -m /tmp/org_forum-13crafc.forb0007_5cq1c55g.wcnf,,,,,UWrMaxSAT,,,,traditional,pairwise+direct,0,58,"1,2,3,4,5,6,7,8,9,10,11,12,13,14,15,16,18,19,23,24,25,26,27,28,29,30,31,32,33,34,35,36,37,38,39,40,41,42,44,45,46,47,48,49,50,52,53,54,56,57,59,60,62,63,64,65,66,70",,,,,,,,1:M14 M88 | 2:M16 M19 M26 M75 M84 M107 | 3:M3 M12 M22 M38 M89 M109 M117 M146 | 4:M1 M11 M24 M37 M77 M85 M94 M105 M120 M142 | 5:M6 M18 M21 M33 M54 M76 M91 M106 M118 M136 M153 | 6:M7 M15 M28 M35 M56 M62 M71 M79 M102 M110 M115 M145 | 7:M4 M17 M20 M40 M57 M61 M80 M101 M114 M123 M134 M149 | 8:M2 M25 M32 M58 M72 M78 M93 M103 M108 M129 M141 M150 | 9:M23 M34 M46 M49 M68 M87 M95 M100 M111 M126 M137 M151 | 10:M5 M13 M29 M39 M42 M50 M70 M83 M96 M133 M139 M152 | 11:M31 M36 M51 M59 M69 M82 M97 M104 M112 M121 M131 M143 | 12:M9 M30 M47 M53 M60 M74 M86 M90 M113 M116 M154 | 13:M8 M27 M41 M48 M66 M73 M81 M92 M99 M119 M130 M138 | 14:M10 M45 M52 M63 M98 M122 M135 | 15:M43 M44 M55 M67 M128 M147 | 16:M125 M144 | 17:M132 M148 | 18:M65 M124 | 19:M64 M140 | 20:M127 | 21:,,"M1:T4,M2:T8,M3:T3,M4:T7,M5:T10,M6:T5,M7:T6,M8:T13,M9:T12,M10:T14,M11:T4,M12:T3,M13:T10,M14:T1,M15:T6,M16:T2,M17:T7,M18:T5,M19:T2,M20:T7,M21:T5,M22:T3,M23:T9,M24:T4,M25:T8,M26:T2,M27:T13,M28:T6,M29:T10,M30:T12,M31:T11,M32:T8,M33:T5,M34:T9,M35:T6,M36:T11,M37:T4,M38:T3,M39:T10,M40:T7,M41:T13,M42:T10,M43:T15,M44:T15,M45:T14,M46:T9,M47:T12,M48:T13,M49:T9,M50:T10,M51:T11,M52:T14,M53:T12,M54:T5,M55:T15,M56:T6,M57:T7,M58:T8,M59:T11,M60:T12,M61:T7,M62:T6,M63:T14,M64:T19,M65:T18,M66:T13,M67:T15,M68:T9,M69:T11,M70:T10,M71:T6,M72:T8,M73:T13,M74:T12,M75:T2,M76:T5,M77:T4,M78:T8,M79:T6,M80:T7,M81:T13,M82:T11,M83:T10,M84:T2,M85:T4,M86:T12,M87:T9,M88:T1,M89:T3,M90:T12,M91:T5,M92:T13,M93:T8,M94:T4,M95:T9,M96:T10,M97:T11,M98:T14,M99:T13,M100:T9,M101:T7,M102:T6,M103:T8,M104:T11,M105:T4,M106:T5,M107:T2,M108:T8,M109:T3,M110:T6,M111:T9,M112:T11,M113:T12,M114:T7,M115:T6,M116:T12,M117:T3,M118:T5,M119:T13,M120:T4,M121:T11,M122:T14,M123:T7,M124:T18,M125:T16,M126:T9,M127:T20,M128:T15,M129:T8,M130:T13,M131:T11,M132:T17,M133:T10,M134:T7,M135:T14,M136:T5,M137:T9,M138:T13,M139:T10,M140:T19,M141:T8,M142:T4,M143:T11,M144:T16,M145:T6,M146:T3,M147:T15,M148:T17,M149:T7,M150:T8,M151:T9,M152:T10,M153:T5,M154:T12","2,2,2,2,2,2,2,2,2,2,2,2,2,2,2,2,0,2,2,0,0,0,2,2,2,2,2,2,2,2,2,2,2,2,2,2,2,2,2,2,2,2,0,2,2,2,2,2,2,2,0,2,2,2,0,2,2,0,2,2,0,2,2,2,2,2,0,0,0,2",0,2.483794,PASSED
forumt-14crafd.forb0003,b2b-01e07c6fc89d234b,forbidden,ORG-F-PW-DE-PSC-IRP-UW-OBIC12P,ORGFull,Pairwise,Direct-E,PerSlotCardinality,IdleRangePstar,UWrMaxSAT,OldBestIC12+,UNSAT,UNSAT,,,0.198409,False,131.656,27779,92756,8,92764,2360,25419,212255,60,baseline1__model-org_old_best_maxsat__m-full__p-pairwise__g-direct__b-per_slot_cardinality__o-idle_range_pstar__s-uwrmaxsat__i-old_best_ic12plus__fairness-none,baseline1__model-org_old_best_maxsat__m-full__p-pairwise__g-direct__b-per_slot_cardinality__o-idle_range_pstar__s-uwrmaxsat__i-old_best_ic12plus__fairness-none,legacy_full,pairwise,direct,UWrMaxSAT,UWrMaxSAT,binary-sha256:1af0283ba4ce003dbe3e4ae5b8e0d9bbcaf7fdd46af7b69b0eb4f2089aa4a5e8,org_old_best_ic12plus,per_slot_cardinality,internal_idle_slot_range_pstar,IRP,OBIC12P,212247,8,1,791,70318,20104,1543,1,8,8,1,0,0,0,0,0,shared base CNF plus unit soft objective clauses for MaxSAT; SAT bound/totalizer overhead is reported separately in optimizer_added_* fields,2360,,,2360,0,,0,1,,0,0,0.000454,0.109174,0.109629,0.08878,"wall-clock from immediately before reading/parsing the .dzn instance through model construction, optimization, solution decoding, and independent validation; excludes worker-process startup and result-file export",,,,peak_process_tree_rss_mb,01e07c6fc89d234b5e99cbb04dfeb3e7a46a05e82f4e8c5bfd3ae5def6aa3b13,forb0003,data_table06_forb/forumt-14crafd.forb0003.dzn,2,data_table06_forb/forumt-14crafd.forb0003.dzn | data_table06_forb/tic-14crafd.forb0003.dzn,2,data_table06_forb/forumt-14crafd.forb0003.dzn | data_table06_forb/tic-14crafd.forb0003.dzn,https://imae.udg.edu/Recerca/LAI/,https://ima.udg.edu/Recerca/lai/b2b/b2b.zip,,2026-07-23T02:33:53+00:00,7200.0,,20203e5553143da770fdc5d850d93b36d1269b33,True,3.10.12,1.9.dev7,instance-20260722-153126,Linux-6.8.0-1064-gcp-x86_64-with-glibc2.35,x86_64,4,8,15988.062,,/home/dclng566/projects/Business-Meeting-Scheduling-Problem/.venv/bin/python /home/dclng566/projects/Business-Meeting-Scheduling-Problem/src/ORG_new.py --data-dir data_table06_forb --timeout 7200 --uwrmaxsat-bin /home/dclng566/solver-build/uwrmaxsat/build/release/bin/uwrmaxsat --uwrmaxsat-sha256 1af0283ba4ce003dbe3e4ae5b8e0d9bbcaf7fdd46af7b69b0eb4f2089aa4a5e8 --csv /home/dclng566/projects/Business-Meeting-Scheduling-Problem/output/ic12p-gcp-ic12p-20260723T023309Z/org/data_table06_forb_org_new.csv --excel-dir /home/dclng566/projects/Business-Meeting-Scheduling-Problem/output/ic12p-gcp-ic12p-20260723T023309Z/org/excel_data_table06_forb,/home/dclng566/solver-build/uwrmaxsat/build/release/bin/uwrmaxsat,1af0283ba4ce003dbe3e4ae5b8e0d9bbcaf7fdd46af7b69b0eb4f2089aa4a5e8,/home/dclng566/solver-build/uwrmaxsat/build/release/bin/uwrmaxsat -m /tmp/org_forumt-14crafd.forb0003_dl91qwoq.wcnf,,,,,UWrMaxSAT,,,,traditional,pairwise+direct,,59,"1,2,3,4,5,6,7,8,9,10,11,12,13,14,15,16,17,18,20,21,22,23,24,25,26,27,28,29,30,31,32,33,34,35,36,37,38,39,40,41,42,43,44,45,46,47,48,49,50,51,52,53,54,55,56,57,58,59,60",,,,,,,,1: | 2: | 3: | 4: | 5: | 6: | 7: | 8: | 9: | 10:,,,,,0.028264,NOT_RUN
tic-13crafb.forb0003,b2b-11bed35297f1ebb4,forbidden,ORG-F-PW-DE-PSC-IRP-UW-OBIC12P,ORGFull,Pairwise,Direct-E,PerSlotCardinality,IdleRangePstar,UWrMaxSAT,OldBestIC12+,OPTIMAL,SAT,0,0,0.235114,False,147.348,22825,77262,8,77270,1840,20985,176786,45,baseline1__model-org_old_best_maxsat__m-full__p-pairwise__g-direct__b-per_slot_cardinality__o-idle_range_pstar__s-uwrmaxsat__i-old_best_ic12plus__fairness-none,baseline1__model-org_old_best_maxsat__m-full__p-pairwise__g-direct__b-per_slot_cardinality__o-idle_range_pstar__s-uwrmaxsat__i-old_best_ic12plus__fairness-none,legacy_full,pairwise,direct,UWrMaxSAT,UWrMaxSAT,binary-sha256:1af0283ba4ce003dbe3e4ae5b8e0d9bbcaf7fdd46af7b69b0eb4f2089aa4a5e8,org_old_best_ic12plus,per_slot_cardinality,internal_idle_slot_range_pstar,IRP,OBIC12P,176778,8,1,604,58392,17094,1172,1,8,8,1,0,0,0,0,0,shared base CNF plus unit soft objective clauses for MaxSAT; SAT bound/totalizer overhead is reported separately in optimizer_added_* fields,1840,,,1840,0,,0,1,,0,0,0.000426,0.092692,0.093117,0.141996,"wall-clock from immediately before reading/parsing the .dzn instance through model construction, optimization, solution decoding, and independent validation; excludes worker-process startup and result-file export",0,0,0,peak_process_tree_rss_mb,11bed35297f1ebb4aec8ff1a36ad294f0ab222e6a8066701c884372e4c63abc5,forb0003,data_table06_forb/tic-13crafb.forb0003.dzn,1,data_table06_forb/tic-13crafb.forb0003.dzn,1,data_table06_forb/tic-13crafb.forb0003.dzn,https://imae.udg.edu/Recerca/LAI/,https://ima.udg.edu/Recerca/lai/b2b/b2b.zip,,2026-07-23T02:33:53+00:00,7200.0,,20203e5553143da770fdc5d850d93b36d1269b33,True,3.10.12,1.9.dev7,instance-20260722-153126,Linux-6.8.0-1064-gcp-x86_64-with-glibc2.35,x86_64,4,8,15988.062,,/home/dclng566/projects/Business-Meeting-Scheduling-Problem/.venv/bin/python /home/dclng566/projects/Business-Meeting-Scheduling-Problem/src/ORG_new.py --data-dir data_table06_forb --timeout 7200 --uwrmaxsat-bin /home/dclng566/solver-build/uwrmaxsat/build/release/bin/uwrmaxsat --uwrmaxsat-sha256 1af0283ba4ce003dbe3e4ae5b8e0d9bbcaf7fdd46af7b69b0eb4f2089aa4a5e8 --csv /home/dclng566/projects/Business-Meeting-Scheduling-Problem/output/ic12p-gcp-ic12p-20260723T023309Z/org/data_table06_forb_org_new.csv --excel-dir /home/dclng566/projects/Business-Meeting-Scheduling-Problem/output/ic12p-gcp-ic12p-20260723T023309Z/org/excel_data_table06_forb,/home/dclng566/solver-build/uwrmaxsat/build/release/bin/uwrmaxsat,1af0283ba4ce003dbe3e4ae5b8e0d9bbcaf7fdd46af7b69b0eb4f2089aa4a5e8,/home/dclng566/solver-build/uwrmaxsat/build/release/bin/uwrmaxsat -m /tmp/org_tic-13crafb.forb0003_vrxp49eq.wcnf,,,,,UWrMaxSAT,,,,traditional,pairwise+direct,0,44,"1,2,3,4,5,6,7,8,9,10,11,12,13,14,15,16,17,18,19,20,21,22,24,25,26,27,28,29,30,31,32,33,34,35,36,37,38,40,41,42,43,44,45,46",,,,,,,,1:M6 M26 M37 M42 M59 M64 M79 M97 M129 M139 M145 M152 M157 M167 M176 | 2:M5 M15 M27 M34 M41 M49 M68 M69 M72 M103 M110 M116 M120 M141 M150 M156 M169 M175 | 3:M7 M20 M28 M39 M40 M45 M50 M60 M80 M84 M86 M108 M114 M117 M119 M142 M148 M160 M170 M174 M184 | 4:M3 M13 M21 M25 M33 M55 M57 M65 M81 M82 M92 M100 M107 M125 M134 M137 M146 M161 M172 M179 M180 | 5:M4 M19 M30 M31 M46 M52 M61 M76 M85 M87 M93 M99 M109 M113 M123 M133 M151 M159 M166 M178 M182 | 6:M8 M17 M29 M32 M43 M54 M62 M66 M71 M75 M89 M98 M104 M115 M124 M128 M136 M162 M171 M177 M183 | 7:M9 M14 M16 M18 M44 M56 M74 M83 M91 M95 M102 M111 M118 M122 M140 M144 M149 M158 M164 M181 | 8:M24 M38 M53 M58 M67 M77 M88 M96 M106 M112 M127 M130 M135 M147 M153 M154 M163 M165 | 9:M1 M10 M11 M22 M36 M48 M70 M78 M94 M101 M105 M126 M131 M138 M143 M168 | 10:M2 M12 M23 M35 M47 M51 M63 M73 M90 M121 M132 M155 M173,,"M1:T9,M2:T10,M3:T4,M4:T5,M5:T2,M6:T1,M7:T3,M8:T6,M9:T7,M10:T9,M11:T9,M12:T10,M13:T4,M14:T7,M15:T2,M16:T7,M17:T6,M18:T7,M19:T5,M20:T3,M21:T4,M22:T9,M23:T10,M24:T8,M25:T4,M26:T1,M27:T2,M28:T3,M29:T6,M30:T5,M31:T5,M32:T6,M33:T4,M34:T2,M35:T10,M36:T9,M37:T1,M38:T8,M39:T3,M40:T3,M41:T2,M42:T1,M43:T6,M44:T7,M45:T3,M46:T5,M47:T10,M48:T9,M49:T2,M50:T3,M51:T10,M52:T5,M53:T8,M54:T6,M55:T4,M56:T7,M57:T4,M58:T8,M59:T1,M60:T3,M61:T5,M62:T6,M63:T10,M64:T1,M65:T4,M66:T6,M67:T8,M68:T2,M69:T2,M70:T9,M71:T6,M72:T2,M73:T10,M74:T7,M75:T6,M76:T5,M77:T8,M78:T9,M79:T1,M80:T3,M81:T4,M82:T4,M83:T7,M84:T3,M85:T5,M86:T3,M87:T5,M88:T8,M89:T6,M90:T10,M91:T7,M92:T4,M93:T5,M94:T9,M95:T7,M96:T8,M97:T1,M98:T6,M99:T5,M100:T4,M101:T9,M102:T7,M103:T2,M104:T6,M105:T9,M106:T8,M107:T4,M108:T3,M109:T5,M110:T2,M111:T7,M112:T8,M113:T5,M114:T3,M115:T6,M116:T2,M117:T3,M118:T7,M119:T3,M120:T2,M121:T10,M122:T7,M123:T5,M124:T6,M125:T4,M126:T9,M127:T8,M128:T6,M129:T1,M130:T8,M131:T9,M132:T10,M133:T5,M134:T4,M135:T8,M136:T6,M137:T4,M138:T9,M139:T1,M140:T7,M141:T2,M142:T3,M143:T9,M144:T7,M145:T1,M146:T4,M147:T8,M148:T3,M149:T7,M150:T2,M151:T5,M152:T1,M153:T8,M154:T8,M155:T10,M156:T2,M157:T1,M158:T7,M159:T5,M160:T3,M161:T4,M162:T6,M163:T8,M164:T7,M165:T8,M166:T5,M167:T1,M168:T9,M169:T2,M170:T3,M171:T6,M172:T4,M173:T10,M174:T3,M175:T2,M176:T1,M177:T6,M178:T5,M179:T4,M180:T4,M181:T7,M182:T5,M183:T6,M184:T3","0,0,0,0,0,0,0,0,0,0,0,0,0,0,0,0,0,0,0,0,0,0,0,0,0,0,0,0,0,0,0,0,0,0,0,0,0,0,0,0,0,0,0,0,0,0",0,0.086969,PASSED
forumt-14crafe.forb0007,b2b-19617e0cbd8228a0,forbidden,ORG-F-PW-DE-PSC-IRP-UW-OBIC12P,ORGFull,Pairwise,Direct-E,PerSlotCardinality,IdleRangePstar,UWrMaxSAT,OldBestIC12+,UNSAT,UNSAT,,,0.189797,False,137.906,27859,92947,8,92955,2360,25499,212686,60,baseline1__model-org_old_best_maxsat__m-full__p-pairwise__g-direct__b-per_slot_cardinality__o-idle_range_pstar__s-uwrmaxsat__i-old_best_ic12plus__fairness-none,baseline1__model-org_old_best_maxsat__m-full__p-pairwise__g-direct__b-per_slot_cardinality__o-idle_range_pstar__s-uwrmaxsat__i-old_best_ic12plus__fairness-none,legacy_full,pairwise,direct,UWrMaxSAT,UWrMaxSAT,binary-sha256:1af0283ba4ce003dbe3e4ae5b8e0d9bbcaf7fdd46af7b69b0eb4f2089aa4a5e8,org_old_best_ic12plus,per_slot_cardinality,internal_idle_slot_range_pstar,IRP,OBIC12P,212678,8,1,812,70418,20174,1543,1,8,8,1,0,0,0,0,0,shared base CNF plus unit soft objective clauses for MaxSAT; SAT bound/totalizer overhead is reported separately in optimizer_added_* fields,2360,,,2360,0,,0,1,,0,0,0.000445,0.101257,0.101702,0.088095,"wall-clock from immediately before reading/parsing the .dzn instance through model construction, optimization, solution decoding, and independent validation; excludes worker-process startup and result-file export",,,,peak_process_tree_rss_mb,19617e0cbd8228a07f4d1fb4a20169d59bca4892a698dc05873681a713e0d642,forb0007,data_table06_forb/forumt-14crafe.forb0007.dzn,1,data_table06_forb/forumt-14crafe.forb0007.dzn,1,data_table06_forb/forumt-14crafe.forb0007.dzn,https://imae.udg.edu/Recerca/LAI/,https://ima.udg.edu/Recerca/lai/b2b/b2b.zip,,2026-07-23T02:33:53+00:00,7200.0,,20203e5553143da770fdc5d850d93b36d1269b33,True,3.10.12,1.9.dev7,instance-20260722-153126,Linux-6.8.0-1064-gcp-x86_64-with-glibc2.35,x86_64,4,8,15988.062,,/home/dclng566/projects/Business-Meeting-Scheduling-Problem/.venv/bin/python /home/dclng566/projects/Business-Meeting-Scheduling-Problem/src/ORG_new.py --data-dir data_table06_forb --timeout 7200 --uwrmaxsat-bin /home/dclng566/solver-build/uwrmaxsat/build/release/bin/uwrmaxsat --uwrmaxsat-sha256 1af0283ba4ce003dbe3e4ae5b8e0d9bbcaf7fdd46af7b69b0eb4f2089aa4a5e8 --csv /home/dclng566/projects/Business-Meeting-Scheduling-Problem/output/ic12p-gcp-ic12p-20260723T023309Z/org/data_table06_forb_org_new.csv --excel-dir /home/dclng566/projects/Business-Meeting-Scheduling-Problem/output/ic12p-gcp-ic12p-20260723T023309Z/org/excel_data_table06_forb,/home/dclng566/solver-build/uwrmaxsat/build/release/bin/uwrmaxsat,1af0283ba4ce003dbe3e4ae5b8e0d9bbcaf7fdd46af7b69b0eb4f2089aa4a5e8,/home/dclng566/solver-build/uwrmaxsat/build/release/bin/uwrmaxsat -m /tmp/org_forumt-14crafe.forb0007_dl1uh7_7.wcnf,,,,,UWrMaxSAT,,,,traditional,pairwise+direct,,59,"1,2,3,4,5,6,7,8,9,10,11,12,13,14,15,16,17,18,20,21,22,23,24,25,26,27,28,29,30,31,32,33,34,35,36,37,38,39,40,41,42,43,44,45,46,47,48,49,50,51,52,53,54,55,56,57,58,59,60",,,,,,,,1: | 2: | 3: | 4: | 5: | 6: | 7: | 8: | 9: | 10:,,,,,0.027652,NOT_RUN
tic-13crafc.forb0003,b2b-24632991b216de3c,forbidden,ORG-F-PW-DE-PSC-IRP-UW-OBIC12P,ORGFull,Pairwise,Direct-E,PerSlotCardinality,IdleRangePstar,UWrMaxSAT,OldBestIC12+,UNSAT,UNSAT,,,0.164578,False,144.469,24375,78855,6,78861,1800,22575,180890,46,baseline1__model-org_old_best_maxsat__m-full__p-pairwise__g-direct__b-per_slot_cardinality__o-idle_range_pstar__s-uwrmaxsat__i-old_best_ic12plus__fairness-none,baseline1__model-org_old_best_maxsat__m-full__p-pairwise__g-direct__b-per_slot_cardinality__o-idle_range_pstar__s-uwrmaxsat__i-old_best_ic12plus__fairness-none,legacy_full,pairwise,direct,UWrMaxSAT,UWrMaxSAT,binary-sha256:1af0283ba4ce003dbe3e4ae5b8e0d9bbcaf7fdd46af7b69b0eb4f2089aa4a5e8,org_old_best_ic12plus,per_slot_cardinality,internal_idle_slot_range_pstar,IRP,OBIC12P,180884,6,1,484,59058,18124,1189,1,6,6,1,0,0,0,0,0,shared base CNF plus unit soft objective clauses for MaxSAT; SAT bound/totalizer overhead is reported separately in optimizer_added_* fields,1800,,,1800,0,,0,1,,0,0,0.000375,0.088567,0.088942,0.075636,"wall-clock from immediately before reading/parsing the .dzn instance through model construction, optimization, solution decoding, and independent validation; excludes worker-process startup and result-file export",,,,peak_process_tree_rss_mb,24632991b216de3c5b9dcf846d018ffada2a20cfa0e319990510ef396511d2eb,forb0003,data_table06_forb/tic-13crafc.forb0003.dzn,1,data_table06_forb/tic-13crafc.forb0003.dzn,1,data_table06_forb/tic-13crafc.forb0003.dzn,https://imae.udg.edu/Recerca/LAI/,https://ima.udg.edu/Recerca/lai/b2b/b2b.zip,,2026-07-23T02:33:53+00:00,7200.0,,20203e5553143da770fdc5d850d93b36d1269b33,True,3.10.12,1.9.dev7,instance-20260722-153126,Linux-6.8.0-1064-gcp-x86_64-with-glibc2.35,x86_64,4,8,15988.062,,/home/dclng566/projects/Business-Meeting-Scheduling-Problem/.venv/bin/python /home/dclng566/projects/Business-Meeting-Scheduling-Problem/src/ORG_new.py --data-dir data_table06_forb --timeout 7200 --uwrmaxsat-bin /home/dclng566/solver-build/uwrmaxsat/build/release/bin/uwrmaxsat --uwrmaxsat-sha256 1af0283ba4ce003dbe3e4ae5b8e0d9bbcaf7fdd46af7b69b0eb4f2089aa4a5e8 --csv /home/dclng566/projects/Business-Meeting-Scheduling-Problem/output/ic12p-gcp-ic12p-20260723T023309Z/org/data_table06_forb_org_new.csv --excel-dir /home/dclng566/projects/Business-Meeting-Scheduling-Problem/output/ic12p-gcp-ic12p-20260723T023309Z/org/excel_data_table06_forb,/home/dclng566/solver-build/uwrmaxsat/build/release/bin/uwrmaxsat,1af0283ba4ce003dbe3e4ae5b8e0d9bbcaf7fdd46af7b69b0eb4f2089aa4a5e8,/home/dclng566/solver-build/uwrmaxsat/build/release/bin/uwrmaxsat -m /tmp/org_tic-13crafc.forb0003_ybh61f64.wcnf,,,,,UWrMaxSAT,,,,traditional,pairwise+direct,,45,"1,3,4,5,6,7,8,9,10,11,12,13,14,15,16,17,18,19,20,21,22,23,24,25,26,27,28,29,30,31,32,33,34,35,36,37,38,40,41,42,43,44,45,46,47",,,,,,,,1: | 2: | 3: | 4: | 5: | 6: | 7: | 8: | 9: | 10:,,,,,0.024469,NOT_RUN
tic-13.forb0007,b2b-374c58fa947a88ba,forbidden,ORG-F-PW-DE-PSC-IRP-UW-OBIC12P,ORGFull,Pairwise,Direct-E,PerSlotCardinality,IdleRangePstar,UWrMaxSAT,OldBestIC12+,UNSAT,UNSAT,,,0.157615,False,103.961,24215,78534,6,78540,1800,22415,180089,46,baseline1__model-org_old_best_maxsat__m-full__p-pairwise__g-direct__b-per_slot_cardinality__o-idle_range_pstar__s-uwrmaxsat__i-old_best_ic12plus__fairness-none,baseline1__model-org_old_best_maxsat__m-full__p-pairwise__g-direct__b-per_slot_cardinality__o-idle_range_pstar__s-uwrmaxsat__i-old_best_ic12plus__fairness-none,legacy_full,pairwise,direct,UWrMaxSAT,UWrMaxSAT,binary-sha256:1af0283ba4ce003dbe3e4ae5b8e0d9bbcaf7fdd46af7b69b0eb4f2089aa4a5e8,org_old_best_ic12plus,per_slot_cardinality,internal_idle_slot_range_pstar,IRP,OBIC12P,180083,6,1,503,58858,17984,1189,1,6,6,1,0,0,0,0,0,shared base CNF plus unit soft objective clauses for MaxSAT; SAT bound/totalizer overhead is reported separately in optimizer_added_* fields,1800,,,1800,0,,0,1,,0,0,0.000339,0.083732,0.084071,0.073544,"wall-clock from immediately before reading/parsing the .dzn instance through model construction, optimization, solution decoding, and independent validation; excludes worker-process startup and result-file export",,,,peak_process_tree_rss_mb,374c58fa947a88bab923bd35a804a1fe7b42eebb4e26988ec2767cbcc430dbb5,forb0007,data_table06_forb/tic-13.forb0007.dzn,1,data_table06_forb/tic-13.forb0007.dzn,1,data_table06_forb/tic-13.forb0007.dzn,https://imae.udg.edu/Recerca/LAI/,https://ima.udg.edu/Recerca/lai/b2b/b2b.zip,,2026-07-23T02:33:53+00:00,7200.0,,20203e5553143da770fdc5d850d93b36d1269b33,True,3.10.12,1.9.dev7,instance-20260722-153126,Linux-6.8.0-1064-gcp-x86_64-with-glibc2.35,x86_64,4,8,15988.062,,/home/dclng566/projects/Business-Meeting-Scheduling-Problem/.venv/bin/python /home/dclng566/projects/Business-Meeting-Scheduling-Problem/src/ORG_new.py --data-dir data_table06_forb --timeout 7200 --uwrmaxsat-bin /home/dclng566/solver-build/uwrmaxsat/build/release/bin/uwrmaxsat --uwrmaxsat-sha256 1af0283ba4ce003dbe3e4ae5b8e0d9bbcaf7fdd46af7b69b0eb4f2089aa4a5e8 --csv /home/dclng566/projects/Business-Meeting-Scheduling-Problem/output/ic12p-gcp-ic12p-20260723T023309Z/org/data_table06_forb_org_new.csv --excel-dir /home/dclng566/projects/Business-Meeting-Scheduling-Problem/output/ic12p-gcp-ic12p-20260723T023309Z/org/excel_data_table06_forb,/home/dclng566/solver-build/uwrmaxsat/build/release/bin/uwrmaxsat,1af0283ba4ce003dbe3e4ae5b8e0d9bbcaf7fdd46af7b69b0eb4f2089aa4a5e8,/home/dclng566/solver-build/uwrmaxsat/build/release/bin/uwrmaxsat -m /tmp/org_tic-13.forb0007_jdn8ybo9.wcnf,,,,,UWrMaxSAT,,,,traditional,pairwise+direct,,45,"1,3,4,5,6,7,8,9,10,11,12,13,14,15,16,17,18,19,20,21,22,23,24,25,26,27,28,29,30,31,32,33,34,35,36,37,38,40,41,42,43,44,45,46,47",,,,,,,,1: | 2: | 3: | 4: | 5: | 6: | 7: | 8: | 9: | 10:,,,,,0.022971,NOT_RUN
forumt-14.forb0007,b2b-41aa8bf2170d5150,forbidden,ORG-F-PW-DE-PSC-IRP-UW-OBIC12P,ORGFull,Pairwise,Direct-E,PerSlotCardinality,IdleRangePstar,UWrMaxSAT,OldBestIC12+,UNSAT,UNSAT,,,0.1889,False,131.891,27752,92578,7,92585,2370,25382,211899,60,baseline1__model-org_old_best_maxsat__m-full__p-pairwise__g-direct__b-per_slot_cardinality__o-idle_range_pstar__s-uwrmaxsat__i-old_best_ic12plus__fairness-none,baseline1__model-org_old_best_maxsat__m-full__p-pairwise__g-direct__b-per_slot_cardinality__o-idle_range_pstar__s-uwrmaxsat__i-old_best_ic12plus__fairness-none,legacy_full,pairwise,direct,UWrMaxSAT,UWrMaxSAT,binary-sha256:1af0283ba4ce003dbe3e4ae5b8e0d9bbcaf7fdd46af7b69b0eb4f2089aa4a5e8,org_old_best_ic12plus,per_slot_cardinality,internal_idle_slot_range_pstar,IRP,OBIC12P,211892,7,1,721,70210,20091,1556,1,7,7,1,0,0,0,0,0,shared base CNF plus unit soft objective clauses for MaxSAT; SAT bound/totalizer overhead is reported separately in optimizer_added_* fields,2370,,,2370,0,,0,1,,0,0,0.000486,0.101159,0.101645,0.087255,"wall-clock from immediately before reading/parsing the .dzn instance through model construction, optimization, solution decoding, and independent validation; excludes worker-process startup and result-file export",,,,peak_process_tree_rss_mb,41aa8bf2170d515092e362ca4e9bcdd3c58d3ed4f53f635fc06e2838dc5ed521,forb0007,data_table06_forb/forumt-14.forb0007.dzn,2,data_table06_forb/forumt-14.forb0007.dzn | data_table06_forb/tic-14crafa.forb0007.dzn,2,data_table06_forb/forumt-14.forb0007.dzn | data_table06_forb/tic-14crafa.forb0007.dzn,https://imae.udg.edu/Recerca/LAI/,https://ima.udg.edu/Recerca/lai/b2b/b2b.zip,,2026-07-23T02:33:53+00:00,7200.0,,20203e5553143da770fdc5d850d93b36d1269b33,True,3.10.12,1.9.dev7,instance-20260722-153126,Linux-6.8.0-1064-gcp-x86_64-with-glibc2.35,x86_64,4,8,15988.062,,/home/dclng566/projects/Business-Meeting-Scheduling-Problem/.venv/bin/python /home/dclng566/projects/Business-Meeting-Scheduling-Problem/src/ORG_new.py --data-dir data_table06_forb --timeout 7200 --uwrmaxsat-bin /home/dclng566/solver-build/uwrmaxsat/build/release/bin/uwrmaxsat --uwrmaxsat-sha256 1af0283ba4ce003dbe3e4ae5b8e0d9bbcaf7fdd46af7b69b0eb4f2089aa4a5e8 --csv /home/dclng566/projects/Business-Meeting-Scheduling-Problem/output/ic12p-gcp-ic12p-20260723T023309Z/org/data_table06_forb_org_new.csv --excel-dir /home/dclng566/projects/Business-Meeting-Scheduling-Problem/output/ic12p-gcp-ic12p-20260723T023309Z/org/excel_data_table06_forb,/home/dclng566/solver-build/uwrmaxsat/build/release/bin/uwrmaxsat,1af0283ba4ce003dbe3e4ae5b8e0d9bbcaf7fdd46af7b69b0eb4f2089aa4a5e8,/home/dclng566/solver-build/uwrmaxsat/build/release/bin/uwrmaxsat -m /tmp/org_forumt-14.forb0007_3_fr3r6u.wcnf,,,,,UWrMaxSAT,,,,traditional,pairwise+direct,,59,"1,2,3,4,5,6,7,8,9,10,11,12,13,14,15,16,17,18,20,21,22,23,24,25,26,27,28,29,30,31,32,33,34,35,36,37,38,39,40,41,42,43,44,45,46,47,48,49,50,51,52,53,54,55,56,57,58,59,60",,,,,,,,1: | 2: | 3: | 4: | 5: | 6: | 7: | 8: | 9: | 10:,,,,,0.027519,NOT_RUN
tic-13crafb.forb0007,b2b-4fa7c70b89245b62,forbidden,ORG-F-PW-DE-PSC-IRP-UW-OBIC12P,ORGFull,Pairwise,Direct-E,PerSlotCardinality,IdleRangePstar,UWrMaxSAT,OldBestIC12+,UNSAT,UNSAT,,,0.152066,False,105.242,22825,77281,8,77289,1840,20985,176805,45,baseline1__model-org_old_best_maxsat__m-full__p-pairwise__g-direct__b-per_slot_cardinality__o-idle_range_pstar__s-uwrmaxsat__i-old_best_ic12plus__fairness-none,baseline1__model-org_old_best_maxsat__m-full__p-pairwise__g-direct__b-per_slot_cardinality__o-idle_range_pstar__s-uwrmaxsat__i-old_best_ic12plus__fairness-none,legacy_full,pairwise,direct,UWrMaxSAT,UWrMaxSAT,binary-sha256:1af0283ba4ce003dbe3e4ae5b8e0d9bbcaf7fdd46af7b69b0eb4f2089aa4a5e8,org_old_best_ic12plus,per_slot_cardinality,internal_idle_slot_range_pstar,IRP,OBIC12P,176797,8,1,623,58392,17094,1172,1,8,8,1,0,0,0,0,0,shared base CNF plus unit soft objective clauses for MaxSAT; SAT bound/totalizer overhead is reported separately in optimizer_added_* fields,1840,,,1840,0,,0,1,,0,0,0.000354,0.078866,0.07922,0.072846,"wall-clock from immediately before reading/parsing the .dzn instance through model construction, optimization, solution decoding, and independent validation; excludes worker-process startup and result-file export",,,,peak_process_tree_rss_mb,4fa7c70b89245b622fdf439fff74f209e9f80153704d9421baa6b210956f4878,forb0007,data_table06_forb/tic-13crafb.forb0007.dzn,1,data_table06_forb/tic-13crafb.forb0007.dzn,1,data_table06_forb/tic-13crafb.forb0007.dzn,https://imae.udg.edu/Recerca/LAI/,https://ima.udg.edu/Recerca/lai/b2b/b2b.zip,,2026-07-23T02:33:53+00:00,7200.0,,20203e5553143da770fdc5d850d93b36d1269b33,True,3.10.12,1.9.dev7,instance-20260722-153126,Linux-6.8.0-1064-gcp-x86_64-with-glibc2.35,x86_64,4,8,15988.062,,/home/dclng566/projects/Business-Meeting-Scheduling-Problem/.venv/bin/python /home/dclng566/projects/Business-Meeting-Scheduling-Problem/src/ORG_new.py --data-dir data_table06_forb --timeout 7200 --uwrmaxsat-bin /home/dclng566/solver-build/uwrmaxsat/build/release/bin/uwrmaxsat --uwrmaxsat-sha256 1af0283ba4ce003dbe3e4ae5b8e0d9bbcaf7fdd46af7b69b0eb4f2089aa4a5e8 --csv /home/dclng566/projects/Business-Meeting-Scheduling-Problem/output/ic12p-gcp-ic12p-20260723T023309Z/org/data_table06_forb_org_new.csv --excel-dir /home/dclng566/projects/Business-Meeting-Scheduling-Problem/output/ic12p-gcp-ic12p-20260723T023309Z/org/excel_data_table06_forb,/home/dclng566/solver-build/uwrmaxsat/build/release/bin/uwrmaxsat,1af0283ba4ce003dbe3e4ae5b8e0d9bbcaf7fdd46af7b69b0eb4f2089aa4a5e8,/home/dclng566/solver-build/uwrmaxsat/build/release/bin/uwrmaxsat -m /tmp/org_tic-13crafb.forb0007__eqlsmpk.wcnf,,,,,UWrMaxSAT,,,,traditional,pairwise+direct,,44,"1,2,3,4,5,6,7,8,9,10,11,12,13,14,15,16,17,18,19,20,21,22,24,25,26,27,28,29,30,31,32,33,34,35,36,37,38,40,41,42,43,44,45,46",,,,,,,,1: | 2: | 3: | 4: | 5: | 6: | 7: | 8: | 9: | 10:,,,,,0.02358,NOT_RUN
forum-13crafc.forb0003,b2b-602195d241378f80,forbidden,ORG-F-PW-DE-PSC-IRP-UW-OBIC12P,ORGFull,Pairwise,Direct-E,PerSlotCardinality,IdleRangePstar,UWrMaxSAT,OldBestIC12+,OPTIMAL,SAT,0,0,5.236921,False,225.723,131031,362201,19,362220,3234,127797,840447,59,baseline1__model-org_old_best_maxsat__m-full__p-pairwise__g-direct__b-per_slot_cardinality__o-idle_range_pstar__s-uwrmaxsat__i-old_best_ic12plus__fairness-none,baseline1__model-org_old_best_maxsat__m-full__p-pairwise__g-direct__b-per_slot_cardinality__o-idle_range_pstar__s-uwrmaxsat__i-old_best_ic12plus__fairness-none,legacy_full,pairwise,direct,UWrMaxSAT,UWrMaxSAT,binary-sha256:1af0283ba4ce003dbe3e4ae5b8e0d9bbcaf7fdd46af7b69b0eb4f2089aa4a5e8,org_old_best_ic12plus,per_slot_cardinality,internal_idle_slot_range_pstar,IRP,OBIC12P,840428,19,1,1258,252356,105718,2869,1,19,19,1,0,0,0,0,0,shared base CNF plus unit soft objective clauses for MaxSAT; SAT bound/totalizer overhead is reported separately in optimizer_added_* fields,3234,,,3234,0,,0,1,,0,0,0.000333,0.433341,0.433674,4.803247,"wall-clock from immediately before reading/parsing the .dzn instance through model construction, optimization, solution decoding, and independent validation; excludes worker-process startup and result-file export",0,116,2,peak_process_tree_rss_mb,602195d241378f80b778c9aec1ba1afde3b4b8b55fb017dd735bd4baf3f0a0e7,forb0003,data_table06_forb/forum-13crafc.forb0003.dzn,2,data_table06_forb/forum-13crafc.forb0003.dzn | data_table06_forb/ticf-13crafc.forb0003.dzn,2,data_table06_forb/forum-13crafc.forb0003.dzn | data_table06_forb/ticf-13crafc.forb0003.dzn,https://imae.udg.edu/Recerca/LAI/,https://ima.udg.edu/Recerca/lai/b2b/b2b.zip,,2026-07-23T02:33:53+00:00,7200.0,,20203e5553143da770fdc5d850d93b36d1269b33,True,3.10.12,1.9.dev7,instance-20260722-153126,Linux-6.8.0-1064-gcp-x86_64-with-glibc2.35,x86_64,4,8,15988.062,,/home/dclng566/projects/Business-Meeting-Scheduling-Problem/.venv/bin/python /home/dclng566/projects/Business-Meeting-Scheduling-Problem/src/ORG_new.py --data-dir data_table06_forb --timeout 7200 --uwrmaxsat-bin /home/dclng566/solver-build/uwrmaxsat/build/release/bin/uwrmaxsat --uwrmaxsat-sha256 1af0283ba4ce003dbe3e4ae5b8e0d9bbcaf7fdd46af7b69b0eb4f2089aa4a5e8 --csv /home/dclng566/projects/Business-Meeting-Scheduling-Problem/output/ic12p-gcp-ic12p-20260723T023309Z/org/data_table06_forb_org_new.csv --excel-dir /home/dclng566/projects/Business-Meeting-Scheduling-Problem/output/ic12p-gcp-ic12p-20260723T023309Z/org/excel_data_table06_forb,/home/dclng566/solver-build/uwrmaxsat/build/release/bin/uwrmaxsat,1af0283ba4ce003dbe3e4ae5b8e0d9bbcaf7fdd46af7b69b0eb4f2089aa4a5e8,/home/dclng566/solver-build/uwrmaxsat/build/release/bin/uwrmaxsat -m /tmp/org_forum-13crafc.forb0003_9ob7did0.wcnf,,,,,UWrMaxSAT,,,,traditional,pairwise+direct,0,58,"1,2,3,4,5,6,7,8,9,10,11,12,13,14,15,16,18,19,23,24,25,26,27,28,29,30,31,32,33,34,35,36,37,38,39,40,41,42,44,45,46,47,48,49,50,52,53,54,56,57,59,60,62,63,64,65,66,70",,,,,,,,1:M79 M137 | 2:M28 M55 M77 M87 M134 | 3:M1 M31 M56 M62 M69 M88 M113 M120 M136 M151 | 4:M7 M25 M49 M76 M84 M105 M121 M129 M135 M154 | 5:M8 M26 M27 M37 M60 M70 M101 M106 M117 M127 M142 M150 | 6:M3 M19 M32 M47 M72 M85 M90 M104 M109 M118 M130 M145 | 7:M6 M23 M38 M46 M54 M61 M83 M89 M107 M133 M144 M149 | 8:M11 M33 M34 M53 M63 M68 M78 M91 M102 M110 M126 M138 | 9:M9 M29 M48 M50 M59 M64 M75 M86 M94 M100 M114 M153 | 10:M2 M12 M24 M30 M39 M52 M58 M74 M80 M112 M139 M152 | 11:M5 M14 M22 M35 M51 M71 M97 M99 M108 M115 M132 M146 | 12:M16 M20 M40 M41 M57 M67 M82 M103 M116 M123 | 13:M4 M21 M36 M42 M66 M73 M81 M96 M111 M119 M122 M143 | 14:M10 M18 M43 M65 M95 M125 M141 | 15:M13 M44 M98 M131 M147 | 16:M15 M93 M124 M148 | 17:M17 M45 M92 M128 M140 | 18: | 19: | 20: | 21:,,"M1:T3,M2:T10,M3:T6,M4:T13,M5:T11,M6:T7,M7:T4,M8:T5,M9:T9,M10:T14,M11:T8,M12:T10,M13:T15,M14:T11,M15:T16,M16:T12,M17:T17,M18:T14,M19:T6,M20:T12,M21:T13,M22:T11,M23:T7,M24:T10,M25:T4,M26:T5,M27:T5,M28:T2,M29:T9,M30:T10,M31:T3,M32:T6,M33:T8,M34:T8,M35:T11,M36:T13,M37:T5,M38:T7,M39:T10,M40:T12,M41:T12,M42:T13,M43:T14,M44:T15,M45:T17,M46:T7,M47:T6,M48:T9,M49:T4,M50:T9,M51:T11,M52:T10,M53:T8,M54:T7,M55:T2,M56:T3,M57:T12,M58:T10,M59:T9,M60:T5,M61:T7,M62:T3,M63:T8,M64:T9,M65:T14,M66:T13,M67:T12,M68:T8,M69:T3,M70:T5,M71:T11,M72:T6,M73:T13,M74:T10,M75:T9,M76:T4,M77:T2,M78:T8,M79:T1,M80:T10,M81:T13,M82:T12,M83:T7,M84:T4,M85:T6,M86:T9,M87:T2,M88:T3,M89:T7,M90:T6,M91:T8,M92:T17,M93:T16,M94:T9,M95:T14,M96:T13,M97:T11,M98:T15,M99:T11,M100:T9,M101:T5,M102:T8,M103:T12,M104:T6,M105:T4,M106:T5,M107:T7,M108:T11,M109:T6,M110:T8,M111:T13,M112:T10,M113:T3,M114:T9,M115:T11,M116:T12,M117:T5,M118:T6,M119:T13,M120:T3,M121:T4,M122:T13,M123:T12,M124:T16,M125:T14,M126:T8,M127:T5,M128:T17,M129:T4,M130:T6,M131:T15,M132:T11,M133:T7,M134:T2,M135:T4,M136:T3,M137:T1,M138:T8,M139:T10,M140:T17,M141:T14,M142:T5,M143:T13,M144:T7,M145:T6,M146:T11,M147:T15,M148:T16,M149:T7,M150:T5,M151:T3,M152:T10,M153:T9,M154:T4","2,2,2,2,2,2,2,2,2,2,2,2,2,2,2,2,0,2,2,0,0,0,2,2,2,2,2,2,2,2,2,2,2,2,2,2,2,2,2,2,2,2,0,2,2,2,2,2,2,2,0,2,2,2,0,2,2,0,2,2,0,2,2,2,2,2,0,0,0,2",0,4.54732,PASSED
tic-12crafc.forb0003,b2b-6a1b93b13d1b6631,forbidden,ORG-F-PW-DE-PSC-IRP-UW-OBIC12P,ORGFull,Pairwise,Direct-E,PerSlotCardinality,IdleRangePstar,UWrMaxSAT,OldBestIC12+,UNSAT,UNSAT,,,0.096265,False,114.297,14900,48555,6,48561,1000,13900,111805,40,baseline1__model-org_old_best_maxsat__m-full__p-pairwise__g-direct__b-per_slot_cardinality__o-idle_range_pstar__s-uwrmaxsat__i-old_best_ic12plus__fairness-none,baseline1__model-org_old_best_maxsat__m-full__p-pairwise__g-direct__b-per_slot_cardinality__o-idle_range_pstar__s-uwrmaxsat__i-old_best_ic12plus__fairness-none,legacy_full,pairwise,direct,UWrMaxSAT,UWrMaxSAT,binary-sha256:1af0283ba4ce003dbe3e4ae5b8e0d9bbcaf7fdd46af7b69b0eb4f2089aa4a5e8,org_old_best_ic12plus,per_slot_cardinality,internal_idle_slot_range_pstar,IRP,OBIC12P,111799,6,1,422,35338,12023,772,1,6,6,1,0,0,0,0,0,shared base CNF plus unit soft objective clauses for MaxSAT; SAT bound/totalizer overhead is reported separately in optimizer_added_* fields,1000,,,1000,0,,0,1,,0,0,0.000271,0.051527,0.051798,0.044467,"wall-clock from immediately before reading/parsing the .dzn instance through model construction, optimization, solution decoding, and independent validation; excludes worker-process startup and result-file export",,,,peak_process_tree_rss_mb,6a1b93b13d1b6631a23d477c882a2a5cb3ba1113c9911853836349d173490d61,forb0003,data_table06_forb/tic-12crafc.forb0003.dzn,1,data_table06_forb/tic-12crafc.forb0003.dzn,1,data_table06_forb/tic-12crafc.forb0003.dzn,https://imae.udg.edu/Recerca/LAI/,https://ima.udg.edu/Recerca/lai/b2b/b2b.zip,,2026-07-23T02:33:53+00:00,7200.0,,20203e5553143da770fdc5d850d93b36d1269b33,True,3.10.12,1.9.dev7,instance-20260722-153126,Linux-6.8.0-1064-gcp-x86_64-with-glibc2.35,x86_64,4,8,15988.062,,/home/dclng566/projects/Business-Meeting-Scheduling-Problem/.venv/bin/python /home/dclng566/projects/Business-Meeting-Scheduling-Problem/src/ORG_new.py --data-dir data_table06_forb --timeout 7200 --uwrmaxsat-bin /home/dclng566/solver-build/uwrmaxsat/build/release/bin/uwrmaxsat --uwrmaxsat-sha256 1af0283ba4ce003dbe3e4ae5b8e0d9bbcaf7fdd46af7b69b0eb4f2089aa4a5e8 --csv /home/dclng566/projects/Business-Meeting-Scheduling-Problem/output/ic12p-gcp-ic12p-20260723T023309Z/org/data_table06_forb_org_new.csv --excel-dir /home/dclng566/projects/Business-Meeting-Scheduling-Problem/output/ic12p-gcp-ic12p-20260723T023309Z/org/excel_data_table06_forb,/home/dclng566/solver-build/uwrmaxsat/build/release/bin/uwrmaxsat,1af0283ba4ce003dbe3e4ae5b8e0d9bbcaf7fdd46af7b69b0eb4f2089aa4a5e8,/home/dclng566/solver-build/uwrmaxsat/build/release/bin/uwrmaxsat -m /tmp/org_tic-12crafc.forb0003_ahsq5pr0.wcnf,,,,,UWrMaxSAT,,,,traditional,pairwise+direct,,39,"1,2,3,4,5,6,7,8,9,10,11,12,13,14,15,16,17,18,19,20,21,22,23,24,25,26,27,28,29,30,31,32,33,34,35,36,39,41,42",,,,,,,,1: | 2: | 3: | 4: | 5: | 6: | 7: | 8:,,,,,0.013155,NOT_RUN
tic-12crafc.forb0007,b2b-73b3784d08c0e73c,forbidden,ORG-F-PW-DE-PSC-IRP-UW-OBIC12P,ORGFull,Pairwise,Direct-E,PerSlotCardinality,IdleRangePstar,UWrMaxSAT,OldBestIC12+,UNSAT,UNSAT,,,0.103339,False,139.316,14900,48563,6,48569,1000,13900,111813,40,baseline1__model-org_old_best_maxsat__m-full__p-pairwise__g-direct__b-per_slot_cardinality__o-idle_range_pstar__s-uwrmaxsat__i-old_best_ic12plus__fairness-none,baseline1__model-org_old_best_maxsat__m-full__p-pairwise__g-direct__b-per_slot_cardinality__o-idle_range_pstar__s-uwrmaxsat__i-old_best_ic12plus__fairness-none,legacy_full,pairwise,direct,UWrMaxSAT,UWrMaxSAT,binary-sha256:1af0283ba4ce003dbe3e4ae5b8e0d9bbcaf7fdd46af7b69b0eb4f2089aa4a5e8,org_old_best_ic12plus,per_slot_cardinality,internal_idle_slot_range_pstar,IRP,OBIC12P,111807,6,1,430,35338,12023,772,1,6,6,1,0,0,0,0,0,shared base CNF plus unit soft objective clauses for MaxSAT; SAT bound/totalizer overhead is reported separately in optimizer_added_* fields,1000,,,1000,0,,0,1,,0,0,0.000308,0.057276,0.057585,0.045755,"wall-clock from immediately before reading/parsing the .dzn instance through model construction, optimization, solution decoding, and independent validation; excludes worker-process startup and result-file export",,,,peak_process_tree_rss_mb,73b3784d08c0e73c6dd49aa054796fb507945f2a7cddae90222a06594ba0dac5,forb0007,data_table06_forb/tic-12crafc.forb0007.dzn,1,data_table06_forb/tic-12crafc.forb0007.dzn,1,data_table06_forb/tic-12crafc.forb0007.dzn,https://imae.udg.edu/Recerca/LAI/,https://ima.udg.edu/Recerca/lai/b2b/b2b.zip,,2026-07-23T02:33:53+00:00,7200.0,,20203e5553143da770fdc5d850d93b36d1269b33,True,3.10.12,1.9.dev7,instance-20260722-153126,Linux-6.8.0-1064-gcp-x86_64-with-glibc2.35,x86_64,4,8,15988.062,,/home/dclng566/projects/Business-Meeting-Scheduling-Problem/.venv/bin/python /home/dclng566/projects/Business-Meeting-Scheduling-Problem/src/ORG_new.py --data-dir data_table06_forb --timeout 7200 --uwrmaxsat-bin /home/dclng566/solver-build/uwrmaxsat/build/release/bin/uwrmaxsat --uwrmaxsat-sha256 1af0283ba4ce003dbe3e4ae5b8e0d9bbcaf7fdd46af7b69b0eb4f2089aa4a5e8 --csv /home/dclng566/projects/Business-Meeting-Scheduling-Problem/output/ic12p-gcp-ic12p-20260723T023309Z/org/data_table06_forb_org_new.csv --excel-dir /home/dclng566/projects/Business-Meeting-Scheduling-Problem/output/ic12p-gcp-ic12p-20260723T023309Z/org/excel_data_table06_forb,/home/dclng566/solver-build/uwrmaxsat/build/release/bin/uwrmaxsat,1af0283ba4ce003dbe3e4ae5b8e0d9bbcaf7fdd46af7b69b0eb4f2089aa4a5e8,/home/dclng566/solver-build/uwrmaxsat/build/release/bin/uwrmaxsat -m /tmp/org_tic-12crafc.forb0007_ewfeyuug.wcnf,,,,,UWrMaxSAT,,,,traditional,pairwise+direct,,39,"1,2,3,4,5,6,7,8,9,10,11,12,13,14,15,16,17,18,19,20,21,22,23,24,25,26,27,28,29,30,31,32,33,34,35,36,39,41,42",,,,,,,,1: | 2: | 3: | 4: | 5: | 6: | 7: | 8:,,,,,0.014203,NOT_RUN
tic-12.forb0003,b2b-84ec011d0463f3ce,forbidden,ORG-F-PW-DE-PSC-IRP-UW-OBIC12P,ORGFull,Pairwise,Direct-E,PerSlotCardinality,IdleRangePstar,UWrMaxSAT,OldBestIC12+,UNSAT,UNSAT,,,0.04875,False,152.566,5772,21395,6,21401,1000,4772,48405,40,baseline1__model-org_old_best_maxsat__m-full__p-pairwise__g-direct__b-per_slot_cardinality__o-idle_range_pstar__s-uwrmaxsat__i-old_best_ic12plus__fairness-none,baseline1__model-org_old_best_maxsat__m-full__p-pairwise__g-direct__b-per_slot_cardinality__o-idle_range_pstar__s-uwrmaxsat__i-old_best_ic12plus__fairness-none,legacy_full,pairwise,direct,UWrMaxSAT,UWrMaxSAT,binary-sha256:1af0283ba4ce003dbe3e4ae5b8e0d9bbcaf7fdd46af7b69b0eb4f2089aa4a5e8,org_old_best_ic12plus,per_slot_cardinality,internal_idle_slot_range_pstar,IRP,OBIC12P,48399,6,1,414,17274,2935,772,1,6,6,1,0,0,0,0,0,shared base CNF plus unit soft objective clauses for MaxSAT; SAT bound/totalizer overhead is reported separately in optimizer_added_* fields,1000,,,1000,0,,0,1,,0,0,0.000304,0.026327,0.026631,0.022119,"wall-clock from immediately before reading/parsing the .dzn instance through model construction, optimization, solution decoding, and independent validation; excludes worker-process startup and result-file export",,,,peak_process_tree_rss_mb,84ec011d0463f3cee2bd2f333cafa4285625b1510f0ee3a2e8ab33e157e26f54,forb0003,data_table06_forb/tic-12.forb0003.dzn,1,data_table06_forb/tic-12.forb0003.dzn,1,data_table06_forb/tic-12.forb0003.dzn,https://imae.udg.edu/Recerca/LAI/,https://ima.udg.edu/Recerca/lai/b2b/b2b.zip,,2026-07-23T02:33:53+00:00,7200.0,,20203e5553143da770fdc5d850d93b36d1269b33,True,3.10.12,1.9.dev7,instance-20260722-153126,Linux-6.8.0-1064-gcp-x86_64-with-glibc2.35,x86_64,4,8,15988.062,,/home/dclng566/projects/Business-Meeting-Scheduling-Problem/.venv/bin/python /home/dclng566/projects/Business-Meeting-Scheduling-Problem/src/ORG_new.py --data-dir data_table06_forb --timeout 7200 --uwrmaxsat-bin /home/dclng566/solver-build/uwrmaxsat/build/release/bin/uwrmaxsat --uwrmaxsat-sha256 1af0283ba4ce003dbe3e4ae5b8e0d9bbcaf7fdd46af7b69b0eb4f2089aa4a5e8 --csv /home/dclng566/projects/Business-Meeting-Scheduling-Problem/output/ic12p-gcp-ic12p-20260723T023309Z/org/data_table06_forb_org_new.csv --excel-dir /home/dclng566/projects/Business-Meeting-Scheduling-Problem/output/ic12p-gcp-ic12p-20260723T023309Z/org/excel_data_table06_forb,/home/dclng566/solver-build/uwrmaxsat/build/release/bin/uwrmaxsat,1af0283ba4ce003dbe3e4ae5b8e0d9bbcaf7fdd46af7b69b0eb4f2089aa4a5e8,/home/dclng566/solver-build/uwrmaxsat/build/release/bin/uwrmaxsat -m /tmp/org_tic-12.forb0003_miwxjnha.wcnf,,,,,UWrMaxSAT,,,,traditional,pairwise+direct,,39,"1,2,3,4,5,6,7,8,9,10,11,12,13,14,15,16,17,18,19,20,21,22,23,24,25,26,27,28,29,30,31,32,33,34,35,36,39,41,42",,,,,,,,1: | 2: | 3: | 4: | 5: | 6: | 7: | 8:,,,,,0.008226,NOT_RUN
forum-13.forb0003,b2b-86c3fb70b217e535,forbidden,ORG-F-PW-DE-PSC-IRP-UW-OBIC12P,ORGFull,Pairwise,Direct-E,PerSlotCardinality,IdleRangePstar,UWrMaxSAT,OldBestIC12+,OPTIMAL,SAT,0,0,4.729795,False,231.105,130863,361823,19,361842,3234,127629,839565,59,baseline1__model-org_old_best_maxsat__m-full__p-pairwise__g-direct__b-per_slot_cardinality__o-idle_range_pstar__s-uwrmaxsat__i-old_best_ic12plus__fairness-none,baseline1__model-org_old_best_maxsat__m-full__p-pairwise__g-direct__b-per_slot_cardinality__o-idle_range_pstar__s-uwrmaxsat__i-old_best_ic12plus__fairness-none,legacy_full,pairwise,direct,UWrMaxSAT,UWrMaxSAT,binary-sha256:1af0283ba4ce003dbe3e4ae5b8e0d9bbcaf7fdd46af7b69b0eb4f2089aa4a5e8,org_old_best_ic12plus,per_slot_cardinality,internal_idle_slot_range_pstar,IRP,OBIC12P,839546,19,1,1258,252104,105592,2869,1,19,19,1,0,0,0,0,0,shared base CNF plus unit soft objective clauses for MaxSAT; SAT bound/totalizer overhead is reported separately in optimizer_added_* fields,3234,,,3234,0,,0,1,,0,0,0.00034,0.423146,0.423486,4.306309,"wall-clock from immediately before reading/parsing the .dzn instance through model construction, optimization, solution decoding, and independent validation; excludes worker-process startup and result-file export",0,58,1,peak_process_tree_rss_mb,86c3fb70b217e535b344f6045cbf3e122be256f047e04a7bc4e9f1a0c2e0e4dd,forb0003,data_table06_forb/forum-13.forb0003.dzn,2,data_table06_forb/forum-13.forb0003.dzn | data_table06_forb/ticf-13crafa.forb0003.dzn,2,data_table06_forb/forum-13.forb0003.dzn | data_table06_forb/ticf-13crafa.forb0003.dzn,https://imae.udg.edu/Recerca/LAI/,https://ima.udg.edu/Recerca/lai/b2b/b2b.zip,,2026-07-23T02:33:53+00:00,7200.0,,20203e5553143da770fdc5d850d93b36d1269b33,True,3.10.12,1.9.dev7,instance-20260722-153126,Linux-6.8.0-1064-gcp-x86_64-with-glibc2.35,x86_64,4,8,15988.062,,/home/dclng566/projects/Business-Meeting-Scheduling-Problem/.venv/bin/python /home/dclng566/projects/Business-Meeting-Scheduling-Problem/src/ORG_new.py --data-dir data_table06_forb --timeout 7200 --uwrmaxsat-bin /home/dclng566/solver-build/uwrmaxsat/build/release/bin/uwrmaxsat --uwrmaxsat-sha256 1af0283ba4ce003dbe3e4ae5b8e0d9bbcaf7fdd46af7b69b0eb4f2089aa4a5e8 --csv /home/dclng566/projects/Business-Meeting-Scheduling-Problem/output/ic12p-gcp-ic12p-20260723T023309Z/org/data_table06_forb_org_new.csv --excel-dir /home/dclng566/projects/Business-Meeting-Scheduling-Problem/output/ic12p-gcp-ic12p-20260723T023309Z/org/excel_data_table06_forb,/home/dclng566/solver-build/uwrmaxsat/build/release/bin/uwrmaxsat,1af0283ba4ce003dbe3e4ae5b8e0d9bbcaf7fdd46af7b69b0eb4f2089aa4a5e8,/home/dclng566/solver-build/uwrmaxsat/build/release/bin/uwrmaxsat -m /tmp/org_forum-13.forb0003_5w0gzep9.wcnf,,,,,UWrMaxSAT,,,,traditional,pairwise+direct,0,58,"1,2,3,4,5,6,7,8,9,10,11,12,13,14,15,16,18,19,23,24,25,26,27,28,29,30,31,32,33,34,35,36,37,38,39,40,41,42,44,45,46,47,48,49,50,52,53,54,56,57,59,60,62,63,64,65,66,70",,,,,,,,1:M108 M133 M147 | 2:M16 M88 M113 M121 M132 M148 | 3:M18 M48 M74 M87 M112 M120 M122 M136 | 4:M4 M15 M72 M84 M92 M105 M119 M128 M143 | 5:M2 M17 M35 M57 M66 M68 M86 M93 M111 M116 M130 M144 | 6:M3 M13 M32 M38 M54 M62 M64 M73 M85 M97 M100 M110 M129 M142 | 7:M7 M12 M21 M29 M40 M56 M67 M70 M83 M90 M106 M114 M137 M153 | 8:M6 M14 M19 M28 M34 M46 M51 M65 M77 M94 M101 M115 M127 M149 | 9:M31 M37 M47 M53 M61 M69 M78 M98 M103 M107 M118 M123 M135 M154 | 10:M8 M11 M24 M27 M63 M71 M79 M91 M104 M109 M117 M126 M134 M151 | 11:M9 M23 M26 M30 M39 M42 M50 M60 M82 M89 M99 M131 M141 M152 | 12:M1 M22 M25 M36 M41 M49 M58 M76 M81 M96 M102 M125 M145 | 13:M5 M20 M33 M55 M59 M75 M80 M124 M138 M150 | 14:M10 M45 M52 M95 M146 | 15:M43 M44 M139 | 16:M140 | 17: | 18: | 19: | 20: | 21:,,"M1:T12,M2:T5,M3:T6,M4:T4,M5:T13,M6:T8,M7:T7,M8:T10,M9:T11,M10:T14,M11:T10,M12:T7,M13:T6,M14:T8,M15:T4,M16:T2,M17:T5,M18:T3,M19:T8,M20:T13,M21:T7,M22:T12,M23:T11,M24:T10,M25:T12,M26:T11,M27:T10,M28:T8,M29:T7,M30:T11,M31:T9,M32:T6,M33:T13,M34:T8,M35:T5,M36:T12,M37:T9,M38:T6,M39:T11,M40:T7,M41:T12,M42:T11,M43:T15,M44:T15,M45:T14,M46:T8,M47:T9,M48:T3,M49:T12,M50:T11,M51:T8,M52:T14,M53:T9,M54:T6,M55:T13,M56:T7,M57:T5,M58:T12,M59:T13,M60:T11,M61:T9,M62:T6,M63:T10,M64:T6,M65:T8,M66:T5,M67:T7,M68:T5,M69:T9,M70:T7,M71:T10,M72:T4,M73:T6,M74:T3,M75:T13,M76:T12,M77:T8,M78:T9,M79:T10,M80:T13,M81:T12,M82:T11,M83:T7,M84:T4,M85:T6,M86:T5,M87:T3,M88:T2,M89:T11,M90:T7,M91:T10,M92:T4,M93:T5,M94:T8,M95:T14,M96:T12,M97:T6,M98:T9,M99:T11,M100:T6,M101:T8,M102:T12,M103:T9,M104:T10,M105:T4,M106:T7,M107:T9,M108:T1,M109:T10,M110:T6,M111:T5,M112:T3,M113:T2,M114:T7,M115:T8,M116:T5,M117:T10,M118:T9,M119:T4,M120:T3,M121:T2,M122:T3,M123:T9,M124:T13,M125:T12,M126:T10,M127:T8,M128:T4,M129:T6,M130:T5,M131:T11,M132:T2,M133:T1,M134:T10,M135:T9,M136:T3,M137:T7,M138:T13,M139:T15,M140:T16,M141:T11,M142:T6,M143:T4,M144:T5,M145:T12,M146:T14,M147:T1,M148:T2,M149:T8,M150:T13,M151:T10,M152:T11,M153:T7,M154:T9","1,1,1,1,1,1,1,1,1,1,1,1,1,1,1,1,0,1,1,0,0,0,1,1,1,1,1,1,1,1,1,1,1,1,1,1,1,1,1,1,1,1,0,1,1,1,1,1,1,1,0,1,1,1,0,1,1,0,1,1,0,1,1,1,1,1,0,0,0,1",0,4.048192,PASSED
forumt-14.forb0003,b2b-914fbce8ca06e323,forbidden,ORG-F-PW-DE-PSC-IRP-UW-OBIC12P,ORGFull,Pairwise,Direct-E,PerSlotCardinality,IdleRangePstar,UWrMaxSAT,OldBestIC12+,OPTIMAL,SAT,0,0,0.414878,False,156.895,27752,92556,7,92563,2370,25382,211877,60,baseline1__model-org_old_best_maxsat__m-full__p-pairwise__g-direct__b-per_slot_cardinality__o-idle_range_pstar__s-uwrmaxsat__i-old_best_ic12plus__fairness-none,baseline1__model-org_old_best_maxsat__m-full__p-pairwise__g-direct__b-per_slot_cardinality__o-idle_range_pstar__s-uwrmaxsat__i-old_best_ic12plus__fairness-none,legacy_full,pairwise,direct,UWrMaxSAT,UWrMaxSAT,binary-sha256:1af0283ba4ce003dbe3e4ae5b8e0d9bbcaf7fdd46af7b69b0eb4f2089aa4a5e8,org_old_best_ic12plus,per_slot_cardinality,internal_idle_slot_range_pstar,IRP,OBIC12P,211870,7,1,699,70210,20091,1556,1,7,7,1,0,0,0,0,0,shared base CNF plus unit soft objective clauses for MaxSAT; SAT bound/totalizer overhead is reported separately in optimizer_added_* fields,2370,,,2370,0,,0,1,,0,0,0.000434,0.106158,0.106592,0.308286,"wall-clock from immediately before reading/parsing the .dzn instance through model construction, optimization, solution decoding, and independent validation; excludes worker-process startup and result-file export",0,0,0,peak_process_tree_rss_mb,914fbce8ca06e3233a0f6dcdad07dd221935aa429136a0ec130768a8a4a067bd,forb0003,data_table06_forb/forumt-14.forb0003.dzn,2,data_table06_forb/forumt-14.forb0003.dzn | data_table06_forb/tic-14crafa.forb0003.dzn,2,data_table06_forb/forumt-14.forb0003.dzn | data_table06_forb/tic-14crafa.forb0003.dzn,https://imae.udg.edu/Recerca/LAI/,https://ima.udg.edu/Recerca/lai/b2b/b2b.zip,,2026-07-23T02:33:53+00:00,7200.0,,20203e5553143da770fdc5d850d93b36d1269b33,True,3.10.12,1.9.dev7,instance-20260722-153126,Linux-6.8.0-1064-gcp-x86_64-with-glibc2.35,x86_64,4,8,15988.062,,/home/dclng566/projects/Business-Meeting-Scheduling-Problem/.venv/bin/python /home/dclng566/projects/Business-Meeting-Scheduling-Problem/src/ORG_new.py --data-dir data_table06_forb --timeout 7200 --uwrmaxsat-bin /home/dclng566/solver-build/uwrmaxsat/build/release/bin/uwrmaxsat --uwrmaxsat-sha256 1af0283ba4ce003dbe3e4ae5b8e0d9bbcaf7fdd46af7b69b0eb4f2089aa4a5e8 --csv /home/dclng566/projects/Business-Meeting-Scheduling-Problem/output/ic12p-gcp-ic12p-20260723T023309Z/org/data_table06_forb_org_new.csv --excel-dir /home/dclng566/projects/Business-Meeting-Scheduling-Problem/output/ic12p-gcp-ic12p-20260723T023309Z/org/excel_data_table06_forb,/home/dclng566/solver-build/uwrmaxsat/build/release/bin/uwrmaxsat,1af0283ba4ce003dbe3e4ae5b8e0d9bbcaf7fdd46af7b69b0eb4f2089aa4a5e8,/home/dclng566/solver-build/uwrmaxsat/build/release/bin/uwrmaxsat -m /tmp/org_forumt-14.forb0003_42op_8so.wcnf,,,,,UWrMaxSAT,,,,traditional,pairwise+direct,0,59,"1,2,3,4,5,6,7,8,9,10,11,12,13,14,15,16,17,18,20,21,22,23,24,25,26,27,28,29,30,31,32,33,34,35,36,37,38,39,40,41,42,43,44,45,46,47,48,49,50,51,52,53,54,55,56,57,58,59,60",,,,,,,,1:M13 M28 M41 M64 M73 M82 M105 M115 M135 M142 M147 M156 M161 M170 M177 M195 M210 M221 | 2:M18 M19 M21 M38 M49 M58 M68 M71 M78 M99 M116 M137 M143 M150 M152 M162 M174 M184 M198 M204 M227 | 3:M6 M9 M15 M22 M26 M31 M59 M65 M72 M85 M103 M108 M133 M146 M148 M160 M168 M183 M201 M205 M211 M219 M225 | 4:M5 M16 M25 M29 M35 M47 M51 M57 M84 M94 M100 M106 M119 M130 M140 M157 M167 M171 M185 M197 M208 M212 M220 M231 M235 | 5:M3 M12 M36 M39 M46 M53 M60 M63 M80 M92 M97 M102 M107 M121 M126 M134 M149 M159 M173 M176 M191 M193 M199 M213 M216 M224 M229 | 6:M8 M17 M24 M32 M45 M50 M54 M66 M86 M89 M93 M104 M111 M117 M125 M131 M141 M155 M163 M175 M182 M190 M200 M209 M222 M237 | 7:M1 M10 M11 M30 M33 M37 M44 M52 M70 M76 M81 M87 M95 M113 M120 M128 M136 M153 M169 M179 M187 M206 M215 M228 M230 M236 | 8:M7 M20 M34 M48 M55 M62 M75 M83 M90 M98 M101 M109 M124 M127 M139 M154 M164 M178 M180 M188 M196 M203 M214 M218 M226 M234 | 9:M2 M14 M23 M27 M40 M43 M61 M67 M77 M91 M96 M110 M114 M122 M129 M138 M144 M158 M166 M181 M192 M207 M217 M223 M232 | 10:M4 M42 M56 M69 M74 M79 M88 M112 M118 M123 M132 M145 M151 M165 M172 M186 M189 M194 M202 M233,,"M1:T7,M2:T9,M3:T5,M4:T10,M5:T4,M6:T3,M7:T8,M8:T6,M9:T3,M10:T7,M11:T7,M12:T5,M13:T1,M14:T9,M15:T3,M16:T4,M17:T6,M18:T2,M19:T2,M20:T8,M21:T2,M22:T3,M23:T9,M24:T6,M25:T4,M26:T3,M27:T9,M28:T1,M29:T4,M30:T7,M31:T3,M32:T6,M33:T7,M34:T8,M35:T4,M36:T5,M37:T7,M38:T2,M39:T5,M40:T9,M41:T1,M42:T10,M43:T9,M44:T7,M45:T6,M46:T5,M47:T4,M48:T8,M49:T2,M50:T6,M51:T4,M52:T7,M53:T5,M54:T6,M55:T8,M56:T10,M57:T4,M58:T2,M59:T3,M60:T5,M61:T9,M62:T8,M63:T5,M64:T1,M65:T3,M66:T6,M67:T9,M68:T2,M69:T10,M70:T7,M71:T2,M72:T3,M73:T1,M74:T10,M75:T8,M76:T7,M77:T9,M78:T2,M79:T10,M80:T5,M81:T7,M82:T1,M83:T8,M84:T4,M85:T3,M86:T6,M87:T7,M88:T10,M89:T6,M90:T8,M91:T9,M92:T5,M93:T6,M94:T4,M95:T7,M96:T9,M97:T5,M98:T8,M99:T2,M100:T4,M101:T8,M102:T5,M103:T3,M104:T6,M105:T1,M106:T4,M107:T5,M108:T3,M109:T8,M110:T9,M111:T6,M112:T10,M113:T7,M114:T9,M115:T1,M116:T2,M117:T6,M118:T10,M119:T4,M120:T7,M121:T5,M122:T9,M123:T10,M124:T8,M125:T6,M126:T5,M127:T8,M128:T7,M129:T9,M130:T4,M131:T6,M132:T10,M133:T3,M134:T5,M135:T1,M136:T7,M137:T2,M138:T9,M139:T8,M140:T4,M141:T6,M142:T1,M143:T2,M144:T9,M145:T10,M146:T3,M147:T1,M148:T3,M149:T5,M150:T2,M151:T10,M152:T2,M153:T7,M154:T8,M155:T6,M156:T1,M157:T4,M158:T9,M159:T5,M160:T3,M161:T1,M162:T2,M163:T6,M164:T8,M165:T10,M166:T9,M167:T4,M168:T3,M169:T7,M170:T1,M171:T4,M172:T10,M173:T5,M174:T2,M175:T6,M176:T5,M177:T1,M178:T8,M179:T7,M180:T8,M181:T9,M182:T6,M183:T3,M184:T2,M185:T4,M186:T10,M187:T7,M188:T8,M189:T10,M190:T6,M191:T5,M192:T9,M193:T5,M194:T10,M195:T1,M196:T8,M197:T4,M198:T2,M199:T5,M200:T6,M201:T3,M202:T10,M203:T8,M204:T2,M205:T3,M206:T7,M207:T9,M208:T4,M209:T6,M210:T1,M211:T3,M212:T4,M213:T5,M214:T8,M215:T7,M216:T5,M217:T9,M218:T8,M219:T3,M220:T4,M221:T1,M222:T6,M223:T9,M224:T5,M225:T3,M226:T8,M227:T2,M228:T7,M229:T5,M230:T7,M231:T4,M232:T9,M233:T10,M234:T8,M235:T4,M236:T7,M237:T6","0,0,0,0,0,0,0,0,0,0,0,0,0,0,0,0,0,0,0,0,0,0,0,0,0,0,0,0,0,0,0,0,0,0,0,0,0,0,0,0,0,0,0,0,0,0,0,0,0,0,0,0,0,0,0,0,0,0,0,0",0,0.242891,PASSED
tic-13crafc.forb0007,b2b-9941602cc38f4c9a,forbidden,ORG-F-PW-DE-PSC-IRP-UW-OBIC12P,ORGFull,Pairwise,Direct-E,PerSlotCardinality,IdleRangePstar,UWrMaxSAT,OldBestIC12+,UNSAT,UNSAT,,,0.16934,False,176.227,24375,78874,6,78880,1800,22575,180909,46,baseline1__model-org_old_best_maxsat__m-full__p-pairwise__g-direct__b-per_slot_cardinality__o-idle_range_pstar__s-uwrmaxsat__i-old_best_ic12plus__fairness-none,baseline1__model-org_old_best_maxsat__m-full__p-pairwise__g-direct__b-per_slot_cardinality__o-idle_range_pstar__s-uwrmaxsat__i-old_best_ic12plus__fairness-none,legacy_full,pairwise,direct,UWrMaxSAT,UWrMaxSAT,binary-sha256:1af0283ba4ce003dbe3e4ae5b8e0d9bbcaf7fdd46af7b69b0eb4f2089aa4a5e8,org_old_best_ic12plus,per_slot_cardinality,internal_idle_slot_range_pstar,IRP,OBIC12P,180903,6,1,503,59058,18124,1189,1,6,6,1,0,0,0,0,0,shared base CNF plus unit soft objective clauses for MaxSAT; SAT bound/totalizer overhead is reported separately in optimizer_added_* fields,1800,,,1800,0,,0,1,,0,0,0.000411,0.092624,0.093035,0.076305,"wall-clock from immediately before reading/parsing the .dzn instance through model construction, optimization, solution decoding, and independent validation; excludes worker-process startup and result-file export",,,,peak_process_tree_rss_mb,9941602cc38f4c9ac6735c7764cbbd83f4c994da4e31402742629d1aacab42ce,forb0007,data_table06_forb/tic-13crafc.forb0007.dzn,1,data_table06_forb/tic-13crafc.forb0007.dzn,1,data_table06_forb/tic-13crafc.forb0007.dzn,https://imae.udg.edu/Recerca/LAI/,https://ima.udg.edu/Recerca/lai/b2b/b2b.zip,,2026-07-23T02:33:53+00:00,7200.0,,20203e5553143da770fdc5d850d93b36d1269b33,True,3.10.12,1.9.dev7,instance-20260722-153126,Linux-6.8.0-1064-gcp-x86_64-with-glibc2.35,x86_64,4,8,15988.062,,/home/dclng566/projects/Business-Meeting-Scheduling-Problem/.venv/bin/python /home/dclng566/projects/Business-Meeting-Scheduling-Problem/src/ORG_new.py --data-dir data_table06_forb --timeout 7200 --uwrmaxsat-bin /home/dclng566/solver-build/uwrmaxsat/build/release/bin/uwrmaxsat --uwrmaxsat-sha256 1af0283ba4ce003dbe3e4ae5b8e0d9bbcaf7fdd46af7b69b0eb4f2089aa4a5e8 --csv /home/dclng566/projects/Business-Meeting-Scheduling-Problem/output/ic12p-gcp-ic12p-20260723T023309Z/org/data_table06_forb_org_new.csv --excel-dir /home/dclng566/projects/Business-Meeting-Scheduling-Problem/output/ic12p-gcp-ic12p-20260723T023309Z/org/excel_data_table06_forb,/home/dclng566/solver-build/uwrmaxsat/build/release/bin/uwrmaxsat,1af0283ba4ce003dbe3e4ae5b8e0d9bbcaf7fdd46af7b69b0eb4f2089aa4a5e8,/home/dclng566/solver-build/uwrmaxsat/build/release/bin/uwrmaxsat -m /tmp/org_tic-13crafc.forb0007_b2amj26e.wcnf,,,,,UWrMaxSAT,,,,traditional,pairwise+direct,,45,"1,3,4,5,6,7,8,9,10,11,12,13,14,15,16,17,18,19,20,21,22,23,24,25,26,27,28,29,30,31,32,33,34,35,36,37,38,40,41,42,43,44,45,46,47",,,,,,,,1: | 2: | 3: | 4: | 5: | 6: | 7: | 8: | 9: | 10:,,,,,0.024909,NOT_RUN
forumt-14crafc.forb0007,b2b-9ca554a8cfe9d1ab,forbidden,ORG-F-PW-DE-PSC-IRP-UW-OBIC12P,ORGFull,Pairwise,Direct-E,PerSlotCardinality,IdleRangePstar,UWrMaxSAT,OldBestIC12+,UNSAT,UNSAT,,,0.18946,False,136.223,27972,93038,7,93045,2370,25602,213019,60,baseline1__model-org_old_best_maxsat__m-full__p-pairwise__g-direct__b-per_slot_cardinality__o-idle_range_pstar__s-uwrmaxsat__i-old_best_ic12plus__fairness-none,baseline1__model-org_old_best_maxsat__m-full__p-pairwise__g-direct__b-per_slot_cardinality__o-idle_range_pstar__s-uwrmaxsat__i-old_best_ic12plus__fairness-none,legacy_full,pairwise,direct,UWrMaxSAT,UWrMaxSAT,binary-sha256:1af0283ba4ce003dbe3e4ae5b8e0d9bbcaf7fdd46af7b69b0eb4f2089aa4a5e8,org_old_best_ic12plus,per_slot_cardinality,internal_idle_slot_range_pstar,IRP,OBIC12P,213012,7,1,721,70470,20291,1556,1,7,7,1,0,0,0,0,0,shared base CNF plus unit soft objective clauses for MaxSAT; SAT bound/totalizer overhead is reported separately in optimizer_added_* fields,2370,,,2370,0,,0,1,,0,0,0.000433,0.102498,0.102931,0.086529,"wall-clock from immediately before reading/parsing the .dzn instance through model construction, optimization, solution decoding, and independent validation; excludes worker-process startup and result-file export",,,,peak_process_tree_rss_mb,9ca554a8cfe9d1ab832ef80dab71f6da620952bbdd7dfe9198e1b527d9de5441,forb0007,data_table06_forb/forumt-14crafc.forb0007.dzn,2,data_table06_forb/forumt-14crafc.forb0007.dzn | data_table06_forb/tic-14crafc.forb0007.dzn,2,data_table06_forb/forumt-14crafc.forb0007.dzn | data_table06_forb/tic-14crafc.forb0007.dzn,https://imae.udg.edu/Recerca/LAI/,https://ima.udg.edu/Recerca/lai/b2b/b2b.zip,,2026-07-23T02:33:53+00:00,7200.0,,20203e5553143da770fdc5d850d93b36d1269b33,True,3.10.12,1.9.dev7,instance-20260722-153126,Linux-6.8.0-1064-gcp-x86_64-with-glibc2.35,x86_64,4,8,15988.062,,/home/dclng566/projects/Business-Meeting-Scheduling-Problem/.venv/bin/python /home/dclng566/projects/Business-Meeting-Scheduling-Problem/src/ORG_new.py --data-dir data_table06_forb --timeout 7200 --uwrmaxsat-bin /home/dclng566/solver-build/uwrmaxsat/build/release/bin/uwrmaxsat --uwrmaxsat-sha256 1af0283ba4ce003dbe3e4ae5b8e0d9bbcaf7fdd46af7b69b0eb4f2089aa4a5e8 --csv /home/dclng566/projects/Business-Meeting-Scheduling-Problem/output/ic12p-gcp-ic12p-20260723T023309Z/org/data_table06_forb_org_new.csv --excel-dir /home/dclng566/projects/Business-Meeting-Scheduling-Problem/output/ic12p-gcp-ic12p-20260723T023309Z/org/excel_data_table06_forb,/home/dclng566/solver-build/uwrmaxsat/build/release/bin/uwrmaxsat,1af0283ba4ce003dbe3e4ae5b8e0d9bbcaf7fdd46af7b69b0eb4f2089aa4a5e8,/home/dclng566/solver-build/uwrmaxsat/build/release/bin/uwrmaxsat -m /tmp/org_forumt-14crafc.forb0007_u2mvl5y4.wcnf,,,,,UWrMaxSAT,,,,traditional,pairwise+direct,,59,"1,2,3,4,5,6,7,8,9,10,11,12,13,14,15,16,17,18,20,21,22,23,24,25,26,27,28,29,30,31,32,33,34,35,36,37,38,39,40,41,42,43,44,45,46,47,48,49,50,51,52,53,54,55,56,57,58,59,60",,,,,,,,1: | 2: | 3: | 4: | 5: | 6: | 7: | 8: | 9: | 10:,,,,,0.026627,NOT_RUN
forum-14.forb0003,b2b-9f40198b940d15c1,forbidden,ORG-F-PW-DE-PSC-IRP-UW-OBIC12P,ORGFull,Pairwise,Direct-E,PerSlotCardinality,IdleRangePstar,UWrMaxSAT,OldBestIC12+,OPTIMAL,SAT,0,0,7.182287,False,316.617,162425,490926,20,490946,6644,155781,1128892,73,baseline1__model-org_old_best_maxsat__m-full__p-pairwise__g-direct__b-per_slot_cardinality__o-idle_range_pstar__s-uwrmaxsat__i-old_best_ic12plus__fairness-none,baseline1__model-org_old_best_maxsat__m-full__p-pairwise__g-direct__b-per_slot_cardinality__o-idle_range_pstar__s-uwrmaxsat__i-old_best_ic12plus__fairness-none,legacy_full,pairwise,direct,UWrMaxSAT,UWrMaxSAT,binary-sha256:1af0283ba4ce003dbe3e4ae5b8e0d9bbcaf7fdd46af7b69b0eb4f2089aa4a5e8,org_old_best_ic12plus,per_slot_cardinality,internal_idle_slot_range_pstar,IRP,OBIC12P,1128872,20,1,1637,358632,126357,4300,1,20,20,1,0,0,0,0,0,shared base CNF plus unit soft objective clauses for MaxSAT; SAT bound/totalizer overhead is reported separately in optimizer_added_* fields,6644,,,6644,0,,0,1,,0,0,0.000514,0.60655,0.607065,6.575222,"wall-clock from immediately before reading/parsing the .dzn instance through model construction, optimization, solution decoding, and independent validation; excludes worker-process startup and result-file export",0,0,0,peak_process_tree_rss_mb,9f40198b940d15c1288198ac8af360d3679d0c7c34dd44180c705cdcfe9430c4,forb0003,data_table06_forb/forum-14.forb0003.dzn,2,data_table06_forb/forum-14.forb0003.dzn | data_table06_forb/ticf-14crafa.forb0003.dzn,2,data_table06_forb/forum-14.forb0003.dzn | data_table06_forb/ticf-14crafa.forb0003.dzn,https://imae.udg.edu/Recerca/LAI/,https://ima.udg.edu/Recerca/lai/b2b/b2b.zip,,2026-07-23T02:33:53+00:00,7200.0,,20203e5553143da770fdc5d850d93b36d1269b33,True,3.10.12,1.9.dev7,instance-20260722-153126,Linux-6.8.0-1064-gcp-x86_64-with-glibc2.35,x86_64,4,8,15988.062,,/home/dclng566/projects/Business-Meeting-Scheduling-Problem/.venv/bin/python /home/dclng566/projects/Business-Meeting-Scheduling-Problem/src/ORG_new.py --data-dir data_table06_forb --timeout 7200 --uwrmaxsat-bin /home/dclng566/solver-build/uwrmaxsat/build/release/bin/uwrmaxsat --uwrmaxsat-sha256 1af0283ba4ce003dbe3e4ae5b8e0d9bbcaf7fdd46af7b69b0eb4f2089aa4a5e8 --csv /home/dclng566/projects/Business-Meeting-Scheduling-Problem/output/ic12p-gcp-ic12p-20260723T023309Z/org/data_table06_forb_org_new.csv --excel-dir /home/dclng566/projects/Business-Meeting-Scheduling-Problem/output/ic12p-gcp-ic12p-20260723T023309Z/org/excel_data_table06_forb,/home/dclng566/solver-build/uwrmaxsat/build/release/bin/uwrmaxsat,1af0283ba4ce003dbe3e4ae5b8e0d9bbcaf7fdd46af7b69b0eb4f2089aa4a5e8,/home/dclng566/solver-build/uwrmaxsat/build/release/bin/uwrmaxsat -m /tmp/org_forum-14.forb0003_5ve_ngfy.wcnf,,,,,UWrMaxSAT,,,,traditional,pairwise+direct,0,72,"1,2,3,4,5,6,8,9,11,12,14,17,19,20,21,22,23,24,25,26,27,28,29,30,31,32,33,34,35,36,37,38,39,40,41,42,43,44,45,46,47,48,49,50,51,52,53,54,55,56,57,58,59,60,61,62,63,64,65,66,67,68,69,70,71,72,73,74,75,76,77,78",,,,,,,,1:M20 M149 M233 M265 M295 | 2:M17 M54 M145 M184 M227 M263 M301 | 3:M69 M118 M130 M147 M166 M180 M235 M260 M293 | 4:M71 M106 M116 M129 M150 M185 M220 M243 M270 M279 M300 | 5:M47 M68 M104 M126 M142 M144 M169 M175 M224 M242 M267 M280 M302 | 6:M13 M37 M85 M102 M122 M128 M146 M157 M176 M190 M217 M221 M241 M244 M261 M282 M298 | 7:M12 M35 M53 M73 M81 M107 M119 M131 M132 M148 M182 M187 M196 M214 M231 M240 M247 M269 M276 M296 | 8:M18 M33 M50 M55 M74 M87 M89 M108 M120 M124 M158 M164 M189 M195 M215 M222 M251 M256 M266 M283 M292 | 9:M2 M19 M25 M46 M57 M72 M77 M103 M117 M140 M143 M153 M165 M177 M188 M198 M212 M239 M248 M253 M264 M299 | 10:M7 M16 M21 M34 M51 M56 M59 M75 M90 M105 M121 M173 M181 M193 M201 M207 M234 M250 M258 M262 M278 M297 | 11:M14 M38 M45 M58 M67 M70 M96 M101 M109 M127 M161 M183 M192 M197 M205 M213 M225 M246 M255 M268 M277 M291 | 12:M5 M15 M28 M52 M60 M76 M91 M95 M123 M125 M135 M155 M159 M191 M204 M211 M237 M252 M257 M259 M281 M294 | 13:M4 M6 M23 M29 M42 M84 M97 M111 M115 M133 M156 M160 M168 M179 M186 M202 M209 M229 M249 M254 M271 M285 | 14:M8 M11 M22 M26 M40 M62 M65 M82 M88 M98 M110 M139 M171 M194 M199 M210 M232 M245 M274 M284 | 15:M1 M10 M27 M44 M61 M66 M100 M113 M134 M152 M174 M206 M208 M238 M273 M286 | 16:M9 M24 M41 M64 M99 M114 M138 M151 M162 M178 M200 M216 M230 M272 M287 M289 | 17:M3 M30 M32 M79 M112 M136 M154 M170 M203 M223 M275 M290 | 18:M31 M48 M63 M80 M92 M141 M172 M226 M288 | 19:M43 M83 M93 M137 M163 M219 | 20:M39 M49 M78 M94 M236 | 21:M86 M167 M218 | 22:M36 M228,,"M1:T15,M2:T9,M3:T17,M4:T13,M5:T12,M6:T13,M7:T10,M8:T14,M9:T16,M10:T15,M11:T14,M12:T7,M13:T6,M14:T11,M15:T12,M16:T10,M17:T2,M18:T8,M19:T9,M20:T1,M21:T10,M22:T14,M23:T13,M24:T16,M25:T9,M26:T14,M27:T15,M28:T12,M29:T13,M30:T17,M31:T18,M32:T17,M33:T8,M34:T10,M35:T7,M36:T22,M37:T6,M38:T11,M39:T20,M40:T14,M41:T16,M42:T13,M43:T19,M44:T15,M45:T11,M46:T9,M47:T5,M48:T18,M49:T20,M50:T8,M51:T10,M52:T12,M53:T7,M54:T2,M55:T8,M56:T10,M57:T9,M58:T11,M59:T10,M60:T12,M61:T15,M62:T14,M63:T18,M64:T16,M65:T14,M66:T15,M67:T11,M68:T5,M69:T3,M70:T11,M71:T4,M72:T9,M73:T7,M74:T8,M75:T10,M76:T12,M77:T9,M78:T20,M79:T17,M80:T18,M81:T7,M82:T14,M83:T19,M84:T13,M85:T6,M86:T21,M87:T8,M88:T14,M89:T8,M90:T10,M91:T12,M92:T18,M93:T19,M94:T20,M95:T12,M96:T11,M97:T13,M98:T14,M99:T16,M100:T15,M101:T11,M102:T6,M103:T9,M104:T5,M105:T10,M106:T4,M107:T7,M108:T8,M109:T11,M110:T14,M111:T13,M112:T17,M113:T15,M114:T16,M115:T13,M116:T4,M117:T9,M118:T3,M119:T7,M120:T8,M121:T10,M122:T6,M123:T12,M124:T8,M125:T12,M126:T5,M127:T11,M128:T6,M129:T4,M130:T3,M131:T7,M132:T7,M133:T13,M134:T15,M135:T12,M136:T17,M137:T19,M138:T16,M139:T14,M140:T9,M141:T18,M142:T5,M143:T9,M144:T5,M145:T2,M146:T6,M147:T3,M148:T7,M149:T1,M150:T4,M151:T16,M152:T15,M153:T9,M154:T17,M155:T12,M156:T13,M157:T6,M158:T8,M159:T12,M160:T13,M161:T11,M162:T16,M163:T19,M164:T8,M165:T9,M166:T3,M167:T21,M168:T13,M169:T5,M170:T17,M171:T14,M172:T18,M173:T10,M174:T15,M175:T5,M176:T6,M177:T9,M178:T16,M179:T13,M180:T3,M181:T10,M182:T7,M183:T11,M184:T2,M185:T4,M186:T13,M187:T7,M188:T9,M189:T8,M190:T6,M191:T12,M192:T11,M193:T10,M194:T14,M195:T8,M196:T7,M197:T11,M198:T9,M199:T14,M200:T16,M201:T10,M202:T13,M203:T17,M204:T12,M205:T11,M206:T15,M207:T10,M208:T15,M209:T13,M210:T14,M211:T12,M212:T9,M213:T11,M214:T7,M215:T8,M216:T16,M217:T6,M218:T21,M219:T19,M220:T4,M221:T6,M222:T8,M223:T17,M224:T5,M225:T11,M226:T18,M227:T2,M228:T22,M229:T13,M230:T16,M231:T7,M232:T14,M233:T1,M234:T10,M235:T3,M236:T20,M237:T12,M238:T15,M239:T9,M240:T7,M241:T6,M242:T5,M243:T4,M244:T6,M245:T14,M246:T11,M247:T7,M248:T9,M249:T13,M250:T10,M251:T8,M252:T12,M253:T9,M254:T13,M255:T11,M256:T8,M257:T12,M258:T10,M259:T12,M260:T3,M261:T6,M262:T10,M263:T2,M264:T9,M265:T1,M266:T8,M267:T5,M268:T11,M269:T7,M270:T4,M271:T13,M272:T16,M273:T15,M274:T14,M275:T17,M276:T7,M277:T11,M278:T10,M279:T4,M280:T5,M281:T12,M282:T6,M283:T8,M284:T14,M285:T13,M286:T15,M287:T16,M288:T18,M289:T16,M290:T17,M291:T11,M292:T8,M293:T3,M294:T12,M295:T1,M296:T7,M297:T10,M298:T6,M299:T9,M300:T4,M301:T2,M302:T5","0,0,0,0,0,0,0,0,0,0,0,0,0,0,0,0,0,0,0,0,0,0,0,0,0,0,0,0,0,0,0,0,0,0,0,0,0,0,0,0,0,0,0,0,0,0,0,0,0,0,0,0,0,0,0,0,0,0,0,0,0,0,0,0,0,0,0,0,0,0,0,0,0,0,0,0,0,0",0,6.22541,PASSED
forum-14.forb0007,b2b-ae5d9496030cf4c6,forbidden,ORG-F-PW-DE-PSC-IRP-UW-OBIC12P,ORGFull,Pairwise,Direct-E,PerSlotCardinality,IdleRangePstar,UWrMaxSAT,OldBestIC12+,UNSAT,UNSAT,,,1.086174,False,250.336,162425,490998,20,491018,6644,155781,1128964,73,baseline1__model-org_old_best_maxsat__m-full__p-pairwise__g-direct__b-per_slot_cardinality__o-idle_range_pstar__s-uwrmaxsat__i-old_best_ic12plus__fairness-none,baseline1__model-org_old_best_maxsat__m-full__p-pairwise__g-direct__b-per_slot_cardinality__o-idle_range_pstar__s-uwrmaxsat__i-old_best_ic12plus__fairness-none,legacy_full,pairwise,direct,UWrMaxSAT,UWrMaxSAT,binary-sha256:1af0283ba4ce003dbe3e4ae5b8e0d9bbcaf7fdd46af7b69b0eb4f2089aa4a5e8,org_old_best_ic12plus,per_slot_cardinality,internal_idle_slot_range_pstar,IRP,OBIC12P,1128944,20,1,1709,358632,126357,4300,1,20,20,1,0,0,0,0,0,shared base CNF plus unit soft objective clauses for MaxSAT; SAT bound/totalizer overhead is reported separately in optimizer_added_* fields,6644,,,6644,0,,0,1,,0,0,0.000572,0.59514,0.595712,0.490462,"wall-clock from immediately before reading/parsing the .dzn instance through model construction, optimization, solution decoding, and independent validation; excludes worker-process startup and result-file export",,,,peak_process_tree_rss_mb,ae5d9496030cf4c6b1ac6debe184b053977ae4588fefb961961e65a1c2e9e092,forb0007,data_table06_forb/forum-14.forb0007.dzn,2,data_table06_forb/forum-14.forb0007.dzn | data_table06_forb/ticf-14crafa.forb0007.dzn,2,data_table06_forb/forum-14.forb0007.dzn | data_table06_forb/ticf-14crafa.forb0007.dzn,https://imae.udg.edu/Recerca/LAI/,https://ima.udg.edu/Recerca/lai/b2b/b2b.zip,,2026-07-23T02:33:53+00:00,7200.0,,20203e5553143da770fdc5d850d93b36d1269b33,True,3.10.12,1.9.dev7,instance-20260722-153126,Linux-6.8.0-1064-gcp-x86_64-with-glibc2.35,x86_64,4,8,15988.062,,/home/dclng566/projects/Business-Meeting-Scheduling-Problem/.venv/bin/python /home/dclng566/projects/Business-Meeting-Scheduling-Problem/src/ORG_new.py --data-dir data_table06_forb --timeout 7200 --uwrmaxsat-bin /home/dclng566/solver-build/uwrmaxsat/build/release/bin/uwrmaxsat --uwrmaxsat-sha256 1af0283ba4ce003dbe3e4ae5b8e0d9bbcaf7fdd46af7b69b0eb4f2089aa4a5e8 --csv /home/dclng566/projects/Business-Meeting-Scheduling-Problem/output/ic12p-gcp-ic12p-20260723T023309Z/org/data_table06_forb_org_new.csv --excel-dir /home/dclng566/projects/Business-Meeting-Scheduling-Problem/output/ic12p-gcp-ic12p-20260723T023309Z/org/excel_data_table06_forb,/home/dclng566/solver-build/uwrmaxsat/build/release/bin/uwrmaxsat,1af0283ba4ce003dbe3e4ae5b8e0d9bbcaf7fdd46af7b69b0eb4f2089aa4a5e8,/home/dclng566/solver-build/uwrmaxsat/build/release/bin/uwrmaxsat -m /tmp/org_forum-14.forb0007_yc9xk9mg.wcnf,,,,,UWrMaxSAT,,,,traditional,pairwise+direct,,72,"1,2,3,4,5,6,8,9,11,12,14,17,19,20,21,22,23,24,25,26,27,28,29,30,31,32,33,34,35,36,37,38,39,40,41,42,43,44,45,46,47,48,49,50,51,52,53,54,55,56,57,58,59,60,61,62,63,64,65,66,67,68,69,70,71,72,73,74,75,76,77,78",,,,,,,,1: | 2: | 3: | 4: | 5: | 6: | 7: | 8: | 9: | 10: | 11: | 12: | 13: | 14: | 15: | 16: | 17: | 18: | 19: | 20: | 21: | 22:,,,,,0.160164,NOT_RUN
tic-12.forb0007,b2b-af04b9353956aee3,forbidden,ORG-F-PW-DE-PSC-IRP-UW-OBIC12P,ORGFull,Pairwise,Direct-E,PerSlotCardinality,IdleRangePstar,UWrMaxSAT,OldBestIC12+,UNSAT,UNSAT,,,0.05464,False,174.555,5772,21403,6,21409,1000,4772,48413,40,baseline1__model-org_old_best_maxsat__m-full__p-pairwise__g-direct__b-per_slot_cardinality__o-idle_range_pstar__s-uwrmaxsat__i-old_best_ic12plus__fairness-none,baseline1__model-org_old_best_maxsat__m-full__p-pairwise__g-direct__b-per_slot_cardinality__o-idle_range_pstar__s-uwrmaxsat__i-old_best_ic12plus__fairness-none,legacy_full,pairwise,direct,UWrMaxSAT,UWrMaxSAT,binary-sha256:1af0283ba4ce003dbe3e4ae5b8e0d9bbcaf7fdd46af7b69b0eb4f2089aa4a5e8,org_old_best_ic12plus,per_slot_cardinality,internal_idle_slot_range_pstar,IRP,OBIC12P,48407,6,1,422,17274,2935,772,1,6,6,1,0,0,0,0,0,shared base CNF plus unit soft objective clauses for MaxSAT; SAT bound/totalizer overhead is reported separately in optimizer_added_* fields,1000,,,1000,0,,0,1,,0,0,0.000329,0.032297,0.032626,0.022013,"wall-clock from immediately before reading/parsing the .dzn instance through model construction, optimization, solution decoding, and independent validation; excludes worker-process startup and result-file export",,,,peak_process_tree_rss_mb,af04b9353956aee3ee0934102bceed20801ec5850b81f132f3b341a8eddf1cba,forb0007,data_table06_forb/tic-12.forb0007.dzn,1,data_table06_forb/tic-12.forb0007.dzn,1,data_table06_forb/tic-12.forb0007.dzn,https://imae.udg.edu/Recerca/LAI/,https://ima.udg.edu/Recerca/lai/b2b/b2b.zip,,2026-07-23T02:33:53+00:00,7200.0,,20203e5553143da770fdc5d850d93b36d1269b33,True,3.10.12,1.9.dev7,instance-20260722-153126,Linux-6.8.0-1064-gcp-x86_64-with-glibc2.35,x86_64,4,8,15988.062,,/home/dclng566/projects/Business-Meeting-Scheduling-Problem/.venv/bin/python /home/dclng566/projects/Business-Meeting-Scheduling-Problem/src/ORG_new.py --data-dir data_table06_forb --timeout 7200 --uwrmaxsat-bin /home/dclng566/solver-build/uwrmaxsat/build/release/bin/uwrmaxsat --uwrmaxsat-sha256 1af0283ba4ce003dbe3e4ae5b8e0d9bbcaf7fdd46af7b69b0eb4f2089aa4a5e8 --csv /home/dclng566/projects/Business-Meeting-Scheduling-Problem/output/ic12p-gcp-ic12p-20260723T023309Z/org/data_table06_forb_org_new.csv --excel-dir /home/dclng566/projects/Business-Meeting-Scheduling-Problem/output/ic12p-gcp-ic12p-20260723T023309Z/org/excel_data_table06_forb,/home/dclng566/solver-build/uwrmaxsat/build/release/bin/uwrmaxsat,1af0283ba4ce003dbe3e4ae5b8e0d9bbcaf7fdd46af7b69b0eb4f2089aa4a5e8,/home/dclng566/solver-build/uwrmaxsat/build/release/bin/uwrmaxsat -m /tmp/org_tic-12.forb0007_n3blxzlt.wcnf,,,,,UWrMaxSAT,,,,traditional,pairwise+direct,,39,"1,2,3,4,5,6,7,8,9,10,11,12,13,14,15,16,17,18,19,20,21,22,23,24,25,26,27,28,29,30,31,32,33,34,35,36,39,41,42",,,,,,,,1: | 2: | 3: | 4: | 5: | 6: | 7: | 8:,,,,,0.007908,NOT_RUN
tic-13.forb0003,b2b-b1fde45d449995b6,forbidden,ORG-F-PW-DE-PSC-IRP-UW-OBIC12P,ORGFull,Pairwise,Direct-E,PerSlotCardinality,IdleRangePstar,UWrMaxSAT,OldBestIC12+,UNSAT,UNSAT,,,0.160533,False,162.715,24215,78515,6,78521,1800,22415,180070,46,baseline1__model-org_old_best_maxsat__m-full__p-pairwise__g-direct__b-per_slot_cardinality__o-idle_range_pstar__s-uwrmaxsat__i-old_best_ic12plus__fairness-none,baseline1__model-org_old_best_maxsat__m-full__p-pairwise__g-direct__b-per_slot_cardinality__o-idle_range_pstar__s-uwrmaxsat__i-old_best_ic12plus__fairness-none,legacy_full,pairwise,direct,UWrMaxSAT,UWrMaxSAT,binary-sha256:1af0283ba4ce003dbe3e4ae5b8e0d9bbcaf7fdd46af7b69b0eb4f2089aa4a5e8,org_old_best_ic12plus,per_slot_cardinality,internal_idle_slot_range_pstar,IRP,OBIC12P,180064,6,1,484,58858,17984,1189,1,6,6,1,0,0,0,0,0,shared base CNF plus unit soft objective clauses for MaxSAT; SAT bound/totalizer overhead is reported separately in optimizer_added_* fields,1800,,,1800,0,,0,1,,0,0,0.000383,0.084872,0.085255,0.075278,"wall-clock from immediately before reading/parsing the .dzn instance through model construction, optimization, solution decoding, and independent validation; excludes worker-process startup and result-file export",,,,peak_process_tree_rss_mb,b1fde45d449995b65f156766a320e50df95242f1aaf08be960e52a57aa9b8dc8,forb0003,data_table06_forb/tic-13.forb0003.dzn,1,data_table06_forb/tic-13.forb0003.dzn,1,data_table06_forb/tic-13.forb0003.dzn,https://imae.udg.edu/Recerca/LAI/,https://ima.udg.edu/Recerca/lai/b2b/b2b.zip,,2026-07-23T02:33:53+00:00,7200.0,,20203e5553143da770fdc5d850d93b36d1269b33,True,3.10.12,1.9.dev7,instance-20260722-153126,Linux-6.8.0-1064-gcp-x86_64-with-glibc2.35,x86_64,4,8,15988.062,,/home/dclng566/projects/Business-Meeting-Scheduling-Problem/.venv/bin/python /home/dclng566/projects/Business-Meeting-Scheduling-Problem/src/ORG_new.py --data-dir data_table06_forb --timeout 7200 --uwrmaxsat-bin /home/dclng566/solver-build/uwrmaxsat/build/release/bin/uwrmaxsat --uwrmaxsat-sha256 1af0283ba4ce003dbe3e4ae5b8e0d9bbcaf7fdd46af7b69b0eb4f2089aa4a5e8 --csv /home/dclng566/projects/Business-Meeting-Scheduling-Problem/output/ic12p-gcp-ic12p-20260723T023309Z/org/data_table06_forb_org_new.csv --excel-dir /home/dclng566/projects/Business-Meeting-Scheduling-Problem/output/ic12p-gcp-ic12p-20260723T023309Z/org/excel_data_table06_forb,/home/dclng566/solver-build/uwrmaxsat/build/release/bin/uwrmaxsat,1af0283ba4ce003dbe3e4ae5b8e0d9bbcaf7fdd46af7b69b0eb4f2089aa4a5e8,/home/dclng566/solver-build/uwrmaxsat/build/release/bin/uwrmaxsat -m /tmp/org_tic-13.forb0003_ikzq4te1.wcnf,,,,,UWrMaxSAT,,,,traditional,pairwise+direct,,45,"1,3,4,5,6,7,8,9,10,11,12,13,14,15,16,17,18,19,20,21,22,23,24,25,26,27,28,29,30,31,32,33,34,35,36,37,38,40,41,42,43,44,45,46,47",,,,,,,,1: | 2: | 3: | 4: | 5: | 6: | 7: | 8: | 9: | 10:,,,,,0.024329,NOT_RUN
forumt-14crafc.forb0003,b2b-bce7dbf98aba5ccc,forbidden,ORG-F-PW-DE-PSC-IRP-UW-OBIC12P,ORGFull,Pairwise,Direct-E,PerSlotCardinality,IdleRangePstar,UWrMaxSAT,OldBestIC12+,OPTIMAL,SAT,0,0,0.467139,False,184.52,27972,93016,7,93023,2370,25602,212997,60,baseline1__model-org_old_best_maxsat__m-full__p-pairwise__g-direct__b-per_slot_cardinality__o-idle_range_pstar__s-uwrmaxsat__i-old_best_ic12plus__fairness-none,baseline1__model-org_old_best_maxsat__m-full__p-pairwise__g-direct__b-per_slot_cardinality__o-idle_range_pstar__s-uwrmaxsat__i-old_best_ic12plus__fairness-none,legacy_full,pairwise,direct,UWrMaxSAT,UWrMaxSAT,binary-sha256:1af0283ba4ce003dbe3e4ae5b8e0d9bbcaf7fdd46af7b69b0eb4f2089aa4a5e8,org_old_best_ic12plus,per_slot_cardinality,internal_idle_slot_range_pstar,IRP,OBIC12P,212990,7,1,699,70470,20291,1556,1,7,7,1,0,0,0,0,0,shared base CNF plus unit soft objective clauses for MaxSAT; SAT bound/totalizer overhead is reported separately in optimizer_added_* fields,2370,,,2370,0,,0,1,,0,0,0.000413,0.108603,0.109016,0.358123,"wall-clock from immediately before reading/parsing the .dzn instance through model construction, optimization, solution decoding, and independent validation; excludes worker-process startup and result-file export",0,0,0,peak_process_tree_rss_mb,bce7dbf98aba5ccce85590a33d809ac8a70ca93b44969f94e876f0a97df4a065,forb0003,data_table06_forb/forumt-14crafc.forb0003.dzn,2,data_table06_forb/forumt-14crafc.forb0003.dzn | data_table06_forb/tic-14crafc.forb0003.dzn,2,data_table06_forb/forumt-14crafc.forb0003.dzn | data_table06_forb/tic-14crafc.forb0003.dzn,https://imae.udg.edu/Recerca/LAI/,https://ima.udg.edu/Recerca/lai/b2b/b2b.zip,,2026-07-23T02:33:53+00:00,7200.0,,20203e5553143da770fdc5d850d93b36d1269b33,True,3.10.12,1.9.dev7,instance-20260722-153126,Linux-6.8.0-1064-gcp-x86_64-with-glibc2.35,x86_64,4,8,15988.062,,/home/dclng566/projects/Business-Meeting-Scheduling-Problem/.venv/bin/python /home/dclng566/projects/Business-Meeting-Scheduling-Problem/src/ORG_new.py --data-dir data_table06_forb --timeout 7200 --uwrmaxsat-bin /home/dclng566/solver-build/uwrmaxsat/build/release/bin/uwrmaxsat --uwrmaxsat-sha256 1af0283ba4ce003dbe3e4ae5b8e0d9bbcaf7fdd46af7b69b0eb4f2089aa4a5e8 --csv /home/dclng566/projects/Business-Meeting-Scheduling-Problem/output/ic12p-gcp-ic12p-20260723T023309Z/org/data_table06_forb_org_new.csv --excel-dir /home/dclng566/projects/Business-Meeting-Scheduling-Problem/output/ic12p-gcp-ic12p-20260723T023309Z/org/excel_data_table06_forb,/home/dclng566/solver-build/uwrmaxsat/build/release/bin/uwrmaxsat,1af0283ba4ce003dbe3e4ae5b8e0d9bbcaf7fdd46af7b69b0eb4f2089aa4a5e8,/home/dclng566/solver-build/uwrmaxsat/build/release/bin/uwrmaxsat -m /tmp/org_forumt-14crafc.forb0003_9lk9ob9n.wcnf,,,,,UWrMaxSAT,,,,traditional,pairwise+direct,0,59,"1,2,3,4,5,6,7,8,9,10,11,12,13,14,15,16,17,18,20,21,22,23,24,25,26,27,28,29,30,31,32,33,34,35,36,37,38,39,40,41,42,43,44,45,46,47,48,49,50,51,52,53,54,55,56,57,58,59,60",,,,,,,,1:M3 M32 M51 M56 M62 M82 M91 M102 M106 M120 M122 M125 M132 M137 M158 M161 M179 M209 M231 | 2:M6 M60 M69 M75 M85 M92 M101 M108 M118 M126 M141 M150 M160 M167 M171 M186 M193 M196 M204 M223 M232 | 3:M5 M14 M22 M24 M47 M50 M54 M73 M84 M87 M99 M107 M110 M115 M123 M127 M140 M149 M159 M163 M200 M206 M213 M221 M233 | 4:M7 M16 M21 M38 M44 M48 M57 M63 M72 M78 M88 M95 M111 M114 M129 M134 M146 M157 M162 M173 M175 M214 M218 M228 M229 | 5:M4 M13 M28 M29 M33 M52 M66 M74 M86 M90 M93 M109 M133 M144 M147 M153 M165 M178 M188 M195 M210 M212 M219 M225 M230 | 6:M15 M23 M30 M39 M46 M49 M61 M67 M76 M80 M89 M97 M104 M117 M124 M128 M139 M143 M154 M166 M192 M197 M208 M226 M236 | 7:M1 M9 M17 M25 M31 M35 M42 M70 M71 M77 M121 M130 M136 M142 M152 M164 M170 M177 M183 M190 M194 M205 M211 M227 M237 | 8:M8 M10 M18 M36 M40 M45 M59 M68 M83 M94 M105 M113 M119 M138 M151 M169 M172 M176 M181 M182 M189 M199 M203 M215 M220 | 9:M2 M12 M19 M20 M27 M37 M41 M53 M58 M64 M79 M98 M100 M116 M145 M155 M180 M185 M187 M198 M201 M202 M224 M234 | 10:M11 M26 M34 M43 M55 M65 M81 M96 M103 M112 M131 M135 M148 M156 M168 M174 M184 M191 M207 M216 M217 M222 M235,,"M1:T7,M2:T9,M3:T1,M4:T5,M5:T3,M6:T2,M7:T4,M8:T8,M9:T7,M10:T8,M11:T10,M12:T9,M13:T5,M14:T3,M15:T6,M16:T4,M17:T7,M18:T8,M19:T9,M20:T9,M21:T4,M22:T3,M23:T6,M24:T3,M25:T7,M26:T10,M27:T9,M28:T5,M29:T5,M30:T6,M31:T7,M32:T1,M33:T5,M34:T10,M35:T7,M36:T8,M37:T9,M38:T4,M39:T6,M40:T8,M41:T9,M42:T7,M43:T10,M44:T4,M45:T8,M46:T6,M47:T3,M48:T4,M49:T6,M50:T3,M51:T1,M52:T5,M53:T9,M54:T3,M55:T10,M56:T1,M57:T4,M58:T9,M59:T8,M60:T2,M61:T6,M62:T1,M63:T4,M64:T9,M65:T10,M66:T5,M67:T6,M68:T8,M69:T2,M70:T7,M71:T7,M72:T4,M73:T3,M74:T5,M75:T2,M76:T6,M77:T7,M78:T4,M79:T9,M80:T6,M81:T10,M82:T1,M83:T8,M84:T3,M85:T2,M86:T5,M87:T3,M88:T4,M89:T6,M90:T5,M91:T1,M92:T2,M93:T5,M94:T8,M95:T4,M96:T10,M97:T6,M98:T9,M99:T3,M100:T9,M101:T2,M102:T1,M103:T10,M104:T6,M105:T8,M106:T1,M107:T3,M108:T2,M109:T5,M110:T3,M111:T4,M112:T10,M113:T8,M114:T4,M115:T3,M116:T9,M117:T6,M118:T2,M119:T8,M120:T1,M121:T7,M122:T1,M123:T3,M124:T6,M125:T1,M126:T2,M127:T3,M128:T6,M129:T4,M130:T7,M131:T10,M132:T1,M133:T5,M134:T4,M135:T10,M136:T7,M137:T1,M138:T8,M139:T6,M140:T3,M141:T2,M142:T7,M143:T6,M144:T5,M145:T9,M146:T4,M147:T5,M148:T10,M149:T3,M150:T2,M151:T8,M152:T7,M153:T5,M154:T6,M155:T9,M156:T10,M157:T4,M158:T1,M159:T3,M160:T2,M161:T1,M162:T4,M163:T3,M164:T7,M165:T5,M166:T6,M167:T2,M168:T10,M169:T8,M170:T7,M171:T2,M172:T8,M173:T4,M174:T10,M175:T4,M176:T8,M177:T7,M178:T5,M179:T1,M180:T9,M181:T8,M182:T8,M183:T7,M184:T10,M185:T9,M186:T2,M187:T9,M188:T5,M189:T8,M190:T7,M191:T10,M192:T6,M193:T2,M194:T7,M195:T5,M196:T2,M197:T6,M198:T9,M199:T8,M200:T3,M201:T9,M202:T9,M203:T8,M204:T2,M205:T7,M206:T3,M207:T10,M208:T6,M209:T1,M210:T5,M211:T7,M212:T5,M213:T3,M214:T4,M215:T8,M216:T10,M217:T10,M218:T4,M219:T5,M220:T8,M221:T3,M222:T10,M223:T2,M224:T9,M225:T5,M226:T6,M227:T7,M228:T4,M229:T4,M230:T5,M231:T1,M232:T2,M233:T3,M234:T9,M235:T10,M236:T6,M237:T7","0,0,0,0,0,0,0,0,0,0,0,0,0,0,0,0,0,0,0,0,0,0,0,0,0,0,0,0,0,0,0,0,0,0,0,0,0,0,0,0,0,0,0,0,0,0,0,0,0,0,0,0,0,0,0,0,0,0,0,0",0,0.290585,PASSED
forum-13crafb.forb0003,b2b-bf29dc2a22d8c0fb,forbidden,ORG-F-PW-DE-PSC-IRP-UW-OBIC12P,ORGFull,Pairwise,Direct-E,PerSlotCardinality,IdleRangePstar,UWrMaxSAT,OldBestIC12+,OPTIMAL,SAT,2,2,3.332574,False,263.207,136770,396431,20,396451,4290,132480,915241,57,baseline1__model-org_old_best_maxsat__m-full__p-pairwise__g-direct__b-per_slot_cardinality__o-idle_range_pstar__s-uwrmaxsat__i-old_best_ic12plus__fairness-none,baseline1__model-org_old_best_maxsat__m-full__p-pairwise__g-direct__b-per_slot_cardinality__o-idle_range_pstar__s-uwrmaxsat__i-old_best_ic12plus__fairness-none,legacy_full,pairwise,direct,UWrMaxSAT,UWrMaxSAT,binary-sha256:1af0283ba4ce003dbe3e4ae5b8e0d9bbcaf7fdd46af7b69b0eb4f2089aa4a5e8,org_old_best_ic12plus,per_slot_cardinality,internal_idle_slot_range_pstar,IRP,OBIC12P,915221,20,1,1832,281670,109945,2984,1,20,20,1,0,0,0,0,0,shared base CNF plus unit soft objective clauses for MaxSAT; SAT bound/totalizer overhead is reported separately in optimizer_added_* fields,4290,,,4290,0,,0,1,,0,0,0.000397,0.474345,0.474742,2.857832,"wall-clock from immediately before reading/parsing the .dzn instance through model construction, optimization, solution decoding, and independent validation; excludes worker-process startup and result-file export",2,91,2,peak_process_tree_rss_mb,bf29dc2a22d8c0fbb3a67b7edaa1b55631cf6f80f68a9f7296fa29c0c2ac7782,forb0003,data_table06_forb/forum-13crafb.forb0003.dzn,2,data_table06_forb/forum-13crafb.forb0003.dzn | data_table06_forb/ticf-13crafb.forb0003.dzn,2,data_table06_forb/forum-13crafb.forb0003.dzn | data_table06_forb/ticf-13crafb.forb0003.dzn,https://imae.udg.edu/Recerca/LAI/,https://ima.udg.edu/Recerca/lai/b2b/b2b.zip,,2026-07-23T02:33:53+00:00,7200.0,,20203e5553143da770fdc5d850d93b36d1269b33,True,3.10.12,1.9.dev7,instance-20260722-153126,Linux-6.8.0-1064-gcp-x86_64-with-glibc2.35,x86_64,4,8,15988.062,,/home/dclng566/projects/Business-Meeting-Scheduling-Problem/.venv/bin/python /home/dclng566/projects/Business-Meeting-Scheduling-Problem/src/ORG_new.py --data-dir data_table06_forb --timeout 7200 --uwrmaxsat-bin /home/dclng566/solver-build/uwrmaxsat/build/release/bin/uwrmaxsat --uwrmaxsat-sha256 1af0283ba4ce003dbe3e4ae5b8e0d9bbcaf7fdd46af7b69b0eb4f2089aa4a5e8 --csv /home/dclng566/projects/Business-Meeting-Scheduling-Problem/output/ic12p-gcp-ic12p-20260723T023309Z/org/data_table06_forb_org_new.csv --excel-dir /home/dclng566/projects/Business-Meeting-Scheduling-Problem/output/ic12p-gcp-ic12p-20260723T023309Z/org/excel_data_table06_forb,/home/dclng566/solver-build/uwrmaxsat/build/release/bin/uwrmaxsat,1af0283ba4ce003dbe3e4ae5b8e0d9bbcaf7fdd46af7b69b0eb4f2089aa4a5e8,/home/dclng566/solver-build/uwrmaxsat/build/release/bin/uwrmaxsat -m /tmp/org_forum-13crafb.forb0003_2jvly6ob.wcnf,,,,,UWrMaxSAT,,,,traditional,pairwise+direct,2,56,"1,2,3,4,7,8,9,10,12,13,14,15,16,17,18,19,20,21,22,23,24,25,26,28,29,30,31,32,33,36,37,38,39,40,41,42,43,44,45,47,48,51,53,54,56,57,58,59,60,61,62,63,64,65,66,76",,,,,,,,1:M142 M172 | 2:M39 M75 M123 M141 M175 | 3:M30 M122 M133 M166 | 4:M43 M73 M140 M169 | 5:M36 M49 M81 M91 M118 M131 M168 M179 | 6:M29 M56 M72 M89 M115 M145 M171 M188 M195 | 7:M14 M55 M71 M117 M139 M159 M165 M187 M189 | 8:M12 M24 M83 M112 M121 M129 M161 M164 M177 M194 | 9:M3 M10 M26 M37 M48 M79 M84 M90 M109 M116 M130 M162 M167 M190 | 10:M2 M6 M17 M27 M32 M62 M74 M88 M107 M119 M132 M155 M174 M192 | 11:M1 M5 M13 M25 M28 M31 M33 M52 M80 M111 M120 M146 M170 M180 | 12:M4 M7 M22 M50 M63 M78 M82 M93 M113 M143 M150 M173 M176 | 13:M16 M21 M40 M57 M70 M77 M103 M105 M114 M135 M153 M154 M186 M193 | 14:M11 M23 M38 M47 M65 M85 M96 M124 M136 M148 M151 M160 M181 M191 | 15:M15 M20 M42 M46 M61 M86 M92 M98 M104 M128 M138 M147 M157 M178 | 16:M8 M19 M35 M44 M54 M58 M68 M102 M126 M134 M149 M152 M158 M185 | 17:M9 M18 M34 M53 M60 M66 M76 M87 M94 M106 M108 M144 M156 | 18:M51 M64 M99 M110 M125 M163 M184 | 19:M41 M45 M59 M69 M95 M137 | 20:M67 M97 M127 M182 | 21:M100 M183 | 22:M101,,"M1:T11,M2:T10,M3:T9,M4:T12,M5:T11,M6:T10,M7:T12,M8:T16,M9:T17,M10:T9,M11:T14,M12:T8,M13:T11,M14:T7,M15:T15,M16:T13,M17:T10,M18:T17,M19:T16,M20:T15,M21:T13,M22:T12,M23:T14,M24:T8,M25:T11,M26:T9,M27:T10,M28:T11,M29:T6,M30:T3,M31:T11,M32:T10,M33:T11,M34:T17,M35:T16,M36:T5,M37:T9,M38:T14,M39:T2,M40:T13,M41:T19,M42:T15,M43:T4,M44:T16,M45:T19,M46:T15,M47:T14,M48:T9,M49:T5,M50:T12,M51:T18,M52:T11,M53:T17,M54:T16,M55:T7,M56:T6,M57:T13,M58:T16,M59:T19,M60:T17,M61:T15,M62:T10,M63:T12,M64:T18,M65:T14,M66:T17,M67:T20,M68:T16,M69:T19,M70:T13,M71:T7,M72:T6,M73:T4,M74:T10,M75:T2,M76:T17,M77:T13,M78:T12,M79:T9,M80:T11,M81:T5,M82:T12,M83:T8,M84:T9,M85:T14,M86:T15,M87:T17,M88:T10,M89:T6,M90:T9,M91:T5,M92:T15,M93:T12,M94:T17,M95:T19,M96:T14,M97:T20,M98:T15,M99:T18,M100:T21,M101:T22,M102:T16,M103:T13,M104:T15,M105:T13,M106:T17,M107:T10,M108:T17,M109:T9,M110:T18,M111:T11,M112:T8,M113:T12,M114:T13,M115:T6,M116:T9,M117:T7,M118:T5,M119:T10,M120:T11,M121:T8,M122:T3,M123:T2,M124:T14,M125:T18,M126:T16,M127:T20,M128:T15,M129:T8,M130:T9,M131:T5,M132:T10,M133:T3,M134:T16,M135:T13,M136:T14,M137:T19,M138:T15,M139:T7,M140:T4,M141:T2,M142:T1,M143:T12,M144:T17,M145:T6,M146:T11,M147:T15,M148:T14,M149:T16,M150:T12,M151:T14,M152:T16,M153:T13,M154:T13,M155:T10,M156:T17,M157:T15,M158:T16,M159:T7,M160:T14,M161:T8,M162:T9,M163:T18,M164:T8,M165:T7,M166:T3,M167:T9,M168:T5,M169:T4,M170:T11,M171:T6,M172:T1,M173:T12,M174:T10,M175:T2,M176:T12,M177:T8,M178:T15,M179:T5,M180:T11,M181:T14,M182:T20,M183:T21,M184:T18,M185:T16,M186:T13,M187:T7,M188:T6,M189:T7,M190:T9,M191:T14,M192:T10,M193:T13,M194:T8,M195:T6","2,2,2,2,0,0,2,2,1,2,0,2,2,2,2,2,1,2,2,2,1,2,2,2,2,2,0,0,2,0,2,1,2,0,0,2,1,2,2,2,2,0,1,2,2,0,2,0,0,0,2,0,2,2,0,2,0,2,2,1,2,0,1,2,2,2,0,0,0,0,0,0,0,0,0,1",2,2.577844,PASSED
forumt-14crafe.forb0003,b2b-c01cad6050109082,forbidden,ORG-F-PW-DE-PSC-IRP-UW-OBIC12P,ORGFull,Pairwise,Direct-E,PerSlotCardinality,IdleRangePstar,UWrMaxSAT,OldBestIC12+,UNSAT,UNSAT,,,0.207017,False,154.066,27859,92926,8,92934,2360,25499,212665,60,baseline1__model-org_old_best_maxsat__m-full__p-pairwise__g-direct__b-per_slot_cardinality__o-idle_range_pstar__s-uwrmaxsat__i-old_best_ic12plus__fairness-none,baseline1__model-org_old_best_maxsat__m-full__p-pairwise__g-direct__b-per_slot_cardinality__o-idle_range_pstar__s-uwrmaxsat__i-old_best_ic12plus__fairness-none,legacy_full,pairwise,direct,UWrMaxSAT,UWrMaxSAT,binary-sha256:1af0283ba4ce003dbe3e4ae5b8e0d9bbcaf7fdd46af7b69b0eb4f2089aa4a5e8,org_old_best_ic12plus,per_slot_cardinality,internal_idle_slot_range_pstar,IRP,OBIC12P,212657,8,1,791,70418,20174,1543,1,8,8,1,0,0,0,0,0,shared base CNF plus unit soft objective clauses for MaxSAT; SAT bound/totalizer overhead is reported separately in optimizer_added_* fields,2360,,,2360,0,,0,1,,0,0,0.000466,0.117557,0.118022,0.088994,"wall-clock from immediately before reading/parsing the .dzn instance through model construction, optimization, solution decoding, and independent validation; excludes worker-process startup and result-file export",,,,peak_process_tree_rss_mb,c01cad605010908283a22cd6327b688bc02bb90f058d47f1108329491cd0a8ea,forb0003,data_table06_forb/forumt-14crafe.forb0003.dzn,1,data_table06_forb/forumt-14crafe.forb0003.dzn,1,data_table06_forb/forumt-14crafe.forb0003.dzn,https://imae.udg.edu/Recerca/LAI/,https://ima.udg.edu/Recerca/lai/b2b/b2b.zip,,2026-07-23T02:33:53+00:00,7200.0,,20203e5553143da770fdc5d850d93b36d1269b33,True,3.10.12,1.9.dev7,instance-20260722-153126,Linux-6.8.0-1064-gcp-x86_64-with-glibc2.35,x86_64,4,8,15988.062,,/home/dclng566/projects/Business-Meeting-Scheduling-Problem/.venv/bin/python /home/dclng566/projects/Business-Meeting-Scheduling-Problem/src/ORG_new.py --data-dir data_table06_forb --timeout 7200 --uwrmaxsat-bin /home/dclng566/solver-build/uwrmaxsat/build/release/bin/uwrmaxsat --uwrmaxsat-sha256 1af0283ba4ce003dbe3e4ae5b8e0d9bbcaf7fdd46af7b69b0eb4f2089aa4a5e8 --csv /home/dclng566/projects/Business-Meeting-Scheduling-Problem/output/ic12p-gcp-ic12p-20260723T023309Z/org/data_table06_forb_org_new.csv --excel-dir /home/dclng566/projects/Business-Meeting-Scheduling-Problem/output/ic12p-gcp-ic12p-20260723T023309Z/org/excel_data_table06_forb,/home/dclng566/solver-build/uwrmaxsat/build/release/bin/uwrmaxsat,1af0283ba4ce003dbe3e4ae5b8e0d9bbcaf7fdd46af7b69b0eb4f2089aa4a5e8,/home/dclng566/solver-build/uwrmaxsat/build/release/bin/uwrmaxsat -m /tmp/org_forumt-14crafe.forb0003_eptnt7ts.wcnf,,,,,UWrMaxSAT,,,,traditional,pairwise+direct,,59,"1,2,3,4,5,6,7,8,9,10,11,12,13,14,15,16,17,18,20,21,22,23,24,25,26,27,28,29,30,31,32,33,34,35,36,37,38,39,40,41,42,43,44,45,46,47,48,49,50,51,52,53,54,55,56,57,58,59,60",,,,,,,,1: | 2: | 3: | 4: | 5: | 6: | 7: | 8: | 9: | 10:,,,,,0.028774,NOT_RUN
forum-13crafb.forb0007,b2b-d90b964c64463ef1,forbidden,ORG-F-PW-DE-PSC-IRP-UW-OBIC12P,ORGFull,Pairwise,Direct-E,PerSlotCardinality,IdleRangePstar,UWrMaxSAT,OldBestIC12+,OPTIMAL,SAT,2,2,3.937187,False,298.578,136770,396459,20,396479,4290,132480,915269,57,baseline1__model-org_old_best_maxsat__m-full__p-pairwise__g-direct__b-per_slot_cardinality__o-idle_range_pstar__s-uwrmaxsat__i-old_best_ic12plus__fairness-none,baseline1__model-org_old_best_maxsat__m-full__p-pairwise__g-direct__b-per_slot_cardinality__o-idle_range_pstar__s-uwrmaxsat__i-old_best_ic12plus__fairness-none,legacy_full,pairwise,direct,UWrMaxSAT,UWrMaxSAT,binary-sha256:1af0283ba4ce003dbe3e4ae5b8e0d9bbcaf7fdd46af7b69b0eb4f2089aa4a5e8,org_old_best_ic12plus,per_slot_cardinality,internal_idle_slot_range_pstar,IRP,OBIC12P,915249,20,1,1860,281670,109945,2984,1,20,20,1,0,0,0,0,0,shared base CNF plus unit soft objective clauses for MaxSAT; SAT bound/totalizer overhead is reported separately in optimizer_added_* fields,4290,,,4290,0,,0,1,,0,0,0.000464,0.495546,0.496011,3.441176,"wall-clock from immediately before reading/parsing the .dzn instance through model construction, optimization, solution decoding, and independent validation; excludes worker-process startup and result-file export",2,94,2,peak_process_tree_rss_mb,d90b964c64463ef1eb0ae5ad516d527ac1137da3fc5750a3f33c6c3cd60d7c04,forb0007,data_table06_forb/forum-13crafb.forb0007.dzn,2,data_table06_forb/forum-13crafb.forb0007.dzn | data_table06_forb/ticf-13crafb.forb0007.dzn,2,data_table06_forb/forum-13crafb.forb0007.dzn | data_table06_forb/ticf-13crafb.forb0007.dzn,https://imae.udg.edu/Recerca/LAI/,https://ima.udg.edu/Recerca/lai/b2b/b2b.zip,,2026-07-23T02:33:53+00:00,7200.0,,20203e5553143da770fdc5d850d93b36d1269b33,True,3.10.12,1.9.dev7,instance-20260722-153126,Linux-6.8.0-1064-gcp-x86_64-with-glibc2.35,x86_64,4,8,15988.062,,/home/dclng566/projects/Business-Meeting-Scheduling-Problem/.venv/bin/python /home/dclng566/projects/Business-Meeting-Scheduling-Problem/src/ORG_new.py --data-dir data_table06_forb --timeout 7200 --uwrmaxsat-bin /home/dclng566/solver-build/uwrmaxsat/build/release/bin/uwrmaxsat --uwrmaxsat-sha256 1af0283ba4ce003dbe3e4ae5b8e0d9bbcaf7fdd46af7b69b0eb4f2089aa4a5e8 --csv /home/dclng566/projects/Business-Meeting-Scheduling-Problem/output/ic12p-gcp-ic12p-20260723T023309Z/org/data_table06_forb_org_new.csv --excel-dir /home/dclng566/projects/Business-Meeting-Scheduling-Problem/output/ic12p-gcp-ic12p-20260723T023309Z/org/excel_data_table06_forb,/home/dclng566/solver-build/uwrmaxsat/build/release/bin/uwrmaxsat,1af0283ba4ce003dbe3e4ae5b8e0d9bbcaf7fdd46af7b69b0eb4f2089aa4a5e8,/home/dclng566/solver-build/uwrmaxsat/build/release/bin/uwrmaxsat -m /tmp/org_forum-13crafb.forb0007_wvrg21ed.wcnf,,,,,UWrMaxSAT,,,,traditional,pairwise+direct,2,56,"1,2,3,4,7,8,9,10,12,13,14,15,16,17,18,19,20,21,22,23,24,25,26,28,29,30,31,32,33,36,37,38,39,40,41,42,43,44,45,47,48,51,53,54,56,57,58,59,60,61,62,63,64,65,66,76",,,,,,,,1:M166 | 2:M52 M73 M175 | 3:M39 M133 M168 | 4:M59 M132 M172 M184 | 5:M30 M48 M72 M123 M131 M171 M177 M191 | 6:M14 M27 M36 M75 M93 M122 M130 M173 M182 | 7:M31 M37 M57 M58 M81 M121 M142 M169 M188 M190 | 8:M12 M29 M41 M49 M60 M78 M92 M104 M113 M117 M141 M165 M187 M195 | 9:M6 M17 M26 M62 M80 M83 M88 M91 M112 M118 M145 M148 M157 M170 | 10:M3 M7 M24 M40 M55 M79 M84 M90 M107 M119 M129 M164 M179 M192 | 11:M1 M5 M22 M43 M50 M71 M111 M124 M144 M146 M160 M167 M183 M194 | 12:M4 M13 M25 M28 M32 M33 M63 M74 M82 M89 M106 M120 M174 M193 | 13:M15 M19 M44 M46 M65 M76 M103 M116 M128 M135 M147 M162 M176 M189 | 14:M10 M16 M23 M42 M47 M64 M96 M105 M110 M125 M143 M149 M155 M180 | 15:M8 M18 M21 M54 M56 M61 M86 M97 M114 M126 M134 M153 M154 M181 | 16:M2 M38 M51 M67 M77 M87 M102 M108 M115 M127 M156 M186 | 17:M9 M20 M53 M70 M85 M98 M140 M158 M178 | 18:M11 M45 M68 M99 M150 M161 M185 | 19:M34 M69 M95 M109 M136 M159 | 20:M94 M137 M151 M163 | 21:M66 M100 M138 M152 | 22:M35 M101 M139,,"M1:T11,M2:T16,M3:T10,M4:T12,M5:T11,M6:T9,M7:T10,M8:T15,M9:T17,M10:T14,M11:T18,M12:T8,M13:T12,M14:T6,M15:T13,M16:T14,M17:T9,M18:T15,M19:T13,M20:T17,M21:T15,M22:T11,M23:T14,M24:T10,M25:T12,M26:T9,M27:T6,M28:T12,M29:T8,M30:T5,M31:T7,M32:T12,M33:T12,M34:T19,M35:T22,M36:T6,M37:T7,M38:T16,M39:T3,M40:T10,M41:T8,M42:T14,M43:T11,M44:T13,M45:T18,M46:T13,M47:T14,M48:T5,M49:T8,M50:T11,M51:T16,M52:T2,M53:T17,M54:T15,M55:T10,M56:T15,M57:T7,M58:T7,M59:T4,M60:T8,M61:T15,M62:T9,M63:T12,M64:T14,M65:T13,M66:T21,M67:T16,M68:T18,M69:T19,M70:T17,M71:T11,M72:T5,M73:T2,M74:T12,M75:T6,M76:T13,M77:T16,M78:T8,M79:T10,M80:T9,M81:T7,M82:T12,M83:T9,M84:T10,M85:T17,M86:T15,M87:T16,M88:T9,M89:T12,M90:T10,M91:T9,M92:T8,M93:T6,M94:T20,M95:T19,M96:T14,M97:T15,M98:T17,M99:T18,M100:T21,M101:T22,M102:T16,M103:T13,M104:T8,M105:T14,M106:T12,M107:T10,M108:T16,M109:T19,M110:T14,M111:T11,M112:T9,M113:T8,M114:T15,M115:T16,M116:T13,M117:T8,M118:T9,M119:T10,M120:T12,M121:T7,M122:T6,M123:T5,M124:T11,M125:T14,M126:T15,M127:T16,M128:T13,M129:T10,M130:T6,M131:T5,M132:T4,M133:T3,M134:T15,M135:T13,M136:T19,M137:T20,M138:T21,M139:T22,M140:T17,M141:T8,M142:T7,M143:T14,M144:T11,M145:T9,M146:T11,M147:T13,M148:T9,M149:T14,M150:T18,M151:T20,M152:T21,M153:T15,M154:T15,M155:T14,M156:T16,M157:T9,M158:T17,M159:T19,M160:T11,M161:T18,M162:T13,M163:T20,M164:T10,M165:T8,M166:T1,M167:T11,M168:T3,M169:T7,M170:T9,M171:T5,M172:T4,M173:T6,M174:T12,M175:T2,M176:T13,M177:T5,M178:T17,M179:T10,M180:T14,M181:T15,M182:T6,M183:T11,M184:T4,M185:T18,M186:T16,M187:T8,M188:T7,M189:T13,M190:T7,M191:T5,M192:T10,M193:T12,M194:T11,M195:T8","2,2,2,2,0,0,2,1,2,2,0,1,2,2,2,2,2,2,2,2,2,2,2,2,2,2,0,2,2,2,2,1,2,0,0,2,2,2,2,2,2,2,1,1,2,0,1,0,0,0,2,0,2,1,0,0,0,2,2,2,2,0,0,2,2,1,0,0,0,0,0,0,0,0,0,2",2,3.162459,PASSED
forum-13.forb0007,b2b-dc8823f802474846,forbidden,ORG-F-PW-DE-PSC-IRP-UW-OBIC12P,ORGFull,Pairwise,Direct-E,PerSlotCardinality,IdleRangePstar,UWrMaxSAT,OldBestIC12+,OPTIMAL,SAT,0,0,2.560526,False,275.859,130863,361838,19,361857,3234,127629,839580,59,baseline1__model-org_old_best_maxsat__m-full__p-pairwise__g-direct__b-per_slot_cardinality__o-idle_range_pstar__s-uwrmaxsat__i-old_best_ic12plus__fairness-none,baseline1__model-org_old_best_maxsat__m-full__p-pairwise__g-direct__b-per_slot_cardinality__o-idle_range_pstar__s-uwrmaxsat__i-old_best_ic12plus__fairness-none,legacy_full,pairwise,direct,UWrMaxSAT,UWrMaxSAT,binary-sha256:1af0283ba4ce003dbe3e4ae5b8e0d9bbcaf7fdd46af7b69b0eb4f2089aa4a5e8,org_old_best_ic12plus,per_slot_cardinality,internal_idle_slot_range_pstar,IRP,OBIC12P,839561,19,1,1273,252104,105592,2869,1,19,19,1,0,0,0,0,0,shared base CNF plus unit soft objective clauses for MaxSAT; SAT bound/totalizer overhead is reported separately in optimizer_added_* fields,3234,,,3234,0,,0,1,,0,0,0.000403,0.43644,0.436844,2.123682,"wall-clock from immediately before reading/parsing the .dzn instance through model construction, optimization, solution decoding, and independent validation; excludes worker-process startup and result-file export",0,58,1,peak_process_tree_rss_mb,dc8823f802474846cacb92bef7dae8b1dbcd7655d2706cae39923f0547918092,forb0007,data_table06_forb/forum-13.forb0007.dzn,2,data_table06_forb/forum-13.forb0007.dzn | data_table06_forb/ticf-13crafa.forb0007.dzn,2,data_table06_forb/forum-13.forb0007.dzn | data_table06_forb/ticf-13crafa.forb0007.dzn,https://imae.udg.edu/Recerca/LAI/,https://ima.udg.edu/Recerca/lai/b2b/b2b.zip,,2026-07-23T02:33:53+00:00,7200.0,,20203e5553143da770fdc5d850d93b36d1269b33,True,3.10.12,1.9.dev7,instance-20260722-153126,Linux-6.8.0-1064-gcp-x86_64-with-glibc2.35,x86_64,4,8,15988.062,,/home/dclng566/projects/Business-Meeting-Scheduling-Problem/.venv/bin/python /home/dclng566/projects/Business-Meeting-Scheduling-Problem/src/ORG_new.py --data-dir data_table06_forb --timeout 7200 --uwrmaxsat-bin /home/dclng566/solver-build/uwrmaxsat/build/release/bin/uwrmaxsat --uwrmaxsat-sha256 1af0283ba4ce003dbe3e4ae5b8e0d9bbcaf7fdd46af7b69b0eb4f2089aa4a5e8 --csv /home/dclng566/projects/Business-Meeting-Scheduling-Problem/output/ic12p-gcp-ic12p-20260723T023309Z/org/data_table06_forb_org_new.csv --excel-dir /home/dclng566/projects/Business-Meeting-Scheduling-Problem/output/ic12p-gcp-ic12p-20260723T023309Z/org/excel_data_table06_forb,/home/dclng566/solver-build/uwrmaxsat/build/release/bin/uwrmaxsat,1af0283ba4ce003dbe3e4ae5b8e0d9bbcaf7fdd46af7b69b0eb4f2089aa4a5e8,/home/dclng566/solver-build/uwrmaxsat/build/release/bin/uwrmaxsat -m /tmp/org_forum-13.forb0007_sfwg5fpm.wcnf,,,,,UWrMaxSAT,,,,traditional,pairwise+direct,0,58,"1,2,3,4,5,6,7,8,9,10,11,12,13,14,15,16,18,19,23,24,25,26,27,28,29,30,31,32,33,34,35,36,37,38,39,40,41,42,44,45,46,47,48,49,50,52,53,54,56,57,59,60,62,63,64,65,66,70",,,,,,,,1:M49 M84 M144 | 2:M22 M51 M65 M79 M94 M147 | 3:M1 M25 M28 M54 M64 M70 M93 M117 M128 M141 | 4:M6 M23 M32 M53 M66 M71 M83 M89 M109 M119 M127 M145 | 5:M3 M21 M37 M52 M63 M74 M88 M91 M112 M115 M132 M134 M150 | 6:M4 M12 M20 M26 M31 M34 M75 M87 M96 M110 M116 M129 M136 M151 | 7:M9 M14 M19 M33 M35 M55 M67 M68 M85 M98 M100 M107 M138 M154 | 8:M7 M17 M24 M27 M40 M47 M56 M58 M73 M78 M105 M118 M130 M139 | 9:M2 M29 M38 M50 M60 M77 M86 M95 M103 M113 M121 M123 M143 M149 | 10:M18 M30 M57 M76 M81 M97 M104 M106 M120 M126 M135 M153 | 11:M8 M16 M36 M41 M46 M61 M80 M90 M99 M114 M131 M146 M152 | 12:M5 M15 M39 M48 M59 M72 M82 M92 M101 M108 M133 | 13:M13 M42 M62 M69 M102 M111 M124 M142 | 14:M10 M11 M43 M125 M137 | 15:M45 M122 M140 | 16:M44 M148 | 17: | 18: | 19: | 20: | 21:,,"M1:T3,M2:T9,M3:T5,M4:T6,M5:T12,M6:T4,M7:T8,M8:T11,M9:T7,M10:T14,M11:T14,M12:T6,M13:T13,M14:T7,M15:T12,M16:T11,M17:T8,M18:T10,M19:T7,M20:T6,M21:T5,M22:T2,M23:T4,M24:T8,M25:T3,M26:T6,M27:T8,M28:T3,M29:T9,M30:T10,M31:T6,M32:T4,M33:T7,M34:T6,M35:T7,M36:T11,M37:T5,M38:T9,M39:T12,M40:T8,M41:T11,M42:T13,M43:T14,M44:T16,M45:T15,M46:T11,M47:T8,M48:T12,M49:T1,M50:T9,M51:T2,M52:T5,M53:T4,M54:T3,M55:T7,M56:T8,M57:T10,M58:T8,M59:T12,M60:T9,M61:T11,M62:T13,M63:T5,M64:T3,M65:T2,M66:T4,M67:T7,M68:T7,M69:T13,M70:T3,M71:T4,M72:T12,M73:T8,M74:T5,M75:T6,M76:T10,M77:T9,M78:T8,M79:T2,M80:T11,M81:T10,M82:T12,M83:T4,M84:T1,M85:T7,M86:T9,M87:T6,M88:T5,M89:T4,M90:T11,M91:T5,M92:T12,M93:T3,M94:T2,M95:T9,M96:T6,M97:T10,M98:T7,M99:T11,M100:T7,M101:T12,M102:T13,M103:T9,M104:T10,M105:T8,M106:T10,M107:T7,M108:T12,M109:T4,M110:T6,M111:T13,M112:T5,M113:T9,M114:T11,M115:T5,M116:T6,M117:T3,M118:T8,M119:T4,M120:T10,M121:T9,M122:T15,M123:T9,M124:T13,M125:T14,M126:T10,M127:T4,M128:T3,M129:T6,M130:T8,M131:T11,M132:T5,M133:T12,M134:T5,M135:T10,M136:T6,M137:T14,M138:T7,M139:T8,M140:T15,M141:T3,M142:T13,M143:T9,M144:T1,M145:T4,M146:T11,M147:T2,M148:T16,M149:T9,M150:T5,M151:T6,M152:T11,M153:T10,M154:T7","1,1,1,1,1,1,1,1,1,1,1,1,1,1,1,1,0,1,1,0,0,0,1,1,1,1,1,1,1,1,1,1,1,1,1,1,1,1,1,1,1,1,0,1,1,1,1,1,1,1,0,1,1,1,0,1,1,0,1,1,0,1,1,1,1,1,0,0,0,1",0,1.866994,PASSED
forumt-14crafd.forb0007,b2b-fee7e658da517ae9,forbidden,ORG-F-PW-DE-PSC-IRP-UW-OBIC12P,ORGFull,Pairwise,Direct-E,PerSlotCardinality,IdleRangePstar,UWrMaxSAT,OldBestIC12+,UNSAT,UNSAT,,,0.196481,False,145.188,27779,92777,8,92785,2360,25419,212276,60,baseline1__model-org_old_best_maxsat__m-full__p-pairwise__g-direct__b-per_slot_cardinality__o-idle_range_pstar__s-uwrmaxsat__i-old_best_ic12plus__fairness-none,baseline1__model-org_old_best_maxsat__m-full__p-pairwise__g-direct__b-per_slot_cardinality__o-idle_range_pstar__s-uwrmaxsat__i-old_best_ic12plus__fairness-none,legacy_full,pairwise,direct,UWrMaxSAT,UWrMaxSAT,binary-sha256:1af0283ba4ce003dbe3e4ae5b8e0d9bbcaf7fdd46af7b69b0eb4f2089aa4a5e8,org_old_best_ic12plus,per_slot_cardinality,internal_idle_slot_range_pstar,IRP,OBIC12P,212268,8,1,812,70318,20104,1543,1,8,8,1,0,0,0,0,0,shared base CNF plus unit soft objective clauses for MaxSAT; SAT bound/totalizer overhead is reported separately in optimizer_added_* fields,2360,,,2360,0,,0,1,,0,0,0.000454,0.108524,0.108977,0.087503,"wall-clock from immediately before reading/parsing the .dzn instance through model construction, optimization, solution decoding, and independent validation; excludes worker-process startup and result-file export",,,,peak_process_tree_rss_mb,fee7e658da517ae9d954e5d2c7411c75c7e6034c1e0b43e569317bbaf8e66e10,forb0007,data_table06_forb/forumt-14crafd.forb0007.dzn,2,data_table06_forb/forumt-14crafd.forb0007.dzn | data_table06_forb/tic-14crafd.forb0007.dzn,2,data_table06_forb/forumt-14crafd.forb0007.dzn | data_table06_forb/tic-14crafd.forb0007.dzn,https://imae.udg.edu/Recerca/LAI/,https://ima.udg.edu/Recerca/lai/b2b/b2b.zip,,2026-07-23T02:33:53+00:00,7200.0,,20203e5553143da770fdc5d850d93b36d1269b33,True,3.10.12,1.9.dev7,instance-20260722-153126,Linux-6.8.0-1064-gcp-x86_64-with-glibc2.35,x86_64,4,8,15988.062,,/home/dclng566/projects/Business-Meeting-Scheduling-Problem/.venv/bin/python /home/dclng566/projects/Business-Meeting-Scheduling-Problem/src/ORG_new.py --data-dir data_table06_forb --timeout 7200 --uwrmaxsat-bin /home/dclng566/solver-build/uwrmaxsat/build/release/bin/uwrmaxsat --uwrmaxsat-sha256 1af0283ba4ce003dbe3e4ae5b8e0d9bbcaf7fdd46af7b69b0eb4f2089aa4a5e8 --csv /home/dclng566/projects/Business-Meeting-Scheduling-Problem/output/ic12p-gcp-ic12p-20260723T023309Z/org/data_table06_forb_org_new.csv --excel-dir /home/dclng566/projects/Business-Meeting-Scheduling-Problem/output/ic12p-gcp-ic12p-20260723T023309Z/org/excel_data_table06_forb,/home/dclng566/solver-build/uwrmaxsat/build/release/bin/uwrmaxsat,1af0283ba4ce003dbe3e4ae5b8e0d9bbcaf7fdd46af7b69b0eb4f2089aa4a5e8,/home/dclng566/solver-build/uwrmaxsat/build/release/bin/uwrmaxsat -m /tmp/org_forumt-14crafd.forb0007_clzf5c09.wcnf,,,,,UWrMaxSAT,,,,traditional,pairwise+direct,,59,"1,2,3,4,5,6,7,8,9,10,11,12,13,14,15,16,17,18,20,21,22,23,24,25,26,27,28,29,30,31,32,33,34,35,36,37,38,39,40,41,42,43,44,45,46,47,48,49,50,51,52,53,54,55,56,57,58,59,60",,,,,,,,1: | 2: | 3: | 4: | 5: | 6: | 7: | 8: | 9: | 10:,,,,,0.027826,NOT_RUN
