instance,instance_content_id,instance_family,configuration_label,factor_m,factor_p,factor_g,factor_b,factor_o,factor_s,factor_i,status,sat_result,best_value,proven_optimum,runtime_seconds,runtime_censored,peak_memory_mb,formalism,model_family,formulation_name,n_vars,n_binary_variables,n_integer_variables,n_continuous_variables,n_linear_constraints,n_global_constraints,n_nonzeros,n_hard_clauses,n_soft_clauses,n_total_clauses,n_primary_variables,n_auxiliary_variables,n_total_literals,max_hard_clause_length,configuration_id,configuration_key,domain_mode,precedence_encoding,precedence_graph,optimization_engine,solver_backend,solver_version,encoding_variant,idle_encoding,objective,objective_code,implied_constraints_code,n_hard_literals,n_soft_literals,max_soft_clause_length,n_unit_hard_clauses,n_binary_hard_clauses,n_ternary_hard_clauses,n_long_hard_clauses,soft_clause_weight,soft_weight_sum,n_objective_lits,n_optimizer_calls,best_bound,optimality_gap,branch_and_bound_nodes,cp_branches,cp_fails,n_bound_encodings,optimizer_added_variables_peak,optimizer_added_clauses_peak,optimizer_added_literals_peak,optimizer_added_clauses_cumulative,formula_scope,full_schedule_candidates,unary_eligible_schedule_candidates,reduced_schedule_candidates,active_schedule_candidates,precedence_direct_edges,precedence_closure_edges,precedence_relation_edges,precedence_max_distance,precedence_pairwise_clauses,precedence_sparse_link_clauses,precedence_unique_suffix_cuts,input_parsing_seconds,model_construction_seconds,backend_model_construction_seconds,model_build_seconds,solve_and_validate_seconds,runtime_scope,idle_range_pstar,total_internal_idle_slots,all_participant_idle_range,memory_metric,instance_sha256,instance_variant,instance_path,source_alias_count,source_alias_paths,repository_alias_count,repository_alias_paths,dataset_source_page,dataset_archive_url,dataset_archive_sha256,run_started_utc,timeout_seconds,memory_limit_mb,git_commit,git_dirty,python_version,pysat_version,hostname,platform,cpu_model,physical_cpu_cores,logical_cpu_cores,system_memory_mb,threads,random_seed,runner_command,solver_binary,solver_binary_sha256,solver_command,validation_errors,solver_message,error_type,error_message,solver,maxsat_backend_preference,sat_backend_preference,resolved_uwrmaxsat_bin,precedence_mode,precedence_configuration,objective_value,objective_participant_count,objective_participants,initial_schedule_candidates,unary_removed_schedule_candidates,preprocessing_removed_schedule_candidates,removed_schedule_candidates,participant_internal_idle_slots,busy_participants_per_slot,assignment,schedule_by_slot,enabled_constraints,message_type,objective_encoding
tic-13crafb.prec15,b2b-032e7adee7c2b10a,precedence,R-DC-IRP-CPO-CP,Reduced,NativeCP,DistanceClosure-E*,NativeMinMaxSpan,IdleRangePstar,CPLEXCP,N/A,OPTIMAL,SAT,0,0,0.27326,False,57.02,CP,CP-MeetingTime-SpanRange,CP-MeetingTime-SpanRange-Reduced-DistanceClosure,184,0,184,0,38,54,0,,,,184,0,,,cfg3__m-reduced__p-native_cp__g-distance_closure__b-native_min_max_span_range__o-idle_range_pstar__s-cplex_cp__i-na,cfg3__m-reduced__p-native_cp__g-distance_closure__b-native_min_max_span_range__o-idle_range_pstar__s-cplex_cp__i-na,reduced,native_cp,distance_closure,CPLEXCP,CPLEX-CP,DOcplex 2.32.264,n/a,native_min_max_span_range,internal_idle_slot_range_pstar,IRP,NA,,,,,,,,,,0,1,0,0,,35207,14794,,,,,,"formalism-specific model size: SAT/MaxSAT reports base CNF and soft clauses, MIP reports variables/linear constraints/nonzeros, and CP reports integer variables plus linear/global constraints; SAT bound/totalizer overhead remains separate in optimizer_added_*",1840,1840,1768,1768,34,38,38,2,,,,0.002036,0.108373,0.026512,0.110409,0.162851,"wall-clock from immediately before reading/parsing the .dzn instance through model construction, optimization, solution decoding, and independent validation; excludes worker-process startup and result-file export",0,0,0,peak_process_tree_rss_mb,032e7adee7c2b10a5d19227cf9d93a414a069267f0b9ae58a18f28c55e8b2c3f,prec15,data_table08_prec/tic-13crafb.prec15.dzn,1,data_table08_prec/tic-13crafb.prec15.dzn,1,data_table08_prec/tic-13crafb.prec15.dzn,https://imae.udg.edu/Recerca/LAI/,https://ima.udg.edu/Recerca/lai/b2b/b2b.zip,,2026-07-24T06:14:10+00:00,7200.0,,6f3ccaf59383a413936ee93d69392f669805b607,True,3.10.12,1.9.dev7,instance-20260722-153126,Linux-6.8.0-1064-gcp-x86_64-with-glibc2.35,x86_64,4,8,15988.055,1,0,/home/dclng566/projects/Business-Meeting-Scheduling-Problem/.venv/bin/python /home/dclng566/projects/Business-Meeting-Scheduling-Problem/src/Main.py --data-dir data_table08_prec --solver cplex_cp --timeout 7200 --threads 1 --random-seed 0 --csv output/cplex_cp_official/data_table08_prec/aggregate.csv --long-csv output/cplex_cp_official/data_table08_prec/detailed.csv --excel-dir output/cplex_cp_official/data_table08_prec/excel --verbose,,,,,Optimal | SearchCompleted | SearchHasNotBeenStopped,,,cplex_cp,,,,exact_native,native_cp+distance_closure,0,44,"1,2,3,4,5,6,7,8,9,10,11,12,13,14,15,16,17,18,19,20,21,22,24,25,26,27,28,29,30,31,32,33,34,35,36,37,38,40,41,42,43,44,45,46",1840,0,72,72,"0,0,0,0,0,0,0,0,0,0,0,0,0,0,0,0,0,0,0,0,0,0,0,0,0,0,0,0,0,0,0,0,0,0,0,0,0,0,0,0,0,0,0,0,0,0","28,36,40,42,42,42,40,36,32,30","6,4,5,9,1,8,6,3,4,7,7,8,5,6,1,3,5,5,9,7,8,4,6,6,2,1,8,7,3,4,1,3,5,6,7,8,9,10,2,6,7,10,3,9,2,6,1,8,10,2,6,7,5,3,9,1,2,1,4,5,6,3,7,4,3,5,9,8,2,10,5,8,5,4,3,10,7,6,9,2,1,7,6,8,4,7,4,8,10,2,3,9,4,7,3,8,10,2,5,4,9,9,9,10,5,7,2,8,1,8,10,6,3,5,9,8,6,1,8,4,7,5,9,6,3,10,2,3,2,4,10,6,7,7,2,3,5,8,1,4,9,7,4,10,3,2,9,4,5,10,1,6,5,4,10,8,7,1,3,4,2,5,6,10,2,7,4,3,1,5,8,6,9,2,5,7,6,4,3,5,4,3,2,6",1:M5 M15 M26 M31 M47 M56 M58 M81 M109 M118 M139 M151 M158 M169 | 2:M25 M39 M45 M50 M57 M69 M80 M90 M98 M107 M127 M129 M135 M146 M161 M165 M174 M183 | 3:M8 M16 M29 M32 M43 M54 M62 M65 M75 M91 M95 M113 M125 M128 M136 M145 M159 M168 M179 M182 | 4:M2 M9 M22 M30 M59 M64 M74 M85 M87 M93 M100 M120 M130 M140 M143 M148 M154 M160 M167 M178 M181 | 5:M3 M13 M17 M18 M33 M53 M60 M66 M71 M73 M99 M105 M114 M122 M137 M149 M153 M162 M170 M175 M180 | 6:M1 M7 M14 M23 M24 M34 M40 M46 M51 M61 M78 M83 M112 M117 M124 M132 M152 M163 M172 M177 M184 | 7:M10 M11 M20 M28 M35 M41 M52 M63 M77 M82 M86 M94 M106 M121 M133 M134 M142 M157 M166 M176 | 8:M6 M12 M21 M27 M36 M48 M68 M72 M84 M88 M96 M108 M110 M116 M119 M138 M156 M171 | 9:M4 M19 M37 M44 M55 M67 M79 M92 M101 M102 M103 M115 M123 M141 M147 M173 | 10:M38 M42 M49 M70 M76 M89 M97 M104 M111 M126 M131 M144 M150 M155 M164,one reduced-domain integer time variable per meeting | global all_diff per participant | global count per slot for table capacity | distance-labelled transitive precedence closure | native min/max internal-idle expressions | native max/min range objective over P*,result,native_min_max_span_range
forum-13crafc.prec15,b2b-075a454cd5bef4b0,precedence,R-DC-IRP-CPO-CP,Reduced,NativeCP,DistanceClosure-E*,NativeMinMaxSpan,IdleRangePstar,CPLEXCP,N/A,OPTIMAL,SAT,0,0,0.236802,False,57.195,CP,CP-MeetingTime-SpanRange,CP-MeetingTime-SpanRange-Reduced-DistanceClosure,154,0,154,0,14,79,0,,,,154,0,,,cfg3__m-reduced__p-native_cp__g-distance_closure__b-native_min_max_span_range__o-idle_range_pstar__s-cplex_cp__i-na,cfg3__m-reduced__p-native_cp__g-distance_closure__b-native_min_max_span_range__o-idle_range_pstar__s-cplex_cp__i-na,reduced,native_cp,distance_closure,CPLEXCP,CPLEX-CP,DOcplex 2.32.264,n/a,native_min_max_span_range,internal_idle_slot_range_pstar,IRP,NA,,,,,,,,,,0,1,0,0,,17533,6017,,,,,,"formalism-specific model size: SAT/MaxSAT reports base CNF and soft clauses, MIP reports variables/linear constraints/nonzeros, and CP reports integer variables plus linear/global constraints; SAT bound/totalizer overhead remains separate in optimizer_added_*",3234,2395,2367,2367,14,14,14,1,,,,0.002041,0.134749,0.022942,0.13679,0.100012,"wall-clock from immediately before reading/parsing the .dzn instance through model construction, optimization, solution decoding, and independent validation; excludes worker-process startup and result-file export",0,116,2,peak_process_tree_rss_mb,075a454cd5bef4b0b64e938f064b7356ef0f28a14c9accb167c541afad7e2fbf,prec15,data_table08_prec/forum-13crafc.prec15.dzn,1,data_table08_prec/forum-13crafc.prec15.dzn,1,data_table08_prec/forum-13crafc.prec15.dzn,https://imae.udg.edu/Recerca/LAI/,https://ima.udg.edu/Recerca/lai/b2b/b2b.zip,,2026-07-24T06:14:10+00:00,7200.0,,6f3ccaf59383a413936ee93d69392f669805b607,True,3.10.12,1.9.dev7,instance-20260722-153126,Linux-6.8.0-1064-gcp-x86_64-with-glibc2.35,x86_64,4,8,15988.055,1,0,/home/dclng566/projects/Business-Meeting-Scheduling-Problem/.venv/bin/python /home/dclng566/projects/Business-Meeting-Scheduling-Problem/src/Main.py --data-dir data_table08_prec --solver cplex_cp --timeout 7200 --threads 1 --random-seed 0 --csv output/cplex_cp_official/data_table08_prec/aggregate.csv --long-csv output/cplex_cp_official/data_table08_prec/detailed.csv --excel-dir output/cplex_cp_official/data_table08_prec/excel --verbose,,,,,Optimal | SearchCompleted | SearchHasNotBeenStopped,,,cplex_cp,,,,exact_native,native_cp+distance_closure,0,58,"1,2,3,4,5,6,7,8,9,10,11,12,13,14,15,16,18,19,23,24,25,26,27,28,29,30,31,32,33,34,35,36,37,38,39,40,41,42,44,45,46,47,48,49,50,52,53,54,56,57,59,60,62,63,64,65,66,70",2395,839,28,28,"2,2,2,2,2,2,2,2,2,2,2,2,2,2,2,2,0,2,2,0,0,0,2,2,2,2,2,2,2,2,2,2,2,2,2,2,2,2,2,2,2,2,0,2,2,2,2,2,2,2,0,2,2,2,0,2,2,0,2,2,0,2,2,2,2,2,0,0,0,2","14,20,24,24,20,24,24,24,24,24,24,22,12,10,8,4,4,2,0,0,0","4,7,11,2,9,3,8,5,1,14,9,15,8,10,12,13,17,14,2,8,7,1,3,4,5,6,4,12,6,11,5,7,9,9,4,10,11,8,6,3,10,11,14,18,15,8,6,10,7,9,3,8,4,2,10,6,12,6,11,7,8,5,6,1,3,2,7,8,1,4,11,5,2,3,10,12,9,12,1,8,10,13,2,5,3,4,7,11,6,3,2,12,4,10,9,1,7,8,12,6,9,13,11,10,10,4,12,11,3,13,6,5,9,5,7,4,8,12,11,2,10,10,4,15,16,7,5,9,13,11,14,12,3,1,8,14,4,9,11,13,2,6,7,3,12,16,15,17,7,6,5,9,2,3",1:M9 M22 M64 M69 M79 M96 M134 | 2:M4 M19 M54 M66 M73 M83 M91 M120 M141 M153 | 3:M6 M23 M40 M51 M65 M74 M85 M90 M109 M133 M144 M154 | 4:M1 M24 M27 M35 M53 M70 M86 M93 M106 M116 M123 M137 | 5:M8 M25 M31 M62 M72 M84 M112 M114 M127 M151 | 6:M26 M29 M39 M47 M56 M58 M63 M89 M100 M111 M142 M150 | 7:M2 M21 M32 M49 M60 M67 M87 M97 M115 M126 M143 M149 | 8:M7 M13 M20 M38 M46 M52 M61 M68 M80 M98 M117 M135 | 9:M5 M11 M33 M34 M50 M77 M95 M101 M113 M128 M138 M152 | 10:M14 M36 M41 M48 M55 M75 M81 M94 M104 M105 M121 M122 | 11:M3 M30 M37 M42 M59 M71 M88 M103 M108 M119 M130 M139 | 12:M15 M28 M57 M76 M78 M92 M99 M107 M118 M132 M145 | 13:M16 M82 M102 M110 M129 M140 | 14:M10 M18 M43 M131 M136 | 15:M12 M45 M124 M147 | 16:M125 M146 | 17:M17 M148 | 18:M44 | 19: | 20: | 21:,one reduced-domain integer time variable per meeting | global all_diff per participant | global count per slot for table capacity | distance-labelled transitive precedence closure | native min/max internal-idle expressions | native max/min range objective over P*,result,native_min_max_span_range
forumt-14crafd.prec15,b2b-14b8a7376a74f9fe,precedence,R-DC-IRP-CPO-CP,Reduced,NativeCP,DistanceClosure-E*,NativeMinMaxSpan,IdleRangePstar,CPLEXCP,N/A,OPTIMAL,SAT,2,2,1.272372,False,58.004,CP,CP-MeetingTime-SpanRange,CP-MeetingTime-SpanRange-Reduced-DistanceClosure,236,0,236,0,42,69,0,,,,236,0,,,cfg3__m-reduced__p-native_cp__g-distance_closure__b-native_min_max_span_range__o-idle_range_pstar__s-cplex_cp__i-na,cfg3__m-reduced__p-native_cp__g-distance_closure__b-native_min_max_span_range__o-idle_range_pstar__s-cplex_cp__i-na,reduced,native_cp,distance_closure,CPLEXCP,CPLEX-CP,DOcplex 2.32.264,n/a,native_min_max_span_range,internal_idle_slot_range_pstar,IRP,NA,,,,,,,,,,0,1,2,0,,283112,131595,,,,,,"formalism-specific model size: SAT/MaxSAT reports base CNF and soft clauses, MIP reports variables/linear constraints/nonzeros, and CP reports integer variables plus linear/global constraints; SAT bound/totalizer overhead remains separate in optimizer_added_*",2360,2270,2190,2190,41,42,42,2,,,,0.002469,0.142415,0.02393,0.144885,1.127487,"wall-clock from immediately before reading/parsing the .dzn instance through model construction, optimization, solution decoding, and independent validation; excludes worker-process startup and result-file export",2,44,2,peak_process_tree_rss_mb,14b8a7376a74f9fe0c4602319101caca1e27578cc84b2f4a0f8d92c5cc09443b,prec15,data_table08_prec/forumt-14crafd.prec15.dzn,1,data_table08_prec/forumt-14crafd.prec15.dzn,1,data_table08_prec/forumt-14crafd.prec15.dzn,https://imae.udg.edu/Recerca/LAI/,https://ima.udg.edu/Recerca/lai/b2b/b2b.zip,,2026-07-24T06:14:10+00:00,7200.0,,6f3ccaf59383a413936ee93d69392f669805b607,True,3.10.12,1.9.dev7,instance-20260722-153126,Linux-6.8.0-1064-gcp-x86_64-with-glibc2.35,x86_64,4,8,15988.055,1,0,/home/dclng566/projects/Business-Meeting-Scheduling-Problem/.venv/bin/python /home/dclng566/projects/Business-Meeting-Scheduling-Problem/src/Main.py --data-dir data_table08_prec --solver cplex_cp --timeout 7200 --threads 1 --random-seed 0 --csv output/cplex_cp_official/data_table08_prec/aggregate.csv --long-csv output/cplex_cp_official/data_table08_prec/detailed.csv --excel-dir output/cplex_cp_official/data_table08_prec/excel --verbose,,,,,Optimal | SearchCompleted | SearchHasNotBeenStopped,,,cplex_cp,,,,exact_native,native_cp+distance_closure,2,59,"1,2,3,4,5,6,7,8,9,10,11,12,13,14,15,16,17,18,20,21,22,23,24,25,26,27,28,29,30,31,32,33,34,35,36,37,38,39,40,41,42,43,44,45,46,47,48,49,50,51,52,53,54,55,56,57,58,59,60",2270,90,80,80,"0,0,1,0,2,0,2,2,2,0,0,0,1,1,0,0,2,2,0,0,0,2,0,0,0,0,1,0,0,2,0,2,0,2,0,2,0,0,1,0,0,0,0,0,2,0,2,2,0,2,2,0,1,0,0,2,2,0,0,2","46,46,46,50,50,50,50,48,44,42","5,1,9,8,3,10,2,4,5,8,2,7,7,5,10,3,2,8,6,4,9,8,5,7,6,5,4,3,7,2,1,9,6,2,5,9,3,10,7,10,8,6,9,3,7,1,5,10,7,3,8,6,9,4,1,2,6,10,1,3,8,4,5,7,2,6,9,3,4,10,8,1,1,2,9,6,4,8,10,1,5,9,7,2,4,3,6,2,6,3,7,5,9,4,1,7,2,1,3,9,4,8,7,6,1,2,4,2,8,3,6,5,8,1,9,10,4,2,6,1,7,8,7,1,3,8,6,10,5,4,10,5,8,5,4,9,3,1,6,7,10,2,5,1,3,8,10,6,4,7,7,3,8,1,6,5,9,4,10,2,5,4,10,8,1,9,3,10,5,9,1,7,4,2,1,4,7,9,3,10,5,6,2,10,9,5,5,7,4,2,9,6,4,7,5,8,4,3,1,6,4,4,5,7,8,9,2,10,6,3,5,8,7,6,6,5,10,2,7,3,4,6,9,1,8,2,3,10,8,6,9,7,8,3,1,2",1:M2 M31 M46 M55 M59 M72 M73 M80 M95 M98 M105 M114 M120 M124 M138 M144 M154 M165 M171 M175 M199 M224 M235 | 2:M7 M11 M17 M30 M34 M56 M65 M74 M84 M88 M97 M106 M108 M118 M142 M160 M174 M183 M190 M207 M218 M226 M236 | 3:M5 M16 M28 M37 M44 M50 M60 M68 M86 M90 M99 M110 M125 M137 M145 M152 M167 M179 M198 M210 M220 M227 M234 | 4:M8 M20 M27 M54 M62 M69 M77 M85 M94 M101 M107 M117 M130 M135 M149 M158 M162 M173 M176 M189 M193 M197 M201 M202 M221 | 5:M1 M9 M14 M23 M26 M35 M47 M63 M81 M92 M112 M129 M132 M134 M143 M156 M161 M169 M181 M186 M187 M195 M203 M211 M216 | 6:M19 M25 M33 M42 M52 M57 M66 M76 M87 M89 M104 M111 M119 M127 M139 M148 M155 M182 M192 M200 M209 M214 M215 M222 M230 | 7:M12 M13 M24 M29 M39 M45 M49 M64 M83 M91 M96 M103 M121 M123 M140 M150 M151 M172 M177 M188 M194 M204 M213 M219 M232 | 8:M4 M10 M18 M22 M41 M51 M61 M71 M78 M102 M109 M113 M122 M126 M133 M146 M153 M164 M196 M205 M212 M225 M229 M233 | 9:M3 M21 M32 M36 M43 M53 M67 M75 M82 M93 M100 M115 M136 M157 M166 M170 M178 M185 M191 M206 M223 M231 | 10:M6 M15 M38 M40 M48 M58 M70 M79 M116 M128 M131 M141 M147 M159 M163 M168 M180 M184 M208 M217 M228,one reduced-domain integer time variable per meeting | global all_diff per participant | global count per slot for table capacity | distance-labelled transitive precedence closure | native min/max internal-idle expressions | native max/min range objective over P*,result,native_min_max_span_range
ticf-13crafa.prec25,b2b-1527f1972c633bd2,precedence,R-DC-IRP-CPO-CP,Reduced,NativeCP,DistanceClosure-E*,NativeMinMaxSpan,IdleRangePstar,CPLEXCP,N/A,UNSAT,UNSAT,,,0.036908,False,37.793,CP,CP-MeetingTime-SpanRange,CP-MeetingTime-SpanRange-Reduced-DistanceClosure,154,0,154,0,56,79,0,,,,154,0,,,cfg3__m-reduced__p-native_cp__g-distance_closure__b-native_min_max_span_range__o-idle_range_pstar__s-cplex_cp__i-na,cfg3__m-reduced__p-native_cp__g-distance_closure__b-native_min_max_span_range__o-idle_range_pstar__s-cplex_cp__i-na,reduced,native_cp,distance_closure,CPLEXCP,CPLEX-CP,DOcplex 2.32.264,n/a,native_min_max_span_range,internal_idle_slot_range_pstar,IRP,NA,,,,,,,,,,0,1,-2,,,0,1,,,,,,"formalism-specific model size: SAT/MaxSAT reports base CNF and soft clauses, MIP reports variables/linear constraints/nonzeros, and CP reports integer variables plus linear/global constraints; SAT bound/totalizer overhead remains separate in optimizer_added_*",3234,2454,2307,2307,48,54,54,3,,,,0.002006,0.00405,0.022832,0.006056,0.030852,"wall-clock from immediately before reading/parsing the .dzn instance through model construction, optimization, solution decoding, and independent validation; excludes worker-process startup and result-file export",,,,peak_process_tree_rss_mb,1527f1972c633bd2b35cb41c497e6326370b63b7ceccf9336950c1a2e8f500d0,prec25,data_table08_prec/ticf-13crafa.prec25.dzn,1,data_table08_prec/ticf-13crafa.prec25.dzn,1,data_table08_prec/ticf-13crafa.prec25.dzn,https://imae.udg.edu/Recerca/LAI/,https://ima.udg.edu/Recerca/lai/b2b/b2b.zip,,2026-07-24T06:14:10+00:00,7200.0,,6f3ccaf59383a413936ee93d69392f669805b607,True,3.10.12,1.9.dev7,instance-20260722-153126,Linux-6.8.0-1064-gcp-x86_64-with-glibc2.35,x86_64,4,8,15988.055,1,0,/home/dclng566/projects/Business-Meeting-Scheduling-Problem/.venv/bin/python /home/dclng566/projects/Business-Meeting-Scheduling-Problem/src/Main.py --data-dir data_table08_prec --solver cplex_cp --timeout 7200 --threads 1 --random-seed 0 --csv output/cplex_cp_official/data_table08_prec/aggregate.csv --long-csv output/cplex_cp_official/data_table08_prec/detailed.csv --excel-dir output/cplex_cp_official/data_table08_prec/excel --verbose,,,,,Infeasible | SearchCompleted | SearchHasNotBeenStopped,,,cplex_cp,,,,exact_native,native_cp+distance_closure,,58,"1,2,3,4,5,6,7,8,9,10,11,12,13,14,15,16,18,19,23,24,25,26,27,28,29,30,31,32,33,34,35,36,37,38,39,40,41,42,44,45,46,47,48,49,50,52,53,54,56,57,59,60,62,63,64,65,66,70",2454,780,147,147,,,,,one reduced-domain integer time variable per meeting | global all_diff per participant | global count per slot for table capacity | distance-labelled transitive precedence closure | native min/max internal-idle expressions | native max/min range objective over P*,result,native_min_max_span_range
forumt-14.prec15,b2b-26b1d0f2c809e4bb,precedence,R-DC-IRP-CPO-CP,Reduced,NativeCP,DistanceClosure-E*,NativeMinMaxSpan,IdleRangePstar,CPLEXCP,N/A,OPTIMAL,SAT,2,2,0.309129,False,57.941,CP,CP-MeetingTime-SpanRange,CP-MeetingTime-SpanRange-Reduced-DistanceClosure,237,0,237,0,54,69,0,,,,237,0,,,cfg3__m-reduced__p-native_cp__g-distance_closure__b-native_min_max_span_range__o-idle_range_pstar__s-cplex_cp__i-na,cfg3__m-reduced__p-native_cp__g-distance_closure__b-native_min_max_span_range__o-idle_range_pstar__s-cplex_cp__i-na,reduced,native_cp,distance_closure,CPLEXCP,CPLEX-CP,DOcplex 2.32.264,n/a,native_min_max_span_range,internal_idle_slot_range_pstar,IRP,NA,,,,,,,,,,0,1,2,0,,40557,18627,,,,,,"formalism-specific model size: SAT/MaxSAT reports base CNF and soft clauses, MIP reports variables/linear constraints/nonzeros, and CP reports integer variables plus linear/global constraints; SAT bound/totalizer overhead remains separate in optimizer_added_*",2370,2276,2174,2174,44,54,54,4,,,,0.002423,0.134971,0.022165,0.137394,0.171735,"wall-clock from immediately before reading/parsing the .dzn instance through model construction, optimization, solution decoding, and independent validation; excludes worker-process startup and result-file export",2,40,2,peak_process_tree_rss_mb,26b1d0f2c809e4bb2eb4132f284c4e55d9f471d687e44b290b72940f367b7a15,prec15,data_table08_prec/forumt-14.prec15.dzn,1,data_table08_prec/forumt-14.prec15.dzn,1,data_table08_prec/forumt-14.prec15.dzn,https://imae.udg.edu/Recerca/LAI/,https://ima.udg.edu/Recerca/lai/b2b/b2b.zip,,2026-07-24T06:14:10+00:00,7200.0,,6f3ccaf59383a413936ee93d69392f669805b607,True,3.10.12,1.9.dev7,instance-20260722-153126,Linux-6.8.0-1064-gcp-x86_64-with-glibc2.35,x86_64,4,8,15988.055,1,0,/home/dclng566/projects/Business-Meeting-Scheduling-Problem/.venv/bin/python /home/dclng566/projects/Business-Meeting-Scheduling-Problem/src/Main.py --data-dir data_table08_prec --solver cplex_cp --timeout 7200 --threads 1 --random-seed 0 --csv output/cplex_cp_official/data_table08_prec/aggregate.csv --long-csv output/cplex_cp_official/data_table08_prec/detailed.csv --excel-dir output/cplex_cp_official/data_table08_prec/excel --verbose,,,,,Optimal | SearchCompleted | SearchHasNotBeenStopped,,,cplex_cp,,,,exact_native,native_cp+distance_closure,2,59,"1,2,3,4,5,6,7,8,9,10,11,12,13,14,15,16,17,18,20,21,22,23,24,25,26,27,28,29,30,31,32,33,34,35,36,37,38,39,40,41,42,43,44,45,46,47,48,49,50,51,52,53,54,55,56,57,58,59,60",2276,94,102,102,"0,0,1,0,2,0,0,2,1,0,1,0,2,0,0,0,2,2,0,0,0,1,0,0,0,0,1,2,0,0,2,1,0,0,2,2,0,0,2,0,0,0,0,0,1,0,1,2,1,1,0,0,0,0,2,1,2,1,2,0","46,46,46,54,46,48,50,48,48,42","1,4,3,8,9,6,5,10,1,7,8,6,7,3,1,2,5,9,1,8,9,4,3,10,9,8,3,5,6,7,8,4,5,9,2,1,8,4,10,1,2,1,4,8,5,6,10,5,1,6,2,7,3,6,5,8,1,3,7,9,10,9,3,7,1,4,2,5,6,8,8,2,10,7,9,1,9,1,5,8,7,2,3,10,4,6,8,2,4,7,6,5,7,6,2,4,10,9,7,2,6,9,3,8,4,4,2,3,1,6,4,8,7,10,3,2,9,6,5,4,7,2,7,9,6,4,9,10,2,7,1,10,7,3,2,4,9,10,6,8,1,6,7,5,9,2,3,5,10,6,2,1,3,7,6,8,9,10,4,5,8,2,7,9,3,1,10,4,5,4,8,3,5,7,8,3,2,5,1,6,4,4,8,2,3,10,7,8,5,9,10,4,6,9,3,4,10,8,7,6,3,4,9,1,6,7,5,10,8,2,5,4,1,7,9,5,3,10,1,6,1,5,7,4,10,3,9,8,9,2,1,4,6,4,3,2,5",1:M1 M9 M15 M19 M36 M40 M42 M49 M57 M65 M76 M78 M109 M131 M141 M152 M166 M179 M204 M213 M219 M221 M231 | 2:M16 M35 M41 M51 M67 M72 M82 M88 M95 M100 M107 M116 M122 M129 M135 M146 M151 M162 M177 M184 M210 M230 M236 | 3:M3 M14 M23 M27 M53 M58 M63 M83 M103 M108 M115 M134 M147 M153 M165 M172 M176 M185 M195 M201 M217 M226 M235 | 4:M2 M22 M32 M38 M43 M66 M85 M89 M96 M105 M106 M111 M120 M126 M136 M159 M168 M170 M181 M182 M192 M196 M202 M212 M224 M232 M234 | 5:M7 M17 M28 M33 M45 M48 M55 M68 M79 M92 M119 M144 M148 M160 M169 M173 M178 M189 M207 M211 M216 M222 M237 | 6:M6 M12 M29 M46 M50 M54 M69 M86 M91 M94 M101 M110 M118 M125 M139 M142 M150 M155 M180 M193 M200 M205 M220 M233 | 7:M10 M13 M30 M52 M59 M64 M74 M81 M90 M93 M99 M113 M121 M123 M130 M133 M143 M154 M163 M174 M187 M199 M206 M214 M223 | 8:M4 M11 M20 M26 M31 M37 M44 M56 M70 M71 M80 M87 M104 M112 M140 M156 M161 M171 M175 M183 M188 M198 M209 M228 | 9:M5 M18 M21 M25 M34 M60 M62 M75 M77 M98 M102 M117 M124 M127 M137 M145 M157 M164 M190 M194 M203 M215 M227 M229 | 10:M8 M24 M39 M47 M61 M73 M84 M97 M114 M128 M132 M138 M149 M158 M167 M186 M191 M197 M208 M218 M225,one reduced-domain integer time variable per meeting | global all_diff per participant | global count per slot for table capacity | distance-labelled transitive precedence closure | native min/max internal-idle expressions | native max/min range objective over P*,result,native_min_max_span_range
forumt-14crafc.prec15,b2b-2bd515b5f0517ee5,precedence,R-DC-IRP-CPO-CP,Reduced,NativeCP,DistanceClosure-E*,NativeMinMaxSpan,IdleRangePstar,CPLEXCP,N/A,OPTIMAL,SAT,2,2,0.197921,False,57.613,CP,CP-MeetingTime-SpanRange,CP-MeetingTime-SpanRange-Reduced-DistanceClosure,237,0,237,0,54,69,0,,,,237,0,,,cfg3__m-reduced__p-native_cp__g-distance_closure__b-native_min_max_span_range__o-idle_range_pstar__s-cplex_cp__i-na,cfg3__m-reduced__p-native_cp__g-distance_closure__b-native_min_max_span_range__o-idle_range_pstar__s-cplex_cp__i-na,reduced,native_cp,distance_closure,CPLEXCP,CPLEX-CP,DOcplex 2.32.264,n/a,native_min_max_span_range,internal_idle_slot_range_pstar,IRP,NA,,,,,,,,,,0,1,2,0,,8179,2870,,,,,,"formalism-specific model size: SAT/MaxSAT reports base CNF and soft clauses, MIP reports variables/linear constraints/nonzeros, and CP reports integer variables plus linear/global constraints; SAT bound/totalizer overhead remains separate in optimizer_added_*",2370,2276,2174,2174,44,54,54,4,,,,0.002513,0.133982,0.022353,0.136495,0.061426,"wall-clock from immediately before reading/parsing the .dzn instance through model construction, optimization, solution decoding, and independent validation; excludes worker-process startup and result-file export",2,45,2,peak_process_tree_rss_mb,2bd515b5f0517ee58691564c1427d285ba52246c9b29578e9b6c4f28e6e39d1d,prec15,data_table08_prec/forumt-14crafc.prec15.dzn,1,data_table08_prec/forumt-14crafc.prec15.dzn,1,data_table08_prec/forumt-14crafc.prec15.dzn,https://imae.udg.edu/Recerca/LAI/,https://ima.udg.edu/Recerca/lai/b2b/b2b.zip,,2026-07-24T06:14:10+00:00,7200.0,,6f3ccaf59383a413936ee93d69392f669805b607,True,3.10.12,1.9.dev7,instance-20260722-153126,Linux-6.8.0-1064-gcp-x86_64-with-glibc2.35,x86_64,4,8,15988.055,1,0,/home/dclng566/projects/Business-Meeting-Scheduling-Problem/.venv/bin/python /home/dclng566/projects/Business-Meeting-Scheduling-Problem/src/Main.py --data-dir data_table08_prec --solver cplex_cp --timeout 7200 --threads 1 --random-seed 0 --csv output/cplex_cp_official/data_table08_prec/aggregate.csv --long-csv output/cplex_cp_official/data_table08_prec/detailed.csv --excel-dir output/cplex_cp_official/data_table08_prec/excel --verbose,,,,,Optimal | SearchCompleted | SearchHasNotBeenStopped,,,cplex_cp,,,,exact_native,native_cp+distance_closure,2,59,"1,2,3,4,5,6,7,8,9,10,11,12,13,14,15,16,17,18,20,21,22,23,24,25,26,27,28,29,30,31,32,33,34,35,36,37,38,39,40,41,42,43,44,45,46,47,48,49,50,51,52,53,54,55,56,57,58,59,60",2276,94,102,102,"0,0,1,1,2,0,0,2,1,0,0,0,1,0,0,0,2,2,0,0,0,2,0,0,0,0,2,2,0,2,0,1,0,2,2,2,0,0,2,0,0,0,0,0,1,0,2,2,1,2,0,0,0,0,2,2,2,0,2,0","40,48,48,50,50,48,50,48,50,42","3,9,10,7,6,8,1,2,4,2,1,6,3,8,7,5,4,2,8,2,7,4,3,10,9,6,3,5,6,3,6,3,7,10,2,1,8,7,6,5,7,9,1,3,8,6,10,7,1,5,10,9,2,8,1,5,4,7,9,6,3,5,1,4,3,6,2,8,7,9,9,6,5,2,8,3,6,3,2,9,10,1,7,5,8,4,5,4,3,2,6,9,5,9,7,4,8,10,2,6,3,5,4,8,10,8,7,5,8,7,4,5,1,1,8,7,9,6,4,2,10,10,5,4,5,4,9,2,8,10,1,6,7,6,5,10,4,3,1,8,9,2,4,10,1,6,3,7,9,2,10,8,2,1,7,6,5,9,4,3,5,4,2,8,1,3,9,7,10,4,1,5,9,6,7,2,3,4,9,7,6,7,2,8,9,6,9,5,6,8,3,10,9,4,3,10,1,8,7,2,9,4,10,8,9,1,5,3,7,2,6,4,1,5,10,2,9,4,1,9,3,5,7,4,8,2,10,6,10,8,3,7,5,5,4,2,3",1:M7 M11 M36 M43 M49 M55 M63 M82 M113 M114 M131 M139 M145 M154 M165 M171 M197 M206 M213 M219 | 2:M8 M10 M18 M20 M35 M53 M67 M74 M79 M90 M99 M120 M128 M142 M150 M153 M163 M176 M183 M200 M210 M216 M226 M236 | 3:M1 M13 M23 M27 M30 M32 M44 M61 M65 M76 M78 M89 M101 M138 M147 M160 M166 M177 M191 M195 M208 M221 M231 M237 | 4:M9 M17 M22 M57 M64 M86 M88 M96 M103 M111 M119 M124 M126 M137 M143 M159 M162 M170 M178 M194 M202 M212 M218 M224 M235 | 5:M16 M28 M40 M50 M56 M62 M73 M84 M87 M93 M102 M108 M112 M123 M125 M135 M157 M161 M172 M188 M207 M214 M222 M233 M234 | 6:M5 M12 M26 M29 M31 M39 M46 M60 M66 M72 M77 M91 M100 M118 M132 M134 M146 M156 M174 M181 M186 M189 M211 M228 | 7:M4 M15 M21 M33 M38 M41 M48 M58 M69 M83 M95 M107 M110 M116 M133 M148 M155 M168 M175 M180 M182 M199 M209 M223 M232 | 8:M6 M14 M19 M37 M45 M54 M68 M75 M85 M97 M104 M106 M109 M115 M129 M140 M152 M164 M184 M190 M198 M204 M225 M230 | 9:M2 M25 M42 M52 M59 M70 M71 M80 M92 M94 M117 M127 M141 M149 M158 M167 M173 M179 M185 M187 M193 M201 M205 M217 M220 | 10:M3 M24 M34 M47 M51 M81 M98 M105 M121 M122 M130 M136 M144 M151 M169 M192 M196 M203 M215 M227 M229,one reduced-domain integer time variable per meeting | global all_diff per participant | global count per slot for table capacity | distance-labelled transitive precedence closure | native min/max internal-idle expressions | native max/min range objective over P*,result,native_min_max_span_range
forum-13crafb.prec25,b2b-3023558fc3a91142,precedence,R-DC-IRP-CPO-CP,Reduced,NativeCP,DistanceClosure-E*,NativeMinMaxSpan,IdleRangePstar,CPLEXCP,N/A,UNSAT,UNSAT,,,0.046791,False,37.348,CP,CP-MeetingTime-SpanRange,CP-MeetingTime-SpanRange-Reduced-DistanceClosure,195,0,195,0,88,78,0,,,,195,0,,,cfg3__m-reduced__p-native_cp__g-distance_closure__b-native_min_max_span_range__o-idle_range_pstar__s-cplex_cp__i-na,cfg3__m-reduced__p-native_cp__g-distance_closure__b-native_min_max_span_range__o-idle_range_pstar__s-cplex_cp__i-na,reduced,native_cp,distance_closure,CPLEXCP,CPLEX-CP,DOcplex 2.32.264,n/a,native_min_max_span_range,internal_idle_slot_range_pstar,IRP,NA,,,,,,,,,,0,1,0,,,0,1,,,,,,"formalism-specific model size: SAT/MaxSAT reports base CNF and soft clauses, MIP reports variables/linear constraints/nonzeros, and CP reports integer variables plus linear/global constraints; SAT bound/totalizer overhead remains separate in optimizer_added_*",4290,3200,2917,2917,71,86,86,3,,,,0.00227,0.013164,0.022569,0.015435,0.031356,"wall-clock from immediately before reading/parsing the .dzn instance through model construction, optimization, solution decoding, and independent validation; excludes worker-process startup and result-file export",,,,peak_process_tree_rss_mb,3023558fc3a91142b7efe9e4136fc05a9b1f87351bab08fa4014a9a4b14a8e81,prec25,data_table08_prec/forum-13crafb.prec25.dzn,1,data_table08_prec/forum-13crafb.prec25.dzn,1,data_table08_prec/forum-13crafb.prec25.dzn,https://imae.udg.edu/Recerca/LAI/,https://ima.udg.edu/Recerca/lai/b2b/b2b.zip,,2026-07-24T06:14:10+00:00,7200.0,,6f3ccaf59383a413936ee93d69392f669805b607,True,3.10.12,1.9.dev7,instance-20260722-153126,Linux-6.8.0-1064-gcp-x86_64-with-glibc2.35,x86_64,4,8,15988.055,1,0,/home/dclng566/projects/Business-Meeting-Scheduling-Problem/.venv/bin/python /home/dclng566/projects/Business-Meeting-Scheduling-Problem/src/Main.py --data-dir data_table08_prec --solver cplex_cp --timeout 7200 --threads 1 --random-seed 0 --csv output/cplex_cp_official/data_table08_prec/aggregate.csv --long-csv output/cplex_cp_official/data_table08_prec/detailed.csv --excel-dir output/cplex_cp_official/data_table08_prec/excel --verbose,,,,,Infeasible | SearchCompleted | SearchHasNotBeenStopped,,,cplex_cp,,,,exact_native,native_cp+distance_closure,,56,"1,2,3,4,7,8,9,10,12,13,14,15,16,17,18,19,20,21,22,23,24,25,26,28,29,30,31,32,33,36,37,38,39,40,41,42,43,44,45,47,48,51,53,54,56,57,58,59,60,61,62,63,64,65,66,76",3200,1090,283,283,,,,,one reduced-domain integer time variable per meeting | global all_diff per participant | global count per slot for table capacity | distance-labelled transitive precedence closure | native min/max internal-idle expressions | native max/min range objective over P*,result,native_min_max_span_range
forum-13.prec25,b2b-329816d5695d44da,precedence,R-DC-IRP-CPO-CP,Reduced,NativeCP,DistanceClosure-E*,NativeMinMaxSpan,IdleRangePstar,CPLEXCP,N/A,UNSAT,UNSAT,,,0.036756,False,37.914,CP,CP-MeetingTime-SpanRange,CP-MeetingTime-SpanRange-Reduced-DistanceClosure,154,0,154,0,56,79,0,,,,154,0,,,cfg3__m-reduced__p-native_cp__g-distance_closure__b-native_min_max_span_range__o-idle_range_pstar__s-cplex_cp__i-na,cfg3__m-reduced__p-native_cp__g-distance_closure__b-native_min_max_span_range__o-idle_range_pstar__s-cplex_cp__i-na,reduced,native_cp,distance_closure,CPLEXCP,CPLEX-CP,DOcplex 2.32.264,n/a,native_min_max_span_range,internal_idle_slot_range_pstar,IRP,NA,,,,,,,,,,0,1,-2,,,0,1,,,,,,"formalism-specific model size: SAT/MaxSAT reports base CNF and soft clauses, MIP reports variables/linear constraints/nonzeros, and CP reports integer variables plus linear/global constraints; SAT bound/totalizer overhead remains separate in optimizer_added_*",3234,2395,2250,2250,48,54,54,3,,,,0.002011,0.004058,0.022545,0.006069,0.030687,"wall-clock from immediately before reading/parsing the .dzn instance through model construction, optimization, solution decoding, and independent validation; excludes worker-process startup and result-file export",,,,peak_process_tree_rss_mb,329816d5695d44dab35baac52bb55fa2c4b97b691ebbaeeeb79f536b1748e2da,prec25,data_table08_prec/forum-13.prec25.dzn,1,data_table08_prec/forum-13.prec25.dzn,1,data_table08_prec/forum-13.prec25.dzn,https://imae.udg.edu/Recerca/LAI/,https://ima.udg.edu/Recerca/lai/b2b/b2b.zip,,2026-07-24T06:14:10+00:00,7200.0,,6f3ccaf59383a413936ee93d69392f669805b607,True,3.10.12,1.9.dev7,instance-20260722-153126,Linux-6.8.0-1064-gcp-x86_64-with-glibc2.35,x86_64,4,8,15988.055,1,0,/home/dclng566/projects/Business-Meeting-Scheduling-Problem/.venv/bin/python /home/dclng566/projects/Business-Meeting-Scheduling-Problem/src/Main.py --data-dir data_table08_prec --solver cplex_cp --timeout 7200 --threads 1 --random-seed 0 --csv output/cplex_cp_official/data_table08_prec/aggregate.csv --long-csv output/cplex_cp_official/data_table08_prec/detailed.csv --excel-dir output/cplex_cp_official/data_table08_prec/excel --verbose,,,,,Infeasible | SearchCompleted | SearchHasNotBeenStopped,,,cplex_cp,,,,exact_native,native_cp+distance_closure,,58,"1,2,3,4,5,6,7,8,9,10,11,12,13,14,15,16,18,19,23,24,25,26,27,28,29,30,31,32,33,34,35,36,37,38,39,40,41,42,44,45,46,47,48,49,50,52,53,54,56,57,59,60,62,63,64,65,66,70",2395,839,145,145,,,,,one reduced-domain integer time variable per meeting | global all_diff per participant | global count per slot for table capacity | distance-labelled transitive precedence closure | native min/max internal-idle expressions | native max/min range objective over P*,result,native_min_max_span_range
tic-14crafd.prec15,b2b-3ad4b45cd6f0b5a9,precedence,R-DC-IRP-CPO-CP,Reduced,NativeCP,DistanceClosure-E*,NativeMinMaxSpan,IdleRangePstar,CPLEXCP,N/A,OPTIMAL,SAT,0,0,2207.705059,False,180.797,CP,CP-MeetingTime-SpanRange,CP-MeetingTime-SpanRange-Reduced-DistanceClosure,236,0,236,0,42,69,0,,,,236,0,,,cfg3__m-reduced__p-native_cp__g-distance_closure__b-native_min_max_span_range__o-idle_range_pstar__s-cplex_cp__i-na,cfg3__m-reduced__p-native_cp__g-distance_closure__b-native_min_max_span_range__o-idle_range_pstar__s-cplex_cp__i-na,reduced,native_cp,distance_closure,CPLEXCP,CPLEX-CP,DOcplex 2.32.264,n/a,native_min_max_span_range,internal_idle_slot_range_pstar,IRP,NA,,,,,,,,,,0,1,0,0,,567468663,238265531,,,,,,"formalism-specific model size: SAT/MaxSAT reports base CNF and soft clauses, MIP reports variables/linear constraints/nonzeros, and CP reports integer variables plus linear/global constraints; SAT bound/totalizer overhead remains separate in optimizer_added_*",2360,2360,2282,2282,41,42,42,2,,,,0.002413,0.148185,0.022321,0.150598,2207.554461,"wall-clock from immediately before reading/parsing the .dzn instance through model construction, optimization, solution decoding, and independent validation; excludes worker-process startup and result-file export",0,0,0,peak_process_tree_rss_mb,3ad4b45cd6f0b5a9682cceb9e2da60691ef8142a2c7d4a22cc02e9e36b42172e,prec15,data_table08_prec/tic-14crafd.prec15.dzn,1,data_table08_prec/tic-14crafd.prec15.dzn,1,data_table08_prec/tic-14crafd.prec15.dzn,https://imae.udg.edu/Recerca/LAI/,https://ima.udg.edu/Recerca/lai/b2b/b2b.zip,,2026-07-24T06:14:10+00:00,7200.0,,6f3ccaf59383a413936ee93d69392f669805b607,True,3.10.12,1.9.dev7,instance-20260722-153126,Linux-6.8.0-1064-gcp-x86_64-with-glibc2.35,x86_64,4,8,15988.055,1,0,/home/dclng566/projects/Business-Meeting-Scheduling-Problem/.venv/bin/python /home/dclng566/projects/Business-Meeting-Scheduling-Problem/src/Main.py --data-dir data_table08_prec --solver cplex_cp --timeout 7200 --threads 1 --random-seed 0 --csv output/cplex_cp_official/data_table08_prec/aggregate.csv --long-csv output/cplex_cp_official/data_table08_prec/detailed.csv --excel-dir output/cplex_cp_official/data_table08_prec/excel --verbose,,,,,Optimal | SearchCompleted | SearchHasNotBeenStopped,,,cplex_cp,,,,exact_native,native_cp+distance_closure,0,59,"1,2,3,4,5,6,7,8,9,10,11,12,13,14,15,16,17,18,20,21,22,23,24,25,26,27,28,29,30,31,32,33,34,35,36,37,38,39,40,41,42,43,44,45,46,47,48,49,50,51,52,53,54,55,56,57,58,59,60",2360,0,78,78,"0,0,0,0,0,0,0,0,0,0,0,0,0,0,0,0,0,0,0,0,0,0,0,0,0,0,0,0,0,0,0,0,0,0,0,0,0,0,0,0,0,0,0,0,0,0,0,0,0,0,0,0,0,0,0,0,0,0,0,0","40,48,50,50,50,50,50,50,46,38","8,1,10,4,7,6,3,2,7,10,4,6,8,10,4,1,9,3,6,2,7,4,2,9,7,10,8,5,7,10,3,8,7,1,5,6,7,9,5,7,10,8,6,9,1,3,5,4,3,2,8,1,9,6,5,4,9,7,5,6,10,1,10,5,6,2,3,1,9,8,7,4,4,6,9,3,2,6,7,5,10,2,9,8,4,1,3,2,7,4,8,6,5,3,1,7,5,1,6,8,7,4,2,9,3,8,7,10,8,9,6,10,8,5,2,6,1,3,7,5,3,6,4,6,3,9,7,5,8,2,4,8,2,3,2,9,7,1,5,8,4,10,9,4,1,6,5,2,3,6,7,3,9,4,2,6,1,8,10,5,8,2,10,5,3,6,7,9,8,10,6,5,1,1,3,4,9,5,2,10,4,2,8,3,1,4,6,9,4,5,7,8,2,9,7,1,2,4,3,10,2,3,2,4,7,5,6,9,8,10,9,7,8,5,3,9,5,6,10,2,7,1,3,4,8,6,9,4,5,8,2,3,1,5,3,4",1:M2 M16 M34 M45 M52 M62 M68 M86 M95 M98 M117 M138 M145 M157 M173 M174 M185 M196 M222 M233 | 2:M8 M20 M23 M50 M66 M77 M82 M88 M103 M115 M130 M133 M135 M148 M155 M162 M179 M182 M193 M197 M201 M203 M220 M231 | 3:M7 M18 M31 M46 M49 M67 M76 M87 M94 M105 M118 M121 M125 M134 M149 M152 M165 M175 M184 M199 M202 M215 M223 M232 M235 | 4:M4 M11 M15 M22 M48 M56 M72 M73 M85 M90 M102 M123 M131 M141 M144 M154 M176 M181 M186 M189 M198 M204 M224 M228 M236 | 5:M28 M35 M39 M47 M55 M59 M64 M80 M93 M97 M114 M120 M128 M139 M147 M160 M164 M172 M178 M190 M206 M214 M217 M229 M234 | 6:M6 M12 M19 M36 M43 M54 M60 M65 M74 M78 M92 M99 M111 M116 M122 M124 M146 M150 M156 M166 M171 M187 M207 M218 M226 | 7:M5 M9 M21 M25 M29 M33 M37 M40 M58 M71 M79 M89 M96 M101 M107 M119 M127 M137 M151 M167 M191 M195 M205 M212 M221 | 8:M1 M13 M27 M32 M42 M51 M70 M84 M91 M100 M106 M109 M113 M129 M132 M140 M158 M161 M169 M183 M192 M209 M213 M225 M230 | 9:M17 M24 M38 M44 M53 M57 M69 M75 M83 M104 M110 M126 M136 M143 M153 M168 M177 M188 M194 M208 M211 M216 M227 | 10:M3 M10 M14 M26 M30 M41 M61 M63 M81 M108 M112 M142 M159 M163 M170 M180 M200 M210 M219,one reduced-domain integer time variable per meeting | global all_diff per participant | global count per slot for table capacity | distance-labelled transitive precedence closure | native min/max internal-idle expressions | native max/min range objective over P*,result,native_min_max_span_range
tic-14crafa.prec15,b2b-3c626157e9a6369f,precedence,R-DC-IRP-CPO-CP,Reduced,NativeCP,DistanceClosure-E*,NativeMinMaxSpan,IdleRangePstar,CPLEXCP,N/A,OPTIMAL,SAT,0,0,5.450038,False,58.293,CP,CP-MeetingTime-SpanRange,CP-MeetingTime-SpanRange-Reduced-DistanceClosure,237,0,237,0,54,69,0,,,,237,0,,,cfg3__m-reduced__p-native_cp__g-distance_closure__b-native_min_max_span_range__o-idle_range_pstar__s-cplex_cp__i-na,cfg3__m-reduced__p-native_cp__g-distance_closure__b-native_min_max_span_range__o-idle_range_pstar__s-cplex_cp__i-na,reduced,native_cp,distance_closure,CPLEXCP,CPLEX-CP,DOcplex 2.32.264,n/a,native_min_max_span_range,internal_idle_slot_range_pstar,IRP,NA,,,,,,,,,,0,1,0,0,,1362322,567349,,,,,,"formalism-specific model size: SAT/MaxSAT reports base CNF and soft clauses, MIP reports variables/linear constraints/nonzeros, and CP reports integer variables plus linear/global constraints; SAT bound/totalizer overhead remains separate in optimizer_added_*",2370,2370,2266,2266,44,54,54,4,,,,0.002384,0.139275,0.023188,0.141659,5.308379,"wall-clock from immediately before reading/parsing the .dzn instance through model construction, optimization, solution decoding, and independent validation; excludes worker-process startup and result-file export",0,0,0,peak_process_tree_rss_mb,3c626157e9a6369f93e0cfb9e4a01b1fee523f191980479edee3cbc6881a9b5a,prec15,data_table08_prec/tic-14crafa.prec15.dzn,1,data_table08_prec/tic-14crafa.prec15.dzn,1,data_table08_prec/tic-14crafa.prec15.dzn,https://imae.udg.edu/Recerca/LAI/,https://ima.udg.edu/Recerca/lai/b2b/b2b.zip,,2026-07-24T06:14:10+00:00,7200.0,,6f3ccaf59383a413936ee93d69392f669805b607,True,3.10.12,1.9.dev7,instance-20260722-153126,Linux-6.8.0-1064-gcp-x86_64-with-glibc2.35,x86_64,4,8,15988.055,1,0,/home/dclng566/projects/Business-Meeting-Scheduling-Problem/.venv/bin/python /home/dclng566/projects/Business-Meeting-Scheduling-Problem/src/Main.py --data-dir data_table08_prec --solver cplex_cp --timeout 7200 --threads 1 --random-seed 0 --csv output/cplex_cp_official/data_table08_prec/aggregate.csv --long-csv output/cplex_cp_official/data_table08_prec/detailed.csv --excel-dir output/cplex_cp_official/data_table08_prec/excel --verbose,,,,,Optimal | SearchCompleted | SearchHasNotBeenStopped,,,cplex_cp,,,,exact_native,native_cp+distance_closure,0,59,"1,2,3,4,5,6,7,8,9,10,11,12,13,14,15,16,17,18,20,21,22,23,24,25,26,27,28,29,30,31,32,33,34,35,36,37,38,39,40,41,42,43,44,45,46,47,48,49,50,51,52,53,54,55,56,57,58,59,60",2370,0,104,104,"0,0,0,0,0,0,0,0,0,0,0,0,0,0,0,0,0,0,0,0,0,0,0,0,0,0,0,0,0,0,0,0,0,0,0,0,0,0,0,0,0,0,0,0,0,0,0,0,0,0,0,0,0,0,0,0,0,0,0,0","38,44,46,52,54,54,54,50,46,36","1,6,9,8,4,7,3,5,2,6,8,5,6,1,2,9,3,7,7,3,2,4,6,10,3,4,2,5,10,9,8,1,3,9,5,4,8,7,4,9,2,4,1,7,3,8,10,3,6,2,10,8,1,10,2,1,3,5,9,6,7,4,2,5,3,9,8,7,6,1,3,2,5,10,7,6,7,4,1,6,10,3,8,5,9,2,4,7,6,9,5,8,5,2,7,1,6,4,6,2,7,8,9,5,10,7,5,6,5,4,7,6,3,1,9,2,10,7,4,6,8,10,5,6,9,4,6,5,7,10,1,5,10,3,2,8,5,4,9,7,6,2,10,5,9,1,6,8,5,3,9,1,3,2,8,7,4,10,5,6,3,1,7,9,4,10,2,8,6,1,4,10,8,1,4,10,6,8,3,9,8,4,3,9,5,7,6,5,7,4,3,2,8,5,7,4,6,9,8,2,8,7,8,1,9,6,10,2,5,4,8,4,7,9,3,3,9,4,3,9,4,8,7,2,3,6,5,1,2,5,1,7,4,8,5,6,7",1:M1 M14 M32 M43 M53 M56 M70 M79 M96 M114 M131 M146 M152 M162 M170 M174 M204 M228 M231 | 2:M9 M15 M21 M27 M41 M50 M55 M63 M72 M86 M94 M100 M116 M135 M142 M154 M167 M192 M200 M208 M224 M229 | 3:M7 M17 M20 M25 M33 M45 M48 M57 M65 M71 M82 M113 M134 M150 M153 M161 M179 M183 M191 M215 M216 M219 M225 | 4:M5 M22 M26 M36 M39 M42 M62 M78 M87 M98 M110 M119 M126 M138 M157 M165 M171 M175 M182 M190 M196 M210 M212 M218 M221 M233 | 5:M8 M12 M28 M35 M58 M64 M73 M84 M91 M93 M104 M107 M109 M123 M128 M132 M137 M144 M149 M159 M185 M188 M194 M209 M227 M230 M235 | 6:M2 M10 M13 M23 M49 M60 M69 M76 M80 M89 M97 M99 M108 M112 M120 M124 M127 M141 M147 M160 M169 M177 M187 M197 M206 M226 M236 | 7:M6 M18 M19 M38 M44 M61 M68 M75 M77 M88 M95 M101 M106 M111 M118 M129 M140 M156 M163 M186 M189 M195 M202 M213 M223 M232 M237 | 8:M4 M11 M31 M37 M46 M52 M67 M83 M92 M102 M121 M136 M148 M155 M168 M173 M178 M181 M193 M199 M201 M203 M211 M222 M234 | 9:M3 M16 M30 M34 M40 M59 M66 M85 M90 M103 M115 M125 M139 M145 M151 M164 M180 M184 M198 M205 M214 M217 M220 | 10:M24 M29 M47 M51 M54 M74 M81 M105 M117 M122 M130 M133 M143 M158 M166 M172 M176 M207,one reduced-domain integer time variable per meeting | global all_diff per participant | global count per slot for table capacity | distance-labelled transitive precedence closure | native min/max internal-idle expressions | native max/min range objective over P*,result,native_min_max_span_range
tic-14crafd.prec25,b2b-3f9a28601f41757a,precedence,R-DC-IRP-CPO-CP,Reduced,NativeCP,DistanceClosure-E*,NativeMinMaxSpan,IdleRangePstar,CPLEXCP,N/A,TIMEOUT,TIMEOUT,1,,7199.877118,True,574.793,CP,CP-MeetingTime-SpanRange,CP-MeetingTime-SpanRange-Reduced-DistanceClosure,236,0,236,0,144,69,0,,,,236,0,,,cfg3__m-reduced__p-native_cp__g-distance_closure__b-native_min_max_span_range__o-idle_range_pstar__s-cplex_cp__i-na,cfg3__m-reduced__p-native_cp__g-distance_closure__b-native_min_max_span_range__o-idle_range_pstar__s-cplex_cp__i-na,reduced,native_cp,distance_closure,CPLEXCP,CPLEX-CP,DOcplex 2.32.264,n/a,native_min_max_span_range,internal_idle_slot_range_pstar,IRP,NA,,,,,,,,,,0,1,0,1,,1610951882,701241455,,,,,,"formalism-specific model size: SAT/MaxSAT reports base CNF and soft clauses, MIP reports variables/linear constraints/nonzeros, and CP reports integer variables plus linear/global constraints; SAT bound/totalizer overhead remains separate in optimizer_added_*",2360,2360,2100,2100,96,144,144,5,,,,0.002401,0.128862,0.02303,0.131263,7199.745855,"wall-clock from immediately before reading/parsing the .dzn instance through model construction, optimization, solution decoding, and independent validation; excludes worker-process startup and result-file export",1,17,1,peak_process_tree_rss_mb,3f9a28601f41757a483ba6ed831c1488f2b2c277a7cf67686bc4e4d931d701bc,prec25,data_table08_prec/tic-14crafd.prec25.dzn,1,data_table08_prec/tic-14crafd.prec25.dzn,1,data_table08_prec/tic-14crafd.prec25.dzn,https://imae.udg.edu/Recerca/LAI/,https://ima.udg.edu/Recerca/lai/b2b/b2b.zip,,2026-07-24T06:14:10+00:00,7200.0,,6f3ccaf59383a413936ee93d69392f669805b607,True,3.10.12,1.9.dev7,instance-20260722-153126,Linux-6.8.0-1064-gcp-x86_64-with-glibc2.35,x86_64,4,8,15988.055,1,0,/home/dclng566/projects/Business-Meeting-Scheduling-Problem/.venv/bin/python /home/dclng566/projects/Business-Meeting-Scheduling-Problem/src/Main.py --data-dir data_table08_prec --solver cplex_cp --timeout 7200 --threads 1 --random-seed 0 --csv output/cplex_cp_official/data_table08_prec/aggregate.csv --long-csv output/cplex_cp_official/data_table08_prec/detailed.csv --excel-dir output/cplex_cp_official/data_table08_prec/excel --verbose,,,,,Feasible | SearchStopped | SearchStoppedByLimit,,,cplex_cp,,,,exact_native,native_cp+distance_closure,1,59,"1,2,3,4,5,6,7,8,9,10,11,12,13,14,15,16,17,18,20,21,22,23,24,25,26,27,28,29,30,31,32,33,34,35,36,37,38,39,40,41,42,43,44,45,46,47,48,49,50,51,52,53,54,55,56,57,58,59,60",2360,0,260,260,"0,0,0,0,1,0,1,1,0,0,1,0,0,1,0,0,1,1,0,0,0,1,0,0,0,0,1,0,0,0,0,0,0,0,0,0,0,0,1,0,0,0,0,0,1,0,0,1,0,0,1,0,0,0,1,1,1,0,0,1","46,50,50,50,50,50,48,48,42,38","6,2,1,4,7,10,8,5,6,3,1,3,5,8,6,3,2,1,7,9,4,3,7,5,4,6,1,1,2,4,5,6,1,10,9,4,9,7,8,4,2,5,9,3,10,8,6,3,5,1,10,9,7,2,8,8,5,4,3,6,2,9,2,1,4,6,10,5,7,8,3,9,3,2,7,9,1,4,8,10,2,6,9,3,7,5,1,7,9,3,5,8,4,1,6,8,5,6,2,1,9,2,7,3,4,5,4,1,2,3,5,6,10,2,1,8,4,3,9,3,6,10,4,8,5,3,9,10,6,7,6,8,10,2,10,8,5,6,3,7,1,4,7,2,10,9,4,6,3,8,8,1,2,3,7,6,9,10,4,5,6,10,1,8,7,5,3,10,7,8,2,5,1,4,7,8,5,1,2,10,2,4,4,8,6,3,5,7,6,10,8,9,2,7,6,4,2,5,8,9,7,5,1,4,8,9,2,3,10,7,6,3,4,1,4,7,5,10,1,6,4,3,2,8,9,7,2,6,1,5,9,3,2,9,5,7",1:M3 M11 M18 M27 M28 M33 M50 M64 M77 M87 M94 M100 M108 M115 M141 M152 M163 M173 M178 M203 M214 M219 M229 | 2:M2 M17 M29 M41 M54 M61 M63 M74 M81 M99 M102 M109 M114 M134 M144 M153 M171 M179 M181 M193 M197 M207 M223 M227 M233 | 3:M10 M12 M16 M22 M44 M48 M59 M71 M73 M84 M90 M104 M110 M118 M120 M126 M139 M149 M154 M167 M186 M208 M212 M222 M232 | 4:M4 M21 M25 M30 M36 M40 M58 M65 M78 M93 M105 M107 M117 M123 M142 M147 M159 M174 M182 M183 M196 M204 M213 M215 M221 | 5:M8 M13 M24 M31 M42 M49 M57 M68 M86 M91 M97 M106 M111 M125 M137 M160 M166 M172 M177 M187 M198 M202 M217 M230 M235 | 6:M1 M9 M15 M26 M32 M47 M60 M66 M82 M95 M98 M112 M121 M129 M131 M138 M148 M156 M161 M185 M189 M195 M211 M220 M228 | 7:M5 M19 M23 M38 M53 M69 M75 M85 M88 M103 M130 M140 M143 M155 M165 M169 M175 M188 M194 M201 M210 M216 M226 M236 | 8:M7 M14 M39 M46 M55 M56 M70 M79 M92 M96 M116 M124 M132 M136 M150 M151 M164 M170 M176 M184 M191 M199 M205 M224 | 9:M20 M35 M37 M43 M52 M62 M72 M76 M83 M89 M101 M119 M127 M146 M157 M192 M200 M206 M225 M231 M234 | 10:M6 M34 M45 M51 M67 M80 M113 M122 M128 M133 M135 M145 M158 M162 M168 M180 M190 M209 M218,one reduced-domain integer time variable per meeting | global all_diff per participant | global count per slot for table capacity | distance-labelled transitive precedence closure | native min/max internal-idle expressions | native max/min range objective over P*,result,native_min_max_span_range
tic-12crafc.prec15,b2b-4096b2b505777390,precedence,R-DC-IRP-CPO-CP,Reduced,NativeCP,DistanceClosure-E*,NativeMinMaxSpan,IdleRangePstar,CPLEXCP,N/A,OPTIMAL,SAT,0,0,25.830887,False,58.016,CP,CP-MeetingTime-SpanRange,CP-MeetingTime-SpanRange-Reduced-DistanceClosure,125,0,125,0,27,47,0,,,,125,0,,,cfg3__m-reduced__p-native_cp__g-distance_closure__b-native_min_max_span_range__o-idle_range_pstar__s-cplex_cp__i-na,cfg3__m-reduced__p-native_cp__g-distance_closure__b-native_min_max_span_range__o-idle_range_pstar__s-cplex_cp__i-na,reduced,native_cp,distance_closure,CPLEXCP,CPLEX-CP,DOcplex 2.32.264,n/a,native_min_max_span_range,internal_idle_slot_range_pstar,IRP,NA,,,,,,,,,,0,1,0,0,,7738183,3574875,,,,,,"formalism-specific model size: SAT/MaxSAT reports base CNF and soft clauses, MIP reports variables/linear constraints/nonzeros, and CP reports integer variables plus linear/global constraints; SAT bound/totalizer overhead remains separate in optimizer_added_*",1000,1000,947,947,24,27,27,3,,,,0.001644,0.038471,0.022693,0.040115,25.790772,"wall-clock from immediately before reading/parsing the .dzn instance through model construction, optimization, solution decoding, and independent validation; excludes worker-process startup and result-file export",0,0,0,peak_process_tree_rss_mb,4096b2b505777390e32ebb8ee92dca7b8a90caba7d6e39677ae32b1871cbd8e6,prec15,data_table08_prec/tic-12crafc.prec15.dzn,1,data_table08_prec/tic-12crafc.prec15.dzn,1,data_table08_prec/tic-12crafc.prec15.dzn,https://imae.udg.edu/Recerca/LAI/,https://ima.udg.edu/Recerca/lai/b2b/b2b.zip,,2026-07-24T06:14:10+00:00,7200.0,,6f3ccaf59383a413936ee93d69392f669805b607,True,3.10.12,1.9.dev7,instance-20260722-153126,Linux-6.8.0-1064-gcp-x86_64-with-glibc2.35,x86_64,4,8,15988.055,1,0,/home/dclng566/projects/Business-Meeting-Scheduling-Problem/.venv/bin/python /home/dclng566/projects/Business-Meeting-Scheduling-Problem/src/Main.py --data-dir data_table08_prec --solver cplex_cp --timeout 7200 --threads 1 --random-seed 0 --csv output/cplex_cp_official/data_table08_prec/aggregate.csv --long-csv output/cplex_cp_official/data_table08_prec/detailed.csv --excel-dir output/cplex_cp_official/data_table08_prec/excel --verbose,,,,,Optimal | SearchCompleted | SearchHasNotBeenStopped,,,cplex_cp,,,,exact_native,native_cp+distance_closure,0,39,"1,2,3,4,5,6,7,8,9,10,11,12,13,14,15,16,17,18,19,20,21,22,23,24,25,26,27,28,29,30,31,32,33,34,35,36,39,41,42",1000,0,53,53,"0,0,0,0,0,0,0,0,0,0,0,0,0,0,0,0,0,0,0,0,0,0,0,0,0,0,0,0,0,0,0,0,0,0,0,0,0,0,0,0,0,0","28,32,32,32,32,32,32,30","4,1,3,7,2,5,2,8,4,4,8,6,1,7,3,2,5,4,5,7,6,8,2,1,2,4,1,7,6,5,3,8,2,5,6,8,4,7,7,8,1,6,2,5,3,8,5,6,3,4,5,6,4,7,3,2,8,8,7,3,6,4,1,2,8,8,1,5,3,7,6,1,3,4,7,2,4,3,3,7,2,5,6,1,8,4,5,2,7,6,3,3,7,2,8,1,4,5,6,4,5,7,6,1,2,1,3,2,6,4,5,1,6,8,3,7,5,6,8,1,7,3,2,5,4",1:M2 M13 M24 M27 M41 M63 M67 M72 M84 M96 M104 M106 M112 M120 | 2:M5 M7 M16 M23 M25 M33 M43 M56 M64 M76 M81 M88 M94 M105 M108 M123 | 3:M3 M15 M31 M45 M49 M55 M60 M69 M73 M78 M79 M91 M92 M107 M115 M122 | 4:M1 M9 M10 M18 M26 M37 M50 M53 M62 M74 M77 M86 M97 M100 M110 M125 | 5:M6 M17 M19 M30 M34 M44 M47 M51 M68 M82 M87 M98 M101 M111 M117 M124 | 6:M12 M21 M29 M35 M42 M48 M52 M61 M71 M83 M90 M99 M103 M109 M113 M118 | 7:M4 M14 M20 M28 M38 M39 M54 M59 M70 M75 M80 M89 M93 M102 M116 M121 | 8:M8 M11 M22 M32 M36 M40 M46 M57 M58 M65 M66 M85 M95 M114 M119,one reduced-domain integer time variable per meeting | global all_diff per participant | global count per slot for table capacity | distance-labelled transitive precedence closure | native min/max internal-idle expressions | native max/min range objective over P*,result,native_min_max_span_range
tic-14crafc.prec25,b2b-4460f65c67b8f270,precedence,R-DC-IRP-CPO-CP,Reduced,NativeCP,DistanceClosure-E*,NativeMinMaxSpan,IdleRangePstar,CPLEXCP,N/A,TIMEOUT,TIMEOUT,1,,7199.879072,True,440.125,CP,CP-MeetingTime-SpanRange,CP-MeetingTime-SpanRange-Reduced-DistanceClosure,237,0,237,0,145,69,0,,,,237,0,,,cfg3__m-reduced__p-native_cp__g-distance_closure__b-native_min_max_span_range__o-idle_range_pstar__s-cplex_cp__i-na,cfg3__m-reduced__p-native_cp__g-distance_closure__b-native_min_max_span_range__o-idle_range_pstar__s-cplex_cp__i-na,reduced,native_cp,distance_closure,CPLEXCP,CPLEX-CP,DOcplex 2.32.264,n/a,native_min_max_span_range,internal_idle_slot_range_pstar,IRP,NA,,,,,,,,,,0,1,0,1,,1578599452,698324539,,,,,,"formalism-specific model size: SAT/MaxSAT reports base CNF and soft clauses, MIP reports variables/linear constraints/nonzeros, and CP reports integer variables plus linear/global constraints; SAT bound/totalizer overhead remains separate in optimizer_added_*",2370,2370,2116,2116,93,145,145,4,,,,0.002447,0.122464,0.02313,0.124911,7199.754161,"wall-clock from immediately before reading/parsing the .dzn instance through model construction, optimization, solution decoding, and independent validation; excludes worker-process startup and result-file export",1,24,1,peak_process_tree_rss_mb,4460f65c67b8f270876abd0b1b116607ed9ba42c901140b40f9a1b2972387685,prec25,data_table08_prec/tic-14crafc.prec25.dzn,1,data_table08_prec/tic-14crafc.prec25.dzn,1,data_table08_prec/tic-14crafc.prec25.dzn,https://imae.udg.edu/Recerca/LAI/,https://ima.udg.edu/Recerca/lai/b2b/b2b.zip,,2026-07-24T06:14:10+00:00,7200.0,,6f3ccaf59383a413936ee93d69392f669805b607,True,3.10.12,1.9.dev7,instance-20260722-153126,Linux-6.8.0-1064-gcp-x86_64-with-glibc2.35,x86_64,4,8,15988.055,1,0,/home/dclng566/projects/Business-Meeting-Scheduling-Problem/.venv/bin/python /home/dclng566/projects/Business-Meeting-Scheduling-Problem/src/Main.py --data-dir data_table08_prec --solver cplex_cp --timeout 7200 --threads 1 --random-seed 0 --csv output/cplex_cp_official/data_table08_prec/aggregate.csv --long-csv output/cplex_cp_official/data_table08_prec/detailed.csv --excel-dir output/cplex_cp_official/data_table08_prec/excel --verbose,,,,,Feasible | SearchStopped | SearchStoppedByLimit,,,cplex_cp,,,,exact_native,native_cp+distance_closure,1,59,"1,2,3,4,5,6,7,8,9,10,11,12,13,14,15,16,17,18,20,21,22,23,24,25,26,27,28,29,30,31,32,33,34,35,36,37,38,39,40,41,42,43,44,45,46,47,48,49,50,51,52,53,54,55,56,57,58,59,60",2370,0,254,254,"0,0,1,1,0,0,0,1,1,0,1,0,1,0,0,0,1,0,0,0,0,1,0,0,0,0,1,1,0,0,1,0,0,1,0,1,0,0,1,0,0,0,0,0,1,0,1,0,1,1,0,0,0,0,1,1,1,1,1,1","40,44,50,50,50,50,50,50,48,42","7,10,8,9,5,4,1,3,8,4,5,9,3,4,10,8,2,1,1,8,3,9,6,1,5,6,7,10,10,2,5,10,1,3,7,4,2,5,4,6,1,9,5,6,2,3,10,6,4,7,10,5,2,7,9,1,2,3,4,6,5,2,5,9,1,8,4,3,6,7,9,3,10,2,6,1,5,10,2,6,8,9,4,1,3,7,9,3,5,7,8,6,5,3,2,9,6,7,7,3,5,2,8,4,10,7,9,8,4,8,9,1,6,6,10,2,9,8,7,4,5,5,9,7,4,8,10,3,7,6,7,8,3,7,6,8,4,1,9,5,10,1,2,3,8,5,3,1,4,7,9,7,5,2,4,8,1,10,3,6,1,8,10,7,4,5,2,3,6,6,4,9,5,5,9,6,2,3,10,7,10,6,4,9,10,2,2,3,4,8,6,7,10,9,1,6,2,4,8,7,8,9,6,2,8,1,3,5,4,10,3,5,9,2,7,4,3,4,8,10,1,3,9,2,7,4,8,5,7,1,6,3,8,6,5,9,8",1:M7 M18 M19 M24 M33 M41 M56 M65 M76 M84 M112 M138 M142 M148 M157 M161 M195 M206 M221 M230 | 2:M17 M30 M37 M45 M53 M57 M62 M74 M79 M95 M102 M116 M143 M154 M167 M177 M186 M187 M197 M204 M214 M224 | 3:M8 M13 M21 M34 M46 M58 M68 M72 M85 M88 M94 M100 M128 M133 M144 M147 M159 M168 M178 M188 M207 M211 M217 M222 M232 | 4:M6 M10 M14 M36 M39 M49 M59 M67 M83 M104 M109 M120 M125 M137 M149 M155 M165 M171 M183 M189 M198 M209 M216 M218 M226 | 5:M5 M11 M25 M31 M38 M43 M52 M61 M63 M77 M89 M93 M101 M121 M122 M140 M146 M153 M166 M173 M174 M208 M212 M228 M235 | 6:M23 M26 M40 M44 M48 M60 M69 M75 M80 M92 M97 M113 M114 M130 M135 M160 M169 M170 M176 M182 M191 M196 M203 M231 M234 | 7:M1 M27 M35 M50 M54 M70 M86 M90 M98 M99 M106 M119 M124 M129 M131 M134 M150 M152 M164 M180 M192 M200 M215 M225 M229 | 8:M3 M9 M16 M20 M66 M81 M91 M103 M108 M110 M118 M126 M132 M136 M145 M156 M162 M190 M199 M201 M205 M219 M227 M233 M237 | 9:M4 M12 M22 M42 M55 M64 M71 M82 M87 M96 M107 M111 M117 M123 M139 M151 M172 M175 M184 M194 M202 M213 M223 M236 | 10:M2 M15 M28 M29 M32 M47 M51 M73 M78 M105 M115 M127 M141 M158 M163 M179 M181 M185 M193 M210 M220,one reduced-domain integer time variable per meeting | global all_diff per participant | global count per slot for table capacity | distance-labelled transitive precedence closure | native min/max internal-idle expressions | native max/min range objective over P*,result,native_min_max_span_range
ticf-13crafa.prec15,b2b-51dec1488cb36294,precedence,R-DC-IRP-CPO-CP,Reduced,NativeCP,DistanceClosure-E*,NativeMinMaxSpan,IdleRangePstar,CPLEXCP,N/A,OPTIMAL,SAT,0,0,0.172139,False,31.895,CP,CP-MeetingTime-SpanRange,CP-MeetingTime-SpanRange-Reduced-DistanceClosure,154,0,154,0,14,79,0,,,,154,0,,,cfg3__m-reduced__p-native_cp__g-distance_closure__b-native_min_max_span_range__o-idle_range_pstar__s-cplex_cp__i-na,cfg3__m-reduced__p-native_cp__g-distance_closure__b-native_min_max_span_range__o-idle_range_pstar__s-cplex_cp__i-na,reduced,native_cp,distance_closure,CPLEXCP,CPLEX-CP,DOcplex 2.32.264,n/a,native_min_max_span_range,internal_idle_slot_range_pstar,IRP,NA,,,,,,,,,,0,1,0,0,,118,11,,,,,,"formalism-specific model size: SAT/MaxSAT reports base CNF and soft clauses, MIP reports variables/linear constraints/nonzeros, and CP reports integer variables plus linear/global constraints; SAT bound/totalizer overhead remains separate in optimizer_added_*",3234,2454,2427,2427,14,14,14,1,,,,0.001948,0.134177,0.024049,0.136125,0.036015,"wall-clock from immediately before reading/parsing the .dzn instance through model construction, optimization, solution decoding, and independent validation; excludes worker-process startup and result-file export",0,116,2,peak_process_tree_rss_mb,51dec1488cb36294c48480ed210149fa47b8c28d3e9fbce4803189ba048f958c,prec15,data_table08_prec/ticf-13crafa.prec15.dzn,1,data_table08_prec/ticf-13crafa.prec15.dzn,1,data_table08_prec/ticf-13crafa.prec15.dzn,https://imae.udg.edu/Recerca/LAI/,https://ima.udg.edu/Recerca/lai/b2b/b2b.zip,,2026-07-24T06:14:10+00:00,7200.0,,6f3ccaf59383a413936ee93d69392f669805b607,True,3.10.12,1.9.dev7,instance-20260722-153126,Linux-6.8.0-1064-gcp-x86_64-with-glibc2.35,x86_64,4,8,15988.055,1,0,/home/dclng566/projects/Business-Meeting-Scheduling-Problem/.venv/bin/python /home/dclng566/projects/Business-Meeting-Scheduling-Problem/src/Main.py --data-dir data_table08_prec --solver cplex_cp --timeout 7200 --threads 1 --random-seed 0 --csv output/cplex_cp_official/data_table08_prec/aggregate.csv --long-csv output/cplex_cp_official/data_table08_prec/detailed.csv --excel-dir output/cplex_cp_official/data_table08_prec/excel --verbose,,,,,Optimal | SearchCompleted | SearchHasNotBeenStopped,,,cplex_cp,,,,exact_native,native_cp+distance_closure,0,58,"1,2,3,4,5,6,7,8,9,10,11,12,13,14,15,16,18,19,23,24,25,26,27,28,29,30,31,32,33,34,35,36,37,38,39,40,41,42,44,45,46,47,48,49,50,52,53,54,56,57,59,60,62,63,64,65,66,70",2454,780,27,27,"2,2,2,2,2,2,2,2,2,2,2,2,2,2,2,2,0,2,2,0,0,0,2,2,2,2,2,2,2,2,2,2,2,2,2,2,2,2,2,2,2,2,0,2,2,2,2,2,2,2,0,2,2,2,0,2,2,0,2,2,0,2,2,2,2,2,0,0,0,2","20,26,26,28,28,28,28,22,24,26,22,10,6,8,4,0,2,0,0,0,0","7,4,5,3,12,8,6,9,2,15,3,11,8,6,10,2,5,9,4,3,6,10,5,7,2,9,3,4,7,10,2,5,6,2,4,9,10,5,7,3,11,10,14,14,15,6,4,7,4,7,5,8,6,1,2,3,11,6,9,5,4,1,2,3,1,7,6,1,6,8,7,4,2,3,11,12,9,8,5,7,11,10,1,4,2,3,13,6,5,7,1,12,9,4,8,2,10,3,9,4,5,10,11,8,7,2,10,6,1,5,11,8,9,3,8,5,10,11,9,6,1,9,3,10,11,7,1,4,13,12,14,8,2,9,1,2,10,6,7,11,4,3,8,5,14,13,12,17,11,6,4,10,7,5",1:M54 M62 M65 M68 M83 M91 M109 M121 M127 M135 | 2:M9 M16 M25 M31 M34 M55 M63 M73 M85 M96 M106 M133 M136 | 3:M4 M11 M20 M27 M40 M56 M64 M74 M86 M98 M114 M123 M142 | 4:M2 M19 M28 M35 M47 M49 M61 M72 M84 M94 M100 M128 M141 M151 | 5:M3 M17 M23 M32 M38 M51 M60 M79 M89 M101 M110 M116 M144 M154 | 6:M7 M14 M21 M33 M46 M53 M58 M67 M69 M88 M108 M120 M138 M150 | 7:M1 M24 M29 M39 M48 M50 M66 M71 M80 M90 M105 M126 M139 M153 | 8:M6 M13 M52 M70 M78 M95 M104 M112 M115 M132 M143 | 9:M8 M18 M26 M36 M59 M77 M93 M99 M113 M119 M122 M134 | 10:M15 M22 M30 M37 M42 M82 M97 M102 M107 M117 M124 M137 M152 | 11:M12 M41 M57 M75 M81 M103 M111 M118 M125 M140 M149 | 12:M5 M76 M92 M130 M147 | 13:M87 M129 M146 | 14:M43 M44 M131 M145 | 15:M10 M45 | 16: | 17:M148 | 18: | 19: | 20: | 21:,one reduced-domain integer time variable per meeting | global all_diff per participant | global count per slot for table capacity | distance-labelled transitive precedence closure | native min/max internal-idle expressions | native max/min range objective over P*,result,native_min_max_span_range
forum-13crafc.prec25,b2b-563afc2b8c13b7bc,precedence,R-DC-IRP-CPO-CP,Reduced,NativeCP,DistanceClosure-E*,NativeMinMaxSpan,IdleRangePstar,CPLEXCP,N/A,UNSAT,UNSAT,,,0.03664,False,37.809,CP,CP-MeetingTime-SpanRange,CP-MeetingTime-SpanRange-Reduced-DistanceClosure,154,0,154,0,56,79,0,,,,154,0,,,cfg3__m-reduced__p-native_cp__g-distance_closure__b-native_min_max_span_range__o-idle_range_pstar__s-cplex_cp__i-na,cfg3__m-reduced__p-native_cp__g-distance_closure__b-native_min_max_span_range__o-idle_range_pstar__s-cplex_cp__i-na,reduced,native_cp,distance_closure,CPLEXCP,CPLEX-CP,DOcplex 2.32.264,n/a,native_min_max_span_range,internal_idle_slot_range_pstar,IRP,NA,,,,,,,,,,0,1,-2,,,0,1,,,,,,"formalism-specific model size: SAT/MaxSAT reports base CNF and soft clauses, MIP reports variables/linear constraints/nonzeros, and CP reports integer variables plus linear/global constraints; SAT bound/totalizer overhead remains separate in optimizer_added_*",3234,2395,2250,2250,48,54,54,3,,,,0.00197,0.003986,0.022398,0.005957,0.030684,"wall-clock from immediately before reading/parsing the .dzn instance through model construction, optimization, solution decoding, and independent validation; excludes worker-process startup and result-file export",,,,peak_process_tree_rss_mb,563afc2b8c13b7bc55e5dd76541e46a806202755207296c4a1b1ca3eef12e7f5,prec25,data_table08_prec/forum-13crafc.prec25.dzn,1,data_table08_prec/forum-13crafc.prec25.dzn,1,data_table08_prec/forum-13crafc.prec25.dzn,https://imae.udg.edu/Recerca/LAI/,https://ima.udg.edu/Recerca/lai/b2b/b2b.zip,,2026-07-24T06:14:10+00:00,7200.0,,6f3ccaf59383a413936ee93d69392f669805b607,True,3.10.12,1.9.dev7,instance-20260722-153126,Linux-6.8.0-1064-gcp-x86_64-with-glibc2.35,x86_64,4,8,15988.055,1,0,/home/dclng566/projects/Business-Meeting-Scheduling-Problem/.venv/bin/python /home/dclng566/projects/Business-Meeting-Scheduling-Problem/src/Main.py --data-dir data_table08_prec --solver cplex_cp --timeout 7200 --threads 1 --random-seed 0 --csv output/cplex_cp_official/data_table08_prec/aggregate.csv --long-csv output/cplex_cp_official/data_table08_prec/detailed.csv --excel-dir output/cplex_cp_official/data_table08_prec/excel --verbose,,,,,Infeasible | SearchCompleted | SearchHasNotBeenStopped,,,cplex_cp,,,,exact_native,native_cp+distance_closure,,58,"1,2,3,4,5,6,7,8,9,10,11,12,13,14,15,16,18,19,23,24,25,26,27,28,29,30,31,32,33,34,35,36,37,38,39,40,41,42,44,45,46,47,48,49,50,52,53,54,56,57,59,60,62,63,64,65,66,70",2395,839,145,145,,,,,one reduced-domain integer time variable per meeting | global all_diff per participant | global count per slot for table capacity | distance-labelled transitive precedence closure | native min/max internal-idle expressions | native max/min range objective over P*,result,native_min_max_span_range
forum-14.prec25,b2b-617e3c5fa28ccf0d,precedence,R-DC-IRP-CPO-CP,Reduced,NativeCP,DistanceClosure-E*,NativeMinMaxSpan,IdleRangePstar,CPLEXCP,N/A,UNSAT,UNSAT,,,0.051154,False,37.812,CP,CP-MeetingTime-SpanRange,CP-MeetingTime-SpanRange-Reduced-DistanceClosure,302,0,302,0,176,94,0,,,,302,0,,,cfg3__m-reduced__p-native_cp__g-distance_closure__b-native_min_max_span_range__o-idle_range_pstar__s-cplex_cp__i-na,cfg3__m-reduced__p-native_cp__g-distance_closure__b-native_min_max_span_range__o-idle_range_pstar__s-cplex_cp__i-na,reduced,native_cp,distance_closure,CPLEXCP,CPLEX-CP,DOcplex 2.32.264,n/a,native_min_max_span_range,internal_idle_slot_range_pstar,IRP,NA,,,,,,,,,,0,1,0,,,0,1,,,,,,"formalism-specific model size: SAT/MaxSAT reports base CNF and soft clauses, MIP reports variables/linear constraints/nonzeros, and CP reports integer variables plus linear/global constraints; SAT bound/totalizer overhead remains separate in optimizer_added_*",6644,5352,4816,4816,126,175,175,4,,,,0.003052,0.012054,0.024886,0.015106,0.036047,"wall-clock from immediately before reading/parsing the .dzn instance through model construction, optimization, solution decoding, and independent validation; excludes worker-process startup and result-file export",,,,peak_process_tree_rss_mb,617e3c5fa28ccf0d24e4e4d2414bb06fab763003a816be98a943937be623f894,prec25,data_table08_prec/forum-14.prec25.dzn,1,data_table08_prec/forum-14.prec25.dzn,1,data_table08_prec/forum-14.prec25.dzn,https://imae.udg.edu/Recerca/LAI/,https://ima.udg.edu/Recerca/lai/b2b/b2b.zip,,2026-07-24T06:14:10+00:00,7200.0,,6f3ccaf59383a413936ee93d69392f669805b607,True,3.10.12,1.9.dev7,instance-20260722-153126,Linux-6.8.0-1064-gcp-x86_64-with-glibc2.35,x86_64,4,8,15988.055,1,0,/home/dclng566/projects/Business-Meeting-Scheduling-Problem/.venv/bin/python /home/dclng566/projects/Business-Meeting-Scheduling-Problem/src/Main.py --data-dir data_table08_prec --solver cplex_cp --timeout 7200 --threads 1 --random-seed 0 --csv output/cplex_cp_official/data_table08_prec/aggregate.csv --long-csv output/cplex_cp_official/data_table08_prec/detailed.csv --excel-dir output/cplex_cp_official/data_table08_prec/excel --verbose,,,,,Infeasible | SearchCompleted | SearchHasNotBeenStopped,,,cplex_cp,,,,exact_native,native_cp+distance_closure,,72,"1,2,3,4,5,6,8,9,11,12,14,17,19,20,21,22,23,24,25,26,27,28,29,30,31,32,33,34,35,36,37,38,39,40,41,42,43,44,45,46,47,48,49,50,51,52,53,54,55,56,57,58,59,60,61,62,63,64,65,66,67,68,69,70,71,72,73,74,75,76,77,78",5352,1292,536,536,,,,,one reduced-domain integer time variable per meeting | global all_diff per participant | global count per slot for table capacity | distance-labelled transitive precedence closure | native min/max internal-idle expressions | native max/min range objective over P*,result,native_min_max_span_range
tic-13.prec15,b2b-67efb820126aade0,precedence,R-DC-IRP-CPO-CP,Reduced,NativeCP,DistanceClosure-E*,NativeMinMaxSpan,IdleRangePstar,CPLEXCP,N/A,OPTIMAL,SAT,0,0,16.512907,False,57.98,CP,CP-MeetingTime-SpanRange,CP-MeetingTime-SpanRange-Reduced-DistanceClosure,180,0,180,0,39,55,0,,,,180,0,,,cfg3__m-reduced__p-native_cp__g-distance_closure__b-native_min_max_span_range__o-idle_range_pstar__s-cplex_cp__i-na,cfg3__m-reduced__p-native_cp__g-distance_closure__b-native_min_max_span_range__o-idle_range_pstar__s-cplex_cp__i-na,reduced,native_cp,distance_closure,CPLEXCP,CPLEX-CP,DOcplex 2.32.264,n/a,native_min_max_span_range,internal_idle_slot_range_pstar,IRP,NA,,,,,,,,,,0,1,0,0,,4429022,1935260,,,,,,"formalism-specific model size: SAT/MaxSAT reports base CNF and soft clauses, MIP reports variables/linear constraints/nonzeros, and CP reports integer variables plus linear/global constraints; SAT bound/totalizer overhead remains separate in optimizer_added_*",1800,1800,1727,1727,35,39,39,3,,,,0.001966,0.098146,0.024793,0.100112,16.412795,"wall-clock from immediately before reading/parsing the .dzn instance through model construction, optimization, solution decoding, and independent validation; excludes worker-process startup and result-file export",0,0,0,peak_process_tree_rss_mb,67efb820126aade040f08159e70a664048f3906e8584e9a45c8d50b6295c705a,prec15,data_table08_prec/tic-13.prec15.dzn,1,data_table08_prec/tic-13.prec15.dzn,1,data_table08_prec/tic-13.prec15.dzn,https://imae.udg.edu/Recerca/LAI/,https://ima.udg.edu/Recerca/lai/b2b/b2b.zip,,2026-07-24T06:14:10+00:00,7200.0,,6f3ccaf59383a413936ee93d69392f669805b607,True,3.10.12,1.9.dev7,instance-20260722-153126,Linux-6.8.0-1064-gcp-x86_64-with-glibc2.35,x86_64,4,8,15988.055,1,0,/home/dclng566/projects/Business-Meeting-Scheduling-Problem/.venv/bin/python /home/dclng566/projects/Business-Meeting-Scheduling-Problem/src/Main.py --data-dir data_table08_prec --solver cplex_cp --timeout 7200 --threads 1 --random-seed 0 --csv output/cplex_cp_official/data_table08_prec/aggregate.csv --long-csv output/cplex_cp_official/data_table08_prec/detailed.csv --excel-dir output/cplex_cp_official/data_table08_prec/excel --verbose,,,,,Optimal | SearchCompleted | SearchHasNotBeenStopped,,,cplex_cp,,,,exact_native,native_cp+distance_closure,0,45,"1,3,4,5,6,7,8,9,10,11,12,13,14,15,16,17,18,19,20,21,22,23,24,25,26,27,28,29,30,31,32,33,34,35,36,37,38,40,41,42,43,44,45,46,47",1800,0,73,73,"0,0,0,0,0,0,0,0,0,0,0,0,0,0,0,0,0,0,0,0,0,0,0,0,0,0,0,0,0,0,0,0,0,0,0,0,0,0,0,0,0,0,0,0,0,0,0","30,40,42,42,42,42,40,36,28,18","5,2,9,7,6,4,1,8,10,3,3,4,5,6,2,6,2,5,8,1,7,4,3,4,6,5,7,8,2,6,8,7,3,1,2,4,5,8,5,7,9,9,6,5,2,8,7,4,3,8,6,7,5,9,1,2,4,7,6,3,7,5,10,9,2,6,1,2,3,4,3,2,6,7,9,1,8,10,5,3,1,9,4,10,2,7,2,1,4,9,3,4,8,10,5,6,2,4,1,7,3,8,3,9,7,5,1,4,3,4,7,9,8,2,10,6,4,5,7,6,2,4,3,6,5,4,8,1,9,7,5,1,10,4,9,8,2,6,2,5,4,5,8,4,3,4,6,1,7,8,3,8,7,2,5,10,6,3,6,6,1,10,5,3,6,2,6,1,7,3,8,5,9,9,3,5,7,2,8,3",1:M7 M20 M34 M55 M67 M76 M81 M88 M99 M107 M128 M132 M148 M161 M168 | 2:M2 M15 M17 M29 M35 M45 M56 M65 M68 M72 M85 M87 M97 M114 M121 M137 M139 M154 M166 M178 | 3:M10 M11 M23 M33 M49 M60 M69 M71 M80 M91 M101 M103 M109 M123 M145 M151 M158 M164 M170 M175 M180 | 4:M6 M12 M22 M24 M36 M48 M57 M70 M83 M89 M92 M98 M108 M110 M117 M122 M126 M134 M141 M144 M146 | 5:M1 M13 M18 M26 M37 M39 M44 M53 M62 M79 M95 M106 M118 M125 M131 M140 M142 M155 M163 M172 M176 | 6:M5 M14 M16 M25 M30 M43 M51 M59 M66 M73 M96 M116 M120 M124 M138 M147 M157 M159 M160 M165 M167 | 7:M4 M21 M27 M32 M40 M47 M52 M58 M61 M74 M86 M100 M105 M111 M119 M130 M149 M153 M169 M177 | 8:M8 M19 M28 M31 M38 M46 M50 M77 M93 M102 M113 M127 M136 M143 M150 M152 M171 M179 | 9:M3 M41 M42 M54 M64 M75 M82 M90 M104 M112 M129 M135 M173 M174 | 10:M9 M63 M78 M84 M94 M115 M133 M156 M162,one reduced-domain integer time variable per meeting | global all_diff per participant | global count per slot for table capacity | distance-labelled transitive precedence closure | native min/max internal-idle expressions | native max/min range objective over P*,result,native_min_max_span_range
tic-13crafc.prec25,b2b-712e206c44dc5592,precedence,R-DC-IRP-CPO-CP,Reduced,NativeCP,DistanceClosure-E*,NativeMinMaxSpan,IdleRangePstar,CPLEXCP,N/A,TIMEOUT,TIMEOUT,1,,7199.880564,True,537.781,CP,CP-MeetingTime-SpanRange,CP-MeetingTime-SpanRange-Reduced-DistanceClosure,180,0,180,0,111,55,0,,,,180,0,,,cfg3__m-reduced__p-native_cp__g-distance_closure__b-native_min_max_span_range__o-idle_range_pstar__s-cplex_cp__i-na,cfg3__m-reduced__p-native_cp__g-distance_closure__b-native_min_max_span_range__o-idle_range_pstar__s-cplex_cp__i-na,reduced,native_cp,distance_closure,CPLEXCP,CPLEX-CP,DOcplex 2.32.264,n/a,native_min_max_span_range,internal_idle_slot_range_pstar,IRP,NA,,,,,,,,,,0,1,0,1,,1725782358,779241449,,,,,,"formalism-specific model size: SAT/MaxSAT reports base CNF and soft clauses, MIP reports variables/linear constraints/nonzeros, and CP reports integer variables plus linear/global constraints; SAT bound/totalizer overhead remains separate in optimizer_added_*",1800,1800,1600,1600,75,111,111,5,,,,0.002037,0.085856,0.02573,0.087892,7199.792672,"wall-clock from immediately before reading/parsing the .dzn instance through model construction, optimization, solution decoding, and independent validation; excludes worker-process startup and result-file export",1,26,1,peak_process_tree_rss_mb,712e206c44dc5592412ee6d62c3bbc63ce8db3a09ab872135f0cca9603b84782,prec25,data_table08_prec/tic-13crafc.prec25.dzn,1,data_table08_prec/tic-13crafc.prec25.dzn,1,data_table08_prec/tic-13crafc.prec25.dzn,https://imae.udg.edu/Recerca/LAI/,https://ima.udg.edu/Recerca/lai/b2b/b2b.zip,,2026-07-24T06:14:10+00:00,7200.0,,6f3ccaf59383a413936ee93d69392f669805b607,True,3.10.12,1.9.dev7,instance-20260722-153126,Linux-6.8.0-1064-gcp-x86_64-with-glibc2.35,x86_64,4,8,15988.055,1,0,/home/dclng566/projects/Business-Meeting-Scheduling-Problem/.venv/bin/python /home/dclng566/projects/Business-Meeting-Scheduling-Problem/src/Main.py --data-dir data_table08_prec --solver cplex_cp --timeout 7200 --threads 1 --random-seed 0 --csv output/cplex_cp_official/data_table08_prec/aggregate.csv --long-csv output/cplex_cp_official/data_table08_prec/detailed.csv --excel-dir output/cplex_cp_official/data_table08_prec/excel --verbose,,,,,Feasible | SearchStopped | SearchStoppedByLimit,,,cplex_cp,,,,exact_native,native_cp+distance_closure,1,45,"1,3,4,5,6,7,8,9,10,11,12,13,14,15,16,17,18,19,20,21,22,23,24,25,26,27,28,29,30,31,32,33,34,35,36,37,38,40,41,42,43,44,45,46,47",1800,0,200,200,"0,0,1,0,1,0,1,1,1,1,0,1,0,0,1,0,0,0,1,1,1,0,0,1,1,1,1,0,1,1,1,0,1,1,0,1,1,1,0,0,0,1,0,0,1,1,0","28,34,38,38,38,38,38,38,38,32","9,5,1,3,10,6,2,8,4,7,8,10,6,5,9,7,4,2,3,1,6,5,7,2,9,6,8,5,3,7,4,9,10,8,3,6,5,3,4,2,6,2,5,9,3,10,4,8,7,7,5,10,8,9,4,3,6,10,8,5,8,6,7,1,9,2,1,2,5,3,8,7,4,1,3,6,9,10,5,6,2,5,8,3,10,1,8,7,9,2,3,7,9,5,10,6,3,4,8,1,5,9,8,2,6,9,1,10,4,2,1,8,3,10,7,4,5,1,10,4,9,7,1,4,3,2,9,8,6,7,6,1,3,7,4,2,9,5,3,7,4,9,6,5,10,9,8,5,10,3,2,7,5,4,6,7,8,6,4,8,4,2,8,7,9,10,4,7,3,6,1,5,10,1,2,9,4,6,2,3",1:M3 M20 M64 M67 M74 M86 M100 M107 M111 M118 M123 M132 M171 M174 | 2:M7 M18 M24 M40 M42 M66 M68 M81 M90 M104 M110 M126 M136 M151 M162 M175 M179 | 3:M4 M19 M29 M35 M38 M45 M56 M70 M75 M84 M91 M97 M113 M125 M133 M139 M150 M169 M180 | 4:M9 M17 M31 M39 M47 M55 M73 M98 M109 M116 M120 M124 M135 M141 M154 M159 M161 M167 M177 | 5:M2 M14 M22 M28 M37 M43 M51 M60 M69 M79 M82 M94 M101 M117 M138 M144 M148 M153 M172 | 6:M6 M13 M21 M26 M36 M41 M57 M62 M76 M80 M96 M105 M129 M131 M143 M155 M158 M170 M178 | 7:M10 M16 M23 M30 M49 M50 M63 M72 M88 M92 M115 M122 M130 M134 M140 M152 M156 M164 M168 | 8:M8 M11 M27 M34 M48 M53 M59 M61 M71 M83 M87 M99 M103 M112 M128 M147 M157 M160 M163 | 9:M1 M15 M25 M32 M44 M54 M65 M77 M89 M93 M102 M106 M121 M127 M137 M142 M146 M165 M176 | 10:M5 M12 M33 M46 M52 M58 M78 M85 M95 M108 M114 M119 M145 M149 M166 M173,one reduced-domain integer time variable per meeting | global all_diff per participant | global count per slot for table capacity | distance-labelled transitive precedence closure | native min/max internal-idle expressions | native max/min range objective over P*,result,native_min_max_span_range
forumt-14crafe.prec15,b2b-715ea3966fb51bac,precedence,R-DC-IRP-CPO-CP,Reduced,NativeCP,DistanceClosure-E*,NativeMinMaxSpan,IdleRangePstar,CPLEXCP,N/A,OPTIMAL,SAT,2,2,0.595758,False,58.246,CP,CP-MeetingTime-SpanRange,CP-MeetingTime-SpanRange-Reduced-DistanceClosure,236,0,236,0,42,69,0,,,,236,0,,,cfg3__m-reduced__p-native_cp__g-distance_closure__b-native_min_max_span_range__o-idle_range_pstar__s-cplex_cp__i-na,cfg3__m-reduced__p-native_cp__g-distance_closure__b-native_min_max_span_range__o-idle_range_pstar__s-cplex_cp__i-na,reduced,native_cp,distance_closure,CPLEXCP,CPLEX-CP,DOcplex 2.32.264,n/a,native_min_max_span_range,internal_idle_slot_range_pstar,IRP,NA,,,,,,,,,,0,1,2,0,,124078,54450,,,,,,"formalism-specific model size: SAT/MaxSAT reports base CNF and soft clauses, MIP reports variables/linear constraints/nonzeros, and CP reports integer variables plus linear/global constraints; SAT bound/totalizer overhead remains separate in optimizer_added_*",2360,2270,2190,2190,41,42,42,2,,,,0.002436,0.138275,0.024049,0.140711,0.455046,"wall-clock from immediately before reading/parsing the .dzn instance through model construction, optimization, solution decoding, and independent validation; excludes worker-process startup and result-file export",2,46,2,peak_process_tree_rss_mb,715ea3966fb51bac30233ac7307a14a4053666a2e26ac5f1bab07a05bcd3a90c,prec15,data_table08_prec/forumt-14crafe.prec15.dzn,1,data_table08_prec/forumt-14crafe.prec15.dzn,1,data_table08_prec/forumt-14crafe.prec15.dzn,https://imae.udg.edu/Recerca/LAI/,https://ima.udg.edu/Recerca/lai/b2b/b2b.zip,,2026-07-24T06:14:10+00:00,7200.0,,6f3ccaf59383a413936ee93d69392f669805b607,True,3.10.12,1.9.dev7,instance-20260722-153126,Linux-6.8.0-1064-gcp-x86_64-with-glibc2.35,x86_64,4,8,15988.055,1,0,/home/dclng566/projects/Business-Meeting-Scheduling-Problem/.venv/bin/python /home/dclng566/projects/Business-Meeting-Scheduling-Problem/src/Main.py --data-dir data_table08_prec --solver cplex_cp --timeout 7200 --threads 1 --random-seed 0 --csv output/cplex_cp_official/data_table08_prec/aggregate.csv --long-csv output/cplex_cp_official/data_table08_prec/detailed.csv --excel-dir output/cplex_cp_official/data_table08_prec/excel --verbose,,,,,Optimal | SearchCompleted | SearchHasNotBeenStopped,,,cplex_cp,,,,exact_native,native_cp+distance_closure,2,59,"1,2,3,4,5,6,7,8,9,10,11,12,13,14,15,16,17,18,20,21,22,23,24,25,26,27,28,29,30,31,32,33,34,35,36,37,38,39,40,41,42,43,44,45,46,47,48,49,50,51,52,53,54,55,56,57,58,59,60",2270,90,80,80,"0,0,0,0,2,0,1,2,2,0,1,0,1,2,0,0,2,2,0,0,0,2,0,0,0,0,2,0,0,2,0,1,0,2,0,2,0,0,1,0,0,0,0,0,2,0,2,2,0,2,2,0,0,0,2,2,2,0,1,2","46,48,46,48,48,46,48,48,48,46","4,9,10,6,3,5,1,7,9,8,3,7,9,7,10,8,5,4,2,3,6,8,2,10,1,9,6,1,7,3,5,9,7,3,5,3,9,10,7,1,3,7,5,4,10,8,6,5,4,2,7,3,10,9,8,2,4,9,8,1,10,6,5,9,2,6,7,1,4,10,3,8,9,10,6,3,8,8,6,1,3,7,2,10,9,4,5,2,8,1,3,10,7,9,4,1,6,7,9,2,1,3,8,7,4,2,1,7,4,6,3,5,6,7,4,9,3,2,8,5,1,8,10,2,6,5,9,1,4,7,9,8,5,2,3,7,6,4,8,5,9,1,6,8,5,10,2,4,1,5,4,3,6,1,9,7,2,5,8,10,8,1,6,4,2,7,10,9,10,4,7,5,3,10,1,5,6,9,2,8,6,2,4,3,2,10,8,10,7,3,9,4,6,7,6,3,8,1,4,2,2,7,3,9,2,1,6,8,10,5,6,4,5,10,5,7,2,6,4,1,3,9,10,5,8,4,5,2,9,8,1,10,4,5,1,2",1:M7 M25 M28 M40 M60 M68 M80 M90 M96 M101 M107 M121 M128 M142 M149 M154 M162 M175 M198 M206 M220 M231 M235 | 2:M19 M23 M50 M56 M65 M83 M88 M100 M106 M118 M124 M134 M147 M157 M165 M179 M182 M185 M200 M201 M205 M217 M228 M236 | 3:M5 M11 M20 M30 M34 M36 M41 M52 M71 M76 M81 M91 M102 M111 M117 M135 M152 M173 M184 M190 M196 M203 M221 | 4:M1 M18 M44 M49 M57 M69 M86 M95 M105 M109 M115 M129 M138 M148 M151 M164 M170 M183 M192 M199 M212 M219 M226 M233 | 5:M6 M17 M31 M35 M43 M48 M63 M87 M112 M120 M126 M133 M140 M145 M150 M158 M172 M176 M210 M213 M215 M224 M227 M234 | 6:M4 M21 M27 M47 M62 M66 M75 M79 M97 M110 M113 M125 M137 M143 M153 M163 M177 M181 M193 M195 M207 M211 M218 | 7:M8 M12 M14 M29 M33 M39 M42 M51 M67 M82 M93 M98 M104 M108 M114 M130 M136 M156 M166 M171 M189 M194 M202 M216 | 8:M10 M16 M22 M46 M55 M59 M72 M77 M78 M89 M103 M119 M122 M132 M139 M144 M159 M161 M180 M187 M197 M208 M225 M230 | 9:M2 M9 M13 M26 M32 M37 M54 M58 M64 M73 M85 M94 M99 M116 M127 M131 M141 M155 M168 M178 M191 M204 M222 M229 | 10:M3 M15 M24 M38 M45 M53 M61 M70 M74 M84 M92 M123 M146 M160 M167 M169 M174 M186 M188 M209 M214 M223 M232,one reduced-domain integer time variable per meeting | global all_diff per participant | global count per slot for table capacity | distance-labelled transitive precedence closure | native min/max internal-idle expressions | native max/min range objective over P*,result,native_min_max_span_range
tic-13.prec25,b2b-75ed048ee1f7b55a,precedence,R-DC-IRP-CPO-CP,Reduced,NativeCP,DistanceClosure-E*,NativeMinMaxSpan,IdleRangePstar,CPLEXCP,N/A,OPTIMAL,SAT,0,0,1866.895243,False,177.191,CP,CP-MeetingTime-SpanRange,CP-MeetingTime-SpanRange-Reduced-DistanceClosure,180,0,180,0,111,55,0,,,,180,0,,,cfg3__m-reduced__p-native_cp__g-distance_closure__b-native_min_max_span_range__o-idle_range_pstar__s-cplex_cp__i-na,cfg3__m-reduced__p-native_cp__g-distance_closure__b-native_min_max_span_range__o-idle_range_pstar__s-cplex_cp__i-na,reduced,native_cp,distance_closure,CPLEXCP,CPLEX-CP,DOcplex 2.32.264,n/a,native_min_max_span_range,internal_idle_slot_range_pstar,IRP,NA,,,,,,,,,,0,1,0,0,,418939476,192110730,,,,,,"formalism-specific model size: SAT/MaxSAT reports base CNF and soft clauses, MIP reports variables/linear constraints/nonzeros, and CP reports integer variables plus linear/global constraints; SAT bound/totalizer overhead remains separate in optimizer_added_*",1800,1800,1600,1600,75,111,111,5,,,,0.001998,0.085815,0.025501,0.087813,1866.807429,"wall-clock from immediately before reading/parsing the .dzn instance through model construction, optimization, solution decoding, and independent validation; excludes worker-process startup and result-file export",0,0,0,peak_process_tree_rss_mb,75ed048ee1f7b55a6d478e8ccc0befc8e7534e8f89293cb2abb694510bca9fc4,prec25,data_table08_prec/tic-13.prec25.dzn,1,data_table08_prec/tic-13.prec25.dzn,1,data_table08_prec/tic-13.prec25.dzn,https://imae.udg.edu/Recerca/LAI/,https://ima.udg.edu/Recerca/lai/b2b/b2b.zip,,2026-07-24T06:14:10+00:00,7200.0,,6f3ccaf59383a413936ee93d69392f669805b607,True,3.10.12,1.9.dev7,instance-20260722-153126,Linux-6.8.0-1064-gcp-x86_64-with-glibc2.35,x86_64,4,8,15988.055,1,0,/home/dclng566/projects/Business-Meeting-Scheduling-Problem/.venv/bin/python /home/dclng566/projects/Business-Meeting-Scheduling-Problem/src/Main.py --data-dir data_table08_prec --solver cplex_cp --timeout 7200 --threads 1 --random-seed 0 --csv output/cplex_cp_official/data_table08_prec/aggregate.csv --long-csv output/cplex_cp_official/data_table08_prec/detailed.csv --excel-dir output/cplex_cp_official/data_table08_prec/excel --verbose,,,,,Optimal | SearchCompleted | SearchHasNotBeenStopped,,,cplex_cp,,,,exact_native,native_cp+distance_closure,0,45,"1,3,4,5,6,7,8,9,10,11,12,13,14,15,16,17,18,19,20,21,22,23,24,25,26,27,28,29,30,31,32,33,34,35,36,37,38,40,41,42,43,44,45,46,47",1800,0,200,200,"0,0,0,0,0,0,0,0,0,0,0,0,0,0,0,0,0,0,0,0,0,0,0,0,0,0,0,0,0,0,0,0,0,0,0,0,0,0,0,0,0,0,0,0,0,0,0","28,34,40,42,42,42,42,38,30,22","6,8,3,4,2,9,1,10,5,7,5,2,4,1,3,3,6,2,7,1,8,4,7,1,6,3,5,2,4,2,6,8,7,5,3,1,4,7,5,6,4,5,8,3,6,10,7,9,4,4,6,5,7,8,4,3,9,8,5,3,5,6,9,1,10,8,2,1,3,5,8,7,3,6,10,5,2,9,4,10,2,3,7,8,9,1,4,5,6,7,2,3,8,9,4,1,7,1,8,4,3,9,5,3,4,10,1,2,4,1,7,5,2,9,8,8,9,7,6,4,7,8,4,3,6,2,9,5,10,7,10,4,9,7,3,2,6,5,3,7,6,4,9,8,10,8,2,6,9,5,5,7,1,5,7,9,6,8,4,5,2,6,4,5,6,10,6,6,3,7,8,7,10,6,2,8,3,1,2,3",1:M7 M14 M20 M24 M36 M64 M68 M86 M96 M98 M107 M110 M153 M178 | 2:M5 M12 M18 M28 M30 M67 M77 M81 M91 M108 M113 M126 M136 M147 M161 M175 M179 | 3:M3 M15 M16 M26 M35 M44 M56 M60 M69 M73 M82 M92 M101 M104 M124 M135 M139 M169 M177 M180 | 4:M4 M13 M22 M29 M37 M41 M49 M50 M55 M79 M87 M95 M100 M105 M109 M120 M123 M132 M142 M159 M163 | 5:M9 M11 M27 M34 M39 M42 M52 M59 M61 M70 M76 M88 M103 M112 M128 M138 M150 M151 M154 M160 M164 | 6:M1 M17 M25 M31 M40 M45 M51 M62 M74 M89 M119 M125 M137 M141 M148 M157 M162 M165 M167 M168 M174 | 7:M10 M19 M23 M33 M38 M47 M53 M72 M83 M90 M97 M111 M118 M121 M130 M134 M140 M152 M155 M170 M172 | 8:M2 M21 M32 M43 M54 M58 M66 M71 M84 M93 M99 M115 M116 M122 M144 M146 M158 M171 M176 | 9:M6 M48 M57 M63 M78 M85 M94 M102 M114 M117 M127 M133 M143 M149 M156 | 10:M8 M46 M65 M75 M80 M106 M129 M131 M145 M166 M173,one reduced-domain integer time variable per meeting | global all_diff per participant | global count per slot for table capacity | distance-labelled transitive precedence closure | native min/max internal-idle expressions | native max/min range objective over P*,result,native_min_max_span_range
forum-14.prec15,b2b-885e7e560d6f1e08,precedence,R-DC-IRP-CPO-CP,Reduced,NativeCP,DistanceClosure-E*,NativeMinMaxSpan,IdleRangePstar,CPLEXCP,N/A,OPTIMAL,SAT,4,4,9.540614,False,60.953,CP,CP-MeetingTime-SpanRange,CP-MeetingTime-SpanRange-Reduced-DistanceClosure,302,0,302,0,56,94,0,,,,302,0,,,cfg3__m-reduced__p-native_cp__g-distance_closure__b-native_min_max_span_range__o-idle_range_pstar__s-cplex_cp__i-na,cfg3__m-reduced__p-native_cp__g-distance_closure__b-native_min_max_span_range__o-idle_range_pstar__s-cplex_cp__i-na,reduced,native_cp,distance_closure,CPLEXCP,CPLEX-CP,DOcplex 2.32.264,n/a,native_min_max_span_range,internal_idle_slot_range_pstar,IRP,NA,,,,,,,,,,0,1,4,0,,2057409,987314,,,,,,"formalism-specific model size: SAT/MaxSAT reports base CNF and soft clauses, MIP reports variables/linear constraints/nonzeros, and CP reports integer variables plus linear/global constraints; SAT bound/totalizer overhead remains separate in optimizer_added_*",6644,5352,5105,5105,53,56,56,2,,,,0.003013,1.021722,0.028897,1.024736,8.515879,"wall-clock from immediately before reading/parsing the .dzn instance through model construction, optimization, solution decoding, and independent validation; excludes worker-process startup and result-file export",4,212,4,peak_process_tree_rss_mb,885e7e560d6f1e088a57c9364fc0bd9d7db9cd0755506b9f241ee188dcffb15c,prec15,data_table08_prec/forum-14.prec15.dzn,1,data_table08_prec/forum-14.prec15.dzn,1,data_table08_prec/forum-14.prec15.dzn,https://imae.udg.edu/Recerca/LAI/,https://ima.udg.edu/Recerca/lai/b2b/b2b.zip,,2026-07-24T06:14:10+00:00,7200.0,,6f3ccaf59383a413936ee93d69392f669805b607,True,3.10.12,1.9.dev7,instance-20260722-153126,Linux-6.8.0-1064-gcp-x86_64-with-glibc2.35,x86_64,4,8,15988.055,1,0,/home/dclng566/projects/Business-Meeting-Scheduling-Problem/.venv/bin/python /home/dclng566/projects/Business-Meeting-Scheduling-Problem/src/Main.py --data-dir data_table08_prec --solver cplex_cp --timeout 7200 --threads 1 --random-seed 0 --csv output/cplex_cp_official/data_table08_prec/aggregate.csv --long-csv output/cplex_cp_official/data_table08_prec/detailed.csv --excel-dir output/cplex_cp_official/data_table08_prec/excel --verbose,,,,,Optimal | SearchCompleted | SearchHasNotBeenStopped,,,cplex_cp,,,,exact_native,native_cp+distance_closure,4,72,"1,2,3,4,5,6,8,9,11,12,14,17,19,20,21,22,23,24,25,26,27,28,29,30,31,32,33,34,35,36,37,38,39,40,41,42,43,44,45,46,47,48,49,50,51,52,53,54,55,56,57,58,59,60,61,62,63,64,65,66,67,68,69,70,71,72,73,74,75,76,77,78",5352,1292,247,247,"4,3,4,3,3,4,0,4,1,0,4,0,0,4,0,0,0,0,1,3,4,3,3,3,3,2,2,3,3,3,4,4,3,4,4,4,4,4,3,4,4,4,4,4,4,1,4,4,4,2,4,1,2,4,4,3,1,3,2,2,0,3,4,2,4,4,4,0,0,3,4,4,0,2,3,4,4,1","20,28,26,28,32,40,36,44,42,44,42,42,34,28,26,26,16,22,10,8,8,2","10,18,8,14,4,10,8,16,13,14,15,7,5,4,9,11,6,8,12,2,10,8,11,11,6,12,17,8,10,17,18,14,10,12,13,17,5,6,16,2,11,7,19,6,13,18,5,15,16,3,10,4,6,1,5,11,10,9,10,13,14,15,19,6,7,4,2,7,13,9,16,5,6,11,14,9,8,11,15,20,3,14,21,13,18,7,10,2,1,15,14,13,18,5,11,8,7,15,9,13,8,11,5,3,7,12,8,14,5,9,2,3,10,12,8,9,8,12,1,10,2,7,11,12,10,7,8,9,11,4,6,2,1,15,8,3,13,4,9,12,18,13,9,15,13,17,11,19,21,6,14,10,7,11,4,16,1,16,13,9,17,9,13,6,2,17,16,14,21,1,12,20,3,15,11,5,8,13,12,3,16,7,15,6,10,8,5,15,10,7,9,4,14,16,3,5,8,6,12,11,10,8,18,9,19,13,12,16,17,14,9,13,6,18,20,15,11,22,19,2,7,9,21,3,20,5,8,1,17,11,16,15,6,4,10,14,12,13,18,2,6,11,10,7,14,4,6,12,9,2,5,8,6,9,4,3,5,12,9,6,2,1,12,4,5,11,8,7,3,10,6,12,7,9,10,12,8,2,4,3,10,7,1,11,18,16,12,12,18,16,9,3,2,10,1,12,7,8,11,5,4,6",1:M54 M89 M119 M133 M157 M170 M228 M262 M283 M295 | 2:M20 M40 M67 M88 M111 M121 M132 M165 M220 M240 M250 M261 M278 M293 | 3:M50 M81 M104 M112 M136 M173 M180 M195 M224 M256 M269 M280 M292 | 4:M5 M14 M52 M66 M130 M138 M155 M192 M234 M246 M255 M264 M279 M301 | 5:M13 M37 M47 M55 M72 M94 M103 M109 M176 M187 M196 M226 M251 M257 M265 M300 | 6:M17 M25 M38 M44 M53 M64 M73 M131 M150 M164 M184 M198 M213 M233 M241 M247 M253 M260 M271 M302 | 7:M12 M42 M65 M68 M86 M97 M105 M122 M126 M153 M182 M190 M221 M244 M268 M273 M282 M297 | 8:M3 M7 M18 M22 M28 M77 M96 M101 M107 M115 M117 M127 M135 M177 M186 M197 M202 M227 M252 M267 M277 M298 | 9:M15 M58 M70 M76 M99 M110 M116 M128 M139 M143 M160 M162 M191 M204 M211 M222 M249 M254 M259 M274 M291 | 10:M1 M6 M21 M29 M33 M51 M57 M59 M87 M113 M120 M125 M152 M185 M189 M201 M235 M243 M270 M275 M281 M294 | 11:M16 M23 M24 M41 M56 M74 M78 M95 M102 M123 M129 M147 M154 M175 M200 M217 M230 M242 M266 M284 M299 | 12:M19 M26 M34 M106 M114 M118 M124 M140 M171 M179 M199 M207 M237 M248 M258 M263 M272 M276 M287 M288 M296 | 13:M9 M35 M45 M60 M69 M84 M92 M100 M137 M142 M145 M159 M163 M178 M206 M212 M238 | 14:M4 M10 M32 M61 M75 M82 M91 M108 M151 M168 M193 M210 M236 M245 | 15:M11 M48 M62 M79 M90 M98 M134 M144 M174 M183 M188 M216 M232 | 16:M8 M39 M49 M71 M156 M158 M167 M181 M194 M208 M231 M286 M290 | 17:M27 M30 M36 M146 M161 M166 M209 M229 | 18:M2 M31 M46 M85 M93 M141 M203 M214 M239 M285 M289 | 19:M43 M63 M148 M205 M219 | 20:M80 M172 M215 M225 | 21:M83 M149 M169 M223 | 22:M218,one reduced-domain integer time variable per meeting | global all_diff per participant | global count per slot for table capacity | distance-labelled transitive precedence closure | native min/max internal-idle expressions | native max/min range objective over P*,result,native_min_max_span_range
ticf-14crafa.prec15,b2b-8ce08d5c48b0b473,precedence,R-DC-IRP-CPO-CP,Reduced,NativeCP,DistanceClosure-E*,NativeMinMaxSpan,IdleRangePstar,CPLEXCP,N/A,TIMEOUT,TIMEOUT,1,,7199.867989,True,474.195,CP,CP-MeetingTime-SpanRange,CP-MeetingTime-SpanRange-Reduced-DistanceClosure,302,0,302,0,56,94,0,,,,302,0,,,cfg3__m-reduced__p-native_cp__g-distance_closure__b-native_min_max_span_range__o-idle_range_pstar__s-cplex_cp__i-na,cfg3__m-reduced__p-native_cp__g-distance_closure__b-native_min_max_span_range__o-idle_range_pstar__s-cplex_cp__i-na,reduced,native_cp,distance_closure,CPLEXCP,CPLEX-CP,DOcplex 2.32.264,n/a,native_min_max_span_range,internal_idle_slot_range_pstar,IRP,NA,,,,,,,,,,0,1,0,1,,1528244774,661096980,,,,,,"formalism-specific model size: SAT/MaxSAT reports base CNF and soft clauses, MIP reports variables/linear constraints/nonzeros, and CP reports integer variables plus linear/global constraints; SAT bound/totalizer overhead remains separate in optimizer_added_*",6644,5926,5680,5680,53,56,56,2,,,,0.002851,1.223415,0.028211,1.226265,7198.641723,"wall-clock from immediately before reading/parsing the .dzn instance through model construction, optimization, solution decoding, and independent validation; excludes worker-process startup and result-file export",1,57,1,peak_process_tree_rss_mb,8ce08d5c48b0b47379cc6ea0e41b4aa43ef6f9ac4d64c4b15c0b51c29588ae91,prec15,data_table08_prec/ticf-14crafa.prec15.dzn,1,data_table08_prec/ticf-14crafa.prec15.dzn,1,data_table08_prec/ticf-14crafa.prec15.dzn,https://imae.udg.edu/Recerca/LAI/,https://ima.udg.edu/Recerca/lai/b2b/b2b.zip,,2026-07-24T06:14:10+00:00,7200.0,,6f3ccaf59383a413936ee93d69392f669805b607,True,3.10.12,1.9.dev7,instance-20260722-153126,Linux-6.8.0-1064-gcp-x86_64-with-glibc2.35,x86_64,4,8,15988.055,1,0,/home/dclng566/projects/Business-Meeting-Scheduling-Problem/.venv/bin/python /home/dclng566/projects/Business-Meeting-Scheduling-Problem/src/Main.py --data-dir data_table08_prec --solver cplex_cp --timeout 7200 --threads 1 --random-seed 0 --csv output/cplex_cp_official/data_table08_prec/aggregate.csv --long-csv output/cplex_cp_official/data_table08_prec/detailed.csv --excel-dir output/cplex_cp_official/data_table08_prec/excel --verbose,,,,,Feasible | SearchStopped | SearchStoppedByLimit,,,cplex_cp,,,,exact_native,native_cp+distance_closure,1,72,"1,2,3,4,5,6,8,9,11,12,14,17,19,20,21,22,23,24,25,26,27,28,29,30,31,32,33,34,35,36,37,38,39,40,41,42,43,44,45,46,47,48,49,50,51,52,53,54,55,56,57,58,59,60,61,62,63,64,65,66,67,68,69,70,71,72,73,74,75,76,77,78",5926,718,246,246,"1,1,1,1,1,1,0,1,0,0,1,1,0,1,0,0,1,0,1,1,0,1,1,1,1,0,1,1,1,1,1,1,1,1,1,1,1,1,1,0,1,0,1,1,1,0,1,0,1,1,0,1,1,0,1,1,0,0,0,1,1,1,1,1,1,1,1,0,1,1,1,1,0,1,1,1,1,0","18,18,28,36,44,42,44,44,44,44,40,38,38,30,28,22,14,10,10,6,4,2","12,15,6,13,7,10,6,14,13,15,13,1,12,3,11,10,2,6,8,9,6,11,12,3,5,4,11,12,9,15,10,11,5,8,7,21,4,14,9,19,13,16,6,9,13,17,11,19,16,10,12,7,5,3,4,11,9,8,8,13,6,15,12,12,14,15,13,7,14,16,13,8,15,10,9,10,5,20,9,18,6,15,14,16,12,13,4,8,2,3,4,1,7,15,8,6,5,2,7,3,6,11,8,7,9,10,4,6,17,11,16,18,15,12,11,6,5,12,11,10,8,7,3,4,2,1,6,7,8,9,11,12,15,13,17,5,14,4,11,10,8,10,5,14,12,9,6,8,13,5,18,14,9,10,13,16,7,9,13,11,14,9,5,16,1,12,19,7,20,18,13,10,14,17,2,4,16,14,7,5,10,3,17,8,1,8,3,10,4,2,9,7,5,11,8,4,10,5,10,9,7,8,15,12,14,13,4,9,13,14,12,10,7,6,11,5,3,22,14,7,10,18,4,6,11,20,17,19,16,9,2,5,8,1,12,21,15,13,3,5,4,7,5,4,13,9,7,10,8,12,6,5,5,11,8,6,7,9,7,3,5,11,10,12,1,9,6,2,8,4,15,11,16,13,14,4,8,10,6,9,1,7,3,19,16,17,15,6,5,3,12,3,1,9,10,7,8,6,5,4,11,2",1:M12 M92 M126 M165 M185 M234 M265 M281 M293 | 2:M17 M89 M98 M125 M175 M190 M231 M268 M302 | 3:M14 M24 M54 M90 M100 M123 M182 M187 M217 M239 M260 M283 M290 M292 | 4:M26 M37 M55 M87 M91 M107 M124 M138 M176 M189 M196 M207 M223 M241 M244 M270 M276 M300 | 5:M25 M33 M53 M77 M97 M117 M136 M143 M150 M163 M180 M193 M198 M216 M232 M240 M243 M252 M253 M261 M289 M299 | 6:M3 M7 M18 M21 M43 M61 M81 M96 M101 M108 M116 M127 M147 M214 M224 M251 M256 M267 M279 M288 M298 | 7:M5 M35 M52 M68 M93 M99 M104 M122 M128 M157 M168 M179 M192 M201 M213 M220 M242 M247 M257 M259 M282 M296 | 8:M19 M34 M58 M59 M72 M88 M95 M103 M121 M129 M141 M148 M184 M186 M195 M202 M233 M249 M255 M269 M277 M297 | 9:M20 M29 M39 M44 M57 M75 M79 M105 M130 M146 M153 M158 M162 M191 M200 M208 M230 M246 M258 M266 M280 M294 | 10:M6 M16 M31 M50 M74 M76 M106 M120 M140 M142 M154 M172 M181 M188 M197 M199 M212 M221 M248 M263 M278 M295 | 11:M15 M22 M27 M32 M47 M56 M102 M110 M115 M119 M131 M139 M160 M194 M215 M225 M254 M262 M272 M301 | 12:M1 M13 M23 M28 M51 M63 M64 M85 M114 M118 M132 M145 M166 M204 M211 M235 M250 M264 M291 | 13:M4 M9 M11 M41 M45 M60 M67 M71 M86 M134 M149 M155 M159 M171 M206 M209 M238 M245 M274 | 14:M8 M38 M65 M69 M83 M137 M144 M152 M161 M173 M178 M205 M210 M219 M275 | 15:M2 M10 M30 M62 M66 M73 M82 M94 M113 M133 M203 M237 M271 M287 | 16:M42 M49 M70 M84 M111 M156 M164 M177 M229 M273 M285 | 17:M46 M109 M135 M174 M183 M227 M286 | 18:M80 M112 M151 M170 M222 | 19:M40 M48 M167 M228 M284 | 20:M78 M169 M226 | 21:M36 M236 | 22:M218,one reduced-domain integer time variable per meeting | global all_diff per participant | global count per slot for table capacity | distance-labelled transitive precedence closure | native min/max internal-idle expressions | native max/min range objective over P*,result,native_min_max_span_range
ticf-14crafa.prec25,b2b-926b33733e2518a0,precedence,R-DC-IRP-CPO-CP,Reduced,NativeCP,DistanceClosure-E*,NativeMinMaxSpan,IdleRangePstar,CPLEXCP,N/A,UNSAT,UNSAT,,,0.052122,False,37.754,CP,CP-MeetingTime-SpanRange,CP-MeetingTime-SpanRange-Reduced-DistanceClosure,302,0,302,0,176,94,0,,,,302,0,,,cfg3__m-reduced__p-native_cp__g-distance_closure__b-native_min_max_span_range__o-idle_range_pstar__s-cplex_cp__i-na,cfg3__m-reduced__p-native_cp__g-distance_closure__b-native_min_max_span_range__o-idle_range_pstar__s-cplex_cp__i-na,reduced,native_cp,distance_closure,CPLEXCP,CPLEX-CP,DOcplex 2.32.264,n/a,native_min_max_span_range,internal_idle_slot_range_pstar,IRP,NA,,,,,,,,,,0,1,0,,,0,1,,,,,,"formalism-specific model size: SAT/MaxSAT reports base CNF and soft clauses, MIP reports variables/linear constraints/nonzeros, and CP reports integer variables plus linear/global constraints; SAT bound/totalizer overhead remains separate in optimizer_added_*",6644,5926,5395,5395,126,175,175,4,,,,0.00297,0.013258,0.024533,0.016228,0.035894,"wall-clock from immediately before reading/parsing the .dzn instance through model construction, optimization, solution decoding, and independent validation; excludes worker-process startup and result-file export",,,,peak_process_tree_rss_mb,926b33733e2518a03fab5bdd93a92d0d4f963715fac1a202b8a7379d7234c139,prec25,data_table08_prec/ticf-14crafa.prec25.dzn,1,data_table08_prec/ticf-14crafa.prec25.dzn,1,data_table08_prec/ticf-14crafa.prec25.dzn,https://imae.udg.edu/Recerca/LAI/,https://ima.udg.edu/Recerca/lai/b2b/b2b.zip,,2026-07-24T06:14:10+00:00,7200.0,,6f3ccaf59383a413936ee93d69392f669805b607,True,3.10.12,1.9.dev7,instance-20260722-153126,Linux-6.8.0-1064-gcp-x86_64-with-glibc2.35,x86_64,4,8,15988.055,1,0,/home/dclng566/projects/Business-Meeting-Scheduling-Problem/.venv/bin/python /home/dclng566/projects/Business-Meeting-Scheduling-Problem/src/Main.py --data-dir data_table08_prec --solver cplex_cp --timeout 7200 --threads 1 --random-seed 0 --csv output/cplex_cp_official/data_table08_prec/aggregate.csv --long-csv output/cplex_cp_official/data_table08_prec/detailed.csv --excel-dir output/cplex_cp_official/data_table08_prec/excel --verbose,,,,,Infeasible | SearchCompleted | SearchHasNotBeenStopped,,,cplex_cp,,,,exact_native,native_cp+distance_closure,,72,"1,2,3,4,5,6,8,9,11,12,14,17,19,20,21,22,23,24,25,26,27,28,29,30,31,32,33,34,35,36,37,38,39,40,41,42,43,44,45,46,47,48,49,50,51,52,53,54,55,56,57,58,59,60,61,62,63,64,65,66,67,68,69,70,71,72,73,74,75,76,77,78",5926,718,531,531,,,,,one reduced-domain integer time variable per meeting | global all_diff per participant | global count per slot for table capacity | distance-labelled transitive precedence closure | native min/max internal-idle expressions | native max/min range objective over P*,result,native_min_max_span_range
tic-14crafc.prec15,b2b-98c89b44712c196a,precedence,R-DC-IRP-CPO-CP,Reduced,NativeCP,DistanceClosure-E*,NativeMinMaxSpan,IdleRangePstar,CPLEXCP,N/A,TIMEOUT,TIMEOUT,1,,7199.887885,True,572.492,CP,CP-MeetingTime-SpanRange,CP-MeetingTime-SpanRange-Reduced-DistanceClosure,237,0,237,0,54,69,0,,,,237,0,,,cfg3__m-reduced__p-native_cp__g-distance_closure__b-native_min_max_span_range__o-idle_range_pstar__s-cplex_cp__i-na,cfg3__m-reduced__p-native_cp__g-distance_closure__b-native_min_max_span_range__o-idle_range_pstar__s-cplex_cp__i-na,reduced,native_cp,distance_closure,CPLEXCP,CPLEX-CP,DOcplex 2.32.264,n/a,native_min_max_span_range,internal_idle_slot_range_pstar,IRP,NA,,,,,,,,,,0,1,0,1,,1810056263,758402130,,,,,,"formalism-specific model size: SAT/MaxSAT reports base CNF and soft clauses, MIP reports variables/linear constraints/nonzeros, and CP reports integer variables plus linear/global constraints; SAT bound/totalizer overhead remains separate in optimizer_added_*",2370,2370,2266,2266,44,54,54,4,,,,0.002381,0.137468,0.021775,0.139849,7199.748035,"wall-clock from immediately before reading/parsing the .dzn instance through model construction, optimization, solution decoding, and independent validation; excludes worker-process startup and result-file export",1,26,1,peak_process_tree_rss_mb,98c89b44712c196a672b5813289b100938774ed72ce7b940002f27d79f84ba50,prec15,data_table08_prec/tic-14crafc.prec15.dzn,1,data_table08_prec/tic-14crafc.prec15.dzn,1,data_table08_prec/tic-14crafc.prec15.dzn,https://imae.udg.edu/Recerca/LAI/,https://ima.udg.edu/Recerca/lai/b2b/b2b.zip,,2026-07-24T06:14:10+00:00,7200.0,,6f3ccaf59383a413936ee93d69392f669805b607,True,3.10.12,1.9.dev7,instance-20260722-153126,Linux-6.8.0-1064-gcp-x86_64-with-glibc2.35,x86_64,4,8,15988.055,1,0,/home/dclng566/projects/Business-Meeting-Scheduling-Problem/.venv/bin/python /home/dclng566/projects/Business-Meeting-Scheduling-Problem/src/Main.py --data-dir data_table08_prec --solver cplex_cp --timeout 7200 --threads 1 --random-seed 0 --csv output/cplex_cp_official/data_table08_prec/aggregate.csv --long-csv output/cplex_cp_official/data_table08_prec/detailed.csv --excel-dir output/cplex_cp_official/data_table08_prec/excel --verbose,,,,,Feasible | SearchStopped | SearchStoppedByLimit,,,cplex_cp,,,,exact_native,native_cp+distance_closure,1,59,"1,2,3,4,5,6,7,8,9,10,11,12,13,14,15,16,17,18,20,21,22,23,24,25,26,27,28,29,30,31,32,33,34,35,36,37,38,39,40,41,42,43,44,45,46,47,48,49,50,51,52,53,54,55,56,57,58,59,60",2370,0,104,104,"0,0,1,1,1,0,0,1,0,0,1,0,1,0,0,0,1,1,0,0,0,1,0,0,0,0,1,1,0,0,1,0,0,1,1,1,0,0,1,0,0,0,0,0,1,0,0,0,1,1,1,0,1,0,1,1,1,0,1,1","42,50,50,50,50,50,50,48,44,40","9,3,7,4,8,5,2,6,8,3,7,6,8,10,2,5,3,1,4,1,6,3,4,6,8,4,10,5,4,5,9,3,8,7,4,3,7,2,10,3,4,6,1,7,2,8,5,6,2,8,4,10,7,4,3,2,1,8,5,9,10,3,6,1,4,10,7,2,8,9,9,2,10,6,8,3,6,1,2,4,3,9,10,8,5,7,5,9,4,10,8,7,8,2,1,7,4,3,5,10,4,9,1,3,7,4,2,3,5,3,6,1,9,2,8,9,6,1,5,3,7,4,5,9,8,3,2,5,6,9,2,1,5,4,10,7,9,3,1,8,6,3,1,9,2,8,8,7,10,1,2,3,1,5,4,9,10,6,7,8,7,1,2,9,8,10,5,4,3,1,10,6,5,1,6,10,7,3,4,4,2,7,6,5,2,9,5,10,4,6,7,9,6,1,7,9,5,10,2,6,8,9,10,7,2,1,3,8,5,6,2,5,7,9,10,6,5,6,3,8,5,7,3,6,4,1,9,2,8,5,2,7,4,2,6,4,7",1:M18 M20 M43 M57 M64 M78 M95 M103 M112 M118 M132 M139 M143 M150 M153 M162 M170 M174 M194 M206 M226 | 2:M7 M15 M38 M45 M49 M56 M68 M72 M79 M94 M107 M114 M127 M131 M145 M151 M163 M181 M185 M199 M205 M211 M228 M231 M234 | 3:M2 M10 M17 M22 M32 M36 M40 M55 M62 M76 M81 M98 M104 M108 M110 M120 M126 M138 M142 M152 M169 M178 M207 M219 M223 | 4:M4 M19 M23 M26 M29 M35 M41 M51 M54 M65 M80 M89 M97 M101 M106 M122 M134 M155 M168 M179 M180 M189 M225 M233 M236 | 5:M6 M16 M28 M30 M47 M59 M85 M87 M99 M109 M119 M123 M128 M133 M154 M167 M173 M184 M187 M197 M209 M212 M217 M221 M230 | 6:M8 M12 M21 M24 M42 M48 M63 M74 M77 M111 M117 M129 M141 M158 M172 M175 M183 M190 M193 M200 M210 M216 M218 M224 M235 | 7:M3 M11 M34 M37 M44 M53 M67 M86 M92 M96 M105 M121 M136 M148 M159 M161 M177 M182 M191 M195 M204 M213 M222 M232 M237 | 8:M5 M9 M13 M25 M33 M46 M50 M58 M69 M75 M84 M91 M93 M115 M125 M140 M146 M147 M160 M165 M201 M208 M220 M229 | 9:M1 M31 M60 M70 M71 M82 M88 M102 M113 M116 M124 M130 M137 M144 M156 M164 M186 M192 M196 M202 M214 M227 | 10:M14 M27 M39 M52 M61 M66 M73 M83 M90 M100 M135 M149 M157 M166 M171 M176 M188 M198 M203 M215,one reduced-domain integer time variable per meeting | global all_diff per participant | global count per slot for table capacity | distance-labelled transitive precedence closure | native min/max internal-idle expressions | native max/min range objective over P*,result,native_min_max_span_range
forum-13.prec15,b2b-b28349db7b32bd08,precedence,R-DC-IRP-CPO-CP,Reduced,NativeCP,DistanceClosure-E*,NativeMinMaxSpan,IdleRangePstar,CPLEXCP,N/A,OPTIMAL,SAT,0,0,0.169472,False,32.949,CP,CP-MeetingTime-SpanRange,CP-MeetingTime-SpanRange-Reduced-DistanceClosure,154,0,154,0,14,79,0,,,,154,0,,,cfg3__m-reduced__p-native_cp__g-distance_closure__b-native_min_max_span_range__o-idle_range_pstar__s-cplex_cp__i-na,cfg3__m-reduced__p-native_cp__g-distance_closure__b-native_min_max_span_range__o-idle_range_pstar__s-cplex_cp__i-na,reduced,native_cp,distance_closure,CPLEXCP,CPLEX-CP,DOcplex 2.32.264,n/a,native_min_max_span_range,internal_idle_slot_range_pstar,IRP,NA,,,,,,,,,,0,1,0,0,,132,12,,,,,,"formalism-specific model size: SAT/MaxSAT reports base CNF and soft clauses, MIP reports variables/linear constraints/nonzeros, and CP reports integer variables plus linear/global constraints; SAT bound/totalizer overhead remains separate in optimizer_added_*",3234,2395,2367,2367,14,14,14,1,,,,0.002006,0.131433,0.023543,0.133439,0.036034,"wall-clock from immediately before reading/parsing the .dzn instance through model construction, optimization, solution decoding, and independent validation; excludes worker-process startup and result-file export",0,116,2,peak_process_tree_rss_mb,b28349db7b32bd081fd45a607344ea7248afd0095fb870b48e9215fc135c7793,prec15,data_table08_prec/forum-13.prec15.dzn,1,data_table08_prec/forum-13.prec15.dzn,1,data_table08_prec/forum-13.prec15.dzn,https://imae.udg.edu/Recerca/LAI/,https://ima.udg.edu/Recerca/lai/b2b/b2b.zip,,2026-07-24T06:14:10+00:00,7200.0,,6f3ccaf59383a413936ee93d69392f669805b607,True,3.10.12,1.9.dev7,instance-20260722-153126,Linux-6.8.0-1064-gcp-x86_64-with-glibc2.35,x86_64,4,8,15988.055,1,0,/home/dclng566/projects/Business-Meeting-Scheduling-Problem/.venv/bin/python /home/dclng566/projects/Business-Meeting-Scheduling-Problem/src/Main.py --data-dir data_table08_prec --solver cplex_cp --timeout 7200 --threads 1 --random-seed 0 --csv output/cplex_cp_official/data_table08_prec/aggregate.csv --long-csv output/cplex_cp_official/data_table08_prec/detailed.csv --excel-dir output/cplex_cp_official/data_table08_prec/excel --verbose,,,,,Optimal | SearchCompleted | SearchHasNotBeenStopped,,,cplex_cp,,,,exact_native,native_cp+distance_closure,0,58,"1,2,3,4,5,6,7,8,9,10,11,12,13,14,15,16,18,19,23,24,25,26,27,28,29,30,31,32,33,34,35,36,37,38,39,40,41,42,44,45,46,47,48,49,50,52,53,54,56,57,59,60,62,63,64,65,66,70",2395,839,28,28,"2,2,2,2,2,2,2,2,2,2,2,2,2,2,2,2,0,2,2,0,0,0,2,2,2,2,2,2,2,2,2,2,2,2,2,2,2,2,2,2,2,2,0,2,2,2,2,2,2,2,0,2,2,2,0,2,2,0,2,2,0,2,2,2,2,2,0,0,0,2","20,24,26,28,26,28,28,28,26,22,18,12,8,8,4,0,2,0,0,0,0","8,7,5,2,11,3,10,4,1,14,6,13,12,5,10,4,9,8,10,8,9,4,7,3,6,9,3,7,6,10,2,4,5,2,3,8,9,4,7,1,11,10,15,15,14,9,8,13,7,8,2,12,5,3,11,4,6,7,11,8,6,5,6,7,1,5,2,6,5,4,9,2,8,1,10,3,12,7,8,13,10,11,4,6,1,5,2,3,9,1,3,10,6,2,8,7,12,4,9,2,5,3,4,6,8,4,10,11,1,7,9,3,6,7,3,2,11,9,5,4,1,14,7,11,10,2,4,5,8,3,1,9,6,13,5,11,8,9,4,10,2,1,12,3,14,6,7,17,9,6,7,12,5,8",1:M9 M40 M65 M74 M85 M90 M109 M121 M131 M142 | 2:M4 M31 M34 M51 M67 M72 M87 M94 M100 M116 M126 M141 | 3:M6 M24 M27 M35 M54 M76 M88 M91 M102 M112 M115 M130 M144 | 4:M8 M16 M22 M32 M38 M56 M70 M83 M98 M103 M106 M120 M127 M139 | 5:M3 M14 M33 M53 M62 M66 M69 M86 M101 M119 M128 M135 M153 | 6:M11 M25 M29 M57 M61 M63 M68 M84 M93 M104 M113 M133 M146 M150 | 7:M2 M23 M28 M39 M49 M58 M64 M78 M96 M110 M114 M123 M147 M151 | 8:M1 M18 M20 M36 M47 M50 M60 M73 M79 M95 M105 M129 M137 M154 | 9:M17 M21 M26 M37 M46 M71 M89 M99 M111 M118 M132 M138 M149 | 10:M7 M15 M19 M30 M42 M75 M81 M92 M107 M125 M140 | 11:M5 M41 M55 M59 M82 M108 M117 M124 M136 | 12:M13 M52 M77 M97 M143 M152 | 13:M12 M48 M80 M134 | 14:M10 M45 M122 M145 | 15:M43 M44 | 16: | 17:M148 | 18: | 19: | 20: | 21:,one reduced-domain integer time variable per meeting | global all_diff per participant | global count per slot for table capacity | distance-labelled transitive precedence closure | native min/max internal-idle expressions | native max/min range objective over P*,result,native_min_max_span_range
tic-13crafc.prec15,b2b-bf7c95ce66b3ea36,precedence,R-DC-IRP-CPO-CP,Reduced,NativeCP,DistanceClosure-E*,NativeMinMaxSpan,IdleRangePstar,CPLEXCP,N/A,TIMEOUT,TIMEOUT,1,,7199.898297,True,617.699,CP,CP-MeetingTime-SpanRange,CP-MeetingTime-SpanRange-Reduced-DistanceClosure,180,0,180,0,39,55,0,,,,180,0,,,cfg3__m-reduced__p-native_cp__g-distance_closure__b-native_min_max_span_range__o-idle_range_pstar__s-cplex_cp__i-na,cfg3__m-reduced__p-native_cp__g-distance_closure__b-native_min_max_span_range__o-idle_range_pstar__s-cplex_cp__i-na,reduced,native_cp,distance_closure,CPLEXCP,CPLEX-CP,DOcplex 2.32.264,n/a,native_min_max_span_range,internal_idle_slot_range_pstar,IRP,NA,,,,,,,,,,0,1,0,1,,1929683426,833273165,,,,,,"formalism-specific model size: SAT/MaxSAT reports base CNF and soft clauses, MIP reports variables/linear constraints/nonzeros, and CP reports integer variables plus linear/global constraints; SAT bound/totalizer overhead remains separate in optimizer_added_*",1800,1800,1727,1727,35,39,39,3,,,,0.001964,0.097476,0.02452,0.09944,7199.798857,"wall-clock from immediately before reading/parsing the .dzn instance through model construction, optimization, solution decoding, and independent validation; excludes worker-process startup and result-file export",1,28,1,peak_process_tree_rss_mb,bf7c95ce66b3ea368fd78b823211e4922f200081c7a66a64a6f93267d3432b14,prec15,data_table08_prec/tic-13crafc.prec15.dzn,1,data_table08_prec/tic-13crafc.prec15.dzn,1,data_table08_prec/tic-13crafc.prec15.dzn,https://imae.udg.edu/Recerca/LAI/,https://ima.udg.edu/Recerca/lai/b2b/b2b.zip,,2026-07-24T06:14:10+00:00,7200.0,,6f3ccaf59383a413936ee93d69392f669805b607,True,3.10.12,1.9.dev7,instance-20260722-153126,Linux-6.8.0-1064-gcp-x86_64-with-glibc2.35,x86_64,4,8,15988.055,1,0,/home/dclng566/projects/Business-Meeting-Scheduling-Problem/.venv/bin/python /home/dclng566/projects/Business-Meeting-Scheduling-Problem/src/Main.py --data-dir data_table08_prec --solver cplex_cp --timeout 7200 --threads 1 --random-seed 0 --csv output/cplex_cp_official/data_table08_prec/aggregate.csv --long-csv output/cplex_cp_official/data_table08_prec/detailed.csv --excel-dir output/cplex_cp_official/data_table08_prec/excel --verbose,,,,,Feasible | SearchStopped | SearchStoppedByLimit,,,cplex_cp,,,,exact_native,native_cp+distance_closure,1,45,"1,3,4,5,6,7,8,9,10,11,12,13,14,15,16,17,18,19,20,21,22,23,24,25,26,27,28,29,30,31,32,33,34,35,36,37,38,40,41,42,43,44,45,46,47",1800,0,73,73,"0,0,1,1,1,1,1,1,1,1,0,1,0,0,0,1,1,0,0,1,1,1,0,1,1,1,1,0,1,1,1,0,1,1,0,1,1,0,0,0,0,1,0,0,1,1,0","32,36,38,38,38,38,38,38,36,28","2,1,5,8,4,10,3,6,9,7,4,5,7,2,6,5,7,2,8,3,9,1,3,9,10,4,8,7,6,3,5,10,7,8,9,2,6,8,9,6,10,5,6,7,2,4,1,9,3,4,6,9,7,8,1,4,6,8,5,2,4,7,10,3,9,6,4,9,5,8,7,4,5,1,8,6,2,3,10,1,2,7,8,5,3,6,1,3,4,1,8,10,2,9,6,3,4,8,6,10,1,9,3,2,7,8,9,1,3,9,10,5,2,4,8,5,4,3,5,7,2,8,5,4,2,9,10,3,6,7,1,6,3,10,5,8,4,1,6,7,4,7,9,5,3,8,10,6,7,2,9,3,7,2,1,5,3,6,7,3,2,6,8,9,10,4,10,1,9,7,2,5,4,5,4,2,8,1,5,1",1:M2 M22 M47 M55 M74 M80 M87 M90 M101 M108 M131 M138 M155 M168 M178 M180 | 2:M1 M14 M18 M36 M45 M60 M77 M81 M93 M104 M113 M121 M125 M150 M154 M161 M171 M176 | 3:M7 M20 M23 M30 M49 M64 M78 M85 M88 M96 M103 M109 M118 M128 M133 M145 M152 M157 M160 | 4:M5 M11 M26 M46 M50 M56 M61 M67 M72 M89 M97 M114 M117 M124 M137 M141 M166 M173 M175 | 5:M3 M12 M16 M31 M42 M59 M69 M73 M84 M112 M116 M119 M123 M135 M144 M156 M172 M174 M179 | 6:M8 M15 M29 M37 M40 M43 M51 M57 M66 M76 M86 M95 M99 M129 M132 M139 M148 M158 M162 | 7:M10 M13 M17 M28 M33 M44 M53 M62 M71 M82 M105 M120 M130 M140 M142 M149 M153 M159 M170 | 8:M4 M19 M27 M34 M38 M54 M58 M70 M75 M83 M91 M98 M106 M115 M122 M136 M146 M163 M177 | 9:M9 M21 M24 M35 M39 M48 M52 M65 M68 M94 M102 M107 M110 M126 M143 M151 M164 M169 | 10:M6 M25 M32 M41 M63 M79 M92 M100 M111 M127 M134 M147 M165 M167,one reduced-domain integer time variable per meeting | global all_diff per participant | global count per slot for table capacity | distance-labelled transitive precedence closure | native min/max internal-idle expressions | native max/min range objective over P*,result,native_min_max_span_range
tic-12.prec25,b2b-c2fe288a243d4a9f,precedence,R-DC-IRP-CPO-CP,Reduced,NativeCP,DistanceClosure-E*,NativeMinMaxSpan,IdleRangePstar,CPLEXCP,N/A,OPTIMAL,SAT,0,0,0.265955,False,56.27,CP,CP-MeetingTime-SpanRange,CP-MeetingTime-SpanRange-Reduced-DistanceClosure,125,0,125,0,85,47,0,,,,125,0,,,cfg3__m-reduced__p-native_cp__g-distance_closure__b-native_min_max_span_range__o-idle_range_pstar__s-cplex_cp__i-na,cfg3__m-reduced__p-native_cp__g-distance_closure__b-native_min_max_span_range__o-idle_range_pstar__s-cplex_cp__i-na,reduced,native_cp,distance_closure,CPLEXCP,CPLEX-CP,DOcplex 2.32.264,n/a,native_min_max_span_range,internal_idle_slot_range_pstar,IRP,NA,,,,,,,,,,0,1,0,0,,48622,23151,,,,,,"formalism-specific model size: SAT/MaxSAT reports base CNF and soft clauses, MIP reports variables/linear constraints/nonzeros, and CP reports integer variables plus linear/global constraints; SAT bound/totalizer overhead remains separate in optimizer_added_*",1000,1000,841,841,53,85,85,5,,,,0.001642,0.031813,0.023512,0.033455,0.2325,"wall-clock from immediately before reading/parsing the .dzn instance through model construction, optimization, solution decoding, and independent validation; excludes worker-process startup and result-file export",0,0,0,peak_process_tree_rss_mb,c2fe288a243d4a9fcd1ed6183f409c4156949212767a77385e66a5f08ff3c379,prec25,data_table08_prec/tic-12.prec25.dzn,1,data_table08_prec/tic-12.prec25.dzn,1,data_table08_prec/tic-12.prec25.dzn,https://imae.udg.edu/Recerca/LAI/,https://ima.udg.edu/Recerca/lai/b2b/b2b.zip,,2026-07-24T06:14:10+00:00,7200.0,,6f3ccaf59383a413936ee93d69392f669805b607,True,3.10.12,1.9.dev7,instance-20260722-153126,Linux-6.8.0-1064-gcp-x86_64-with-glibc2.35,x86_64,4,8,15988.055,1,0,/home/dclng566/projects/Business-Meeting-Scheduling-Problem/.venv/bin/python /home/dclng566/projects/Business-Meeting-Scheduling-Problem/src/Main.py --data-dir data_table08_prec --solver cplex_cp --timeout 7200 --threads 1 --random-seed 0 --csv output/cplex_cp_official/data_table08_prec/aggregate.csv --long-csv output/cplex_cp_official/data_table08_prec/detailed.csv --excel-dir output/cplex_cp_official/data_table08_prec/excel --verbose,,,,,Optimal | SearchCompleted | SearchHasNotBeenStopped,,,cplex_cp,,,,exact_native,native_cp+distance_closure,0,39,"1,2,3,4,5,6,7,8,9,10,11,12,13,14,15,16,17,18,19,20,21,22,23,24,25,26,27,28,29,30,31,32,33,34,35,36,39,41,42",1000,0,159,159,"0,0,0,0,0,0,0,0,0,0,0,0,0,0,0,0,0,0,0,0,0,0,0,0,0,0,0,0,0,0,0,0,0,0,0,0,0,0,0,0,0,0","26,32,34,36,34,32,30,26","6,3,4,1,7,4,1,2,5,7,3,8,2,4,5,6,1,7,3,2,5,8,7,8,7,5,1,2,3,6,4,8,3,4,7,6,2,5,8,3,4,2,1,5,7,5,2,6,4,3,3,7,6,4,8,2,5,3,2,4,8,7,1,6,5,5,3,4,1,6,6,8,3,4,2,7,5,4,7,2,8,1,3,4,6,5,5,6,4,8,7,8,4,7,5,2,6,1,3,5,3,7,6,1,2,5,1,4,2,3,6,6,3,2,1,4,8,6,1,2,7,8,5,3,4",1:M4 M7 M17 M27 M43 M63 M69 M82 M98 M104 M107 M115 M119 | 2:M8 M13 M20 M28 M37 M42 M47 M56 M59 M75 M80 M96 M105 M109 M114 M120 | 3:M2 M11 M19 M29 M33 M40 M50 M51 M58 M67 M73 M83 M99 M101 M110 M113 M124 | 4:M3 M6 M14 M31 M34 M41 M49 M54 M60 M68 M74 M78 M84 M89 M93 M108 M116 M125 | 5:M9 M15 M21 M26 M38 M44 M46 M57 M65 M66 M77 M86 M87 M95 M100 M106 M123 | 6:M1 M16 M30 M36 M48 M53 M64 M70 M71 M85 M88 M97 M103 M111 M112 M118 | 7:M5 M10 M18 M23 M25 M35 M45 M52 M62 M76 M79 M91 M94 M102 M121 | 8:M12 M22 M24 M32 M39 M55 M61 M72 M81 M90 M92 M117 M122,one reduced-domain integer time variable per meeting | global all_diff per participant | global count per slot for table capacity | distance-labelled transitive precedence closure | native min/max internal-idle expressions | native max/min range objective over P*,result,native_min_max_span_range
ticf-13crafb.prec25,b2b-cd3e7874dd1d2ce9,precedence,R-DC-IRP-CPO-CP,Reduced,NativeCP,DistanceClosure-E*,NativeMinMaxSpan,IdleRangePstar,CPLEXCP,N/A,UNSAT,UNSAT,,,0.046736,False,49.707,CP,CP-MeetingTime-SpanRange,CP-MeetingTime-SpanRange-Reduced-DistanceClosure,195,0,195,0,88,78,0,,,,195,0,,,cfg3__m-reduced__p-native_cp__g-distance_closure__b-native_min_max_span_range__o-idle_range_pstar__s-cplex_cp__i-na,cfg3__m-reduced__p-native_cp__g-distance_closure__b-native_min_max_span_range__o-idle_range_pstar__s-cplex_cp__i-na,reduced,native_cp,distance_closure,CPLEXCP,CPLEX-CP,DOcplex 2.32.264,n/a,native_min_max_span_range,internal_idle_slot_range_pstar,IRP,NA,,,,,,,,,,0,1,0,,,0,1,,,,,,"formalism-specific model size: SAT/MaxSAT reports base CNF and soft clauses, MIP reports variables/linear constraints/nonzeros, and CP reports integer variables plus linear/global constraints; SAT bound/totalizer overhead remains separate in optimizer_added_*",4290,3278,2993,2993,71,86,86,3,,,,0.002202,0.013208,0.022247,0.01541,0.031326,"wall-clock from immediately before reading/parsing the .dzn instance through model construction, optimization, solution decoding, and independent validation; excludes worker-process startup and result-file export",,,,peak_process_tree_rss_mb,cd3e7874dd1d2ce906565182a0875069e371bd5433e15ac0f49a3138fd9ce8f6,prec25,data_table08_prec/ticf-13crafb.prec25.dzn,1,data_table08_prec/ticf-13crafb.prec25.dzn,1,data_table08_prec/ticf-13crafb.prec25.dzn,https://imae.udg.edu/Recerca/LAI/,https://ima.udg.edu/Recerca/lai/b2b/b2b.zip,,2026-07-24T06:14:10+00:00,7200.0,,6f3ccaf59383a413936ee93d69392f669805b607,True,3.10.12,1.9.dev7,instance-20260722-153126,Linux-6.8.0-1064-gcp-x86_64-with-glibc2.35,x86_64,4,8,15988.055,1,0,/home/dclng566/projects/Business-Meeting-Scheduling-Problem/.venv/bin/python /home/dclng566/projects/Business-Meeting-Scheduling-Problem/src/Main.py --data-dir data_table08_prec --solver cplex_cp --timeout 7200 --threads 1 --random-seed 0 --csv output/cplex_cp_official/data_table08_prec/aggregate.csv --long-csv output/cplex_cp_official/data_table08_prec/detailed.csv --excel-dir output/cplex_cp_official/data_table08_prec/excel --verbose,,,,,Infeasible | SearchCompleted | SearchHasNotBeenStopped,,,cplex_cp,,,,exact_native,native_cp+distance_closure,,56,"1,2,3,4,7,8,9,10,12,13,14,15,16,17,18,19,20,21,22,23,24,25,26,28,29,30,31,32,33,36,37,38,39,40,41,42,43,44,45,47,48,51,53,54,56,57,58,59,60,61,62,63,64,65,66,76",3278,1012,285,285,,,,,one reduced-domain integer time variable per meeting | global all_diff per participant | global count per slot for table capacity | distance-labelled transitive precedence closure | native min/max internal-idle expressions | native max/min range objective over P*,result,native_min_max_span_range
forumt-14.prec25,b2b-d2768468a1b7ccf6,precedence,R-DC-IRP-CPO-CP,Reduced,NativeCP,DistanceClosure-E*,NativeMinMaxSpan,IdleRangePstar,CPLEXCP,N/A,OPTIMAL,SAT,2,2,0.565484,False,57.555,CP,CP-MeetingTime-SpanRange,CP-MeetingTime-SpanRange-Reduced-DistanceClosure,237,0,237,0,145,69,0,,,,237,0,,,cfg3__m-reduced__p-native_cp__g-distance_closure__b-native_min_max_span_range__o-idle_range_pstar__s-cplex_cp__i-na,cfg3__m-reduced__p-native_cp__g-distance_closure__b-native_min_max_span_range__o-idle_range_pstar__s-cplex_cp__i-na,reduced,native_cp,distance_closure,CPLEXCP,CPLEX-CP,DOcplex 2.32.264,n/a,native_min_max_span_range,internal_idle_slot_range_pstar,IRP,NA,,,,,,,,,,0,1,2,0,,92265,43022,,,,,,"formalism-specific model size: SAT/MaxSAT reports base CNF and soft clauses, MIP reports variables/linear constraints/nonzeros, and CP reports integer variables plus linear/global constraints; SAT bound/totalizer overhead remains separate in optimizer_added_*",2370,2276,2018,2018,93,145,145,4,,,,0.002432,0.172449,0.022476,0.174881,0.390603,"wall-clock from immediately before reading/parsing the .dzn instance through model construction, optimization, solution decoding, and independent validation; excludes worker-process startup and result-file export",2,53,2,peak_process_tree_rss_mb,d2768468a1b7ccf67cefe4925a94a08174e3ce0268d407438d463623f5d47850,prec25,data_table08_prec/forumt-14.prec25.dzn,1,data_table08_prec/forumt-14.prec25.dzn,1,data_table08_prec/forumt-14.prec25.dzn,https://imae.udg.edu/Recerca/LAI/,https://ima.udg.edu/Recerca/lai/b2b/b2b.zip,,2026-07-24T06:14:10+00:00,7200.0,,6f3ccaf59383a413936ee93d69392f669805b607,True,3.10.12,1.9.dev7,instance-20260722-153126,Linux-6.8.0-1064-gcp-x86_64-with-glibc2.35,x86_64,4,8,15988.055,1,0,/home/dclng566/projects/Business-Meeting-Scheduling-Problem/.venv/bin/python /home/dclng566/projects/Business-Meeting-Scheduling-Problem/src/Main.py --data-dir data_table08_prec --solver cplex_cp --timeout 7200 --threads 1 --random-seed 0 --csv output/cplex_cp_official/data_table08_prec/aggregate.csv --long-csv output/cplex_cp_official/data_table08_prec/detailed.csv --excel-dir output/cplex_cp_official/data_table08_prec/excel --verbose,,,,,Optimal | SearchCompleted | SearchHasNotBeenStopped,,,cplex_cp,,,,exact_native,native_cp+distance_closure,2,59,"1,2,3,4,5,6,7,8,9,10,11,12,13,14,15,16,17,18,20,21,22,23,24,25,26,27,28,29,30,31,32,33,34,35,36,37,38,39,40,41,42,43,44,45,46,47,48,49,50,51,52,53,54,55,56,57,58,59,60",2276,94,258,258,"0,0,1,1,2,0,0,2,0,0,2,0,2,0,0,0,2,2,0,0,0,2,0,0,0,0,2,2,0,2,0,2,0,2,2,2,0,0,1,0,0,0,0,0,2,0,2,2,1,2,1,0,1,0,2,2,2,1,2,2","44,46,46,50,48,50,48,52,48,42","8,9,7,3,10,5,1,4,5,1,10,3,7,9,6,8,5,1,5,5,4,8,9,10,6,1,5,7,7,2,8,5,1,4,8,4,3,1,7,9,2,7,5,1,10,6,9,10,6,9,8,2,4,4,9,10,1,5,7,3,2,4,2,7,1,6,8,3,5,10,9,1,10,3,6,2,4,6,7,9,8,3,1,2,5,10,6,2,7,3,9,8,9,6,5,3,2,10,3,10,6,2,9,8,5,5,10,8,3,2,8,6,1,4,10,5,2,9,8,3,6,7,3,4,6,2,8,7,10,9,7,5,3,2,6,8,4,1,9,5,10,3,2,4,7,9,2,4,3,6,6,1,7,5,4,3,2,10,8,9,7,5,10,6,9,8,2,4,1,6,3,8,7,8,3,9,1,6,10,6,4,5,4,2,7,10,6,7,5,1,8,4,8,7,1,2,6,5,8,4,4,10,8,4,9,1,3,5,7,6,7,6,9,1,4,7,4,8,2,3,10,2,9,4,1,6,8,7,9,2,4,1,3,8,3,9,5",1:M7 M10 M18 M26 M33 M38 M44 M57 M65 M72 M83 M113 M138 M152 M169 M177 M190 M195 M206 M214 M225 M232 | 2:M30 M41 M52 M61 M63 M76 M84 M88 M97 M102 M110 M117 M126 M134 M143 M147 M157 M167 M184 M196 M219 M222 M230 | 3:M4 M12 M37 M60 M68 M74 M82 M90 M96 M99 M109 M120 M123 M133 M142 M149 M156 M171 M175 M207 M220 M233 M235 | 4:M8 M21 M34 M36 M53 M54 M62 M77 M114 M124 M137 M144 M148 M155 M168 M181 M183 M192 M200 M201 M204 M215 M217 M224 M231 | 5:M6 M9 M17 M19 M20 M27 M32 M43 M58 M69 M85 M95 M105 M106 M116 M132 M140 M154 M162 M182 M189 M198 M208 M237 | 6:M15 M25 M46 M49 M66 M75 M78 M87 M94 M101 M112 M121 M125 M135 M150 M151 M164 M170 M178 M180 M187 M197 M210 M212 M226 | 7:M3 M13 M28 M29 M39 M42 M59 M64 M79 M89 M122 M128 M131 M145 M153 M161 M173 M185 M188 M194 M209 M211 M216 M228 | 8:M1 M16 M22 M31 M35 M51 M67 M81 M92 M104 M108 M111 M119 M127 M136 M159 M166 M172 M174 M191 M193 M199 M203 M218 M227 M234 | 9:M2 M14 M23 M40 M47 M50 M55 M71 M80 M91 M93 M103 M118 M130 M139 M146 M160 M165 M176 M205 M213 M223 M229 M236 | 10:M5 M11 M24 M45 M48 M56 M70 M73 M86 M98 M100 M107 M115 M129 M141 M158 M163 M179 M186 M202 M221,one reduced-domain integer time variable per meeting | global all_diff per participant | global count per slot for table capacity | distance-labelled transitive precedence closure | native min/max internal-idle expressions | native max/min range objective over P*,result,native_min_max_span_range
tic-12crafc.prec25,b2b-d3faa7f99b15fb0e,precedence,R-DC-IRP-CPO-CP,Reduced,NativeCP,DistanceClosure-E*,NativeMinMaxSpan,IdleRangePstar,CPLEXCP,N/A,OPTIMAL,SAT,0,0,1216.316864,False,131.258,CP,CP-MeetingTime-SpanRange,CP-MeetingTime-SpanRange-Reduced-DistanceClosure,125,0,125,0,85,47,0,,,,125,0,,,cfg3__m-reduced__p-native_cp__g-distance_closure__b-native_min_max_span_range__o-idle_range_pstar__s-cplex_cp__i-na,cfg3__m-reduced__p-native_cp__g-distance_closure__b-native_min_max_span_range__o-idle_range_pstar__s-cplex_cp__i-na,reduced,native_cp,distance_closure,CPLEXCP,CPLEX-CP,DOcplex 2.32.264,n/a,native_min_max_span_range,internal_idle_slot_range_pstar,IRP,NA,,,,,,,,,,0,1,0,0,,275084140,132791387,,,,,,"formalism-specific model size: SAT/MaxSAT reports base CNF and soft clauses, MIP reports variables/linear constraints/nonzeros, and CP reports integer variables plus linear/global constraints; SAT bound/totalizer overhead remains separate in optimizer_added_*",1000,1000,841,841,53,85,85,5,,,,0.001739,0.0316,0.022913,0.033339,1216.283525,"wall-clock from immediately before reading/parsing the .dzn instance through model construction, optimization, solution decoding, and independent validation; excludes worker-process startup and result-file export",0,0,0,peak_process_tree_rss_mb,d3faa7f99b15fb0e9cd9a67a84eb98a34160c036970c8edced7229461c6b340c,prec25,data_table08_prec/tic-12crafc.prec25.dzn,1,data_table08_prec/tic-12crafc.prec25.dzn,1,data_table08_prec/tic-12crafc.prec25.dzn,https://imae.udg.edu/Recerca/LAI/,https://ima.udg.edu/Recerca/lai/b2b/b2b.zip,,2026-07-24T06:14:10+00:00,7200.0,,6f3ccaf59383a413936ee93d69392f669805b607,True,3.10.12,1.9.dev7,instance-20260722-153126,Linux-6.8.0-1064-gcp-x86_64-with-glibc2.35,x86_64,4,8,15988.055,1,0,/home/dclng566/projects/Business-Meeting-Scheduling-Problem/.venv/bin/python /home/dclng566/projects/Business-Meeting-Scheduling-Problem/src/Main.py --data-dir data_table08_prec --solver cplex_cp --timeout 7200 --threads 1 --random-seed 0 --csv output/cplex_cp_official/data_table08_prec/aggregate.csv --long-csv output/cplex_cp_official/data_table08_prec/detailed.csv --excel-dir output/cplex_cp_official/data_table08_prec/excel --verbose,,,,,Optimal | SearchCompleted | SearchHasNotBeenStopped,,,cplex_cp,,,,exact_native,native_cp+distance_closure,0,39,"1,2,3,4,5,6,7,8,9,10,11,12,13,14,15,16,17,18,19,20,21,22,23,24,25,26,27,28,29,30,31,32,33,34,35,36,39,41,42",1000,0,159,159,"0,0,0,0,0,0,0,0,0,0,0,0,0,0,0,0,0,0,0,0,0,0,0,0,0,0,0,0,0,0,0,0,0,0,0,0,0,0,0,0,0,0","30,32,32,32,32,32,32,28","2,4,1,3,8,2,1,6,8,8,7,7,1,2,5,3,4,8,7,4,5,8,8,7,4,6,3,8,2,7,5,1,3,4,5,6,2,7,4,6,3,5,1,7,2,4,5,8,6,3,4,6,1,7,2,3,5,1,3,5,2,1,3,7,6,6,5,4,2,1,6,2,1,8,3,7,5,6,3,5,7,1,2,4,8,6,4,6,5,7,8,7,5,3,6,2,8,4,1,3,4,7,2,6,1,3,2,7,6,5,4,3,5,2,1,8,4,7,2,1,8,6,3,4,5",1:M3 M7 M13 M32 M43 M53 M58 M62 M70 M73 M82 M99 M105 M115 M120 | 2:M1 M6 M14 M29 M37 M45 M55 M61 M69 M72 M83 M96 M103 M107 M114 M119 | 3:M4 M16 M27 M33 M41 M50 M56 M59 M63 M75 M79 M94 M100 M106 M112 M123 | 4:M2 M17 M20 M25 M34 M39 M46 M51 M68 M84 M87 M98 M101 M111 M117 M124 | 5:M15 M21 M31 M35 M42 M47 M57 M60 M67 M77 M80 M89 M93 M110 M113 M125 | 6:M8 M26 M36 M40 M49 M52 M65 M66 M71 M78 M86 M88 M95 M104 M109 M122 | 7:M11 M12 M19 M24 M30 M38 M44 M54 M64 M76 M81 M90 M92 M102 M108 M118 | 8:M5 M9 M10 M18 M22 M23 M28 M48 M74 M85 M91 M97 M116 M121,one reduced-domain integer time variable per meeting | global all_diff per participant | global count per slot for table capacity | distance-labelled transitive precedence closure | native min/max internal-idle expressions | native max/min range objective over P*,result,native_min_max_span_range
tic-14crafa.prec25,b2b-d5944da94c5a5760,precedence,R-DC-IRP-CPO-CP,Reduced,NativeCP,DistanceClosure-E*,NativeMinMaxSpan,IdleRangePstar,CPLEXCP,N/A,OPTIMAL,SAT,0,0,66.24909,False,61.496,CP,CP-MeetingTime-SpanRange,CP-MeetingTime-SpanRange-Reduced-DistanceClosure,237,0,237,0,145,69,0,,,,237,0,,,cfg3__m-reduced__p-native_cp__g-distance_closure__b-native_min_max_span_range__o-idle_range_pstar__s-cplex_cp__i-na,cfg3__m-reduced__p-native_cp__g-distance_closure__b-native_min_max_span_range__o-idle_range_pstar__s-cplex_cp__i-na,reduced,native_cp,distance_closure,CPLEXCP,CPLEX-CP,DOcplex 2.32.264,n/a,native_min_max_span_range,internal_idle_slot_range_pstar,IRP,NA,,,,,,,,,,0,1,0,0,,14115069,6249603,,,,,,"formalism-specific model size: SAT/MaxSAT reports base CNF and soft clauses, MIP reports variables/linear constraints/nonzeros, and CP reports integer variables plus linear/global constraints; SAT bound/totalizer overhead remains separate in optimizer_added_*",2370,2370,2116,2116,93,145,145,4,,,,0.002461,0.122124,0.024262,0.124585,66.124505,"wall-clock from immediately before reading/parsing the .dzn instance through model construction, optimization, solution decoding, and independent validation; excludes worker-process startup and result-file export",0,0,0,peak_process_tree_rss_mb,d5944da94c5a576047d646c5216e98f177a9ac21bacee74e2510eaf604655857,prec25,data_table08_prec/tic-14crafa.prec25.dzn,1,data_table08_prec/tic-14crafa.prec25.dzn,1,data_table08_prec/tic-14crafa.prec25.dzn,https://imae.udg.edu/Recerca/LAI/,https://ima.udg.edu/Recerca/lai/b2b/b2b.zip,,2026-07-24T06:14:10+00:00,7200.0,,6f3ccaf59383a413936ee93d69392f669805b607,True,3.10.12,1.9.dev7,instance-20260722-153126,Linux-6.8.0-1064-gcp-x86_64-with-glibc2.35,x86_64,4,8,15988.055,1,0,/home/dclng566/projects/Business-Meeting-Scheduling-Problem/.venv/bin/python /home/dclng566/projects/Business-Meeting-Scheduling-Problem/src/Main.py --data-dir data_table08_prec --solver cplex_cp --timeout 7200 --threads 1 --random-seed 0 --csv output/cplex_cp_official/data_table08_prec/aggregate.csv --long-csv output/cplex_cp_official/data_table08_prec/detailed.csv --excel-dir output/cplex_cp_official/data_table08_prec/excel --verbose,,,,,Optimal | SearchCompleted | SearchHasNotBeenStopped,,,cplex_cp,,,,exact_native,native_cp+distance_closure,0,59,"1,2,3,4,5,6,7,8,9,10,11,12,13,14,15,16,17,18,20,21,22,23,24,25,26,27,28,29,30,31,32,33,34,35,36,37,38,39,40,41,42,43,44,45,46,47,48,49,50,51,52,53,54,55,56,57,58,59,60",2370,0,254,254,"0,0,0,0,0,0,0,0,0,0,0,0,0,0,0,0,0,0,0,0,0,0,0,0,0,0,0,0,0,0,0,0,0,0,0,0,0,0,0,0,0,0,0,0,0,0,0,0,0,0,0,0,0,0,0,0,0,0,0,0","36,42,48,52,54,54,54,48,48,38","10,6,5,1,8,9,4,3,4,2,5,9,7,10,4,6,8,3,2,10,6,8,5,5,6,4,2,7,7,1,10,9,1,5,10,6,4,8,6,3,3,6,4,8,9,5,7,1,6,9,4,3,5,8,9,2,7,10,4,5,3,2,5,8,1,9,3,4,10,6,9,7,6,1,8,3,1,8,4,7,5,2,6,3,10,9,3,1,6,2,4,5,4,7,3,8,5,9,2,7,10,3,9,8,5,9,7,10,7,3,8,6,1,4,6,2,5,9,10,3,7,4,5,7,3,4,6,2,7,5,2,5,8,3,7,6,1,2,9,10,5,8,2,1,7,4,7,2,8,9,5,9,3,1,2,8,7,6,4,10,7,6,8,1,3,10,2,5,4,1,7,10,6,10,5,4,1,2,8,4,6,9,6,4,8,3,7,8,9,5,10,6,6,7,9,2,5,3,10,1,6,10,9,8,4,5,6,2,7,1,4,9,5,3,7,8,8,2,9,4,2,3,7,1,9,5,8,6,7,9,6,4,3,7,3,5,4",1:M4 M30 M33 M48 M65 M74 M77 M88 M113 M137 M144 M154 M164 M170 M177 M200 M210 M224 | 2:M10 M19 M27 M56 M62 M82 M90 M99 M116 M128 M131 M138 M143 M148 M155 M167 M178 M196 M208 M218 M221 | 3:M8 M18 M40 M41 M52 M61 M67 M76 M84 M87 M95 M102 M110 M120 M125 M134 M153 M165 M186 M198 M214 M222 M233 M235 | 4:M7 M9 M15 M26 M37 M43 M51 M59 M68 M79 M91 M93 M114 M122 M126 M146 M159 M169 M176 M180 M184 M205 M211 M220 M232 M237 | 5:M3 M11 M23 M24 M34 M46 M53 M60 M63 M81 M92 M97 M105 M117 M123 M130 M132 M141 M151 M168 M175 M190 M197 M206 M213 M226 M236 | 6:M2 M16 M21 M25 M36 M39 M42 M49 M70 M73 M83 M89 M112 M115 M127 M136 M158 M162 M173 M181 M183 M192 M193 M201 M207 M228 M231 | 7:M13 M28 M29 M47 M57 M72 M80 M94 M100 M107 M109 M121 M124 M129 M135 M145 M147 M157 M161 M171 M187 M194 M209 M215 M223 M229 M234 | 8:M5 M17 M22 M38 M44 M54 M64 M75 M78 M96 M104 M111 M133 M142 M149 M156 M163 M179 M185 M188 M204 M216 M217 M227 | 9:M6 M12 M32 M45 M50 M55 M66 M71 M86 M98 M103 M106 M118 M139 M150 M152 M182 M189 M195 M203 M212 M219 M225 M230 | 10:M1 M14 M20 M31 M35 M58 M69 M85 M101 M108 M119 M140 M160 M166 M172 M174 M191 M199 M202,one reduced-domain integer time variable per meeting | global all_diff per participant | global count per slot for table capacity | distance-labelled transitive precedence closure | native min/max internal-idle expressions | native max/min range objective over P*,result,native_min_max_span_range
ticf-13crafc.prec25,b2b-da4961fba506fc2c,precedence,R-DC-IRP-CPO-CP,Reduced,NativeCP,DistanceClosure-E*,NativeMinMaxSpan,IdleRangePstar,CPLEXCP,N/A,UNSAT,UNSAT,,,0.037763,False,37.906,CP,CP-MeetingTime-SpanRange,CP-MeetingTime-SpanRange-Reduced-DistanceClosure,154,0,154,0,56,79,0,,,,154,0,,,cfg3__m-reduced__p-native_cp__g-distance_closure__b-native_min_max_span_range__o-idle_range_pstar__s-cplex_cp__i-na,cfg3__m-reduced__p-native_cp__g-distance_closure__b-native_min_max_span_range__o-idle_range_pstar__s-cplex_cp__i-na,reduced,native_cp,distance_closure,CPLEXCP,CPLEX-CP,DOcplex 2.32.264,n/a,native_min_max_span_range,internal_idle_slot_range_pstar,IRP,NA,,,,,,,,,,0,1,-2,,,0,1,,,,,,"formalism-specific model size: SAT/MaxSAT reports base CNF and soft clauses, MIP reports variables/linear constraints/nonzeros, and CP reports integer variables plus linear/global constraints; SAT bound/totalizer overhead remains separate in optimizer_added_*",3234,2454,2307,2307,48,54,54,3,,,,0.001953,0.003899,0.023311,0.005853,0.03191,"wall-clock from immediately before reading/parsing the .dzn instance through model construction, optimization, solution decoding, and independent validation; excludes worker-process startup and result-file export",,,,peak_process_tree_rss_mb,da4961fba506fc2c2c7365b6a7b860b61f0265c407e0c2134053ffffb31fbca3,prec25,data_table08_prec/ticf-13crafc.prec25.dzn,1,data_table08_prec/ticf-13crafc.prec25.dzn,1,data_table08_prec/ticf-13crafc.prec25.dzn,https://imae.udg.edu/Recerca/LAI/,https://ima.udg.edu/Recerca/lai/b2b/b2b.zip,,2026-07-24T06:14:10+00:00,7200.0,,6f3ccaf59383a413936ee93d69392f669805b607,True,3.10.12,1.9.dev7,instance-20260722-153126,Linux-6.8.0-1064-gcp-x86_64-with-glibc2.35,x86_64,4,8,15988.055,1,0,/home/dclng566/projects/Business-Meeting-Scheduling-Problem/.venv/bin/python /home/dclng566/projects/Business-Meeting-Scheduling-Problem/src/Main.py --data-dir data_table08_prec --solver cplex_cp --timeout 7200 --threads 1 --random-seed 0 --csv output/cplex_cp_official/data_table08_prec/aggregate.csv --long-csv output/cplex_cp_official/data_table08_prec/detailed.csv --excel-dir output/cplex_cp_official/data_table08_prec/excel --verbose,,,,,Infeasible | SearchCompleted | SearchHasNotBeenStopped,,,cplex_cp,,,,exact_native,native_cp+distance_closure,,58,"1,2,3,4,5,6,7,8,9,10,11,12,13,14,15,16,18,19,23,24,25,26,27,28,29,30,31,32,33,34,35,36,37,38,39,40,41,42,44,45,46,47,48,49,50,52,53,54,56,57,59,60,62,63,64,65,66,70",2454,780,147,147,,,,,one reduced-domain integer time variable per meeting | global all_diff per participant | global count per slot for table capacity | distance-labelled transitive precedence closure | native min/max internal-idle expressions | native max/min range objective over P*,result,native_min_max_span_range
ticf-13crafb.prec15,b2b-da9f18f14cf3aee3,precedence,R-DC-IRP-CPO-CP,Reduced,NativeCP,DistanceClosure-E*,NativeMinMaxSpan,IdleRangePstar,CPLEXCP,N/A,UNSAT,UNSAT,,,0.046129,False,49.805,CP,CP-MeetingTime-SpanRange,CP-MeetingTime-SpanRange-Reduced-DistanceClosure,195,0,195,0,36,78,0,,,,195,0,,,cfg3__m-reduced__p-native_cp__g-distance_closure__b-native_min_max_span_range__o-idle_range_pstar__s-cplex_cp__i-na,cfg3__m-reduced__p-native_cp__g-distance_closure__b-native_min_max_span_range__o-idle_range_pstar__s-cplex_cp__i-na,reduced,native_cp,distance_closure,CPLEXCP,CPLEX-CP,DOcplex 2.32.264,n/a,native_min_max_span_range,internal_idle_slot_range_pstar,IRP,NA,,,,,,,,,,0,1,1,,,0,1,,,,,,"formalism-specific model size: SAT/MaxSAT reports base CNF and soft clauses, MIP reports variables/linear constraints/nonzeros, and CP reports integer variables plus linear/global constraints; SAT bound/totalizer overhead remains separate in optimizer_added_*",4290,3278,3109,3109,29,34,34,3,,,,0.002186,0.013437,0.022028,0.015624,0.030506,"wall-clock from immediately before reading/parsing the .dzn instance through model construction, optimization, solution decoding, and independent validation; excludes worker-process startup and result-file export",,,,peak_process_tree_rss_mb,da9f18f14cf3aee32c23f216f5aea7442f85876bdd772732b2c294dda8852998,prec15,data_table08_prec/ticf-13crafb.prec15.dzn,1,data_table08_prec/ticf-13crafb.prec15.dzn,1,data_table08_prec/ticf-13crafb.prec15.dzn,https://imae.udg.edu/Recerca/LAI/,https://ima.udg.edu/Recerca/lai/b2b/b2b.zip,,2026-07-24T06:14:10+00:00,7200.0,,6f3ccaf59383a413936ee93d69392f669805b607,True,3.10.12,1.9.dev7,instance-20260722-153126,Linux-6.8.0-1064-gcp-x86_64-with-glibc2.35,x86_64,4,8,15988.055,1,0,/home/dclng566/projects/Business-Meeting-Scheduling-Problem/.venv/bin/python /home/dclng566/projects/Business-Meeting-Scheduling-Problem/src/Main.py --data-dir data_table08_prec --solver cplex_cp --timeout 7200 --threads 1 --random-seed 0 --csv output/cplex_cp_official/data_table08_prec/aggregate.csv --long-csv output/cplex_cp_official/data_table08_prec/detailed.csv --excel-dir output/cplex_cp_official/data_table08_prec/excel --verbose,,,,,Infeasible | SearchCompleted | SearchHasNotBeenStopped,,,cplex_cp,,,,exact_native,native_cp+distance_closure,,56,"1,2,3,4,7,8,9,10,12,13,14,15,16,17,18,19,20,21,22,23,24,25,26,28,29,30,31,32,33,36,37,38,39,40,41,42,43,44,45,47,48,51,53,54,56,57,58,59,60,61,62,63,64,65,66,76",3278,1012,169,169,,,,,one reduced-domain integer time variable per meeting | global all_diff per participant | global count per slot for table capacity | distance-labelled transitive precedence closure | native min/max internal-idle expressions | native max/min range objective over P*,result,native_min_max_span_range
forumt-14crafe.prec25,b2b-e188044714f71a5c,precedence,R-DC-IRP-CPO-CP,Reduced,NativeCP,DistanceClosure-E*,NativeMinMaxSpan,IdleRangePstar,CPLEXCP,N/A,OPTIMAL,SAT,2,2,0.574298,False,57.719,CP,CP-MeetingTime-SpanRange,CP-MeetingTime-SpanRange-Reduced-DistanceClosure,236,0,236,0,144,69,0,,,,236,0,,,cfg3__m-reduced__p-native_cp__g-distance_closure__b-native_min_max_span_range__o-idle_range_pstar__s-cplex_cp__i-na,cfg3__m-reduced__p-native_cp__g-distance_closure__b-native_min_max_span_range__o-idle_range_pstar__s-cplex_cp__i-na,reduced,native_cp,distance_closure,CPLEXCP,CPLEX-CP,DOcplex 2.32.264,n/a,native_min_max_span_range,internal_idle_slot_range_pstar,IRP,NA,,,,,,,,,,0,1,2,0,,108313,49068,,,,,,"formalism-specific model size: SAT/MaxSAT reports base CNF and soft clauses, MIP reports variables/linear constraints/nonzeros, and CP reports integer variables plus linear/global constraints; SAT bound/totalizer overhead remains separate in optimizer_added_*",2360,2270,2013,2013,96,144,144,5,,,,0.002433,0.121644,0.022242,0.124077,0.45022,"wall-clock from immediately before reading/parsing the .dzn instance through model construction, optimization, solution decoding, and independent validation; excludes worker-process startup and result-file export",2,47,2,peak_process_tree_rss_mb,e188044714f71a5cb31eb320406f7822b94b8d452cbbc087eb2b3b5e8fbca381,prec25,data_table08_prec/forumt-14crafe.prec25.dzn,1,data_table08_prec/forumt-14crafe.prec25.dzn,1,data_table08_prec/forumt-14crafe.prec25.dzn,https://imae.udg.edu/Recerca/LAI/,https://ima.udg.edu/Recerca/lai/b2b/b2b.zip,,2026-07-24T06:14:10+00:00,7200.0,,6f3ccaf59383a413936ee93d69392f669805b607,True,3.10.12,1.9.dev7,instance-20260722-153126,Linux-6.8.0-1064-gcp-x86_64-with-glibc2.35,x86_64,4,8,15988.055,1,0,/home/dclng566/projects/Business-Meeting-Scheduling-Problem/.venv/bin/python /home/dclng566/projects/Business-Meeting-Scheduling-Problem/src/Main.py --data-dir data_table08_prec --solver cplex_cp --timeout 7200 --threads 1 --random-seed 0 --csv output/cplex_cp_official/data_table08_prec/aggregate.csv --long-csv output/cplex_cp_official/data_table08_prec/detailed.csv --excel-dir output/cplex_cp_official/data_table08_prec/excel --verbose,,,,,Optimal | SearchCompleted | SearchHasNotBeenStopped,,,cplex_cp,,,,exact_native,native_cp+distance_closure,2,59,"1,2,3,4,5,6,7,8,9,10,11,12,13,14,15,16,17,18,20,21,22,23,24,25,26,27,28,29,30,31,32,33,34,35,36,37,38,39,40,41,42,43,44,45,46,47,48,49,50,51,52,53,54,55,56,57,58,59,60",2270,90,257,257,"0,0,1,0,2,0,1,2,0,0,2,0,2,1,0,0,2,2,0,0,0,2,0,0,0,0,2,0,0,1,0,2,0,2,0,2,0,0,2,0,0,0,0,0,1,0,2,2,0,2,2,0,2,0,1,2,2,0,1,2","44,46,48,48,48,48,48,48,48,46","8,3,4,9,10,5,1,6,10,2,4,6,6,1,9,7,10,2,5,4,3,7,8,8,6,3,4,1,2,7,6,10,6,1,9,3,10,8,9,4,10,7,1,4,3,2,5,6,7,9,3,2,8,5,10,9,1,2,4,8,3,6,2,9,3,5,10,4,6,8,1,7,9,8,6,10,1,9,5,8,3,10,7,1,4,6,2,9,10,2,7,5,3,1,8,8,7,2,5,4,8,2,7,6,3,1,6,1,2,4,5,2,9,5,1,10,7,4,6,10,3,9,2,8,5,1,6,9,7,10,5,10,9,3,10,7,4,9,2,5,8,1,2,3,9,6,5,8,4,1,7,2,6,4,5,9,10,8,1,3,7,8,3,6,1,9,4,6,1,7,5,3,2,8,7,4,10,2,5,6,3,1,4,9,7,3,7,8,9,5,10,3,5,10,4,9,7,3,6,8,4,10,7,5,8,2,6,3,4,1,5,4,8,7,5,6,7,9,3,8,5,2,1,10,4,10,3,9,2,6,8,7,2,4,5,9",1:M7 M14 M28 M34 M43 M57 M71 M77 M84 M94 M106 M108 M115 M126 M142 M150 M159 M165 M169 M182 M210 M223 | 2:M10 M18 M29 M46 M52 M58 M63 M87 M90 M98 M102 M109 M112 M123 M139 M143 M152 M173 M178 M206 M222 M229 M233 | 3:M2 M21 M26 M36 M45 M51 M61 M65 M81 M93 M105 M121 M134 M144 M160 M163 M172 M181 M186 M192 M198 M208 M219 M227 | 4:M3 M11 M20 M27 M40 M44 M59 M68 M85 M100 M110 M118 M137 M149 M154 M167 M176 M183 M195 M201 M209 M212 M225 M234 | 5:M6 M19 M47 M54 M66 M79 M92 M99 M111 M114 M125 M131 M140 M147 M155 M171 M179 M190 M193 M204 M211 M215 M221 M235 | 6:M8 M12 M13 M25 M31 M33 M48 M62 M69 M75 M86 M104 M107 M119 M127 M146 M153 M164 M168 M180 M199 M207 M216 M230 | 7:M16 M22 M30 M42 M49 M72 M83 M91 M97 M103 M117 M129 M136 M151 M161 M170 M175 M185 M187 M197 M203 M214 M217 M232 | 8:M1 M23 M24 M38 M53 M60 M70 M74 M80 M95 M96 M101 M124 M141 M148 M158 M162 M174 M188 M200 M205 M213 M220 M231 | 9:M4 M15 M35 M39 M50 M56 M64 M73 M78 M88 M113 M122 M128 M133 M138 M145 M156 M166 M184 M189 M196 M218 M228 M236 | 10:M5 M9 M17 M32 M37 M41 M55 M67 M76 M82 M89 M116 M120 M130 M132 M135 M157 M177 M191 M194 M202 M224 M226,one reduced-domain integer time variable per meeting | global all_diff per participant | global count per slot for table capacity | distance-labelled transitive precedence closure | native min/max internal-idle expressions | native max/min range objective over P*,result,native_min_max_span_range
forumt-14crafc.prec25,b2b-e8a8610272694600,precedence,R-DC-IRP-CPO-CP,Reduced,NativeCP,DistanceClosure-E*,NativeMinMaxSpan,IdleRangePstar,CPLEXCP,N/A,OPTIMAL,SAT,2,2,0.594854,False,57.73,CP,CP-MeetingTime-SpanRange,CP-MeetingTime-SpanRange-Reduced-DistanceClosure,237,0,237,0,145,69,0,,,,237,0,,,cfg3__m-reduced__p-native_cp__g-distance_closure__b-native_min_max_span_range__o-idle_range_pstar__s-cplex_cp__i-na,cfg3__m-reduced__p-native_cp__g-distance_closure__b-native_min_max_span_range__o-idle_range_pstar__s-cplex_cp__i-na,reduced,native_cp,distance_closure,CPLEXCP,CPLEX-CP,DOcplex 2.32.264,n/a,native_min_max_span_range,internal_idle_slot_range_pstar,IRP,NA,,,,,,,,,,0,1,2,0,,99931,46980,,,,,,"formalism-specific model size: SAT/MaxSAT reports base CNF and soft clauses, MIP reports variables/linear constraints/nonzeros, and CP reports integer variables plus linear/global constraints; SAT bound/totalizer overhead remains separate in optimizer_added_*",2370,2276,2018,2018,93,145,145,4,,,,0.002479,0.170644,0.024118,0.173123,0.421731,"wall-clock from immediately before reading/parsing the .dzn instance through model construction, optimization, solution decoding, and independent validation; excludes worker-process startup and result-file export",2,44,2,peak_process_tree_rss_mb,e8a86102726946007b8aaa97b0eb1555e37c88fa6e20c207db7f9fa54ddb54cf,prec25,data_table08_prec/forumt-14crafc.prec25.dzn,1,data_table08_prec/forumt-14crafc.prec25.dzn,1,data_table08_prec/forumt-14crafc.prec25.dzn,https://imae.udg.edu/Recerca/LAI/,https://ima.udg.edu/Recerca/lai/b2b/b2b.zip,,2026-07-24T06:14:10+00:00,7200.0,,6f3ccaf59383a413936ee93d69392f669805b607,True,3.10.12,1.9.dev7,instance-20260722-153126,Linux-6.8.0-1064-gcp-x86_64-with-glibc2.35,x86_64,4,8,15988.055,1,0,/home/dclng566/projects/Business-Meeting-Scheduling-Problem/.venv/bin/python /home/dclng566/projects/Business-Meeting-Scheduling-Problem/src/Main.py --data-dir data_table08_prec --solver cplex_cp --timeout 7200 --threads 1 --random-seed 0 --csv output/cplex_cp_official/data_table08_prec/aggregate.csv --long-csv output/cplex_cp_official/data_table08_prec/detailed.csv --excel-dir output/cplex_cp_official/data_table08_prec/excel --verbose,,,,,Optimal | SearchCompleted | SearchHasNotBeenStopped,,,cplex_cp,,,,exact_native,native_cp+distance_closure,2,59,"1,2,3,4,5,6,7,8,9,10,11,12,13,14,15,16,17,18,20,21,22,23,24,25,26,27,28,29,30,31,32,33,34,35,36,37,38,39,40,41,42,43,44,45,46,47,48,49,50,51,52,53,54,55,56,57,58,59,60",2276,94,258,258,"0,0,2,0,2,0,0,2,1,0,2,0,2,0,0,0,2,2,0,0,0,2,0,0,0,0,2,1,0,2,0,1,0,0,0,2,0,0,1,0,0,0,0,0,0,0,2,0,1,2,1,0,2,0,2,2,2,1,1,2","42,44,44,50,50,50,50,50,48,46","6,9,10,8,2,7,4,3,6,3,9,7,3,4,8,1,5,2,2,10,4,9,8,1,6,4,7,10,10,2,5,10,2,1,4,9,1,7,8,1,4,9,8,2,7,3,10,1,4,5,10,8,2,10,7,1,2,3,6,9,5,2,4,9,1,6,3,5,7,8,4,9,7,1,5,3,4,9,3,2,10,5,8,1,6,7,10,3,7,5,8,9,7,6,4,9,2,8,1,10,7,4,8,5,6,5,10,6,5,6,8,1,3,3,5,4,2,10,6,9,7,3,7,5,6,9,10,2,7,4,2,8,9,2,5,4,1,7,8,10,6,2,1,3,9,7,7,4,5,6,7,5,1,8,2,3,10,9,4,6,8,4,9,2,1,10,3,5,6,10,5,7,6,3,8,6,4,2,10,7,6,7,3,5,9,6,6,8,9,2,4,5,4,9,8,6,1,5,2,3,9,9,10,5,6,1,4,7,3,8,4,10,6,1,8,5,8,3,9,5,10,8,7,1,2,6,9,3,4,1,7,3,8,10,5,8,4",1:M16 M24 M34 M37 M40 M48 M56 M65 M74 M84 M99 M112 M137 M143 M153 M165 M197 M206 M214 M224 M230 | 2:M5 M18 M19 M30 M33 M44 M53 M57 M62 M80 M97 M117 M128 M131 M134 M142 M155 M164 M178 M190 M199 M225 | 3:M8 M10 M13 M46 M58 M67 M76 M79 M88 M113 M114 M122 M144 M156 M167 M174 M183 M200 M209 M218 M228 M232 | 4:M7 M14 M21 M26 M35 M41 M49 M63 M71 M77 M95 M102 M116 M130 M136 M148 M159 M162 M177 M191 M193 M207 M211 M229 M237 | 5:M17 M31 M50 M61 M68 M75 M82 M90 M104 M106 M109 M115 M124 M135 M149 M152 M168 M171 M184 M192 M198 M204 M216 M220 M235 | 6:M1 M9 M25 M59 M66 M85 M94 M105 M108 M110 M119 M125 M141 M150 M160 M169 M173 M176 M181 M186 M187 M196 M205 M213 M226 | 7:M6 M12 M27 M38 M45 M55 M69 M73 M86 M89 M93 M101 M121 M123 M129 M138 M146 M147 M151 M172 M180 M182 M208 M223 M231 | 8:M4 M15 M23 M39 M43 M52 M70 M83 M91 M98 M103 M111 M132 M139 M154 M161 M175 M188 M195 M210 M215 M217 M222 M233 M236 | 9:M2 M11 M22 M36 M42 M60 M64 M72 M78 M92 M96 M120 M126 M133 M145 M158 M163 M185 M189 M194 M201 M202 M219 M227 | 10:M3 M20 M28 M29 M32 M47 M51 M54 M81 M87 M100 M107 M118 M127 M140 M157 M166 M170 M179 M203 M212 M221 M234,one reduced-domain integer time variable per meeting | global all_diff per participant | global count per slot for table capacity | distance-labelled transitive precedence closure | native min/max internal-idle expressions | native max/min range objective over P*,result,native_min_max_span_range
forumt-14crafd.prec25,b2b-e8da8d37cb968136,precedence,R-DC-IRP-CPO-CP,Reduced,NativeCP,DistanceClosure-E*,NativeMinMaxSpan,IdleRangePstar,CPLEXCP,N/A,OPTIMAL,SAT,2,2,0.575635,False,58.5,CP,CP-MeetingTime-SpanRange,CP-MeetingTime-SpanRange-Reduced-DistanceClosure,236,0,236,0,144,69,0,,,,236,0,,,cfg3__m-reduced__p-native_cp__g-distance_closure__b-native_min_max_span_range__o-idle_range_pstar__s-cplex_cp__i-na,cfg3__m-reduced__p-native_cp__g-distance_closure__b-native_min_max_span_range__o-idle_range_pstar__s-cplex_cp__i-na,reduced,native_cp,distance_closure,CPLEXCP,CPLEX-CP,DOcplex 2.32.264,n/a,native_min_max_span_range,internal_idle_slot_range_pstar,IRP,NA,,,,,,,,,,0,1,2,0,,101192,46102,,,,,,"formalism-specific model size: SAT/MaxSAT reports base CNF and soft clauses, MIP reports variables/linear constraints/nonzeros, and CP reports integer variables plus linear/global constraints; SAT bound/totalizer overhead remains separate in optimizer_added_*",2360,2270,2013,2013,96,144,144,5,,,,0.002441,0.12064,0.023539,0.123081,0.452554,"wall-clock from immediately before reading/parsing the .dzn instance through model construction, optimization, solution decoding, and independent validation; excludes worker-process startup and result-file export",2,48,2,peak_process_tree_rss_mb,e8da8d37cb968136263a9abf2e1ebb36ce3e6bc485b59608576615228f362ea3,prec25,data_table08_prec/forumt-14crafd.prec25.dzn,1,data_table08_prec/forumt-14crafd.prec25.dzn,1,data_table08_prec/forumt-14crafd.prec25.dzn,https://imae.udg.edu/Recerca/LAI/,https://ima.udg.edu/Recerca/lai/b2b/b2b.zip,,2026-07-24T06:14:10+00:00,7200.0,,6f3ccaf59383a413936ee93d69392f669805b607,True,3.10.12,1.9.dev7,instance-20260722-153126,Linux-6.8.0-1064-gcp-x86_64-with-glibc2.35,x86_64,4,8,15988.055,1,0,/home/dclng566/projects/Business-Meeting-Scheduling-Problem/.venv/bin/python /home/dclng566/projects/Business-Meeting-Scheduling-Problem/src/Main.py --data-dir data_table08_prec --solver cplex_cp --timeout 7200 --threads 1 --random-seed 0 --csv output/cplex_cp_official/data_table08_prec/aggregate.csv --long-csv output/cplex_cp_official/data_table08_prec/detailed.csv --excel-dir output/cplex_cp_official/data_table08_prec/excel --verbose,,,,,Optimal | SearchCompleted | SearchHasNotBeenStopped,,,cplex_cp,,,,exact_native,native_cp+distance_closure,2,59,"1,2,3,4,5,6,7,8,9,10,11,12,13,14,15,16,17,18,20,21,22,23,24,25,26,27,28,29,30,31,32,33,34,35,36,37,38,39,40,41,42,43,44,45,46,47,48,49,50,51,52,53,54,55,56,57,58,59,60",2270,90,257,257,"0,0,1,0,2,0,2,2,2,0,1,0,2,2,0,0,2,2,0,0,0,2,0,0,0,0,1,0,0,2,0,1,0,1,0,2,0,0,2,0,0,0,0,0,1,0,2,2,0,2,1,0,2,0,2,2,2,0,1,2","46,46,44,50,50,46,48,50,46,46","10,1,3,8,4,5,2,9,9,4,3,4,5,8,7,6,4,1,10,9,3,2,8,10,8,5,1,8,2,4,1,6,5,2,7,3,8,7,10,4,7,6,3,1,9,10,2,5,6,7,4,2,8,10,9,7,3,2,8,5,1,10,5,7,4,9,6,2,1,10,3,8,6,5,3,9,1,10,8,2,7,9,6,4,3,5,1,8,9,2,4,7,3,1,6,7,8,6,4,3,5,10,9,1,7,4,5,8,4,3,2,10,6,7,2,8,4,5,1,9,7,6,6,10,8,5,9,2,7,1,8,7,10,1,2,8,6,10,7,9,4,3,9,2,6,5,7,10,1,5,8,1,3,2,7,6,9,10,5,4,7,10,3,1,9,5,8,10,1,3,4,6,2,10,5,7,8,2,1,9,3,4,5,9,6,2,8,9,10,6,3,4,4,7,1,6,9,3,8,10,5,9,4,6,8,2,1,5,3,7,1,7,4,6,5,9,6,10,3,7,1,2,5,8,4,6,2,10,3,4,5,9,2,5,4,8",1:M2 M18 M27 M31 M44 M61 M69 M77 M87 M94 M104 M119 M130 M134 M149 M152 M164 M169 M179 M195 M207 M211 M221 | 2:M7 M22 M29 M34 M47 M52 M58 M68 M80 M90 M111 M115 M128 M135 M144 M154 M173 M178 M186 M206 M222 M227 M233 | 3:M3 M11 M21 M36 M43 M57 M71 M75 M85 M93 M100 M110 M142 M153 M163 M170 M181 M191 M198 M209 M219 M229 | 4:M5 M10 M12 M17 M30 M40 M51 M65 M84 M91 M99 M106 M109 M117 M141 M160 M171 M182 M192 M193 M203 M213 M225 M230 M235 | 5:M6 M13 M26 M33 M48 M60 M63 M74 M86 M101 M107 M118 M126 M146 M150 M159 M166 M175 M183 M201 M208 M215 M223 M231 M234 | 6:M16 M32 M42 M49 M67 M73 M83 M95 M98 M113 M122 M123 M137 M145 M156 M172 M185 M190 M196 M204 M214 M217 M226 | 7:M15 M35 M38 M41 M50 M56 M64 M81 M92 M96 M105 M114 M121 M129 M132 M139 M147 M155 M161 M176 M194 M210 M212 M220 | 8:M4 M14 M23 M25 M28 M37 M53 M59 M72 M79 M88 M97 M108 M116 M125 M131 M136 M151 M167 M177 M187 M199 M205 M224 M236 | 9:M8 M9 M20 M45 M55 M66 M76 M82 M89 M103 M120 M127 M140 M143 M157 M165 M180 M184 M188 M197 M202 M216 M232 | 10:M1 M19 M24 M39 M46 M54 M62 M70 M78 M102 M112 M124 M133 M138 M148 M158 M162 M168 M174 M189 M200 M218 M228,one reduced-domain integer time variable per meeting | global all_diff per participant | global count per slot for table capacity | distance-labelled transitive precedence closure | native min/max internal-idle expressions | native max/min range objective over P*,result,native_min_max_span_range
ticf-13crafc.prec15,b2b-eb6894b264c3d0d7,precedence,R-DC-IRP-CPO-CP,Reduced,NativeCP,DistanceClosure-E*,NativeMinMaxSpan,IdleRangePstar,CPLEXCP,N/A,OPTIMAL,SAT,0,0,0.707383,False,57.539,CP,CP-MeetingTime-SpanRange,CP-MeetingTime-SpanRange-Reduced-DistanceClosure,154,0,154,0,14,79,0,,,,154,0,,,cfg3__m-reduced__p-native_cp__g-distance_closure__b-native_min_max_span_range__o-idle_range_pstar__s-cplex_cp__i-na,cfg3__m-reduced__p-native_cp__g-distance_closure__b-native_min_max_span_range__o-idle_range_pstar__s-cplex_cp__i-na,reduced,native_cp,distance_closure,CPLEXCP,CPLEX-CP,DOcplex 2.32.264,n/a,native_min_max_span_range,internal_idle_slot_range_pstar,IRP,NA,,,,,,,,,,0,1,0,0,,152446,62711,,,,,,"formalism-specific model size: SAT/MaxSAT reports base CNF and soft clauses, MIP reports variables/linear constraints/nonzeros, and CP reports integer variables plus linear/global constraints; SAT bound/totalizer overhead remains separate in optimizer_added_*",3234,2454,2427,2427,14,14,14,1,,,,0.00189,0.137682,0.021829,0.139572,0.567811,"wall-clock from immediately before reading/parsing the .dzn instance through model construction, optimization, solution decoding, and independent validation; excludes worker-process startup and result-file export",0,116,2,peak_process_tree_rss_mb,eb6894b264c3d0d70f9abb1f481888ee80932395d3e30335beab53ef18eb3ec5,prec15,data_table08_prec/ticf-13crafc.prec15.dzn,1,data_table08_prec/ticf-13crafc.prec15.dzn,1,data_table08_prec/ticf-13crafc.prec15.dzn,https://imae.udg.edu/Recerca/LAI/,https://ima.udg.edu/Recerca/lai/b2b/b2b.zip,,2026-07-24T06:14:10+00:00,7200.0,,6f3ccaf59383a413936ee93d69392f669805b607,True,3.10.12,1.9.dev7,instance-20260722-153126,Linux-6.8.0-1064-gcp-x86_64-with-glibc2.35,x86_64,4,8,15988.055,1,0,/home/dclng566/projects/Business-Meeting-Scheduling-Problem/.venv/bin/python /home/dclng566/projects/Business-Meeting-Scheduling-Problem/src/Main.py --data-dir data_table08_prec --solver cplex_cp --timeout 7200 --threads 1 --random-seed 0 --csv output/cplex_cp_official/data_table08_prec/aggregate.csv --long-csv output/cplex_cp_official/data_table08_prec/detailed.csv --excel-dir output/cplex_cp_official/data_table08_prec/excel --verbose,,,,,Optimal | SearchCompleted | SearchHasNotBeenStopped,,,cplex_cp,,,,exact_native,native_cp+distance_closure,0,58,"1,2,3,4,5,6,7,8,9,10,11,12,13,14,15,16,18,19,23,24,25,26,27,28,29,30,31,32,33,34,35,36,37,38,39,40,41,42,44,45,46,47,48,49,50,52,53,54,56,57,59,60,62,63,64,65,66,70",2454,780,27,27,"2,2,2,2,2,2,2,2,2,2,2,2,2,2,2,2,0,2,2,0,0,0,2,2,2,2,2,2,2,2,2,2,2,2,2,2,2,2,2,2,2,2,0,2,2,2,2,2,2,2,0,2,2,2,0,2,2,0,2,2,0,2,2,2,2,2,0,0,0,2","20,24,24,24,24,24,24,24,24,24,24,18,8,8,6,4,4,0,0,0,0","8,1,2,5,7,6,4,11,3,14,15,14,12,8,17,11,16,13,11,9,8,13,12,6,10,5,2,1,4,8,3,6,9,4,8,9,10,2,6,7,10,12,14,16,15,10,9,8,2,7,4,11,5,1,9,6,3,7,10,6,5,12,1,7,2,4,3,7,8,2,10,3,4,1,12,11,5,12,8,9,11,13,5,4,1,6,2,3,6,7,5,9,11,3,8,2,12,1,11,5,4,7,6,10,3,11,12,10,2,7,9,8,5,7,4,3,9,1,10,11,2,8,7,10,11,2,3,5,4,1,9,14,6,9,3,4,7,15,8,12,1,2,6,5,13,10,11,17,10,4,5,9,6,3",1:M2 M28 M54 M63 M74 M85 M98 M118 M130 M141 | 2:M3 M27 M38 M49 M65 M70 M87 M96 M109 M121 M126 M142 | 3:M9 M31 M57 M67 M72 M88 M94 M105 M116 M127 M135 M154 | 4:M7 M29 M34 M51 M66 M73 M84 M101 M115 M129 M136 M150 | 5:M4 M26 M53 M61 M77 M83 M91 M100 M113 M128 M144 M151 | 6:M6 M24 M32 M39 M56 M60 M86 M89 M103 M133 M143 M153 | 7:M5 M40 M50 M58 M64 M68 M90 M102 M110 M114 M123 M137 | 8:M1 M14 M21 M30 M35 M48 M69 M79 M95 M112 M122 M139 | 9:M20 M33 M36 M47 M55 M80 M92 M111 M117 M131 M134 M152 | 10:M25 M37 M41 M46 M59 M71 M104 M108 M119 M124 M146 M149 | 11:M8 M16 M19 M52 M76 M81 M93 M99 M106 M120 M125 M147 | 12:M13 M23 M42 M62 M75 M78 M97 M107 M140 | 13:M18 M22 M82 M145 | 14:M10 M12 M43 M132 | 15:M11 M45 M138 | 16:M17 M44 | 17:M15 M148 | 18: | 19: | 20: | 21:,one reduced-domain integer time variable per meeting | global all_diff per participant | global count per slot for table capacity | distance-labelled transitive precedence closure | native min/max internal-idle expressions | native max/min range objective over P*,result,native_min_max_span_range
tic-12.prec15,b2b-ef043da145bfcaa6,precedence,R-DC-IRP-CPO-CP,Reduced,NativeCP,DistanceClosure-E*,NativeMinMaxSpan,IdleRangePstar,CPLEXCP,N/A,OPTIMAL,SAT,0,0,0.101151,False,55.965,CP,CP-MeetingTime-SpanRange,CP-MeetingTime-SpanRange-Reduced-DistanceClosure,125,0,125,0,27,47,0,,,,125,0,,,cfg3__m-reduced__p-native_cp__g-distance_closure__b-native_min_max_span_range__o-idle_range_pstar__s-cplex_cp__i-na,cfg3__m-reduced__p-native_cp__g-distance_closure__b-native_min_max_span_range__o-idle_range_pstar__s-cplex_cp__i-na,reduced,native_cp,distance_closure,CPLEXCP,CPLEX-CP,DOcplex 2.32.264,n/a,native_min_max_span_range,internal_idle_slot_range_pstar,IRP,NA,,,,,,,,,,0,1,0,0,,9924,4128,,,,,,"formalism-specific model size: SAT/MaxSAT reports base CNF and soft clauses, MIP reports variables/linear constraints/nonzeros, and CP reports integer variables plus linear/global constraints; SAT bound/totalizer overhead remains separate in optimizer_added_*",1000,1000,947,947,24,27,27,3,,,,0.001626,0.038312,0.022523,0.039937,0.061213,"wall-clock from immediately before reading/parsing the .dzn instance through model construction, optimization, solution decoding, and independent validation; excludes worker-process startup and result-file export",0,0,0,peak_process_tree_rss_mb,ef043da145bfcaa6942265b553258b9232e2df6455499942fe07d568991271a7,prec15,data_table08_prec/tic-12.prec15.dzn,1,data_table08_prec/tic-12.prec15.dzn,1,data_table08_prec/tic-12.prec15.dzn,https://imae.udg.edu/Recerca/LAI/,https://ima.udg.edu/Recerca/lai/b2b/b2b.zip,,2026-07-24T06:14:10+00:00,7200.0,,6f3ccaf59383a413936ee93d69392f669805b607,True,3.10.12,1.9.dev7,instance-20260722-153126,Linux-6.8.0-1064-gcp-x86_64-with-glibc2.35,x86_64,4,8,15988.055,1,0,/home/dclng566/projects/Business-Meeting-Scheduling-Problem/.venv/bin/python /home/dclng566/projects/Business-Meeting-Scheduling-Problem/src/Main.py --data-dir data_table08_prec --solver cplex_cp --timeout 7200 --threads 1 --random-seed 0 --csv output/cplex_cp_official/data_table08_prec/aggregate.csv --long-csv output/cplex_cp_official/data_table08_prec/detailed.csv --excel-dir output/cplex_cp_official/data_table08_prec/excel --verbose,,,,,Optimal | SearchCompleted | SearchHasNotBeenStopped,,,cplex_cp,,,,exact_native,native_cp+distance_closure,0,39,"1,2,3,4,5,6,7,8,9,10,11,12,13,14,15,16,17,18,19,20,21,22,23,24,25,26,27,28,29,30,31,32,33,34,35,36,39,41,42",1000,0,53,53,"0,0,0,0,0,0,0,0,0,0,0,0,0,0,0,0,0,0,0,0,0,0,0,0,0,0,0,0,0,0,0,0,0,0,0,0,0,0,0,0,0,0","26,30,32,34,36,34,32,26","5,1,8,7,3,6,8,5,6,3,7,2,1,8,6,4,3,5,4,7,2,6,6,5,8,6,5,3,4,2,1,7,2,1,5,6,3,7,5,7,8,4,2,3,1,4,6,7,5,3,2,4,3,7,6,1,5,7,5,2,1,5,4,6,8,4,3,7,8,2,7,3,6,8,4,1,4,5,1,6,2,3,7,4,8,5,4,1,5,6,2,4,7,3,8,1,6,2,5,5,7,2,8,4,3,4,3,1,5,2,6,2,7,8,4,6,3,4,8,3,6,2,5,7,1",1:M2 M13 M31 M34 M45 M56 M61 M76 M79 M88 M96 M108 M125 | 2:M12 M21 M30 M33 M43 M51 M60 M70 M81 M91 M98 M102 M110 M112 M122 | 3:M5 M10 M17 M28 M37 M44 M50 M53 M67 M72 M82 M94 M105 M107 M117 M120 | 4:M16 M19 M29 M42 M46 M52 M63 M66 M75 M77 M84 M87 M92 M104 M106 M115 M118 | 5:M1 M8 M18 M24 M27 M35 M39 M49 M57 M59 M62 M78 M86 M89 M99 M100 M109 M123 | 6:M6 M9 M15 M22 M23 M26 M36 M47 M55 M64 M73 M80 M90 M97 M111 M116 M121 | 7:M4 M11 M20 M32 M38 M40 M48 M54 M58 M68 M71 M83 M93 M101 M113 M124 | 8:M3 M7 M14 M25 M41 M65 M69 M74 M85 M95 M103 M114 M119,one reduced-domain integer time variable per meeting | global all_diff per participant | global count per slot for table capacity | distance-labelled transitive precedence closure | native min/max internal-idle expressions | native max/min range objective over P*,result,native_min_max_span_range
forum-13crafb.prec15,b2b-efc8ee1c40da2b8a,precedence,R-DC-IRP-CPO-CP,Reduced,NativeCP,DistanceClosure-E*,NativeMinMaxSpan,IdleRangePstar,CPLEXCP,N/A,UNSAT,UNSAT,,,0.04776,False,37.352,CP,CP-MeetingTime-SpanRange,CP-MeetingTime-SpanRange-Reduced-DistanceClosure,195,0,195,0,36,78,0,,,,195,0,,,cfg3__m-reduced__p-native_cp__g-distance_closure__b-native_min_max_span_range__o-idle_range_pstar__s-cplex_cp__i-na,cfg3__m-reduced__p-native_cp__g-distance_closure__b-native_min_max_span_range__o-idle_range_pstar__s-cplex_cp__i-na,reduced,native_cp,distance_closure,CPLEXCP,CPLEX-CP,DOcplex 2.32.264,n/a,native_min_max_span_range,internal_idle_slot_range_pstar,IRP,NA,,,,,,,,,,0,1,1,,,0,1,,,,,,"formalism-specific model size: SAT/MaxSAT reports base CNF and soft clauses, MIP reports variables/linear constraints/nonzeros, and CP reports integer variables plus linear/global constraints; SAT bound/totalizer overhead remains separate in optimizer_added_*",4290,3200,3037,3037,29,34,34,3,,,,0.002342,0.013295,0.023437,0.015637,0.032122,"wall-clock from immediately before reading/parsing the .dzn instance through model construction, optimization, solution decoding, and independent validation; excludes worker-process startup and result-file export",,,,peak_process_tree_rss_mb,efc8ee1c40da2b8a7dad3becc8bbe419b51a079d80afe38d5f99bb896694d091,prec15,data_table08_prec/forum-13crafb.prec15.dzn,1,data_table08_prec/forum-13crafb.prec15.dzn,1,data_table08_prec/forum-13crafb.prec15.dzn,https://imae.udg.edu/Recerca/LAI/,https://ima.udg.edu/Recerca/lai/b2b/b2b.zip,,2026-07-24T06:14:10+00:00,7200.0,,6f3ccaf59383a413936ee93d69392f669805b607,True,3.10.12,1.9.dev7,instance-20260722-153126,Linux-6.8.0-1064-gcp-x86_64-with-glibc2.35,x86_64,4,8,15988.055,1,0,/home/dclng566/projects/Business-Meeting-Scheduling-Problem/.venv/bin/python /home/dclng566/projects/Business-Meeting-Scheduling-Problem/src/Main.py --data-dir data_table08_prec --solver cplex_cp --timeout 7200 --threads 1 --random-seed 0 --csv output/cplex_cp_official/data_table08_prec/aggregate.csv --long-csv output/cplex_cp_official/data_table08_prec/detailed.csv --excel-dir output/cplex_cp_official/data_table08_prec/excel --verbose,,,,,Infeasible | SearchCompleted | SearchHasNotBeenStopped,,,cplex_cp,,,,exact_native,native_cp+distance_closure,,56,"1,2,3,4,7,8,9,10,12,13,14,15,16,17,18,19,20,21,22,23,24,25,26,28,29,30,31,32,33,36,37,38,39,40,41,42,43,44,45,47,48,51,53,54,56,57,58,59,60,61,62,63,64,65,66,76",3200,1090,163,163,,,,,one reduced-domain integer time variable per meeting | global all_diff per participant | global count per slot for table capacity | distance-labelled transitive precedence closure | native min/max internal-idle expressions | native max/min range objective over P*,result,native_min_max_span_range
tic-13crafb.prec25,b2b-fef8f130245fa101,precedence,R-DC-IRP-CPO-CP,Reduced,NativeCP,DistanceClosure-E*,NativeMinMaxSpan,IdleRangePstar,CPLEXCP,N/A,OPTIMAL,SAT,0,0,8.431875,False,57.488,CP,CP-MeetingTime-SpanRange,CP-MeetingTime-SpanRange-Reduced-DistanceClosure,184,0,184,0,106,54,0,,,,184,0,,,cfg3__m-reduced__p-native_cp__g-distance_closure__b-native_min_max_span_range__o-idle_range_pstar__s-cplex_cp__i-na,cfg3__m-reduced__p-native_cp__g-distance_closure__b-native_min_max_span_range__o-idle_range_pstar__s-cplex_cp__i-na,reduced,native_cp,distance_closure,CPLEXCP,CPLEX-CP,DOcplex 2.32.264,n/a,native_min_max_span_range,internal_idle_slot_range_pstar,IRP,NA,,,,,,,,,,0,1,0,0,,1995672,905971,,,,,,"formalism-specific model size: SAT/MaxSAT reports base CNF and soft clauses, MIP reports variables/linear constraints/nonzeros, and CP reports integer variables plus linear/global constraints; SAT bound/totalizer overhead remains separate in optimizer_added_*",1840,1840,1654,1654,75,106,106,3,,,,0.002115,0.097089,0.026009,0.099204,8.332671,"wall-clock from immediately before reading/parsing the .dzn instance through model construction, optimization, solution decoding, and independent validation; excludes worker-process startup and result-file export",0,0,0,peak_process_tree_rss_mb,fef8f130245fa1017b8593453ae7252e983020f5c8f132a60fbfe543c042130f,prec25,data_table08_prec/tic-13crafb.prec25.dzn,1,data_table08_prec/tic-13crafb.prec25.dzn,1,data_table08_prec/tic-13crafb.prec25.dzn,https://imae.udg.edu/Recerca/LAI/,https://ima.udg.edu/Recerca/lai/b2b/b2b.zip,,2026-07-24T06:14:10+00:00,7200.0,,6f3ccaf59383a413936ee93d69392f669805b607,True,3.10.12,1.9.dev7,instance-20260722-153126,Linux-6.8.0-1064-gcp-x86_64-with-glibc2.35,x86_64,4,8,15988.055,1,0,/home/dclng566/projects/Business-Meeting-Scheduling-Problem/.venv/bin/python /home/dclng566/projects/Business-Meeting-Scheduling-Problem/src/Main.py --data-dir data_table08_prec --solver cplex_cp --timeout 7200 --threads 1 --random-seed 0 --csv output/cplex_cp_official/data_table08_prec/aggregate.csv --long-csv output/cplex_cp_official/data_table08_prec/detailed.csv --excel-dir output/cplex_cp_official/data_table08_prec/excel --verbose,,,,,Optimal | SearchCompleted | SearchHasNotBeenStopped,,,cplex_cp,,,,exact_native,native_cp+distance_closure,0,44,"1,2,3,4,5,6,7,8,9,10,11,12,13,14,15,16,17,18,19,20,21,22,24,25,26,27,28,29,30,31,32,33,34,35,36,37,38,40,41,42,43,44,45,46",1840,0,186,186,"0,0,0,0,0,0,0,0,0,0,0,0,0,0,0,0,0,0,0,0,0,0,0,0,0,0,0,0,0,0,0,0,0,0,0,0,0,0,0,0,0,0,0,0,0,0","30,34,38,40,42,42,40,38,34,30","8,7,10,5,1,6,7,10,3,8,6,7,4,2,1,3,4,7,2,6,9,4,3,5,3,4,8,2,6,1,4,1,9,6,3,8,7,5,2,5,6,8,10,4,2,5,1,9,8,3,7,2,9,4,1,5,2,1,6,5,10,7,3,6,5,7,9,2,4,10,6,2,4,9,3,1,5,6,7,8,10,4,8,1,6,3,7,9,1,5,8,2,6,3,8,4,9,6,1,5,2,7,9,5,10,4,1,8,6,8,10,1,5,3,2,9,5,8,3,2,6,10,8,5,4,9,7,4,5,3,9,6,7,4,9,8,7,10,4,2,5,3,7,2,3,9,2,1,4,5,10,6,7,3,10,4,3,9,6,5,8,7,10,2,5,4,7,3,10,6,8,9,1,5,7,8,3,6,4,6,10,8,7,9",1:M5 M15 M30 M32 M47 M55 M58 M76 M84 M89 M99 M107 M112 M148 M173 | 2:M14 M19 M28 M39 M45 M52 M57 M68 M72 M92 M101 M115 M120 M140 M144 M147 M164 | 3:M9 M16 M23 M25 M35 M50 M63 M75 M86 M94 M114 M119 M130 M142 M145 M154 M157 M168 M177 | 4:M13 M17 M22 M26 M31 M44 M54 M69 M73 M82 M96 M106 M125 M128 M134 M139 M149 M156 M166 M179 | 5:M4 M24 M38 M40 M46 M56 M60 M65 M77 M90 M100 M104 M113 M117 M124 M129 M141 M150 M160 M165 M174 | 6:M6 M11 M20 M29 M34 M41 M59 M64 M71 M78 M85 M93 M98 M109 M121 M132 M152 M159 M170 M178 M180 | 7:M2 M7 M12 M18 M37 M51 M62 M66 M79 M87 M102 M127 M133 M137 M143 M153 M162 M167 M175 M183 | 8:M1 M10 M27 M36 M42 M49 M80 M83 M91 M95 M108 M110 M118 M123 M136 M161 M171 M176 M182 | 9:M21 M33 M48 M53 M67 M74 M88 M97 M103 M116 M126 M131 M135 M146 M158 M172 M184 | 10:M3 M8 M43 M61 M70 M81 M105 M111 M122 M138 M151 M155 M163 M169 M181,one reduced-domain integer time variable per meeting | global all_diff per participant | global count per slot for table capacity | distance-labelled transitive precedence closure | native min/max internal-idle expressions | native max/min range objective over P*,result,native_min_max_span_range
