instance,precedence_encoding,precedence_graph,precedence_configuration,solver,objective,domain_mode,basic,imp1,imp2,imp12,imp12+,n/a
forum-13.prec50,pairwise,direct,pairwise+direct,incremental,IdleRange(P*),full,-,-,-,-,3.1 3,-
forum-13.prec50,pairwise,direct,pairwise+direct,maxsat,IdleRange(P*),full,-,-,-,-,3.2 3,-
forum-13.prec50,pairwise,direct,pairwise+direct,multiple,IdleRange(P*),full,-,-,-,-,6.6 3,-
forum-13.prec50,pairwise,distance_closure,pairwise+distance_closure,incremental,IdleRange(P*),full,-,-,-,-,2.8 3,-
forum-13.prec50,pairwise,distance_closure,pairwise+distance_closure,maxsat,IdleRange(P*),full,-,-,-,-,2.5 3,-
forum-13.prec50,pairwise,distance_closure,pairwise+distance_closure,multiple,IdleRange(P*),full,-,-,-,-,6.5 3,-
forum-13.prec50,sparse_suffix,direct,sparse_suffix+direct,incremental,IdleRange(P*),full,-,-,-,-,2.2 3,-
forum-13.prec50,sparse_suffix,direct,sparse_suffix+direct,maxsat,IdleRange(P*),full,-,-,-,-,2.5 3,-
forum-13.prec50,sparse_suffix,direct,sparse_suffix+direct,multiple,IdleRange(P*),full,-,-,-,-,5.3 3,-
forum-13.prec50,sparse_suffix,distance_closure,sparse_suffix+distance_closure,incremental,IdleRange(P*),full,-,-,-,-,2.3 3,-
forum-13.prec50,sparse_suffix,distance_closure,sparse_suffix+distance_closure,maxsat,IdleRange(P*),full,-,-,-,-,2.6 3,-
forum-13.prec50,sparse_suffix,distance_closure,sparse_suffix+distance_closure,multiple,IdleRange(P*),full,-,-,-,-,5.4 3,-
forum-13.prec50,pairwise,direct,pairwise+direct,incremental,IdleRange(P*),reduced,-,-,-,-,2.2 3,-
forum-13.prec50,pairwise,direct,pairwise+direct,maxsat,IdleRange(P*),reduced,-,-,-,-,2.7 3,-
forum-13.prec50,pairwise,direct,pairwise+direct,multiple,IdleRange(P*),reduced,-,-,-,-,4.4 3,-
forum-13.prec50,pairwise,distance_closure,pairwise+distance_closure,incremental,IdleRange(P*),reduced,-,-,-,-,3.0 3,-
forum-13.prec50,pairwise,distance_closure,pairwise+distance_closure,maxsat,IdleRange(P*),reduced,-,-,-,-,2.1 3,-
forum-13.prec50,pairwise,distance_closure,pairwise+distance_closure,multiple,IdleRange(P*),reduced,-,-,-,-,4.7 3,-
forum-13.prec50,sparse_suffix,direct,sparse_suffix+direct,incremental,IdleRange(P*),reduced,-,-,-,-,2.4 3,-
forum-13.prec50,sparse_suffix,direct,sparse_suffix+direct,maxsat,IdleRange(P*),reduced,-,-,-,-,2.1 3,-
forum-13.prec50,sparse_suffix,direct,sparse_suffix+direct,multiple,IdleRange(P*),reduced,-,-,-,-,5.1 3,-
forum-13.prec50,sparse_suffix,distance_closure,sparse_suffix+distance_closure,incremental,IdleRange(P*),reduced,-,-,-,-,1.9 3,-
forum-13.prec50,sparse_suffix,distance_closure,sparse_suffix+distance_closure,maxsat,IdleRange(P*),reduced,-,-,-,-,2.2 3,-
forum-13.prec50,sparse_suffix,distance_closure,sparse_suffix+distance_closure,multiple,IdleRange(P*),reduced,-,-,-,-,5.5 3,-
forum-13.prec60,pairwise,direct,pairwise+direct,incremental,IdleRange(P*),full,-,-,-,-,2.1 3,-
forum-13.prec60,pairwise,direct,pairwise+direct,maxsat,IdleRange(P*),full,-,-,-,-,3.4 3,-
forum-13.prec60,pairwise,direct,pairwise+direct,multiple,IdleRange(P*),full,-,-,-,-,5.3 3,-
forum-13.prec60,pairwise,distance_closure,pairwise+distance_closure,incremental,IdleRange(P*),full,-,-,-,-,2.7 3,-
forum-13.prec60,pairwise,distance_closure,pairwise+distance_closure,maxsat,IdleRange(P*),full,-,-,-,-,3.0 3,-
forum-13.prec60,pairwise,distance_closure,pairwise+distance_closure,multiple,IdleRange(P*),full,-,-,-,-,6.1 3,-
forum-13.prec60,sparse_suffix,direct,sparse_suffix+direct,incremental,IdleRange(P*),full,-,-,-,-,2.7 3,-
forum-13.prec60,sparse_suffix,direct,sparse_suffix+direct,maxsat,IdleRange(P*),full,-,-,-,-,3.2 3,-
forum-13.prec60,sparse_suffix,direct,sparse_suffix+direct,multiple,IdleRange(P*),full,-,-,-,-,6.7 3,-
forum-13.prec60,sparse_suffix,distance_closure,sparse_suffix+distance_closure,incremental,IdleRange(P*),full,-,-,-,-,2.2 3,-
forum-13.prec60,sparse_suffix,distance_closure,sparse_suffix+distance_closure,maxsat,IdleRange(P*),full,-,-,-,-,2.2 3,-
forum-13.prec60,sparse_suffix,distance_closure,sparse_suffix+distance_closure,multiple,IdleRange(P*),full,-,-,-,-,5.0 3,-
forum-13.prec60,pairwise,direct,pairwise+direct,incremental,IdleRange(P*),reduced,-,-,-,-,1.8 3,-
forum-13.prec60,pairwise,direct,pairwise+direct,maxsat,IdleRange(P*),reduced,-,-,-,-,2.1 3,-
forum-13.prec60,pairwise,direct,pairwise+direct,multiple,IdleRange(P*),reduced,-,-,-,-,4.3 3,-
forum-13.prec60,pairwise,distance_closure,pairwise+distance_closure,incremental,IdleRange(P*),reduced,-,-,-,-,2.0 3,-
forum-13.prec60,pairwise,distance_closure,pairwise+distance_closure,maxsat,IdleRange(P*),reduced,-,-,-,-,2.6 3,-
forum-13.prec60,pairwise,distance_closure,pairwise+distance_closure,multiple,IdleRange(P*),reduced,-,-,-,-,5.1 3,-
forum-13.prec60,sparse_suffix,direct,sparse_suffix+direct,incremental,IdleRange(P*),reduced,-,-,-,-,2.2 3,-
forum-13.prec60,sparse_suffix,direct,sparse_suffix+direct,maxsat,IdleRange(P*),reduced,-,-,-,-,2.2 3,-
forum-13.prec60,sparse_suffix,direct,sparse_suffix+direct,multiple,IdleRange(P*),reduced,-,-,-,-,5.7 3,-
forum-13.prec60,sparse_suffix,distance_closure,sparse_suffix+distance_closure,incremental,IdleRange(P*),reduced,-,-,-,-,2.4 3,-
forum-13.prec60,sparse_suffix,distance_closure,sparse_suffix+distance_closure,maxsat,IdleRange(P*),reduced,-,-,-,-,2.5 3,-
forum-13.prec60,sparse_suffix,distance_closure,sparse_suffix+distance_closure,multiple,IdleRange(P*),reduced,-,-,-,-,4.3 3,-
forum-13crafb.prec50,pairwise,direct,pairwise+direct,incremental,IdleRange(P*),full,-,-,-,-,8.4 5,-
forum-13crafb.prec50,pairwise,direct,pairwise+direct,maxsat,IdleRange(P*),full,-,-,-,-,7.5 5,-
forum-13crafb.prec50,pairwise,direct,pairwise+direct,multiple,IdleRange(P*),full,-,-,-,-,21.0 5,-
forum-13crafb.prec50,pairwise,distance_closure,pairwise+distance_closure,incremental,IdleRange(P*),full,-,-,-,-,5.7 5,-
forum-13crafb.prec50,pairwise,distance_closure,pairwise+distance_closure,maxsat,IdleRange(P*),full,-,-,-,-,6.8 5,-
forum-13crafb.prec50,pairwise,distance_closure,pairwise+distance_closure,multiple,IdleRange(P*),full,-,-,-,-,13.0 5,-
forum-13crafb.prec50,sparse_suffix,direct,sparse_suffix+direct,incremental,IdleRange(P*),full,-,-,-,-,6.2 5,-
forum-13crafb.prec50,sparse_suffix,direct,sparse_suffix+direct,maxsat,IdleRange(P*),full,-,-,-,-,9.4 5,-
forum-13crafb.prec50,sparse_suffix,direct,sparse_suffix+direct,multiple,IdleRange(P*),full,-,-,-,-,13.0 5,-
forum-13crafb.prec50,sparse_suffix,distance_closure,sparse_suffix+distance_closure,incremental,IdleRange(P*),full,-,-,-,-,9.5 5,-
forum-13crafb.prec50,sparse_suffix,distance_closure,sparse_suffix+distance_closure,maxsat,IdleRange(P*),full,-,-,-,-,8.5 5,-
forum-13crafb.prec50,sparse_suffix,distance_closure,sparse_suffix+distance_closure,multiple,IdleRange(P*),full,-,-,-,-,20.7 5,-
forum-13crafb.prec50,pairwise,direct,pairwise+direct,incremental,IdleRange(P*),reduced,-,-,-,-,22.6 5,-
forum-13crafb.prec50,pairwise,direct,pairwise+direct,maxsat,IdleRange(P*),reduced,-,-,-,-,8.9 5,-
forum-13crafb.prec50,pairwise,direct,pairwise+direct,multiple,IdleRange(P*),reduced,-,-,-,-,10.8 5,-
forum-13crafb.prec50,pairwise,distance_closure,pairwise+distance_closure,incremental,IdleRange(P*),reduced,-,-,-,-,11.5 5,-
forum-13crafb.prec50,pairwise,distance_closure,pairwise+distance_closure,maxsat,IdleRange(P*),reduced,-,-,-,-,9.4 5,-
forum-13crafb.prec50,pairwise,distance_closure,pairwise+distance_closure,multiple,IdleRange(P*),reduced,-,-,-,-,19.6 5,-
forum-13crafb.prec50,sparse_suffix,direct,sparse_suffix+direct,incremental,IdleRange(P*),reduced,-,-,-,-,23.8 5,-
forum-13crafb.prec50,sparse_suffix,direct,sparse_suffix+direct,maxsat,IdleRange(P*),reduced,-,-,-,-,7.0 5,-
forum-13crafb.prec50,sparse_suffix,direct,sparse_suffix+direct,multiple,IdleRange(P*),reduced,-,-,-,-,11.9 5,-
forum-13crafb.prec50,sparse_suffix,distance_closure,sparse_suffix+distance_closure,incremental,IdleRange(P*),reduced,-,-,-,-,11.5 5,-
forum-13crafb.prec50,sparse_suffix,distance_closure,sparse_suffix+distance_closure,maxsat,IdleRange(P*),reduced,-,-,-,-,6.7 5,-
forum-13crafb.prec50,sparse_suffix,distance_closure,sparse_suffix+distance_closure,multiple,IdleRange(P*),reduced,-,-,-,-,19.9 5,-
forum-13crafb.prec60,pairwise,direct,pairwise+direct,incremental,IdleRange(P*),full,-,-,-,-,8.1 6,-
forum-13crafb.prec60,pairwise,direct,pairwise+direct,maxsat,IdleRange(P*),full,-,-,-,-,6.8 6,-
forum-13crafb.prec60,pairwise,direct,pairwise+direct,multiple,IdleRange(P*),full,-,-,-,-,17.6 6,-
forum-13crafb.prec60,pairwise,distance_closure,pairwise+distance_closure,incremental,IdleRange(P*),full,-,-,-,-,4.6 6,-
forum-13crafb.prec60,pairwise,distance_closure,pairwise+distance_closure,maxsat,IdleRange(P*),full,-,-,-,-,9.1 6,-
forum-13crafb.prec60,pairwise,distance_closure,pairwise+distance_closure,multiple,IdleRange(P*),full,-,-,-,-,8.9 6,-
forum-13crafb.prec60,sparse_suffix,direct,sparse_suffix+direct,incremental,IdleRange(P*),full,-,-,-,-,4.6 6,-
forum-13crafb.prec60,sparse_suffix,direct,sparse_suffix+direct,maxsat,IdleRange(P*),full,-,-,-,-,10.4 6,-
forum-13crafb.prec60,sparse_suffix,direct,sparse_suffix+direct,multiple,IdleRange(P*),full,-,-,-,-,8.6 6,-
forum-13crafb.prec60,sparse_suffix,distance_closure,sparse_suffix+distance_closure,incremental,IdleRange(P*),full,-,-,-,-,5.3 6,-
forum-13crafb.prec60,sparse_suffix,distance_closure,sparse_suffix+distance_closure,maxsat,IdleRange(P*),full,-,-,-,-,11.2 6,-
forum-13crafb.prec60,sparse_suffix,distance_closure,sparse_suffix+distance_closure,multiple,IdleRange(P*),full,-,-,-,-,12.6 6,-
forum-13crafb.prec60,pairwise,direct,pairwise+direct,incremental,IdleRange(P*),reduced,-,-,-,-,8.1 6,-
forum-13crafb.prec60,pairwise,direct,pairwise+direct,maxsat,IdleRange(P*),reduced,-,-,-,-,10.4 6,-
forum-13crafb.prec60,pairwise,direct,pairwise+direct,multiple,IdleRange(P*),reduced,-,-,-,-,10.1 6,-
forum-13crafb.prec60,pairwise,distance_closure,pairwise+distance_closure,incremental,IdleRange(P*),reduced,-,-,-,-,11.8 6,-
forum-13crafb.prec60,pairwise,distance_closure,pairwise+distance_closure,maxsat,IdleRange(P*),reduced,-,-,-,-,5.1 6,-
forum-13crafb.prec60,pairwise,distance_closure,pairwise+distance_closure,multiple,IdleRange(P*),reduced,-,-,-,-,15.8 6,-
forum-13crafb.prec60,sparse_suffix,direct,sparse_suffix+direct,incremental,IdleRange(P*),reduced,-,-,-,-,7.5 6,-
forum-13crafb.prec60,sparse_suffix,direct,sparse_suffix+direct,maxsat,IdleRange(P*),reduced,-,-,-,-,7.5 6,-
forum-13crafb.prec60,sparse_suffix,direct,sparse_suffix+direct,multiple,IdleRange(P*),reduced,-,-,-,-,12.8 6,-
forum-13crafb.prec60,sparse_suffix,distance_closure,sparse_suffix+distance_closure,incremental,IdleRange(P*),reduced,-,-,-,-,11.5 6,-
forum-13crafb.prec60,sparse_suffix,distance_closure,sparse_suffix+distance_closure,maxsat,IdleRange(P*),reduced,-,-,-,-,8.5 6,-
forum-13crafb.prec60,sparse_suffix,distance_closure,sparse_suffix+distance_closure,multiple,IdleRange(P*),reduced,-,-,-,-,12.5 6,-
forum-13crafc.prec50,pairwise,direct,pairwise+direct,incremental,IdleRange(P*),full,-,-,-,-,2.4 2,-
forum-13crafc.prec50,pairwise,direct,pairwise+direct,maxsat,IdleRange(P*),full,-,-,-,-,3.6 2,-
forum-13crafc.prec50,pairwise,direct,pairwise+direct,multiple,IdleRange(P*),full,-,-,-,-,5.8 2,-
forum-13crafc.prec50,pairwise,distance_closure,pairwise+distance_closure,incremental,IdleRange(P*),full,-,-,-,-,3.5 2,-
forum-13crafc.prec50,pairwise,distance_closure,pairwise+distance_closure,maxsat,IdleRange(P*),full,-,-,-,-,2.7 2,-
forum-13crafc.prec50,pairwise,distance_closure,pairwise+distance_closure,multiple,IdleRange(P*),full,-,-,-,-,6.7 2,-
forum-13crafc.prec50,sparse_suffix,direct,sparse_suffix+direct,incremental,IdleRange(P*),full,-,-,-,-,3.0 2,-
forum-13crafc.prec50,sparse_suffix,direct,sparse_suffix+direct,maxsat,IdleRange(P*),full,-,-,-,-,5.3 2,-
forum-13crafc.prec50,sparse_suffix,direct,sparse_suffix+direct,multiple,IdleRange(P*),full,-,-,-,-,7.0 2,-
forum-13crafc.prec50,sparse_suffix,distance_closure,sparse_suffix+distance_closure,incremental,IdleRange(P*),full,-,-,-,-,3.0 2,-
forum-13crafc.prec50,sparse_suffix,distance_closure,sparse_suffix+distance_closure,maxsat,IdleRange(P*),full,-,-,-,-,3.4 2,-
forum-13crafc.prec50,sparse_suffix,distance_closure,sparse_suffix+distance_closure,multiple,IdleRange(P*),full,-,-,-,-,6.3 2,-
forum-13crafc.prec50,pairwise,direct,pairwise+direct,incremental,IdleRange(P*),reduced,-,-,-,-,4.2 2,-
forum-13crafc.prec50,pairwise,direct,pairwise+direct,maxsat,IdleRange(P*),reduced,-,-,-,-,2.6 2,-
forum-13crafc.prec50,pairwise,direct,pairwise+direct,multiple,IdleRange(P*),reduced,-,-,-,-,6.2 2,-
forum-13crafc.prec50,pairwise,distance_closure,pairwise+distance_closure,incremental,IdleRange(P*),reduced,-,-,-,-,4.6 2,-
forum-13crafc.prec50,pairwise,distance_closure,pairwise+distance_closure,maxsat,IdleRange(P*),reduced,-,-,-,-,4.2 2,-
forum-13crafc.prec50,pairwise,distance_closure,pairwise+distance_closure,multiple,IdleRange(P*),reduced,-,-,-,-,6.1 2,-
forum-13crafc.prec50,sparse_suffix,direct,sparse_suffix+direct,incremental,IdleRange(P*),reduced,-,-,-,-,4.0 2,-
forum-13crafc.prec50,sparse_suffix,direct,sparse_suffix+direct,maxsat,IdleRange(P*),reduced,-,-,-,-,2.7 2,-
forum-13crafc.prec50,sparse_suffix,direct,sparse_suffix+direct,multiple,IdleRange(P*),reduced,-,-,-,-,8.0 2,-
forum-13crafc.prec50,sparse_suffix,distance_closure,sparse_suffix+distance_closure,incremental,IdleRange(P*),reduced,-,-,-,-,4.2 2,-
forum-13crafc.prec50,sparse_suffix,distance_closure,sparse_suffix+distance_closure,maxsat,IdleRange(P*),reduced,-,-,-,-,3.2 2,-
forum-13crafc.prec50,sparse_suffix,distance_closure,sparse_suffix+distance_closure,multiple,IdleRange(P*),reduced,-,-,-,-,5.4 2,-
forum-13crafc.prec60,pairwise,direct,pairwise+direct,incremental,IdleRange(P*),full,-,-,-,-,2.9 3,-
forum-13crafc.prec60,pairwise,direct,pairwise+direct,maxsat,IdleRange(P*),full,-,-,-,-,2.5 3,-
forum-13crafc.prec60,pairwise,direct,pairwise+direct,multiple,IdleRange(P*),full,-,-,-,-,5.2 3,-
forum-13crafc.prec60,pairwise,distance_closure,pairwise+distance_closure,incremental,IdleRange(P*),full,-,-,-,-,2.8 3,-
forum-13crafc.prec60,pairwise,distance_closure,pairwise+distance_closure,maxsat,IdleRange(P*),full,-,-,-,-,3.6 3,-
forum-13crafc.prec60,pairwise,distance_closure,pairwise+distance_closure,multiple,IdleRange(P*),full,-,-,-,-,4.7 3,-
forum-13crafc.prec60,sparse_suffix,direct,sparse_suffix+direct,incremental,IdleRange(P*),full,-,-,-,-,2.3 3,-
forum-13crafc.prec60,sparse_suffix,direct,sparse_suffix+direct,maxsat,IdleRange(P*),full,-,-,-,-,2.2 3,-
forum-13crafc.prec60,sparse_suffix,direct,sparse_suffix+direct,multiple,IdleRange(P*),full,-,-,-,-,4.1 3,-
forum-13crafc.prec60,sparse_suffix,distance_closure,sparse_suffix+distance_closure,incremental,IdleRange(P*),full,-,-,-,-,2.5 3,-
forum-13crafc.prec60,sparse_suffix,distance_closure,sparse_suffix+distance_closure,maxsat,IdleRange(P*),full,-,-,-,-,2.3 3,-
forum-13crafc.prec60,sparse_suffix,distance_closure,sparse_suffix+distance_closure,multiple,IdleRange(P*),full,-,-,-,-,3.7 3,-
forum-13crafc.prec60,pairwise,direct,pairwise+direct,incremental,IdleRange(P*),reduced,-,-,-,-,2.7 3,-
forum-13crafc.prec60,pairwise,direct,pairwise+direct,maxsat,IdleRange(P*),reduced,-,-,-,-,2.7 3,-
forum-13crafc.prec60,pairwise,direct,pairwise+direct,multiple,IdleRange(P*),reduced,-,-,-,-,3.6 3,-
forum-13crafc.prec60,pairwise,distance_closure,pairwise+distance_closure,incremental,IdleRange(P*),reduced,-,-,-,-,2.3 3,-
forum-13crafc.prec60,pairwise,distance_closure,pairwise+distance_closure,maxsat,IdleRange(P*),reduced,-,-,-,-,2.3 3,-
forum-13crafc.prec60,pairwise,distance_closure,pairwise+distance_closure,multiple,IdleRange(P*),reduced,-,-,-,-,3.5 3,-
forum-13crafc.prec60,sparse_suffix,direct,sparse_suffix+direct,incremental,IdleRange(P*),reduced,-,-,-,-,1.8 3,-
forum-13crafc.prec60,sparse_suffix,direct,sparse_suffix+direct,maxsat,IdleRange(P*),reduced,-,-,-,-,2.0 3,-
forum-13crafc.prec60,sparse_suffix,direct,sparse_suffix+direct,multiple,IdleRange(P*),reduced,-,-,-,-,3.1 3,-
forum-13crafc.prec60,sparse_suffix,distance_closure,sparse_suffix+distance_closure,incremental,IdleRange(P*),reduced,-,-,-,-,2.0 3,-
forum-13crafc.prec60,sparse_suffix,distance_closure,sparse_suffix+distance_closure,maxsat,IdleRange(P*),reduced,-,-,-,-,1.9 3,-
forum-13crafc.prec60,sparse_suffix,distance_closure,sparse_suffix+distance_closure,multiple,IdleRange(P*),reduced,-,-,-,-,3.2 3,-
forum-14.prec50,pairwise,direct,pairwise+direct,incremental,IdleRange(P*),full,-,-,-,-,135.8 4,-
forum-14.prec50,pairwise,direct,pairwise+direct,maxsat,IdleRange(P*),full,-,-,-,-,63.0 4,-
forum-14.prec50,pairwise,direct,pairwise+direct,multiple,IdleRange(P*),full,-,-,-,-,109.8 4,-
forum-14.prec50,pairwise,distance_closure,pairwise+distance_closure,incremental,IdleRange(P*),full,-,-,-,-,104.9 4,-
forum-14.prec50,pairwise,distance_closure,pairwise+distance_closure,maxsat,IdleRange(P*),full,-,-,-,-,155.6 4,-
forum-14.prec50,pairwise,distance_closure,pairwise+distance_closure,multiple,IdleRange(P*),full,-,-,-,-,68.1 4,-
forum-14.prec50,sparse_suffix,direct,sparse_suffix+direct,incremental,IdleRange(P*),full,-,-,-,-,47.4 4,-
forum-14.prec50,sparse_suffix,direct,sparse_suffix+direct,maxsat,IdleRange(P*),full,-,-,-,-,128.0 4,-
forum-14.prec50,sparse_suffix,direct,sparse_suffix+direct,multiple,IdleRange(P*),full,-,-,-,-,104.2 4,-
forum-14.prec50,sparse_suffix,distance_closure,sparse_suffix+distance_closure,incremental,IdleRange(P*),full,-,-,-,-,54.4 4,-
forum-14.prec50,sparse_suffix,distance_closure,sparse_suffix+distance_closure,maxsat,IdleRange(P*),full,-,-,-,-,170.0 4,-
forum-14.prec50,sparse_suffix,distance_closure,sparse_suffix+distance_closure,multiple,IdleRange(P*),full,-,-,-,-,97.5 4,-
forum-14.prec50,pairwise,direct,pairwise+direct,incremental,IdleRange(P*),reduced,-,-,-,-,546.0 4,-
forum-14.prec50,pairwise,direct,pairwise+direct,maxsat,IdleRange(P*),reduced,-,-,-,-,99.8 4,-
forum-14.prec50,pairwise,direct,pairwise+direct,multiple,IdleRange(P*),reduced,-,-,-,-,377.0 4,-
forum-14.prec50,pairwise,distance_closure,pairwise+distance_closure,incremental,IdleRange(P*),reduced,-,-,-,-,574.0 4,-
forum-14.prec50,pairwise,distance_closure,pairwise+distance_closure,maxsat,IdleRange(P*),reduced,-,-,-,-,144.5 4,-
forum-14.prec50,pairwise,distance_closure,pairwise+distance_closure,multiple,IdleRange(P*),reduced,-,-,-,-,581.8 4,-
forum-14.prec50,sparse_suffix,direct,sparse_suffix+direct,incremental,IdleRange(P*),reduced,-,-,-,-,346.6 4,-
forum-14.prec50,sparse_suffix,direct,sparse_suffix+direct,maxsat,IdleRange(P*),reduced,-,-,-,-,166.2 4,-
forum-14.prec50,sparse_suffix,direct,sparse_suffix+direct,multiple,IdleRange(P*),reduced,-,-,-,-,659.1 4,-
forum-14.prec50,sparse_suffix,distance_closure,sparse_suffix+distance_closure,incremental,IdleRange(P*),reduced,-,-,-,-,462.5 4,-
forum-14.prec50,sparse_suffix,distance_closure,sparse_suffix+distance_closure,maxsat,IdleRange(P*),reduced,-,-,-,-,245.8 4,-
forum-14.prec50,sparse_suffix,distance_closure,sparse_suffix+distance_closure,multiple,IdleRange(P*),reduced,-,-,-,-,249.3 4,-
forum-14.prec60,pairwise,direct,pairwise+direct,incremental,IdleRange(P*),full,-,-,-,-,49.4 4,-
forum-14.prec60,pairwise,direct,pairwise+direct,maxsat,IdleRange(P*),full,-,-,-,-,105.3 4,-
forum-14.prec60,pairwise,direct,pairwise+direct,multiple,IdleRange(P*),full,-,-,-,-,68.7 4,-
forum-14.prec60,pairwise,distance_closure,pairwise+distance_closure,incremental,IdleRange(P*),full,-,-,-,-,59.6 4,-
forum-14.prec60,pairwise,distance_closure,pairwise+distance_closure,maxsat,IdleRange(P*),full,-,-,-,-,57.7 4,-
forum-14.prec60,pairwise,distance_closure,pairwise+distance_closure,multiple,IdleRange(P*),full,-,-,-,-,103.3 4,-
forum-14.prec60,sparse_suffix,direct,sparse_suffix+direct,incremental,IdleRange(P*),full,-,-,-,-,52.6 4,-
forum-14.prec60,sparse_suffix,direct,sparse_suffix+direct,maxsat,IdleRange(P*),full,-,-,-,-,126.0 4,-
forum-14.prec60,sparse_suffix,direct,sparse_suffix+direct,multiple,IdleRange(P*),full,-,-,-,-,67.9 4,-
forum-14.prec60,sparse_suffix,distance_closure,sparse_suffix+distance_closure,incremental,IdleRange(P*),full,-,-,-,-,28.6 4,-
forum-14.prec60,sparse_suffix,distance_closure,sparse_suffix+distance_closure,maxsat,IdleRange(P*),full,-,-,-,-,65.6 4,-
forum-14.prec60,sparse_suffix,distance_closure,sparse_suffix+distance_closure,multiple,IdleRange(P*),full,-,-,-,-,61.7 4,-
forum-14.prec60,pairwise,direct,pairwise+direct,incremental,IdleRange(P*),reduced,-,-,-,-,198.9 4,-
forum-14.prec60,pairwise,direct,pairwise+direct,maxsat,IdleRange(P*),reduced,-,-,-,-,67.1 4,-
forum-14.prec60,pairwise,direct,pairwise+direct,multiple,IdleRange(P*),reduced,-,-,-,-,159.5 4,-
forum-14.prec60,pairwise,distance_closure,pairwise+distance_closure,incremental,IdleRange(P*),reduced,-,-,-,-,168.6 4,-
forum-14.prec60,pairwise,distance_closure,pairwise+distance_closure,maxsat,IdleRange(P*),reduced,-,-,-,-,133.2 4,-
forum-14.prec60,pairwise,distance_closure,pairwise+distance_closure,multiple,IdleRange(P*),reduced,-,-,-,-,213.2 4,-
forum-14.prec60,sparse_suffix,direct,sparse_suffix+direct,incremental,IdleRange(P*),reduced,-,-,-,-,93.9 4,-
forum-14.prec60,sparse_suffix,direct,sparse_suffix+direct,maxsat,IdleRange(P*),reduced,-,-,-,-,82.1 4,-
forum-14.prec60,sparse_suffix,direct,sparse_suffix+direct,multiple,IdleRange(P*),reduced,-,-,-,-,193.3 4,-
forum-14.prec60,sparse_suffix,distance_closure,sparse_suffix+distance_closure,incremental,IdleRange(P*),reduced,-,-,-,-,160.7 4,-
forum-14.prec60,sparse_suffix,distance_closure,sparse_suffix+distance_closure,maxsat,IdleRange(P*),reduced,-,-,-,-,48.2 4,-
forum-14.prec60,sparse_suffix,distance_closure,sparse_suffix+distance_closure,multiple,IdleRange(P*),reduced,-,-,-,-,246.1 4,-
forumt-14.prec50,pairwise,direct,pairwise+direct,incremental,IdleRange(P*),full,-,-,-,-,2.1 2,-
forumt-14.prec50,pairwise,direct,pairwise+direct,maxsat,IdleRange(P*),full,-,-,-,-,2.0 2,-
forumt-14.prec50,pairwise,direct,pairwise+direct,multiple,IdleRange(P*),full,-,-,-,-,2.0 2,-
forumt-14.prec50,pairwise,distance_closure,pairwise+distance_closure,incremental,IdleRange(P*),full,-,-,-,-,1.6 2,-
forumt-14.prec50,pairwise,distance_closure,pairwise+distance_closure,maxsat,IdleRange(P*),full,-,-,-,-,2.7 2,-
forumt-14.prec50,pairwise,distance_closure,pairwise+distance_closure,multiple,IdleRange(P*),full,-,-,-,-,2.2 2,-
forumt-14.prec50,sparse_suffix,direct,sparse_suffix+direct,incremental,IdleRange(P*),full,-,-,-,-,1.5 2,-
forumt-14.prec50,sparse_suffix,direct,sparse_suffix+direct,maxsat,IdleRange(P*),full,-,-,-,-,2.6 2,-
forumt-14.prec50,sparse_suffix,direct,sparse_suffix+direct,multiple,IdleRange(P*),full,-,-,-,-,2.3 2,-
forumt-14.prec50,sparse_suffix,distance_closure,sparse_suffix+distance_closure,incremental,IdleRange(P*),full,-,-,-,-,1.7 2,-
forumt-14.prec50,sparse_suffix,distance_closure,sparse_suffix+distance_closure,maxsat,IdleRange(P*),full,-,-,-,-,3.4 2,-
forumt-14.prec50,sparse_suffix,distance_closure,sparse_suffix+distance_closure,multiple,IdleRange(P*),full,-,-,-,-,2.0 2,-
forumt-14.prec50,pairwise,direct,pairwise+direct,incremental,IdleRange(P*),reduced,-,-,-,-,1.4 2,-
forumt-14.prec50,pairwise,direct,pairwise+direct,maxsat,IdleRange(P*),reduced,-,-,-,-,2.6 2,-
forumt-14.prec50,pairwise,direct,pairwise+direct,multiple,IdleRange(P*),reduced,-,-,-,-,1.9 2,-
forumt-14.prec50,pairwise,distance_closure,pairwise+distance_closure,incremental,IdleRange(P*),reduced,-,-,-,-,1.3 2,-
forumt-14.prec50,pairwise,distance_closure,pairwise+distance_closure,maxsat,IdleRange(P*),reduced,-,-,-,-,1.5 2,-
forumt-14.prec50,pairwise,distance_closure,pairwise+distance_closure,multiple,IdleRange(P*),reduced,-,-,-,-,1.9 2,-
forumt-14.prec50,sparse_suffix,direct,sparse_suffix+direct,incremental,IdleRange(P*),reduced,-,-,-,-,1.6 2,-
forumt-14.prec50,sparse_suffix,direct,sparse_suffix+direct,maxsat,IdleRange(P*),reduced,-,-,-,-,2.0 2,-
forumt-14.prec50,sparse_suffix,direct,sparse_suffix+direct,multiple,IdleRange(P*),reduced,-,-,-,-,2.8 2,-
forumt-14.prec50,sparse_suffix,distance_closure,sparse_suffix+distance_closure,incremental,IdleRange(P*),reduced,-,-,-,-,1.6 2,-
forumt-14.prec50,sparse_suffix,distance_closure,sparse_suffix+distance_closure,maxsat,IdleRange(P*),reduced,-,-,-,-,1.7 2,-
forumt-14.prec50,sparse_suffix,distance_closure,sparse_suffix+distance_closure,multiple,IdleRange(P*),reduced,-,-,-,-,1.9 2,-
forumt-14.prec60,pairwise,direct,pairwise+direct,incremental,IdleRange(P*),full,-,-,-,-,1.2 2,-
forumt-14.prec60,pairwise,direct,pairwise+direct,maxsat,IdleRange(P*),full,-,-,-,-,1.6 2,-
forumt-14.prec60,pairwise,direct,pairwise+direct,multiple,IdleRange(P*),full,-,-,-,-,1.9 2,-
forumt-14.prec60,pairwise,distance_closure,pairwise+distance_closure,incremental,IdleRange(P*),full,-,-,-,-,1.8 2,-
forumt-14.prec60,pairwise,distance_closure,pairwise+distance_closure,maxsat,IdleRange(P*),full,-,-,-,-,2.4 2,-
forumt-14.prec60,pairwise,distance_closure,pairwise+distance_closure,multiple,IdleRange(P*),full,-,-,-,-,2.0 2,-
forumt-14.prec60,sparse_suffix,direct,sparse_suffix+direct,incremental,IdleRange(P*),full,-,-,-,-,1.2 2,-
forumt-14.prec60,sparse_suffix,direct,sparse_suffix+direct,maxsat,IdleRange(P*),full,-,-,-,-,1.8 2,-
forumt-14.prec60,sparse_suffix,direct,sparse_suffix+direct,multiple,IdleRange(P*),full,-,-,-,-,1.7 2,-
forumt-14.prec60,sparse_suffix,distance_closure,sparse_suffix+distance_closure,incremental,IdleRange(P*),full,-,-,-,-,1.2 2,-
forumt-14.prec60,sparse_suffix,distance_closure,sparse_suffix+distance_closure,maxsat,IdleRange(P*),full,-,-,-,-,2.2 2,-
forumt-14.prec60,sparse_suffix,distance_closure,sparse_suffix+distance_closure,multiple,IdleRange(P*),full,-,-,-,-,2.0 2,-
forumt-14.prec60,pairwise,direct,pairwise+direct,incremental,IdleRange(P*),reduced,-,-,-,-,0.8 2,-
forumt-14.prec60,pairwise,direct,pairwise+direct,maxsat,IdleRange(P*),reduced,-,-,-,-,1.5 2,-
forumt-14.prec60,pairwise,direct,pairwise+direct,multiple,IdleRange(P*),reduced,-,-,-,-,1.3 2,-
forumt-14.prec60,pairwise,distance_closure,pairwise+distance_closure,incremental,IdleRange(P*),reduced,-,-,-,-,1.0 2,-
forumt-14.prec60,pairwise,distance_closure,pairwise+distance_closure,maxsat,IdleRange(P*),reduced,-,-,-,-,1.4 2,-
forumt-14.prec60,pairwise,distance_closure,pairwise+distance_closure,multiple,IdleRange(P*),reduced,-,-,-,-,1.7 2,-
forumt-14.prec60,sparse_suffix,direct,sparse_suffix+direct,incremental,IdleRange(P*),reduced,-,-,-,-,0.8 2,-
forumt-14.prec60,sparse_suffix,direct,sparse_suffix+direct,maxsat,IdleRange(P*),reduced,-,-,-,-,1.6 2,-
forumt-14.prec60,sparse_suffix,direct,sparse_suffix+direct,multiple,IdleRange(P*),reduced,-,-,-,-,1.3 2,-
forumt-14.prec60,sparse_suffix,distance_closure,sparse_suffix+distance_closure,incremental,IdleRange(P*),reduced,-,-,-,-,1.4 2,-
forumt-14.prec60,sparse_suffix,distance_closure,sparse_suffix+distance_closure,maxsat,IdleRange(P*),reduced,-,-,-,-,1.8 2,-
forumt-14.prec60,sparse_suffix,distance_closure,sparse_suffix+distance_closure,multiple,IdleRange(P*),reduced,-,-,-,-,2.1 2,-
forumt-14crafc.prec50,pairwise,direct,pairwise+direct,incremental,IdleRange(P*),full,-,-,-,-,1.5 2,-
forumt-14crafc.prec50,pairwise,direct,pairwise+direct,maxsat,IdleRange(P*),full,-,-,-,-,2.4 2,-
forumt-14crafc.prec50,pairwise,direct,pairwise+direct,multiple,IdleRange(P*),full,-,-,-,-,2.4 2,-
forumt-14crafc.prec50,pairwise,distance_closure,pairwise+distance_closure,incremental,IdleRange(P*),full,-,-,-,-,2.0 2,-
forumt-14crafc.prec50,pairwise,distance_closure,pairwise+distance_closure,maxsat,IdleRange(P*),full,-,-,-,-,2.4 2,-
forumt-14crafc.prec50,pairwise,distance_closure,pairwise+distance_closure,multiple,IdleRange(P*),full,-,-,-,-,2.1 2,-
forumt-14crafc.prec50,sparse_suffix,direct,sparse_suffix+direct,incremental,IdleRange(P*),full,-,-,-,-,1.8 2,-
forumt-14crafc.prec50,sparse_suffix,direct,sparse_suffix+direct,maxsat,IdleRange(P*),full,-,-,-,-,2.3 2,-
forumt-14crafc.prec50,sparse_suffix,direct,sparse_suffix+direct,multiple,IdleRange(P*),full,-,-,-,-,2.0 2,-
forumt-14crafc.prec50,sparse_suffix,distance_closure,sparse_suffix+distance_closure,incremental,IdleRange(P*),full,-,-,-,-,1.5 2,-
forumt-14crafc.prec50,sparse_suffix,distance_closure,sparse_suffix+distance_closure,maxsat,IdleRange(P*),full,-,-,-,-,2.2 2,-
forumt-14crafc.prec50,sparse_suffix,distance_closure,sparse_suffix+distance_closure,multiple,IdleRange(P*),full,-,-,-,-,2.9 2,-
forumt-14crafc.prec50,pairwise,direct,pairwise+direct,incremental,IdleRange(P*),reduced,-,-,-,-,1.9 2,-
forumt-14crafc.prec50,pairwise,direct,pairwise+direct,maxsat,IdleRange(P*),reduced,-,-,-,-,1.6 2,-
forumt-14crafc.prec50,pairwise,direct,pairwise+direct,multiple,IdleRange(P*),reduced,-,-,-,-,2.8 2,-
forumt-14crafc.prec50,pairwise,distance_closure,pairwise+distance_closure,incremental,IdleRange(P*),reduced,-,-,-,-,2.1 2,-
forumt-14crafc.prec50,pairwise,distance_closure,pairwise+distance_closure,maxsat,IdleRange(P*),reduced,-,-,-,-,2.2 2,-
forumt-14crafc.prec50,pairwise,distance_closure,pairwise+distance_closure,multiple,IdleRange(P*),reduced,-,-,-,-,2.1 2,-
forumt-14crafc.prec50,sparse_suffix,direct,sparse_suffix+direct,incremental,IdleRange(P*),reduced,-,-,-,-,1.8 2,-
forumt-14crafc.prec50,sparse_suffix,direct,sparse_suffix+direct,maxsat,IdleRange(P*),reduced,-,-,-,-,1.6 2,-
forumt-14crafc.prec50,sparse_suffix,direct,sparse_suffix+direct,multiple,IdleRange(P*),reduced,-,-,-,-,1.9 2,-
forumt-14crafc.prec50,sparse_suffix,distance_closure,sparse_suffix+distance_closure,incremental,IdleRange(P*),reduced,-,-,-,-,1.2 2,-
forumt-14crafc.prec50,sparse_suffix,distance_closure,sparse_suffix+distance_closure,maxsat,IdleRange(P*),reduced,-,-,-,-,2.3 2,-
forumt-14crafc.prec50,sparse_suffix,distance_closure,sparse_suffix+distance_closure,multiple,IdleRange(P*),reduced,-,-,-,-,2.8 2,-
forumt-14crafc.prec60,pairwise,direct,pairwise+direct,incremental,IdleRange(P*),full,-,-,-,-,1.5 2,-
forumt-14crafc.prec60,pairwise,direct,pairwise+direct,maxsat,IdleRange(P*),full,-,-,-,-,1.5 2,-
forumt-14crafc.prec60,pairwise,direct,pairwise+direct,multiple,IdleRange(P*),full,-,-,-,-,1.8 2,-
forumt-14crafc.prec60,pairwise,distance_closure,pairwise+distance_closure,incremental,IdleRange(P*),full,-,-,-,-,1.2 2,-
forumt-14crafc.prec60,pairwise,distance_closure,pairwise+distance_closure,maxsat,IdleRange(P*),full,-,-,-,-,1.5 2,-
forumt-14crafc.prec60,pairwise,distance_closure,pairwise+distance_closure,multiple,IdleRange(P*),full,-,-,-,-,2.1 2,-
forumt-14crafc.prec60,sparse_suffix,direct,sparse_suffix+direct,incremental,IdleRange(P*),full,-,-,-,-,1.3 2,-
forumt-14crafc.prec60,sparse_suffix,direct,sparse_suffix+direct,maxsat,IdleRange(P*),full,-,-,-,-,2.2 2,-
forumt-14crafc.prec60,sparse_suffix,direct,sparse_suffix+direct,multiple,IdleRange(P*),full,-,-,-,-,1.4 2,-
forumt-14crafc.prec60,sparse_suffix,distance_closure,sparse_suffix+distance_closure,incremental,IdleRange(P*),full,-,-,-,-,1.3 2,-
forumt-14crafc.prec60,sparse_suffix,distance_closure,sparse_suffix+distance_closure,maxsat,IdleRange(P*),full,-,-,-,-,1.4 2,-
forumt-14crafc.prec60,sparse_suffix,distance_closure,sparse_suffix+distance_closure,multiple,IdleRange(P*),full,-,-,-,-,1.9 2,-
forumt-14crafc.prec60,pairwise,direct,pairwise+direct,incremental,IdleRange(P*),reduced,-,-,-,-,0.8 2,-
forumt-14crafc.prec60,pairwise,direct,pairwise+direct,maxsat,IdleRange(P*),reduced,-,-,-,-,1.0 2,-
forumt-14crafc.prec60,pairwise,direct,pairwise+direct,multiple,IdleRange(P*),reduced,-,-,-,-,1.4 2,-
forumt-14crafc.prec60,pairwise,distance_closure,pairwise+distance_closure,incremental,IdleRange(P*),reduced,-,-,-,-,0.6 2,-
forumt-14crafc.prec60,pairwise,distance_closure,pairwise+distance_closure,maxsat,IdleRange(P*),reduced,-,-,-,-,1.3 2,-
forumt-14crafc.prec60,pairwise,distance_closure,pairwise+distance_closure,multiple,IdleRange(P*),reduced,-,-,-,-,1.2 2,-
forumt-14crafc.prec60,sparse_suffix,direct,sparse_suffix+direct,incremental,IdleRange(P*),reduced,-,-,-,-,1.0 2,-
forumt-14crafc.prec60,sparse_suffix,direct,sparse_suffix+direct,maxsat,IdleRange(P*),reduced,-,-,-,-,1.3 2,-
forumt-14crafc.prec60,sparse_suffix,direct,sparse_suffix+direct,multiple,IdleRange(P*),reduced,-,-,-,-,1.1 2,-
forumt-14crafc.prec60,sparse_suffix,distance_closure,sparse_suffix+distance_closure,incremental,IdleRange(P*),reduced,-,-,-,-,1.0 2,-
forumt-14crafc.prec60,sparse_suffix,distance_closure,sparse_suffix+distance_closure,maxsat,IdleRange(P*),reduced,-,-,-,-,1.2 2,-
forumt-14crafc.prec60,sparse_suffix,distance_closure,sparse_suffix+distance_closure,multiple,IdleRange(P*),reduced,-,-,-,-,1.5 2,-
forumt-14crafd.prec50,pairwise,direct,pairwise+direct,incremental,IdleRange(P*),full,-,-,-,-,2.4 2,-
forumt-14crafd.prec50,pairwise,direct,pairwise+direct,maxsat,IdleRange(P*),full,-,-,-,-,2.4 2,-
forumt-14crafd.prec50,pairwise,direct,pairwise+direct,multiple,IdleRange(P*),full,-,-,-,-,3.7 2,-
forumt-14crafd.prec50,pairwise,distance_closure,pairwise+distance_closure,incremental,IdleRange(P*),full,-,-,-,-,4.5 2,-
forumt-14crafd.prec50,pairwise,distance_closure,pairwise+distance_closure,maxsat,IdleRange(P*),full,-,-,-,-,3.9 2,-
forumt-14crafd.prec50,pairwise,distance_closure,pairwise+distance_closure,multiple,IdleRange(P*),full,-,-,-,-,3.7 2,-
forumt-14crafd.prec50,sparse_suffix,direct,sparse_suffix+direct,incremental,IdleRange(P*),full,-,-,-,-,2.3 2,-
forumt-14crafd.prec50,sparse_suffix,direct,sparse_suffix+direct,maxsat,IdleRange(P*),full,-,-,-,-,3.6 2,-
forumt-14crafd.prec50,sparse_suffix,direct,sparse_suffix+direct,multiple,IdleRange(P*),full,-,-,-,-,2.4 2,-
forumt-14crafd.prec50,sparse_suffix,distance_closure,sparse_suffix+distance_closure,incremental,IdleRange(P*),full,-,-,-,-,2.9 2,-
forumt-14crafd.prec50,sparse_suffix,distance_closure,sparse_suffix+distance_closure,maxsat,IdleRange(P*),full,-,-,-,-,3.0 2,-
forumt-14crafd.prec50,sparse_suffix,distance_closure,sparse_suffix+distance_closure,multiple,IdleRange(P*),full,-,-,-,-,4.5 2,-
forumt-14crafd.prec50,pairwise,direct,pairwise+direct,incremental,IdleRange(P*),reduced,-,-,-,-,1.5 2,-
forumt-14crafd.prec50,pairwise,direct,pairwise+direct,maxsat,IdleRange(P*),reduced,-,-,-,-,2.2 2,-
forumt-14crafd.prec50,pairwise,direct,pairwise+direct,multiple,IdleRange(P*),reduced,-,-,-,-,2.3 2,-
forumt-14crafd.prec50,pairwise,distance_closure,pairwise+distance_closure,incremental,IdleRange(P*),reduced,-,-,-,-,1.6 2,-
forumt-14crafd.prec50,pairwise,distance_closure,pairwise+distance_closure,maxsat,IdleRange(P*),reduced,-,-,-,-,2.4 2,-
forumt-14crafd.prec50,pairwise,distance_closure,pairwise+distance_closure,multiple,IdleRange(P*),reduced,-,-,-,-,4.1 2,-
forumt-14crafd.prec50,sparse_suffix,direct,sparse_suffix+direct,incremental,IdleRange(P*),reduced,-,-,-,-,1.7 2,-
forumt-14crafd.prec50,sparse_suffix,direct,sparse_suffix+direct,maxsat,IdleRange(P*),reduced,-,-,-,-,2.4 2,-
forumt-14crafd.prec50,sparse_suffix,direct,sparse_suffix+direct,multiple,IdleRange(P*),reduced,-,-,-,-,2.6 2,-
forumt-14crafd.prec50,sparse_suffix,distance_closure,sparse_suffix+distance_closure,incremental,IdleRange(P*),reduced,-,-,-,-,2.1 2,-
forumt-14crafd.prec50,sparse_suffix,distance_closure,sparse_suffix+distance_closure,maxsat,IdleRange(P*),reduced,-,-,-,-,2.3 2,-
forumt-14crafd.prec50,sparse_suffix,distance_closure,sparse_suffix+distance_closure,multiple,IdleRange(P*),reduced,-,-,-,-,3.7 2,-
forumt-14crafd.prec60,pairwise,direct,pairwise+direct,incremental,IdleRange(P*),full,-,-,-,-,1.7 2,-
forumt-14crafd.prec60,pairwise,direct,pairwise+direct,maxsat,IdleRange(P*),full,-,-,-,-,2.6 2,-
forumt-14crafd.prec60,pairwise,direct,pairwise+direct,multiple,IdleRange(P*),full,-,-,-,-,2.0 2,-
forumt-14crafd.prec60,pairwise,distance_closure,pairwise+distance_closure,incremental,IdleRange(P*),full,-,-,-,-,1.9 2,-
forumt-14crafd.prec60,pairwise,distance_closure,pairwise+distance_closure,maxsat,IdleRange(P*),full,-,-,-,-,1.9 2,-
forumt-14crafd.prec60,pairwise,distance_closure,pairwise+distance_closure,multiple,IdleRange(P*),full,-,-,-,-,2.0 2,-
forumt-14crafd.prec60,sparse_suffix,direct,sparse_suffix+direct,incremental,IdleRange(P*),full,-,-,-,-,1.8 2,-
forumt-14crafd.prec60,sparse_suffix,direct,sparse_suffix+direct,maxsat,IdleRange(P*),full,-,-,-,-,2.5 2,-
forumt-14crafd.prec60,sparse_suffix,direct,sparse_suffix+direct,multiple,IdleRange(P*),full,-,-,-,-,2.8 2,-
forumt-14crafd.prec60,sparse_suffix,distance_closure,sparse_suffix+distance_closure,incremental,IdleRange(P*),full,-,-,-,-,1.8 2,-
forumt-14crafd.prec60,sparse_suffix,distance_closure,sparse_suffix+distance_closure,maxsat,IdleRange(P*),full,-,-,-,-,2.1 2,-
forumt-14crafd.prec60,sparse_suffix,distance_closure,sparse_suffix+distance_closure,multiple,IdleRange(P*),full,-,-,-,-,2.1 2,-
forumt-14crafd.prec60,pairwise,direct,pairwise+direct,incremental,IdleRange(P*),reduced,-,-,-,-,1.6 2,-
forumt-14crafd.prec60,pairwise,direct,pairwise+direct,maxsat,IdleRange(P*),reduced,-,-,-,-,2.1 2,-
forumt-14crafd.prec60,pairwise,direct,pairwise+direct,multiple,IdleRange(P*),reduced,-,-,-,-,1.8 2,-
forumt-14crafd.prec60,pairwise,distance_closure,pairwise+distance_closure,incremental,IdleRange(P*),reduced,-,-,-,-,1.5 2,-
forumt-14crafd.prec60,pairwise,distance_closure,pairwise+distance_closure,maxsat,IdleRange(P*),reduced,-,-,-,-,2.0 2,-
forumt-14crafd.prec60,pairwise,distance_closure,pairwise+distance_closure,multiple,IdleRange(P*),reduced,-,-,-,-,2.2 2,-
forumt-14crafd.prec60,sparse_suffix,direct,sparse_suffix+direct,incremental,IdleRange(P*),reduced,-,-,-,-,1.5 2,-
forumt-14crafd.prec60,sparse_suffix,direct,sparse_suffix+direct,maxsat,IdleRange(P*),reduced,-,-,-,-,2.6 2,-
forumt-14crafd.prec60,sparse_suffix,direct,sparse_suffix+direct,multiple,IdleRange(P*),reduced,-,-,-,-,2.2 2,-
forumt-14crafd.prec60,sparse_suffix,distance_closure,sparse_suffix+distance_closure,incremental,IdleRange(P*),reduced,-,-,-,-,1.3 2,-
forumt-14crafd.prec60,sparse_suffix,distance_closure,sparse_suffix+distance_closure,maxsat,IdleRange(P*),reduced,-,-,-,-,1.7 2,-
forumt-14crafd.prec60,sparse_suffix,distance_closure,sparse_suffix+distance_closure,multiple,IdleRange(P*),reduced,-,-,-,-,1.5 2,-
forumt-14crafe.prec50,pairwise,direct,pairwise+direct,incremental,IdleRange(P*),full,-,-,-,-,2.2 2,-
forumt-14crafe.prec50,pairwise,direct,pairwise+direct,maxsat,IdleRange(P*),full,-,-,-,-,4.1 2,-
forumt-14crafe.prec50,pairwise,direct,pairwise+direct,multiple,IdleRange(P*),full,-,-,-,-,7.4 2,-
forumt-14crafe.prec50,pairwise,distance_closure,pairwise+distance_closure,incremental,IdleRange(P*),full,-,-,-,-,2.2 2,-
forumt-14crafe.prec50,pairwise,distance_closure,pairwise+distance_closure,maxsat,IdleRange(P*),full,-,-,-,-,3.4 2,-
forumt-14crafe.prec50,pairwise,distance_closure,pairwise+distance_closure,multiple,IdleRange(P*),full,-,-,-,-,3.9 2,-
forumt-14crafe.prec50,sparse_suffix,direct,sparse_suffix+direct,incremental,IdleRange(P*),full,-,-,-,-,2.2 2,-
forumt-14crafe.prec50,sparse_suffix,direct,sparse_suffix+direct,maxsat,IdleRange(P*),full,-,-,-,-,5.1 2,-
forumt-14crafe.prec50,sparse_suffix,direct,sparse_suffix+direct,multiple,IdleRange(P*),full,-,-,-,-,4.6 2,-
forumt-14crafe.prec50,sparse_suffix,distance_closure,sparse_suffix+distance_closure,incremental,IdleRange(P*),full,-,-,-,-,2.4 2,-
forumt-14crafe.prec50,sparse_suffix,distance_closure,sparse_suffix+distance_closure,maxsat,IdleRange(P*),full,-,-,-,-,4.4 2,-
forumt-14crafe.prec50,sparse_suffix,distance_closure,sparse_suffix+distance_closure,multiple,IdleRange(P*),full,-,-,-,-,4.2 2,-
forumt-14crafe.prec50,pairwise,direct,pairwise+direct,incremental,IdleRange(P*),reduced,-,-,-,-,2.5 2,-
forumt-14crafe.prec50,pairwise,direct,pairwise+direct,maxsat,IdleRange(P*),reduced,-,-,-,-,3.9 2,-
forumt-14crafe.prec50,pairwise,direct,pairwise+direct,multiple,IdleRange(P*),reduced,-,-,-,-,2.0 2,-
forumt-14crafe.prec50,pairwise,distance_closure,pairwise+distance_closure,incremental,IdleRange(P*),reduced,-,-,-,-,1.7 2,-
forumt-14crafe.prec50,pairwise,distance_closure,pairwise+distance_closure,maxsat,IdleRange(P*),reduced,-,-,-,-,2.4 2,-
forumt-14crafe.prec50,pairwise,distance_closure,pairwise+distance_closure,multiple,IdleRange(P*),reduced,-,-,-,-,1.8 2,-
forumt-14crafe.prec50,sparse_suffix,direct,sparse_suffix+direct,incremental,IdleRange(P*),reduced,-,-,-,-,1.7 2,-
forumt-14crafe.prec50,sparse_suffix,direct,sparse_suffix+direct,maxsat,IdleRange(P*),reduced,-,-,-,-,3.3 2,-
forumt-14crafe.prec50,sparse_suffix,direct,sparse_suffix+direct,multiple,IdleRange(P*),reduced,-,-,-,-,1.9 2,-
forumt-14crafe.prec50,sparse_suffix,distance_closure,sparse_suffix+distance_closure,incremental,IdleRange(P*),reduced,-,-,-,-,2.0 2,-
forumt-14crafe.prec50,sparse_suffix,distance_closure,sparse_suffix+distance_closure,maxsat,IdleRange(P*),reduced,-,-,-,-,4.4 2,-
forumt-14crafe.prec50,sparse_suffix,distance_closure,sparse_suffix+distance_closure,multiple,IdleRange(P*),reduced,-,-,-,-,3.9 2,-
forumt-14crafe.prec60,pairwise,direct,pairwise+direct,incremental,IdleRange(P*),full,-,-,-,-,6.6 2,-
forumt-14crafe.prec60,pairwise,direct,pairwise+direct,maxsat,IdleRange(P*),full,-,-,-,-,6.4 2,-
forumt-14crafe.prec60,pairwise,direct,pairwise+direct,multiple,IdleRange(P*),full,-,-,-,-,5.0 2,-
forumt-14crafe.prec60,pairwise,distance_closure,pairwise+distance_closure,incremental,IdleRange(P*),full,-,-,-,-,5.7 2,-
forumt-14crafe.prec60,pairwise,distance_closure,pairwise+distance_closure,maxsat,IdleRange(P*),full,-,-,-,-,9.1 2,-
forumt-14crafe.prec60,pairwise,distance_closure,pairwise+distance_closure,multiple,IdleRange(P*),full,-,-,-,-,8.2 2,-
forumt-14crafe.prec60,sparse_suffix,direct,sparse_suffix+direct,incremental,IdleRange(P*),full,-,-,-,-,6.9 2,-
forumt-14crafe.prec60,sparse_suffix,direct,sparse_suffix+direct,maxsat,IdleRange(P*),full,-,-,-,-,2.6 2,-
forumt-14crafe.prec60,sparse_suffix,direct,sparse_suffix+direct,multiple,IdleRange(P*),full,-,-,-,-,5.3 2,-
forumt-14crafe.prec60,sparse_suffix,distance_closure,sparse_suffix+distance_closure,incremental,IdleRange(P*),full,-,-,-,-,6.5 2,-
forumt-14crafe.prec60,sparse_suffix,distance_closure,sparse_suffix+distance_closure,maxsat,IdleRange(P*),full,-,-,-,-,3.9 2,-
forumt-14crafe.prec60,sparse_suffix,distance_closure,sparse_suffix+distance_closure,multiple,IdleRange(P*),full,-,-,-,-,2.4 2,-
forumt-14crafe.prec60,pairwise,direct,pairwise+direct,incremental,IdleRange(P*),reduced,-,-,-,-,6.3 2,-
forumt-14crafe.prec60,pairwise,direct,pairwise+direct,maxsat,IdleRange(P*),reduced,-,-,-,-,3.3 2,-
forumt-14crafe.prec60,pairwise,direct,pairwise+direct,multiple,IdleRange(P*),reduced,-,-,-,-,6.1 2,-
forumt-14crafe.prec60,pairwise,distance_closure,pairwise+distance_closure,incremental,IdleRange(P*),reduced,-,-,-,-,2.0 2,-
forumt-14crafe.prec60,pairwise,distance_closure,pairwise+distance_closure,maxsat,IdleRange(P*),reduced,-,-,-,-,3.9 2,-
forumt-14crafe.prec60,pairwise,distance_closure,pairwise+distance_closure,multiple,IdleRange(P*),reduced,-,-,-,-,1.8 2,-
forumt-14crafe.prec60,sparse_suffix,direct,sparse_suffix+direct,incremental,IdleRange(P*),reduced,-,-,-,-,2.4 2,-
forumt-14crafe.prec60,sparse_suffix,direct,sparse_suffix+direct,maxsat,IdleRange(P*),reduced,-,-,-,-,2.8 2,-
forumt-14crafe.prec60,sparse_suffix,direct,sparse_suffix+direct,multiple,IdleRange(P*),reduced,-,-,-,-,1.8 2,-
forumt-14crafe.prec60,sparse_suffix,distance_closure,sparse_suffix+distance_closure,incremental,IdleRange(P*),reduced,-,-,-,-,6.0 2,-
forumt-14crafe.prec60,sparse_suffix,distance_closure,sparse_suffix+distance_closure,maxsat,IdleRange(P*),reduced,-,-,-,-,4.8 2,-
forumt-14crafe.prec60,sparse_suffix,distance_closure,sparse_suffix+distance_closure,multiple,IdleRange(P*),reduced,-,-,-,-,1.5 2,-
tic-12.prec50,pairwise,direct,pairwise+direct,incremental,IdleRange(P*),full,-,-,-,-,0.2 1,-
tic-12.prec50,pairwise,direct,pairwise+direct,maxsat,IdleRange(P*),full,-,-,-,-,0.3 1,-
tic-12.prec50,pairwise,direct,pairwise+direct,multiple,IdleRange(P*),full,-,-,-,-,0.4 1,-
tic-12.prec50,pairwise,distance_closure,pairwise+distance_closure,incremental,IdleRange(P*),full,-,-,-,-,0.2 1,-
tic-12.prec50,pairwise,distance_closure,pairwise+distance_closure,maxsat,IdleRange(P*),full,-,-,-,-,0.3 1,-
tic-12.prec50,pairwise,distance_closure,pairwise+distance_closure,multiple,IdleRange(P*),full,-,-,-,-,0.4 1,-
tic-12.prec50,sparse_suffix,direct,sparse_suffix+direct,incremental,IdleRange(P*),full,-,-,-,-,0.2 1,-
tic-12.prec50,sparse_suffix,direct,sparse_suffix+direct,maxsat,IdleRange(P*),full,-,-,-,-,0.3 1,-
tic-12.prec50,sparse_suffix,direct,sparse_suffix+direct,multiple,IdleRange(P*),full,-,-,-,-,0.4 1,-
tic-12.prec50,sparse_suffix,distance_closure,sparse_suffix+distance_closure,incremental,IdleRange(P*),full,-,-,-,-,0.2 1,-
tic-12.prec50,sparse_suffix,distance_closure,sparse_suffix+distance_closure,maxsat,IdleRange(P*),full,-,-,-,-,0.3 1,-
tic-12.prec50,sparse_suffix,distance_closure,sparse_suffix+distance_closure,multiple,IdleRange(P*),full,-,-,-,-,0.3 1,-
tic-12.prec50,pairwise,direct,pairwise+direct,incremental,IdleRange(P*),reduced,-,-,-,-,0.2 1,-
tic-12.prec50,pairwise,direct,pairwise+direct,maxsat,IdleRange(P*),reduced,-,-,-,-,0.2 1,-
tic-12.prec50,pairwise,direct,pairwise+direct,multiple,IdleRange(P*),reduced,-,-,-,-,0.3 1,-
tic-12.prec50,pairwise,distance_closure,pairwise+distance_closure,incremental,IdleRange(P*),reduced,-,-,-,-,0.2 1,-
tic-12.prec50,pairwise,distance_closure,pairwise+distance_closure,maxsat,IdleRange(P*),reduced,-,-,-,-,0.3 1,-
tic-12.prec50,pairwise,distance_closure,pairwise+distance_closure,multiple,IdleRange(P*),reduced,-,-,-,-,0.4 1,-
tic-12.prec50,sparse_suffix,direct,sparse_suffix+direct,incremental,IdleRange(P*),reduced,-,-,-,-,0.2 1,-
tic-12.prec50,sparse_suffix,direct,sparse_suffix+direct,maxsat,IdleRange(P*),reduced,-,-,-,-,0.2 1,-
tic-12.prec50,sparse_suffix,direct,sparse_suffix+direct,multiple,IdleRange(P*),reduced,-,-,-,-,0.3 1,-
tic-12.prec50,sparse_suffix,distance_closure,sparse_suffix+distance_closure,incremental,IdleRange(P*),reduced,-,-,-,-,0.2 1,-
tic-12.prec50,sparse_suffix,distance_closure,sparse_suffix+distance_closure,maxsat,IdleRange(P*),reduced,-,-,-,-,0.2 1,-
tic-12.prec50,sparse_suffix,distance_closure,sparse_suffix+distance_closure,multiple,IdleRange(P*),reduced,-,-,-,-,0.4 1,-
tic-12.prec60,pairwise,direct,pairwise+direct,incremental,IdleRange(P*),full,-,-,-,-,0.2 1,-
tic-12.prec60,pairwise,direct,pairwise+direct,maxsat,IdleRange(P*),full,-,-,-,-,0.3 1,-
tic-12.prec60,pairwise,direct,pairwise+direct,multiple,IdleRange(P*),full,-,-,-,-,0.6 1,-
tic-12.prec60,pairwise,distance_closure,pairwise+distance_closure,incremental,IdleRange(P*),full,-,-,-,-,0.3 1,-
tic-12.prec60,pairwise,distance_closure,pairwise+distance_closure,maxsat,IdleRange(P*),full,-,-,-,-,0.3 1,-
tic-12.prec60,pairwise,distance_closure,pairwise+distance_closure,multiple,IdleRange(P*),full,-,-,-,-,0.6 1,-
tic-12.prec60,sparse_suffix,direct,sparse_suffix+direct,incremental,IdleRange(P*),full,-,-,-,-,0.2 1,-
tic-12.prec60,sparse_suffix,direct,sparse_suffix+direct,maxsat,IdleRange(P*),full,-,-,-,-,0.3 1,-
tic-12.prec60,sparse_suffix,direct,sparse_suffix+direct,multiple,IdleRange(P*),full,-,-,-,-,0.4 1,-
tic-12.prec60,sparse_suffix,distance_closure,sparse_suffix+distance_closure,incremental,IdleRange(P*),full,-,-,-,-,0.2 1,-
tic-12.prec60,sparse_suffix,distance_closure,sparse_suffix+distance_closure,maxsat,IdleRange(P*),full,-,-,-,-,0.3 1,-
tic-12.prec60,sparse_suffix,distance_closure,sparse_suffix+distance_closure,multiple,IdleRange(P*),full,-,-,-,-,0.4 1,-
tic-12.prec60,pairwise,direct,pairwise+direct,incremental,IdleRange(P*),reduced,-,-,-,-,0.2 1,-
tic-12.prec60,pairwise,direct,pairwise+direct,maxsat,IdleRange(P*),reduced,-,-,-,-,0.2 1,-
tic-12.prec60,pairwise,direct,pairwise+direct,multiple,IdleRange(P*),reduced,-,-,-,-,0.3 1,-
tic-12.prec60,pairwise,distance_closure,pairwise+distance_closure,incremental,IdleRange(P*),reduced,-,-,-,-,0.2 1,-
tic-12.prec60,pairwise,distance_closure,pairwise+distance_closure,maxsat,IdleRange(P*),reduced,-,-,-,-,0.2 1,-
tic-12.prec60,pairwise,distance_closure,pairwise+distance_closure,multiple,IdleRange(P*),reduced,-,-,-,-,0.3 1,-
tic-12.prec60,sparse_suffix,direct,sparse_suffix+direct,incremental,IdleRange(P*),reduced,-,-,-,-,0.2 1,-
tic-12.prec60,sparse_suffix,direct,sparse_suffix+direct,maxsat,IdleRange(P*),reduced,-,-,-,-,0.2 1,-
tic-12.prec60,sparse_suffix,direct,sparse_suffix+direct,multiple,IdleRange(P*),reduced,-,-,-,-,0.3 1,-
tic-12.prec60,sparse_suffix,distance_closure,sparse_suffix+distance_closure,incremental,IdleRange(P*),reduced,-,-,-,-,0.2 1,-
tic-12.prec60,sparse_suffix,distance_closure,sparse_suffix+distance_closure,maxsat,IdleRange(P*),reduced,-,-,-,-,0.2 1,-
tic-12.prec60,sparse_suffix,distance_closure,sparse_suffix+distance_closure,multiple,IdleRange(P*),reduced,-,-,-,-,0.3 1,-
tic-12crafc.prec50,pairwise,direct,pairwise+direct,incremental,IdleRange(P*),full,-,-,-,-,0.5 1,-
tic-12crafc.prec50,pairwise,direct,pairwise+direct,maxsat,IdleRange(P*),full,-,-,-,-,0.5 1,-
tic-12crafc.prec50,pairwise,direct,pairwise+direct,multiple,IdleRange(P*),full,-,-,-,-,0.8 1,-
tic-12crafc.prec50,pairwise,distance_closure,pairwise+distance_closure,incremental,IdleRange(P*),full,-,-,-,-,0.5 1,-
tic-12crafc.prec50,pairwise,distance_closure,pairwise+distance_closure,maxsat,IdleRange(P*),full,-,-,-,-,0.7 1,-
tic-12crafc.prec50,pairwise,distance_closure,pairwise+distance_closure,multiple,IdleRange(P*),full,-,-,-,-,0.9 1,-
tic-12crafc.prec50,sparse_suffix,direct,sparse_suffix+direct,incremental,IdleRange(P*),full,-,-,-,-,0.6 1,-
tic-12crafc.prec50,sparse_suffix,direct,sparse_suffix+direct,maxsat,IdleRange(P*),full,-,-,-,-,0.7 1,-
tic-12crafc.prec50,sparse_suffix,direct,sparse_suffix+direct,multiple,IdleRange(P*),full,-,-,-,-,1.1 1,-
tic-12crafc.prec50,sparse_suffix,distance_closure,sparse_suffix+distance_closure,incremental,IdleRange(P*),full,-,-,-,-,0.6 1,-
tic-12crafc.prec50,sparse_suffix,distance_closure,sparse_suffix+distance_closure,maxsat,IdleRange(P*),full,-,-,-,-,0.5 1,-
tic-12crafc.prec50,sparse_suffix,distance_closure,sparse_suffix+distance_closure,multiple,IdleRange(P*),full,-,-,-,-,0.8 1,-
tic-12crafc.prec50,pairwise,direct,pairwise+direct,incremental,IdleRange(P*),reduced,-,-,-,-,0.5 1,-
tic-12crafc.prec50,pairwise,direct,pairwise+direct,maxsat,IdleRange(P*),reduced,-,-,-,-,0.5 1,-
tic-12crafc.prec50,pairwise,direct,pairwise+direct,multiple,IdleRange(P*),reduced,-,-,-,-,0.9 1,-
tic-12crafc.prec50,pairwise,distance_closure,pairwise+distance_closure,incremental,IdleRange(P*),reduced,-,-,-,-,0.9 1,-
tic-12crafc.prec50,pairwise,distance_closure,pairwise+distance_closure,maxsat,IdleRange(P*),reduced,-,-,-,-,0.6 1,-
tic-12crafc.prec50,pairwise,distance_closure,pairwise+distance_closure,multiple,IdleRange(P*),reduced,-,-,-,-,0.6 1,-
tic-12crafc.prec50,sparse_suffix,direct,sparse_suffix+direct,incremental,IdleRange(P*),reduced,-,-,-,-,0.5 1,-
tic-12crafc.prec50,sparse_suffix,direct,sparse_suffix+direct,maxsat,IdleRange(P*),reduced,-,-,-,-,0.5 1,-
tic-12crafc.prec50,sparse_suffix,direct,sparse_suffix+direct,multiple,IdleRange(P*),reduced,-,-,-,-,0.6 1,-
tic-12crafc.prec50,sparse_suffix,distance_closure,sparse_suffix+distance_closure,incremental,IdleRange(P*),reduced,-,-,-,-,1.0 1,-
tic-12crafc.prec50,sparse_suffix,distance_closure,sparse_suffix+distance_closure,maxsat,IdleRange(P*),reduced,-,-,-,-,1.0 1,-
tic-12crafc.prec50,sparse_suffix,distance_closure,sparse_suffix+distance_closure,multiple,IdleRange(P*),reduced,-,-,-,-,0.8 1,-
tic-12crafc.prec60,pairwise,direct,pairwise+direct,incremental,IdleRange(P*),full,-,-,-,-,0.6 1,-
tic-12crafc.prec60,pairwise,direct,pairwise+direct,maxsat,IdleRange(P*),full,-,-,-,-,0.6 1,-
tic-12crafc.prec60,pairwise,direct,pairwise+direct,multiple,IdleRange(P*),full,-,-,-,-,0.7 1,-
tic-12crafc.prec60,pairwise,distance_closure,pairwise+distance_closure,incremental,IdleRange(P*),full,-,-,-,-,0.5 1,-
tic-12crafc.prec60,pairwise,distance_closure,pairwise+distance_closure,maxsat,IdleRange(P*),full,-,-,-,-,0.5 1,-
tic-12crafc.prec60,pairwise,distance_closure,pairwise+distance_closure,multiple,IdleRange(P*),full,-,-,-,-,0.6 1,-
tic-12crafc.prec60,sparse_suffix,direct,sparse_suffix+direct,incremental,IdleRange(P*),full,-,-,-,-,0.4 1,-
tic-12crafc.prec60,sparse_suffix,direct,sparse_suffix+direct,maxsat,IdleRange(P*),full,-,-,-,-,0.7 1,-
tic-12crafc.prec60,sparse_suffix,direct,sparse_suffix+direct,multiple,IdleRange(P*),full,-,-,-,-,0.8 1,-
tic-12crafc.prec60,sparse_suffix,distance_closure,sparse_suffix+distance_closure,incremental,IdleRange(P*),full,-,-,-,-,0.6 1,-
tic-12crafc.prec60,sparse_suffix,distance_closure,sparse_suffix+distance_closure,maxsat,IdleRange(P*),full,-,-,-,-,0.4 1,-
tic-12crafc.prec60,sparse_suffix,distance_closure,sparse_suffix+distance_closure,multiple,IdleRange(P*),full,-,-,-,-,1.1 1,-
tic-12crafc.prec60,pairwise,direct,pairwise+direct,incremental,IdleRange(P*),reduced,-,-,-,-,0.4 1,-
tic-12crafc.prec60,pairwise,direct,pairwise+direct,maxsat,IdleRange(P*),reduced,-,-,-,-,0.4 1,-
tic-12crafc.prec60,pairwise,direct,pairwise+direct,multiple,IdleRange(P*),reduced,-,-,-,-,0.8 1,-
tic-12crafc.prec60,pairwise,distance_closure,pairwise+distance_closure,incremental,IdleRange(P*),reduced,-,-,-,-,0.4 1,-
tic-12crafc.prec60,pairwise,distance_closure,pairwise+distance_closure,maxsat,IdleRange(P*),reduced,-,-,-,-,0.8 1,-
tic-12crafc.prec60,pairwise,distance_closure,pairwise+distance_closure,multiple,IdleRange(P*),reduced,-,-,-,-,0.9 1,-
tic-12crafc.prec60,sparse_suffix,direct,sparse_suffix+direct,incremental,IdleRange(P*),reduced,-,-,-,-,0.3 1,-
tic-12crafc.prec60,sparse_suffix,direct,sparse_suffix+direct,maxsat,IdleRange(P*),reduced,-,-,-,-,0.6 1,-
tic-12crafc.prec60,sparse_suffix,direct,sparse_suffix+direct,multiple,IdleRange(P*),reduced,-,-,-,-,0.7 1,-
tic-12crafc.prec60,sparse_suffix,distance_closure,sparse_suffix+distance_closure,incremental,IdleRange(P*),reduced,-,-,-,-,0.4 1,-
tic-12crafc.prec60,sparse_suffix,distance_closure,sparse_suffix+distance_closure,maxsat,IdleRange(P*),reduced,-,-,-,-,0.6 1,-
tic-12crafc.prec60,sparse_suffix,distance_closure,sparse_suffix+distance_closure,multiple,IdleRange(P*),reduced,-,-,-,-,1.1 1,-
tic-13.prec50,pairwise,direct,pairwise+direct,incremental,IdleRange(P*),full,-,-,-,-,2.0 1,-
tic-13.prec50,pairwise,direct,pairwise+direct,maxsat,IdleRange(P*),full,-,-,-,-,2.8 1,-
tic-13.prec50,pairwise,direct,pairwise+direct,multiple,IdleRange(P*),full,-,-,-,-,3.6 1,-
tic-13.prec50,pairwise,distance_closure,pairwise+distance_closure,incremental,IdleRange(P*),full,-,-,-,-,2.3 1,-
tic-13.prec50,pairwise,distance_closure,pairwise+distance_closure,maxsat,IdleRange(P*),full,-,-,-,-,3.7 1,-
tic-13.prec50,pairwise,distance_closure,pairwise+distance_closure,multiple,IdleRange(P*),full,-,-,-,-,3.1 1,-
tic-13.prec50,sparse_suffix,direct,sparse_suffix+direct,incremental,IdleRange(P*),full,-,-,-,-,2.3 1,-
tic-13.prec50,sparse_suffix,direct,sparse_suffix+direct,maxsat,IdleRange(P*),full,-,-,-,-,3.0 1,-
tic-13.prec50,sparse_suffix,direct,sparse_suffix+direct,multiple,IdleRange(P*),full,-,-,-,-,3.3 1,-
tic-13.prec50,sparse_suffix,distance_closure,sparse_suffix+distance_closure,incremental,IdleRange(P*),full,-,-,-,-,2.8 1,-
tic-13.prec50,sparse_suffix,distance_closure,sparse_suffix+distance_closure,maxsat,IdleRange(P*),full,-,-,-,-,2.6 1,-
tic-13.prec50,sparse_suffix,distance_closure,sparse_suffix+distance_closure,multiple,IdleRange(P*),full,-,-,-,-,3.4 1,-
tic-13.prec50,pairwise,direct,pairwise+direct,incremental,IdleRange(P*),reduced,-,-,-,-,2.8 1,-
tic-13.prec50,pairwise,direct,pairwise+direct,maxsat,IdleRange(P*),reduced,-,-,-,-,2.3 1,-
tic-13.prec50,pairwise,direct,pairwise+direct,multiple,IdleRange(P*),reduced,-,-,-,-,2.8 1,-
tic-13.prec50,pairwise,distance_closure,pairwise+distance_closure,incremental,IdleRange(P*),reduced,-,-,-,-,2.3 1,-
tic-13.prec50,pairwise,distance_closure,pairwise+distance_closure,maxsat,IdleRange(P*),reduced,-,-,-,-,2.2 1,-
tic-13.prec50,pairwise,distance_closure,pairwise+distance_closure,multiple,IdleRange(P*),reduced,-,-,-,-,3.1 1,-
tic-13.prec50,sparse_suffix,direct,sparse_suffix+direct,incremental,IdleRange(P*),reduced,-,-,-,-,2.0 1,-
tic-13.prec50,sparse_suffix,direct,sparse_suffix+direct,maxsat,IdleRange(P*),reduced,-,-,-,-,3.0 1,-
tic-13.prec50,sparse_suffix,direct,sparse_suffix+direct,multiple,IdleRange(P*),reduced,-,-,-,-,3.1 1,-
tic-13.prec50,sparse_suffix,distance_closure,sparse_suffix+distance_closure,incremental,IdleRange(P*),reduced,-,-,-,-,2.6 1,-
tic-13.prec50,sparse_suffix,distance_closure,sparse_suffix+distance_closure,maxsat,IdleRange(P*),reduced,-,-,-,-,3.6 1,-
tic-13.prec50,sparse_suffix,distance_closure,sparse_suffix+distance_closure,multiple,IdleRange(P*),reduced,-,-,-,-,3.3 1,-
tic-13.prec60,pairwise,direct,pairwise+direct,incremental,IdleRange(P*),full,-,-,-,-,1.2 1,-
tic-13.prec60,pairwise,direct,pairwise+direct,maxsat,IdleRange(P*),full,-,-,-,-,1.3 1,-
tic-13.prec60,pairwise,direct,pairwise+direct,multiple,IdleRange(P*),full,-,-,-,-,2.4 1,-
tic-13.prec60,pairwise,distance_closure,pairwise+distance_closure,incremental,IdleRange(P*),full,-,-,-,-,1.3 1,-
tic-13.prec60,pairwise,distance_closure,pairwise+distance_closure,maxsat,IdleRange(P*),full,-,-,-,-,1.9 1,-
tic-13.prec60,pairwise,distance_closure,pairwise+distance_closure,multiple,IdleRange(P*),full,-,-,-,-,2.5 1,-
tic-13.prec60,sparse_suffix,direct,sparse_suffix+direct,incremental,IdleRange(P*),full,-,-,-,-,1.4 1,-
tic-13.prec60,sparse_suffix,direct,sparse_suffix+direct,maxsat,IdleRange(P*),full,-,-,-,-,1.2 1,-
tic-13.prec60,sparse_suffix,direct,sparse_suffix+direct,multiple,IdleRange(P*),full,-,-,-,-,2.1 1,-
tic-13.prec60,sparse_suffix,distance_closure,sparse_suffix+distance_closure,incremental,IdleRange(P*),full,-,-,-,-,1.3 1,-
tic-13.prec60,sparse_suffix,distance_closure,sparse_suffix+distance_closure,maxsat,IdleRange(P*),full,-,-,-,-,1.4 1,-
tic-13.prec60,sparse_suffix,distance_closure,sparse_suffix+distance_closure,multiple,IdleRange(P*),full,-,-,-,-,1.8 1,-
tic-13.prec60,pairwise,direct,pairwise+direct,incremental,IdleRange(P*),reduced,-,-,-,-,1.7 1,-
tic-13.prec60,pairwise,direct,pairwise+direct,maxsat,IdleRange(P*),reduced,-,-,-,-,1.0 1,-
tic-13.prec60,pairwise,direct,pairwise+direct,multiple,IdleRange(P*),reduced,-,-,-,-,2.0 1,-
tic-13.prec60,pairwise,distance_closure,pairwise+distance_closure,incremental,IdleRange(P*),reduced,-,-,-,-,1.2 1,-
tic-13.prec60,pairwise,distance_closure,pairwise+distance_closure,maxsat,IdleRange(P*),reduced,-,-,-,-,1.4 1,-
tic-13.prec60,pairwise,distance_closure,pairwise+distance_closure,multiple,IdleRange(P*),reduced,-,-,-,-,1.8 1,-
tic-13.prec60,sparse_suffix,direct,sparse_suffix+direct,incremental,IdleRange(P*),reduced,-,-,-,-,1.3 1,-
tic-13.prec60,sparse_suffix,direct,sparse_suffix+direct,maxsat,IdleRange(P*),reduced,-,-,-,-,1.2 1,-
tic-13.prec60,sparse_suffix,direct,sparse_suffix+direct,multiple,IdleRange(P*),reduced,-,-,-,-,1.9 1,-
tic-13.prec60,sparse_suffix,distance_closure,sparse_suffix+distance_closure,incremental,IdleRange(P*),reduced,-,-,-,-,0.7 1,-
tic-13.prec60,sparse_suffix,distance_closure,sparse_suffix+distance_closure,maxsat,IdleRange(P*),reduced,-,-,-,-,1.5 1,-
tic-13.prec60,sparse_suffix,distance_closure,sparse_suffix+distance_closure,multiple,IdleRange(P*),reduced,-,-,-,-,1.3 1,-
tic-13crafb.prec50,pairwise,direct,pairwise+direct,incremental,IdleRange(P*),full,-,-,-,-,2.2 1,-
tic-13crafb.prec50,pairwise,direct,pairwise+direct,maxsat,IdleRange(P*),full,-,-,-,-,4.2 1,-
tic-13crafb.prec50,pairwise,direct,pairwise+direct,multiple,IdleRange(P*),full,-,-,-,-,3.5 1,-
tic-13crafb.prec50,pairwise,distance_closure,pairwise+distance_closure,incremental,IdleRange(P*),full,-,-,-,-,2.3 1,-
tic-13crafb.prec50,pairwise,distance_closure,pairwise+distance_closure,maxsat,IdleRange(P*),full,-,-,-,-,3.4 1,-
tic-13crafb.prec50,pairwise,distance_closure,pairwise+distance_closure,multiple,IdleRange(P*),full,-,-,-,-,3.3 1,-
tic-13crafb.prec50,sparse_suffix,direct,sparse_suffix+direct,incremental,IdleRange(P*),full,-,-,-,-,1.8 1,-
tic-13crafb.prec50,sparse_suffix,direct,sparse_suffix+direct,maxsat,IdleRange(P*),full,-,-,-,-,3.1 1,-
tic-13crafb.prec50,sparse_suffix,direct,sparse_suffix+direct,multiple,IdleRange(P*),full,-,-,-,-,3.3 1,-
tic-13crafb.prec50,sparse_suffix,distance_closure,sparse_suffix+distance_closure,incremental,IdleRange(P*),full,-,-,-,-,1.9 1,-
tic-13crafb.prec50,sparse_suffix,distance_closure,sparse_suffix+distance_closure,maxsat,IdleRange(P*),full,-,-,-,-,2.9 1,-
tic-13crafb.prec50,sparse_suffix,distance_closure,sparse_suffix+distance_closure,multiple,IdleRange(P*),full,-,-,-,-,3.9 1,-
tic-13crafb.prec50,pairwise,direct,pairwise+direct,incremental,IdleRange(P*),reduced,-,-,-,-,1.5 1,-
tic-13crafb.prec50,pairwise,direct,pairwise+direct,maxsat,IdleRange(P*),reduced,-,-,-,-,2.2 1,-
tic-13crafb.prec50,pairwise,direct,pairwise+direct,multiple,IdleRange(P*),reduced,-,-,-,-,2.9 1,-
tic-13crafb.prec50,pairwise,distance_closure,pairwise+distance_closure,incremental,IdleRange(P*),reduced,-,-,-,-,2.2 1,-
tic-13crafb.prec50,pairwise,distance_closure,pairwise+distance_closure,maxsat,IdleRange(P*),reduced,-,-,-,-,2.2 1,-
tic-13crafb.prec50,pairwise,distance_closure,pairwise+distance_closure,multiple,IdleRange(P*),reduced,-,-,-,-,3.6 1,-
tic-13crafb.prec50,sparse_suffix,direct,sparse_suffix+direct,incremental,IdleRange(P*),reduced,-,-,-,-,1.9 1,-
tic-13crafb.prec50,sparse_suffix,direct,sparse_suffix+direct,maxsat,IdleRange(P*),reduced,-,-,-,-,1.6 1,-
tic-13crafb.prec50,sparse_suffix,direct,sparse_suffix+direct,multiple,IdleRange(P*),reduced,-,-,-,-,3.4 1,-
tic-13crafb.prec50,sparse_suffix,distance_closure,sparse_suffix+distance_closure,incremental,IdleRange(P*),reduced,-,-,-,-,1.8 1,-
tic-13crafb.prec50,sparse_suffix,distance_closure,sparse_suffix+distance_closure,maxsat,IdleRange(P*),reduced,-,-,-,-,4.1 1,-
tic-13crafb.prec50,sparse_suffix,distance_closure,sparse_suffix+distance_closure,multiple,IdleRange(P*),reduced,-,-,-,-,3.0 1,-
tic-13crafb.prec60,pairwise,direct,pairwise+direct,incremental,IdleRange(P*),full,-,-,-,-,1.3 1,-
tic-13crafb.prec60,pairwise,direct,pairwise+direct,maxsat,IdleRange(P*),full,-,-,-,-,1.4 1,-
tic-13crafb.prec60,pairwise,direct,pairwise+direct,multiple,IdleRange(P*),full,-,-,-,-,2.0 1,-
tic-13crafb.prec60,pairwise,distance_closure,pairwise+distance_closure,incremental,IdleRange(P*),full,-,-,-,-,1.6 1,-
tic-13crafb.prec60,pairwise,distance_closure,pairwise+distance_closure,maxsat,IdleRange(P*),full,-,-,-,-,1.3 1,-
tic-13crafb.prec60,pairwise,distance_closure,pairwise+distance_closure,multiple,IdleRange(P*),full,-,-,-,-,2.1 1,-
tic-13crafb.prec60,sparse_suffix,direct,sparse_suffix+direct,incremental,IdleRange(P*),full,-,-,-,-,1.4 1,-
tic-13crafb.prec60,sparse_suffix,direct,sparse_suffix+direct,maxsat,IdleRange(P*),full,-,-,-,-,1.8 1,-
tic-13crafb.prec60,sparse_suffix,direct,sparse_suffix+direct,multiple,IdleRange(P*),full,-,-,-,-,2.5 1,-
tic-13crafb.prec60,sparse_suffix,distance_closure,sparse_suffix+distance_closure,incremental,IdleRange(P*),full,-,-,-,-,0.9 1,-
tic-13crafb.prec60,sparse_suffix,distance_closure,sparse_suffix+distance_closure,maxsat,IdleRange(P*),full,-,-,-,-,2.0 1,-
tic-13crafb.prec60,sparse_suffix,distance_closure,sparse_suffix+distance_closure,multiple,IdleRange(P*),full,-,-,-,-,1.9 1,-
tic-13crafb.prec60,pairwise,direct,pairwise+direct,incremental,IdleRange(P*),reduced,-,-,-,-,1.0 1,-
tic-13crafb.prec60,pairwise,direct,pairwise+direct,maxsat,IdleRange(P*),reduced,-,-,-,-,1.2 1,-
tic-13crafb.prec60,pairwise,direct,pairwise+direct,multiple,IdleRange(P*),reduced,-,-,-,-,1.9 1,-
tic-13crafb.prec60,pairwise,distance_closure,pairwise+distance_closure,incremental,IdleRange(P*),reduced,-,-,-,-,1.5 1,-
tic-13crafb.prec60,pairwise,distance_closure,pairwise+distance_closure,maxsat,IdleRange(P*),reduced,-,-,-,-,1.1 1,-
tic-13crafb.prec60,pairwise,distance_closure,pairwise+distance_closure,multiple,IdleRange(P*),reduced,-,-,-,-,1.4 1,-
tic-13crafb.prec60,sparse_suffix,direct,sparse_suffix+direct,incremental,IdleRange(P*),reduced,-,-,-,-,0.7 1,-
tic-13crafb.prec60,sparse_suffix,direct,sparse_suffix+direct,maxsat,IdleRange(P*),reduced,-,-,-,-,1.2 1,-
tic-13crafb.prec60,sparse_suffix,direct,sparse_suffix+direct,multiple,IdleRange(P*),reduced,-,-,-,-,1.5 1,-
tic-13crafb.prec60,sparse_suffix,distance_closure,sparse_suffix+distance_closure,incremental,IdleRange(P*),reduced,-,-,-,-,1.2 1,-
tic-13crafb.prec60,sparse_suffix,distance_closure,sparse_suffix+distance_closure,maxsat,IdleRange(P*),reduced,-,-,-,-,0.9 1,-
tic-13crafb.prec60,sparse_suffix,distance_closure,sparse_suffix+distance_closure,multiple,IdleRange(P*),reduced,-,-,-,-,1.5 1,-
tic-13crafc.prec50,pairwise,direct,pairwise+direct,incremental,IdleRange(P*),full,-,-,-,-,67.9 1,-
tic-13crafc.prec50,pairwise,direct,pairwise+direct,maxsat,IdleRange(P*),full,-,-,-,-,25.9 1,-
tic-13crafc.prec50,pairwise,direct,pairwise+direct,multiple,IdleRange(P*),full,-,-,-,-,27.3 1,-
tic-13crafc.prec50,pairwise,distance_closure,pairwise+distance_closure,incremental,IdleRange(P*),full,-,-,-,-,27.4 1,-
tic-13crafc.prec50,pairwise,distance_closure,pairwise+distance_closure,maxsat,IdleRange(P*),full,-,-,-,-,112.3 1,-
tic-13crafc.prec50,pairwise,distance_closure,pairwise+distance_closure,multiple,IdleRange(P*),full,-,-,-,-,45.2 1,-
tic-13crafc.prec50,sparse_suffix,direct,sparse_suffix+direct,incremental,IdleRange(P*),full,-,-,-,-,38.5 1,-
tic-13crafc.prec50,sparse_suffix,direct,sparse_suffix+direct,maxsat,IdleRange(P*),full,-,-,-,-,138.6 1,-
tic-13crafc.prec50,sparse_suffix,direct,sparse_suffix+direct,multiple,IdleRange(P*),full,-,-,-,-,156.5 1,-
tic-13crafc.prec50,sparse_suffix,distance_closure,sparse_suffix+distance_closure,incremental,IdleRange(P*),full,-,-,-,-,37.1 1,-
tic-13crafc.prec50,sparse_suffix,distance_closure,sparse_suffix+distance_closure,maxsat,IdleRange(P*),full,-,-,-,-,107.8 1,-
tic-13crafc.prec50,sparse_suffix,distance_closure,sparse_suffix+distance_closure,multiple,IdleRange(P*),full,-,-,-,-,128.1 1,-
tic-13crafc.prec50,pairwise,direct,pairwise+direct,incremental,IdleRange(P*),reduced,-,-,-,-,32.3 1,-
tic-13crafc.prec50,pairwise,direct,pairwise+direct,maxsat,IdleRange(P*),reduced,-,-,-,-,139.1 1,-
tic-13crafc.prec50,pairwise,direct,pairwise+direct,multiple,IdleRange(P*),reduced,-,-,-,-,48.8 1,-
tic-13crafc.prec50,pairwise,distance_closure,pairwise+distance_closure,incremental,IdleRange(P*),reduced,-,-,-,-,36.0 1,-
tic-13crafc.prec50,pairwise,distance_closure,pairwise+distance_closure,maxsat,IdleRange(P*),reduced,-,-,-,-,14.9 1,-
tic-13crafc.prec50,pairwise,distance_closure,pairwise+distance_closure,multiple,IdleRange(P*),reduced,-,-,-,-,147.9 1,-
tic-13crafc.prec50,sparse_suffix,direct,sparse_suffix+direct,incremental,IdleRange(P*),reduced,-,-,-,-,12.9 1,-
tic-13crafc.prec50,sparse_suffix,direct,sparse_suffix+direct,maxsat,IdleRange(P*),reduced,-,-,-,-,208.9 1,-
tic-13crafc.prec50,sparse_suffix,direct,sparse_suffix+direct,multiple,IdleRange(P*),reduced,-,-,-,-,44.8 1,-
tic-13crafc.prec50,sparse_suffix,distance_closure,sparse_suffix+distance_closure,incremental,IdleRange(P*),reduced,-,-,-,-,45.2 1,-
tic-13crafc.prec50,sparse_suffix,distance_closure,sparse_suffix+distance_closure,maxsat,IdleRange(P*),reduced,-,-,-,-,9.2 1,-
tic-13crafc.prec50,sparse_suffix,distance_closure,sparse_suffix+distance_closure,multiple,IdleRange(P*),reduced,-,-,-,-,38.5 1,-
tic-13crafc.prec60,pairwise,direct,pairwise+direct,incremental,IdleRange(P*),full,-,-,-,-,410.2 1,-
tic-13crafc.prec60,pairwise,direct,pairwise+direct,maxsat,IdleRange(P*),full,-,-,-,-,66.8 1,-
tic-13crafc.prec60,pairwise,direct,pairwise+direct,multiple,IdleRange(P*),full,-,-,-,-,204.9 1,-
tic-13crafc.prec60,pairwise,distance_closure,pairwise+distance_closure,incremental,IdleRange(P*),full,-,-,-,-,74.8 1,-
tic-13crafc.prec60,pairwise,distance_closure,pairwise+distance_closure,maxsat,IdleRange(P*),full,-,-,-,-,46.2 1,-
tic-13crafc.prec60,pairwise,distance_closure,pairwise+distance_closure,multiple,IdleRange(P*),full,-,-,-,-,100.6 1,-
tic-13crafc.prec60,sparse_suffix,direct,sparse_suffix+direct,incremental,IdleRange(P*),full,-,-,-,-,133.5 1,-
tic-13crafc.prec60,sparse_suffix,direct,sparse_suffix+direct,maxsat,IdleRange(P*),full,-,-,-,-,105.4 1,-
tic-13crafc.prec60,sparse_suffix,direct,sparse_suffix+direct,multiple,IdleRange(P*),full,-,-,-,-,48.8 1,-
tic-13crafc.prec60,sparse_suffix,distance_closure,sparse_suffix+distance_closure,incremental,IdleRange(P*),full,-,-,-,-,873.5 1,-
tic-13crafc.prec60,sparse_suffix,distance_closure,sparse_suffix+distance_closure,maxsat,IdleRange(P*),full,-,-,-,-,139.5 1,-
tic-13crafc.prec60,sparse_suffix,distance_closure,sparse_suffix+distance_closure,multiple,IdleRange(P*),full,-,-,-,-,902.0 1,-
tic-13crafc.prec60,pairwise,direct,pairwise+direct,incremental,IdleRange(P*),reduced,-,-,-,-,217.8 1,-
tic-13crafc.prec60,pairwise,direct,pairwise+direct,maxsat,IdleRange(P*),reduced,-,-,-,-,119.2 1,-
tic-13crafc.prec60,pairwise,direct,pairwise+direct,multiple,IdleRange(P*),reduced,-,-,-,-,294.3 1,-
tic-13crafc.prec60,pairwise,distance_closure,pairwise+distance_closure,incremental,IdleRange(P*),reduced,-,-,-,-,318.9 1,-
tic-13crafc.prec60,pairwise,distance_closure,pairwise+distance_closure,maxsat,IdleRange(P*),reduced,-,-,-,-,456.1 1,-
tic-13crafc.prec60,pairwise,distance_closure,pairwise+distance_closure,multiple,IdleRange(P*),reduced,-,-,-,-,364.7 1,-
tic-13crafc.prec60,sparse_suffix,direct,sparse_suffix+direct,incremental,IdleRange(P*),reduced,-,-,-,-,189.0 1,-
tic-13crafc.prec60,sparse_suffix,direct,sparse_suffix+direct,maxsat,IdleRange(P*),reduced,-,-,-,-,274.2 1,-
tic-13crafc.prec60,sparse_suffix,direct,sparse_suffix+direct,multiple,IdleRange(P*),reduced,-,-,-,-,29.3 1,-
tic-13crafc.prec60,sparse_suffix,distance_closure,sparse_suffix+distance_closure,incremental,IdleRange(P*),reduced,-,-,-,-,238.2 1,-
tic-13crafc.prec60,sparse_suffix,distance_closure,sparse_suffix+distance_closure,maxsat,IdleRange(P*),reduced,-,-,-,-,114.6 1,-
tic-13crafc.prec60,sparse_suffix,distance_closure,sparse_suffix+distance_closure,multiple,IdleRange(P*),reduced,-,-,-,-,182.0 1,-
tic-14crafa.prec50,pairwise,direct,pairwise+direct,incremental,IdleRange(P*),full,-,-,-,-,66.6 0,-
tic-14crafa.prec50,pairwise,direct,pairwise+direct,maxsat,IdleRange(P*),full,-,-,-,-,152.9 0,-
tic-14crafa.prec50,pairwise,direct,pairwise+direct,multiple,IdleRange(P*),full,-,-,-,-,51.4 0,-
tic-14crafa.prec50,pairwise,distance_closure,pairwise+distance_closure,incremental,IdleRange(P*),full,-,-,-,-,76.8 0,-
tic-14crafa.prec50,pairwise,distance_closure,pairwise+distance_closure,maxsat,IdleRange(P*),full,-,-,-,-,218.3 0,-
tic-14crafa.prec50,pairwise,distance_closure,pairwise+distance_closure,multiple,IdleRange(P*),full,-,-,-,-,154.7 0,-
tic-14crafa.prec50,sparse_suffix,direct,sparse_suffix+direct,incremental,IdleRange(P*),full,-,-,-,-,54.5 0,-
tic-14crafa.prec50,sparse_suffix,direct,sparse_suffix+direct,maxsat,IdleRange(P*),full,-,-,-,-,147.2 0,-
tic-14crafa.prec50,sparse_suffix,direct,sparse_suffix+direct,multiple,IdleRange(P*),full,-,-,-,-,126.4 0,-
tic-14crafa.prec50,sparse_suffix,distance_closure,sparse_suffix+distance_closure,incremental,IdleRange(P*),full,-,-,-,-,79.9 0,-
tic-14crafa.prec50,sparse_suffix,distance_closure,sparse_suffix+distance_closure,maxsat,IdleRange(P*),full,-,-,-,-,233.3 0,-
tic-14crafa.prec50,sparse_suffix,distance_closure,sparse_suffix+distance_closure,multiple,IdleRange(P*),full,-,-,-,-,31.5 0,-
tic-14crafa.prec50,pairwise,direct,pairwise+direct,incremental,IdleRange(P*),reduced,-,-,-,-,167.9 0,-
tic-14crafa.prec50,pairwise,direct,pairwise+direct,maxsat,IdleRange(P*),reduced,-,-,-,-,23.0 0,-
tic-14crafa.prec50,pairwise,direct,pairwise+direct,multiple,IdleRange(P*),reduced,-,-,-,-,57.5 0,-
tic-14crafa.prec50,pairwise,distance_closure,pairwise+distance_closure,incremental,IdleRange(P*),reduced,-,-,-,-,71.8 0,-
tic-14crafa.prec50,pairwise,distance_closure,pairwise+distance_closure,maxsat,IdleRange(P*),reduced,-,-,-,-,261.5 0,-
tic-14crafa.prec50,pairwise,distance_closure,pairwise+distance_closure,multiple,IdleRange(P*),reduced,-,-,-,-,61.5 0,-
tic-14crafa.prec50,sparse_suffix,direct,sparse_suffix+direct,incremental,IdleRange(P*),reduced,-,-,-,-,176.4 0,-
tic-14crafa.prec50,sparse_suffix,direct,sparse_suffix+direct,maxsat,IdleRange(P*),reduced,-,-,-,-,83.0 0,-
tic-14crafa.prec50,sparse_suffix,direct,sparse_suffix+direct,multiple,IdleRange(P*),reduced,-,-,-,-,58.7 0,-
tic-14crafa.prec50,sparse_suffix,distance_closure,sparse_suffix+distance_closure,incremental,IdleRange(P*),reduced,-,-,-,-,38.2 0,-
tic-14crafa.prec50,sparse_suffix,distance_closure,sparse_suffix+distance_closure,maxsat,IdleRange(P*),reduced,-,-,-,-,181.7 0,-
tic-14crafa.prec50,sparse_suffix,distance_closure,sparse_suffix+distance_closure,multiple,IdleRange(P*),reduced,-,-,-,-,124.1 0,-
tic-14crafa.prec60,pairwise,direct,pairwise+direct,incremental,IdleRange(P*),full,-,-,-,-,1.9 1,-
tic-14crafa.prec60,pairwise,direct,pairwise+direct,maxsat,IdleRange(P*),full,-,-,-,-,4.3 1,-
tic-14crafa.prec60,pairwise,direct,pairwise+direct,multiple,IdleRange(P*),full,-,-,-,-,2.8 1,-
tic-14crafa.prec60,pairwise,distance_closure,pairwise+distance_closure,incremental,IdleRange(P*),full,-,-,-,-,2.0 1,-
tic-14crafa.prec60,pairwise,distance_closure,pairwise+distance_closure,maxsat,IdleRange(P*),full,-,-,-,-,1.9 1,-
tic-14crafa.prec60,pairwise,distance_closure,pairwise+distance_closure,multiple,IdleRange(P*),full,-,-,-,-,3.1 1,-
tic-14crafa.prec60,sparse_suffix,direct,sparse_suffix+direct,incremental,IdleRange(P*),full,-,-,-,-,2.9 1,-
tic-14crafa.prec60,sparse_suffix,direct,sparse_suffix+direct,maxsat,IdleRange(P*),full,-,-,-,-,2.1 1,-
tic-14crafa.prec60,sparse_suffix,direct,sparse_suffix+direct,multiple,IdleRange(P*),full,-,-,-,-,2.5 1,-
tic-14crafa.prec60,sparse_suffix,distance_closure,sparse_suffix+distance_closure,incremental,IdleRange(P*),full,-,-,-,-,2.6 1,-
tic-14crafa.prec60,sparse_suffix,distance_closure,sparse_suffix+distance_closure,maxsat,IdleRange(P*),full,-,-,-,-,3.6 1,-
tic-14crafa.prec60,sparse_suffix,distance_closure,sparse_suffix+distance_closure,multiple,IdleRange(P*),full,-,-,-,-,3.0 1,-
tic-14crafa.prec60,pairwise,direct,pairwise+direct,incremental,IdleRange(P*),reduced,-,-,-,-,2.9 1,-
tic-14crafa.prec60,pairwise,direct,pairwise+direct,maxsat,IdleRange(P*),reduced,-,-,-,-,3.0 1,-
tic-14crafa.prec60,pairwise,direct,pairwise+direct,multiple,IdleRange(P*),reduced,-,-,-,-,2.6 1,-
tic-14crafa.prec60,pairwise,distance_closure,pairwise+distance_closure,incremental,IdleRange(P*),reduced,-,-,-,-,1.9 1,-
tic-14crafa.prec60,pairwise,distance_closure,pairwise+distance_closure,maxsat,IdleRange(P*),reduced,-,-,-,-,1.9 1,-
tic-14crafa.prec60,pairwise,distance_closure,pairwise+distance_closure,multiple,IdleRange(P*),reduced,-,-,-,-,2.8 1,-
tic-14crafa.prec60,sparse_suffix,direct,sparse_suffix+direct,incremental,IdleRange(P*),reduced,-,-,-,-,2.0 1,-
tic-14crafa.prec60,sparse_suffix,direct,sparse_suffix+direct,maxsat,IdleRange(P*),reduced,-,-,-,-,2.7 1,-
tic-14crafa.prec60,sparse_suffix,direct,sparse_suffix+direct,multiple,IdleRange(P*),reduced,-,-,-,-,2.5 1,-
tic-14crafa.prec60,sparse_suffix,distance_closure,sparse_suffix+distance_closure,incremental,IdleRange(P*),reduced,-,-,-,-,2.5 1,-
tic-14crafa.prec60,sparse_suffix,distance_closure,sparse_suffix+distance_closure,maxsat,IdleRange(P*),reduced,-,-,-,-,2.5 1,-
tic-14crafa.prec60,sparse_suffix,distance_closure,sparse_suffix+distance_closure,multiple,IdleRange(P*),reduced,-,-,-,-,2.5 1,-
tic-14crafc.prec50,pairwise,direct,pairwise+direct,incremental,IdleRange(P*),full,-,-,-,-,54.0 1,-
tic-14crafc.prec50,pairwise,direct,pairwise+direct,maxsat,IdleRange(P*),full,-,-,-,-,41.4 1,-
tic-14crafc.prec50,pairwise,direct,pairwise+direct,multiple,IdleRange(P*),full,-,-,-,-,35.6 1,-
tic-14crafc.prec50,pairwise,distance_closure,pairwise+distance_closure,incremental,IdleRange(P*),full,-,-,-,-,6.7 1,-
tic-14crafc.prec50,pairwise,distance_closure,pairwise+distance_closure,maxsat,IdleRange(P*),full,-,-,-,-,95.3 1,-
tic-14crafc.prec50,pairwise,distance_closure,pairwise+distance_closure,multiple,IdleRange(P*),full,-,-,-,-,45.8 1,-
tic-14crafc.prec50,sparse_suffix,direct,sparse_suffix+direct,incremental,IdleRange(P*),full,-,-,-,-,11.5 1,-
tic-14crafc.prec50,sparse_suffix,direct,sparse_suffix+direct,maxsat,IdleRange(P*),full,-,-,-,-,33.7 1,-
tic-14crafc.prec50,sparse_suffix,direct,sparse_suffix+direct,multiple,IdleRange(P*),full,-,-,-,-,7.9 1,-
tic-14crafc.prec50,sparse_suffix,distance_closure,sparse_suffix+distance_closure,incremental,IdleRange(P*),full,-,-,-,-,8.9 1,-
tic-14crafc.prec50,sparse_suffix,distance_closure,sparse_suffix+distance_closure,maxsat,IdleRange(P*),full,-,-,-,-,145.5 1,-
tic-14crafc.prec50,sparse_suffix,distance_closure,sparse_suffix+distance_closure,multiple,IdleRange(P*),full,-,-,-,-,28.6 1,-
tic-14crafc.prec50,pairwise,direct,pairwise+direct,incremental,IdleRange(P*),reduced,-,-,-,-,10.7 1,-
tic-14crafc.prec50,pairwise,direct,pairwise+direct,maxsat,IdleRange(P*),reduced,-,-,-,-,30.2 1,-
tic-14crafc.prec50,pairwise,direct,pairwise+direct,multiple,IdleRange(P*),reduced,-,-,-,-,30.1 1,-
tic-14crafc.prec50,pairwise,distance_closure,pairwise+distance_closure,incremental,IdleRange(P*),reduced,-,-,-,-,13.0 1,-
tic-14crafc.prec50,pairwise,distance_closure,pairwise+distance_closure,maxsat,IdleRange(P*),reduced,-,-,-,-,8.2 1,-
tic-14crafc.prec50,pairwise,distance_closure,pairwise+distance_closure,multiple,IdleRange(P*),reduced,-,-,-,-,11.8 1,-
tic-14crafc.prec50,sparse_suffix,direct,sparse_suffix+direct,incremental,IdleRange(P*),reduced,-,-,-,-,15.5 1,-
tic-14crafc.prec50,sparse_suffix,direct,sparse_suffix+direct,maxsat,IdleRange(P*),reduced,-,-,-,-,13.0 1,-
tic-14crafc.prec50,sparse_suffix,direct,sparse_suffix+direct,multiple,IdleRange(P*),reduced,-,-,-,-,32.1 1,-
tic-14crafc.prec50,sparse_suffix,distance_closure,sparse_suffix+distance_closure,incremental,IdleRange(P*),reduced,-,-,-,-,37.4 1,-
tic-14crafc.prec50,sparse_suffix,distance_closure,sparse_suffix+distance_closure,maxsat,IdleRange(P*),reduced,-,-,-,-,23.3 1,-
tic-14crafc.prec50,sparse_suffix,distance_closure,sparse_suffix+distance_closure,multiple,IdleRange(P*),reduced,-,-,-,-,38.1 1,-
tic-14crafc.prec60,pairwise,direct,pairwise+direct,incremental,IdleRange(P*),full,-,-,-,-,104.9 1,-
tic-14crafc.prec60,pairwise,direct,pairwise+direct,maxsat,IdleRange(P*),full,-,-,-,-,61.2 1,-
tic-14crafc.prec60,pairwise,direct,pairwise+direct,multiple,IdleRange(P*),full,-,-,-,-,91.9 1,-
tic-14crafc.prec60,pairwise,distance_closure,pairwise+distance_closure,incremental,IdleRange(P*),full,-,-,-,-,153.7 1,-
tic-14crafc.prec60,pairwise,distance_closure,pairwise+distance_closure,maxsat,IdleRange(P*),full,-,-,-,-,30.0 1,-
tic-14crafc.prec60,pairwise,distance_closure,pairwise+distance_closure,multiple,IdleRange(P*),full,-,-,-,-,41.8 1,-
tic-14crafc.prec60,sparse_suffix,direct,sparse_suffix+direct,incremental,IdleRange(P*),full,-,-,-,-,165.4 1,-
tic-14crafc.prec60,sparse_suffix,direct,sparse_suffix+direct,maxsat,IdleRange(P*),full,-,-,-,-,113.7 1,-
tic-14crafc.prec60,sparse_suffix,direct,sparse_suffix+direct,multiple,IdleRange(P*),full,-,-,-,-,139.7 1,-
tic-14crafc.prec60,sparse_suffix,distance_closure,sparse_suffix+distance_closure,incremental,IdleRange(P*),full,-,-,-,-,129.6 1,-
tic-14crafc.prec60,sparse_suffix,distance_closure,sparse_suffix+distance_closure,maxsat,IdleRange(P*),full,-,-,-,-,87.8 1,-
tic-14crafc.prec60,sparse_suffix,distance_closure,sparse_suffix+distance_closure,multiple,IdleRange(P*),full,-,-,-,-,110.1 1,-
tic-14crafc.prec60,pairwise,direct,pairwise+direct,incremental,IdleRange(P*),reduced,-,-,-,-,35.6 1,-
tic-14crafc.prec60,pairwise,direct,pairwise+direct,maxsat,IdleRange(P*),reduced,-,-,-,-,28.1 1,-
tic-14crafc.prec60,pairwise,direct,pairwise+direct,multiple,IdleRange(P*),reduced,-,-,-,-,116.1 1,-
tic-14crafc.prec60,pairwise,distance_closure,pairwise+distance_closure,incremental,IdleRange(P*),reduced,-,-,-,-,16.1 1,-
tic-14crafc.prec60,pairwise,distance_closure,pairwise+distance_closure,maxsat,IdleRange(P*),reduced,-,-,-,-,41.3 1,-
tic-14crafc.prec60,pairwise,distance_closure,pairwise+distance_closure,multiple,IdleRange(P*),reduced,-,-,-,-,70.1 1,-
tic-14crafc.prec60,sparse_suffix,direct,sparse_suffix+direct,incremental,IdleRange(P*),reduced,-,-,-,-,38.1 1,-
tic-14crafc.prec60,sparse_suffix,direct,sparse_suffix+direct,maxsat,IdleRange(P*),reduced,-,-,-,-,49.4 1,-
tic-14crafc.prec60,sparse_suffix,direct,sparse_suffix+direct,multiple,IdleRange(P*),reduced,-,-,-,-,39.6 1,-
tic-14crafc.prec60,sparse_suffix,distance_closure,sparse_suffix+distance_closure,incremental,IdleRange(P*),reduced,-,-,-,-,42.1 1,-
tic-14crafc.prec60,sparse_suffix,distance_closure,sparse_suffix+distance_closure,maxsat,IdleRange(P*),reduced,-,-,-,-,63.1 1,-
tic-14crafc.prec60,sparse_suffix,distance_closure,sparse_suffix+distance_closure,multiple,IdleRange(P*),reduced,-,-,-,-,86.2 1,-
tic-14crafd.prec50,pairwise,direct,pairwise+direct,incremental,IdleRange(P*),full,-,-,-,-,28.1 1,-
tic-14crafd.prec50,pairwise,direct,pairwise+direct,maxsat,IdleRange(P*),full,-,-,-,-,11.6 1,-
tic-14crafd.prec50,pairwise,direct,pairwise+direct,multiple,IdleRange(P*),full,-,-,-,-,25.8 1,-
tic-14crafd.prec50,pairwise,distance_closure,pairwise+distance_closure,incremental,IdleRange(P*),full,-,-,-,-,9.5 1,-
tic-14crafd.prec50,pairwise,distance_closure,pairwise+distance_closure,maxsat,IdleRange(P*),full,-,-,-,-,13.0 1,-
tic-14crafd.prec50,pairwise,distance_closure,pairwise+distance_closure,multiple,IdleRange(P*),full,-,-,-,-,32.5 1,-
tic-14crafd.prec50,sparse_suffix,direct,sparse_suffix+direct,incremental,IdleRange(P*),full,-,-,-,-,7.4 1,-
tic-14crafd.prec50,sparse_suffix,direct,sparse_suffix+direct,maxsat,IdleRange(P*),full,-,-,-,-,19.7 1,-
tic-14crafd.prec50,sparse_suffix,direct,sparse_suffix+direct,multiple,IdleRange(P*),full,-,-,-,-,24.5 1,-
tic-14crafd.prec50,sparse_suffix,distance_closure,sparse_suffix+distance_closure,incremental,IdleRange(P*),full,-,-,-,-,9.4 1,-
tic-14crafd.prec50,sparse_suffix,distance_closure,sparse_suffix+distance_closure,maxsat,IdleRange(P*),full,-,-,-,-,8.8 1,-
tic-14crafd.prec50,sparse_suffix,distance_closure,sparse_suffix+distance_closure,multiple,IdleRange(P*),full,-,-,-,-,25.4 1,-
tic-14crafd.prec50,pairwise,direct,pairwise+direct,incremental,IdleRange(P*),reduced,-,-,-,-,12.6 1,-
tic-14crafd.prec50,pairwise,direct,pairwise+direct,maxsat,IdleRange(P*),reduced,-,-,-,-,19.3 1,-
tic-14crafd.prec50,pairwise,direct,pairwise+direct,multiple,IdleRange(P*),reduced,-,-,-,-,22.4 1,-
tic-14crafd.prec50,pairwise,distance_closure,pairwise+distance_closure,incremental,IdleRange(P*),reduced,-,-,-,-,7.8 1,-
tic-14crafd.prec50,pairwise,distance_closure,pairwise+distance_closure,maxsat,IdleRange(P*),reduced,-,-,-,-,19.9 1,-
tic-14crafd.prec50,pairwise,distance_closure,pairwise+distance_closure,multiple,IdleRange(P*),reduced,-,-,-,-,25.9 1,-
tic-14crafd.prec50,sparse_suffix,direct,sparse_suffix+direct,incremental,IdleRange(P*),reduced,-,-,-,-,11.4 1,-
tic-14crafd.prec50,sparse_suffix,direct,sparse_suffix+direct,maxsat,IdleRange(P*),reduced,-,-,-,-,17.8 1,-
tic-14crafd.prec50,sparse_suffix,direct,sparse_suffix+direct,multiple,IdleRange(P*),reduced,-,-,-,-,25.8 1,-
tic-14crafd.prec50,sparse_suffix,distance_closure,sparse_suffix+distance_closure,incremental,IdleRange(P*),reduced,-,-,-,-,11.6 1,-
tic-14crafd.prec50,sparse_suffix,distance_closure,sparse_suffix+distance_closure,maxsat,IdleRange(P*),reduced,-,-,-,-,11.4 1,-
tic-14crafd.prec50,sparse_suffix,distance_closure,sparse_suffix+distance_closure,multiple,IdleRange(P*),reduced,-,-,-,-,7.5 1,-
tic-14crafd.prec60,pairwise,direct,pairwise+direct,incremental,IdleRange(P*),full,-,-,-,-,1.2 2,-
tic-14crafd.prec60,pairwise,direct,pairwise+direct,maxsat,IdleRange(P*),full,-,-,-,-,2.1 2,-
tic-14crafd.prec60,pairwise,direct,pairwise+direct,multiple,IdleRange(P*),full,-,-,-,-,2.1 2,-
tic-14crafd.prec60,pairwise,distance_closure,pairwise+distance_closure,incremental,IdleRange(P*),full,-,-,-,-,1.3 2,-
tic-14crafd.prec60,pairwise,distance_closure,pairwise+distance_closure,maxsat,IdleRange(P*),full,-,-,-,-,2.0 2,-
tic-14crafd.prec60,pairwise,distance_closure,pairwise+distance_closure,multiple,IdleRange(P*),full,-,-,-,-,2.3 2,-
tic-14crafd.prec60,sparse_suffix,direct,sparse_suffix+direct,incremental,IdleRange(P*),full,-,-,-,-,1.0 2,-
tic-14crafd.prec60,sparse_suffix,direct,sparse_suffix+direct,maxsat,IdleRange(P*),full,-,-,-,-,1.7 2,-
tic-14crafd.prec60,sparse_suffix,direct,sparse_suffix+direct,multiple,IdleRange(P*),full,-,-,-,-,1.6 2,-
tic-14crafd.prec60,sparse_suffix,distance_closure,sparse_suffix+distance_closure,incremental,IdleRange(P*),full,-,-,-,-,1.2 2,-
tic-14crafd.prec60,sparse_suffix,distance_closure,sparse_suffix+distance_closure,maxsat,IdleRange(P*),full,-,-,-,-,1.8 2,-
tic-14crafd.prec60,sparse_suffix,distance_closure,sparse_suffix+distance_closure,multiple,IdleRange(P*),full,-,-,-,-,2.2 2,-
tic-14crafd.prec60,pairwise,direct,pairwise+direct,incremental,IdleRange(P*),reduced,-,-,-,-,0.8 2,-
tic-14crafd.prec60,pairwise,direct,pairwise+direct,maxsat,IdleRange(P*),reduced,-,-,-,-,1.3 2,-
tic-14crafd.prec60,pairwise,direct,pairwise+direct,multiple,IdleRange(P*),reduced,-,-,-,-,1.4 2,-
tic-14crafd.prec60,pairwise,distance_closure,pairwise+distance_closure,incremental,IdleRange(P*),reduced,-,-,-,-,1.0 2,-
tic-14crafd.prec60,pairwise,distance_closure,pairwise+distance_closure,maxsat,IdleRange(P*),reduced,-,-,-,-,1.1 2,-
tic-14crafd.prec60,pairwise,distance_closure,pairwise+distance_closure,multiple,IdleRange(P*),reduced,-,-,-,-,1.6 2,-
tic-14crafd.prec60,sparse_suffix,direct,sparse_suffix+direct,incremental,IdleRange(P*),reduced,-,-,-,-,0.8 2,-
tic-14crafd.prec60,sparse_suffix,direct,sparse_suffix+direct,maxsat,IdleRange(P*),reduced,-,-,-,-,1.4 2,-
tic-14crafd.prec60,sparse_suffix,direct,sparse_suffix+direct,multiple,IdleRange(P*),reduced,-,-,-,-,1.5 2,-
tic-14crafd.prec60,sparse_suffix,distance_closure,sparse_suffix+distance_closure,incremental,IdleRange(P*),reduced,-,-,-,-,1.2 2,-
tic-14crafd.prec60,sparse_suffix,distance_closure,sparse_suffix+distance_closure,maxsat,IdleRange(P*),reduced,-,-,-,-,1.3 2,-
tic-14crafd.prec60,sparse_suffix,distance_closure,sparse_suffix+distance_closure,multiple,IdleRange(P*),reduced,-,-,-,-,1.7 2,-
ticf-13crafa.prec50,pairwise,direct,pairwise+direct,incremental,IdleRange(P*),full,-,-,-,-,2.3 4,-
ticf-13crafa.prec50,pairwise,direct,pairwise+direct,maxsat,IdleRange(P*),full,-,-,-,-,3.0 4,-
ticf-13crafa.prec50,pairwise,direct,pairwise+direct,multiple,IdleRange(P*),full,-,-,-,-,6.4 4,-
ticf-13crafa.prec50,pairwise,distance_closure,pairwise+distance_closure,incremental,IdleRange(P*),full,-,-,-,-,3.9 4,-
ticf-13crafa.prec50,pairwise,distance_closure,pairwise+distance_closure,maxsat,IdleRange(P*),full,-,-,-,-,4.0 4,-
ticf-13crafa.prec50,pairwise,distance_closure,pairwise+distance_closure,multiple,IdleRange(P*),full,-,-,-,-,6.8 4,-
ticf-13crafa.prec50,sparse_suffix,direct,sparse_suffix+direct,incremental,IdleRange(P*),full,-,-,-,-,2.8 4,-
ticf-13crafa.prec50,sparse_suffix,direct,sparse_suffix+direct,maxsat,IdleRange(P*),full,-,-,-,-,3.0 4,-
ticf-13crafa.prec50,sparse_suffix,direct,sparse_suffix+direct,multiple,IdleRange(P*),full,-,-,-,-,7.2 4,-
ticf-13crafa.prec50,sparse_suffix,distance_closure,sparse_suffix+distance_closure,incremental,IdleRange(P*),full,-,-,-,-,2.4 4,-
ticf-13crafa.prec50,sparse_suffix,distance_closure,sparse_suffix+distance_closure,maxsat,IdleRange(P*),full,-,-,-,-,3.4 4,-
ticf-13crafa.prec50,sparse_suffix,distance_closure,sparse_suffix+distance_closure,multiple,IdleRange(P*),full,-,-,-,-,5.7 4,-
ticf-13crafa.prec50,pairwise,direct,pairwise+direct,incremental,IdleRange(P*),reduced,-,-,-,-,2.9 4,-
ticf-13crafa.prec50,pairwise,direct,pairwise+direct,maxsat,IdleRange(P*),reduced,-,-,-,-,1.9 4,-
ticf-13crafa.prec50,pairwise,direct,pairwise+direct,multiple,IdleRange(P*),reduced,-,-,-,-,5.2 4,-
ticf-13crafa.prec50,pairwise,distance_closure,pairwise+distance_closure,incremental,IdleRange(P*),reduced,-,-,-,-,3.2 4,-
ticf-13crafa.prec50,pairwise,distance_closure,pairwise+distance_closure,maxsat,IdleRange(P*),reduced,-,-,-,-,2.1 4,-
ticf-13crafa.prec50,pairwise,distance_closure,pairwise+distance_closure,multiple,IdleRange(P*),reduced,-,-,-,-,5.6 4,-
ticf-13crafa.prec50,sparse_suffix,direct,sparse_suffix+direct,incremental,IdleRange(P*),reduced,-,-,-,-,1.9 4,-
ticf-13crafa.prec50,sparse_suffix,direct,sparse_suffix+direct,maxsat,IdleRange(P*),reduced,-,-,-,-,2.8 4,-
ticf-13crafa.prec50,sparse_suffix,direct,sparse_suffix+direct,multiple,IdleRange(P*),reduced,-,-,-,-,5.9 4,-
ticf-13crafa.prec50,sparse_suffix,distance_closure,sparse_suffix+distance_closure,incremental,IdleRange(P*),reduced,-,-,-,-,2.4 4,-
ticf-13crafa.prec50,sparse_suffix,distance_closure,sparse_suffix+distance_closure,maxsat,IdleRange(P*),reduced,-,-,-,-,1.9 4,-
ticf-13crafa.prec50,sparse_suffix,distance_closure,sparse_suffix+distance_closure,multiple,IdleRange(P*),reduced,-,-,-,-,7.3 4,-
ticf-13crafa.prec60,pairwise,direct,pairwise+direct,incremental,IdleRange(P*),full,-,-,-,-,2.9 4,-
ticf-13crafa.prec60,pairwise,direct,pairwise+direct,maxsat,IdleRange(P*),full,-,-,-,-,2.7 4,-
ticf-13crafa.prec60,pairwise,direct,pairwise+direct,multiple,IdleRange(P*),full,-,-,-,-,7.2 4,-
ticf-13crafa.prec60,pairwise,distance_closure,pairwise+distance_closure,incremental,IdleRange(P*),full,-,-,-,-,2.4 4,-
ticf-13crafa.prec60,pairwise,distance_closure,pairwise+distance_closure,maxsat,IdleRange(P*),full,-,-,-,-,2.6 4,-
ticf-13crafa.prec60,pairwise,distance_closure,pairwise+distance_closure,multiple,IdleRange(P*),full,-,-,-,-,4.2 4,-
ticf-13crafa.prec60,sparse_suffix,direct,sparse_suffix+direct,incremental,IdleRange(P*),full,-,-,-,-,2.4 4,-
ticf-13crafa.prec60,sparse_suffix,direct,sparse_suffix+direct,maxsat,IdleRange(P*),full,-,-,-,-,2.7 4,-
ticf-13crafa.prec60,sparse_suffix,direct,sparse_suffix+direct,multiple,IdleRange(P*),full,-,-,-,-,4.3 4,-
ticf-13crafa.prec60,sparse_suffix,distance_closure,sparse_suffix+distance_closure,incremental,IdleRange(P*),full,-,-,-,-,2.2 4,-
ticf-13crafa.prec60,sparse_suffix,distance_closure,sparse_suffix+distance_closure,maxsat,IdleRange(P*),full,-,-,-,-,2.2 4,-
ticf-13crafa.prec60,sparse_suffix,distance_closure,sparse_suffix+distance_closure,multiple,IdleRange(P*),full,-,-,-,-,5.0 4,-
ticf-13crafa.prec60,pairwise,direct,pairwise+direct,incremental,IdleRange(P*),reduced,-,-,-,-,2.3 4,-
ticf-13crafa.prec60,pairwise,direct,pairwise+direct,maxsat,IdleRange(P*),reduced,-,-,-,-,1.8 4,-
ticf-13crafa.prec60,pairwise,direct,pairwise+direct,multiple,IdleRange(P*),reduced,-,-,-,-,4.9 4,-
ticf-13crafa.prec60,pairwise,distance_closure,pairwise+distance_closure,incremental,IdleRange(P*),reduced,-,-,-,-,2.7 4,-
ticf-13crafa.prec60,pairwise,distance_closure,pairwise+distance_closure,maxsat,IdleRange(P*),reduced,-,-,-,-,1.8 4,-
ticf-13crafa.prec60,pairwise,distance_closure,pairwise+distance_closure,multiple,IdleRange(P*),reduced,-,-,-,-,3.8 4,-
ticf-13crafa.prec60,sparse_suffix,direct,sparse_suffix+direct,incremental,IdleRange(P*),reduced,-,-,-,-,2.1 4,-
ticf-13crafa.prec60,sparse_suffix,direct,sparse_suffix+direct,maxsat,IdleRange(P*),reduced,-,-,-,-,2.0 4,-
ticf-13crafa.prec60,sparse_suffix,direct,sparse_suffix+direct,multiple,IdleRange(P*),reduced,-,-,-,-,4.1 4,-
ticf-13crafa.prec60,sparse_suffix,distance_closure,sparse_suffix+distance_closure,incremental,IdleRange(P*),reduced,-,-,-,-,2.1 4,-
ticf-13crafa.prec60,sparse_suffix,distance_closure,sparse_suffix+distance_closure,maxsat,IdleRange(P*),reduced,-,-,-,-,2.5 4,-
ticf-13crafa.prec60,sparse_suffix,distance_closure,sparse_suffix+distance_closure,multiple,IdleRange(P*),reduced,-,-,-,-,3.5 4,-
ticf-13crafb.prec50,pairwise,direct,pairwise+direct,incremental,IdleRange(P*),full,-,-,-,-,7.9 5,-
ticf-13crafb.prec50,pairwise,direct,pairwise+direct,maxsat,IdleRange(P*),full,-,-,-,-,9.6 5,-
ticf-13crafb.prec50,pairwise,direct,pairwise+direct,multiple,IdleRange(P*),full,-,-,-,-,28.9 5,-
ticf-13crafb.prec50,pairwise,distance_closure,pairwise+distance_closure,incremental,IdleRange(P*),full,-,-,-,-,9.1 5,-
ticf-13crafb.prec50,pairwise,distance_closure,pairwise+distance_closure,maxsat,IdleRange(P*),full,-,-,-,-,6.9 5,-
ticf-13crafb.prec50,pairwise,distance_closure,pairwise+distance_closure,multiple,IdleRange(P*),full,-,-,-,-,19.1 5,-
ticf-13crafb.prec50,sparse_suffix,direct,sparse_suffix+direct,incremental,IdleRange(P*),full,-,-,-,-,8.3 5,-
ticf-13crafb.prec50,sparse_suffix,direct,sparse_suffix+direct,maxsat,IdleRange(P*),full,-,-,-,-,7.5 5,-
ticf-13crafb.prec50,sparse_suffix,direct,sparse_suffix+direct,multiple,IdleRange(P*),full,-,-,-,-,17.2 5,-
ticf-13crafb.prec50,sparse_suffix,distance_closure,sparse_suffix+distance_closure,incremental,IdleRange(P*),full,-,-,-,-,9.2 5,-
ticf-13crafb.prec50,sparse_suffix,distance_closure,sparse_suffix+distance_closure,maxsat,IdleRange(P*),full,-,-,-,-,12.6 5,-
ticf-13crafb.prec50,sparse_suffix,distance_closure,sparse_suffix+distance_closure,multiple,IdleRange(P*),full,-,-,-,-,12.5 5,-
ticf-13crafb.prec50,pairwise,direct,pairwise+direct,incremental,IdleRange(P*),reduced,-,-,-,-,12.8 5,-
ticf-13crafb.prec50,pairwise,direct,pairwise+direct,maxsat,IdleRange(P*),reduced,-,-,-,-,11.6 5,-
ticf-13crafb.prec50,pairwise,direct,pairwise+direct,multiple,IdleRange(P*),reduced,-,-,-,-,14.0 5,-
ticf-13crafb.prec50,pairwise,distance_closure,pairwise+distance_closure,incremental,IdleRange(P*),reduced,-,-,-,-,13.0 5,-
ticf-13crafb.prec50,pairwise,distance_closure,pairwise+distance_closure,maxsat,IdleRange(P*),reduced,-,-,-,-,13.9 5,-
ticf-13crafb.prec50,pairwise,distance_closure,pairwise+distance_closure,multiple,IdleRange(P*),reduced,-,-,-,-,27.6 5,-
ticf-13crafb.prec50,sparse_suffix,direct,sparse_suffix+direct,incremental,IdleRange(P*),reduced,-,-,-,-,6.3 5,-
ticf-13crafb.prec50,sparse_suffix,direct,sparse_suffix+direct,maxsat,IdleRange(P*),reduced,-,-,-,-,18.3 5,-
ticf-13crafb.prec50,sparse_suffix,direct,sparse_suffix+direct,multiple,IdleRange(P*),reduced,-,-,-,-,15.0 5,-
ticf-13crafb.prec50,sparse_suffix,distance_closure,sparse_suffix+distance_closure,incremental,IdleRange(P*),reduced,-,-,-,-,9.5 5,-
ticf-13crafb.prec50,sparse_suffix,distance_closure,sparse_suffix+distance_closure,maxsat,IdleRange(P*),reduced,-,-,-,-,18.0 5,-
ticf-13crafb.prec50,sparse_suffix,distance_closure,sparse_suffix+distance_closure,multiple,IdleRange(P*),reduced,-,-,-,-,23.6 5,-
ticf-13crafb.prec60,pairwise,direct,pairwise+direct,incremental,IdleRange(P*),full,-,-,-,-,10.5 5,-
ticf-13crafb.prec60,pairwise,direct,pairwise+direct,maxsat,IdleRange(P*),full,-,-,-,-,8.8 5,-
ticf-13crafb.prec60,pairwise,direct,pairwise+direct,multiple,IdleRange(P*),full,-,-,-,-,14.1 5,-
ticf-13crafb.prec60,pairwise,distance_closure,pairwise+distance_closure,incremental,IdleRange(P*),full,-,-,-,-,6.7 5,-
ticf-13crafb.prec60,pairwise,distance_closure,pairwise+distance_closure,maxsat,IdleRange(P*),full,-,-,-,-,6.1 5,-
ticf-13crafb.prec60,pairwise,distance_closure,pairwise+distance_closure,multiple,IdleRange(P*),full,-,-,-,-,13.5 5,-
ticf-13crafb.prec60,sparse_suffix,direct,sparse_suffix+direct,incremental,IdleRange(P*),full,-,-,-,-,5.3 5,-
ticf-13crafb.prec60,sparse_suffix,direct,sparse_suffix+direct,maxsat,IdleRange(P*),full,-,-,-,-,9.7 5,-
ticf-13crafb.prec60,sparse_suffix,direct,sparse_suffix+direct,multiple,IdleRange(P*),full,-,-,-,-,10.8 5,-
ticf-13crafb.prec60,sparse_suffix,distance_closure,sparse_suffix+distance_closure,incremental,IdleRange(P*),full,-,-,-,-,5.3 5,-
ticf-13crafb.prec60,sparse_suffix,distance_closure,sparse_suffix+distance_closure,maxsat,IdleRange(P*),full,-,-,-,-,3.5 5,-
ticf-13crafb.prec60,sparse_suffix,distance_closure,sparse_suffix+distance_closure,multiple,IdleRange(P*),full,-,-,-,-,15.2 5,-
ticf-13crafb.prec60,pairwise,direct,pairwise+direct,incremental,IdleRange(P*),reduced,-,-,-,-,11.1 5,-
ticf-13crafb.prec60,pairwise,direct,pairwise+direct,maxsat,IdleRange(P*),reduced,-,-,-,-,11.3 5,-
ticf-13crafb.prec60,pairwise,direct,pairwise+direct,multiple,IdleRange(P*),reduced,-,-,-,-,18.2 5,-
ticf-13crafb.prec60,pairwise,distance_closure,pairwise+distance_closure,incremental,IdleRange(P*),reduced,-,-,-,-,11.8 5,-
ticf-13crafb.prec60,pairwise,distance_closure,pairwise+distance_closure,maxsat,IdleRange(P*),reduced,-,-,-,-,15.4 5,-
ticf-13crafb.prec60,pairwise,distance_closure,pairwise+distance_closure,multiple,IdleRange(P*),reduced,-,-,-,-,16.9 5,-
ticf-13crafb.prec60,sparse_suffix,direct,sparse_suffix+direct,incremental,IdleRange(P*),reduced,-,-,-,-,7.7 5,-
ticf-13crafb.prec60,sparse_suffix,direct,sparse_suffix+direct,maxsat,IdleRange(P*),reduced,-,-,-,-,12.4 5,-
ticf-13crafb.prec60,sparse_suffix,direct,sparse_suffix+direct,multiple,IdleRange(P*),reduced,-,-,-,-,16.9 5,-
ticf-13crafb.prec60,sparse_suffix,distance_closure,sparse_suffix+distance_closure,incremental,IdleRange(P*),reduced,-,-,-,-,10.0 5,-
ticf-13crafb.prec60,sparse_suffix,distance_closure,sparse_suffix+distance_closure,maxsat,IdleRange(P*),reduced,-,-,-,-,3.9 5,-
ticf-13crafb.prec60,sparse_suffix,distance_closure,sparse_suffix+distance_closure,multiple,IdleRange(P*),reduced,-,-,-,-,18.9 5,-
ticf-13crafc.prec50,pairwise,direct,pairwise+direct,incremental,IdleRange(P*),full,-,-,-,-,4.0 2,-
ticf-13crafc.prec50,pairwise,direct,pairwise+direct,maxsat,IdleRange(P*),full,-,-,-,-,2.9 2,-
ticf-13crafc.prec50,pairwise,direct,pairwise+direct,multiple,IdleRange(P*),full,-,-,-,-,5.5 2,-
ticf-13crafc.prec50,pairwise,distance_closure,pairwise+distance_closure,incremental,IdleRange(P*),full,-,-,-,-,3.4 2,-
ticf-13crafc.prec50,pairwise,distance_closure,pairwise+distance_closure,maxsat,IdleRange(P*),full,-,-,-,-,3.9 2,-
ticf-13crafc.prec50,pairwise,distance_closure,pairwise+distance_closure,multiple,IdleRange(P*),full,-,-,-,-,10.0 2,-
ticf-13crafc.prec50,sparse_suffix,direct,sparse_suffix+direct,incremental,IdleRange(P*),full,-,-,-,-,4.0 2,-
ticf-13crafc.prec50,sparse_suffix,direct,sparse_suffix+direct,maxsat,IdleRange(P*),full,-,-,-,-,4.1 2,-
ticf-13crafc.prec50,sparse_suffix,direct,sparse_suffix+direct,multiple,IdleRange(P*),full,-,-,-,-,6.7 2,-
ticf-13crafc.prec50,sparse_suffix,distance_closure,sparse_suffix+distance_closure,incremental,IdleRange(P*),full,-,-,-,-,4.7 2,-
ticf-13crafc.prec50,sparse_suffix,distance_closure,sparse_suffix+distance_closure,maxsat,IdleRange(P*),full,-,-,-,-,3.3 2,-
ticf-13crafc.prec50,sparse_suffix,distance_closure,sparse_suffix+distance_closure,multiple,IdleRange(P*),full,-,-,-,-,7.8 2,-
ticf-13crafc.prec50,pairwise,direct,pairwise+direct,incremental,IdleRange(P*),reduced,-,-,-,-,3.0 2,-
ticf-13crafc.prec50,pairwise,direct,pairwise+direct,maxsat,IdleRange(P*),reduced,-,-,-,-,2.1 2,-
ticf-13crafc.prec50,pairwise,direct,pairwise+direct,multiple,IdleRange(P*),reduced,-,-,-,-,6.4 2,-
ticf-13crafc.prec50,pairwise,distance_closure,pairwise+distance_closure,incremental,IdleRange(P*),reduced,-,-,-,-,5.2 2,-
ticf-13crafc.prec50,pairwise,distance_closure,pairwise+distance_closure,maxsat,IdleRange(P*),reduced,-,-,-,-,2.7 2,-
ticf-13crafc.prec50,pairwise,distance_closure,pairwise+distance_closure,multiple,IdleRange(P*),reduced,-,-,-,-,8.9 2,-
ticf-13crafc.prec50,sparse_suffix,direct,sparse_suffix+direct,incremental,IdleRange(P*),reduced,-,-,-,-,2.4 2,-
ticf-13crafc.prec50,sparse_suffix,direct,sparse_suffix+direct,maxsat,IdleRange(P*),reduced,-,-,-,-,3.9 2,-
ticf-13crafc.prec50,sparse_suffix,direct,sparse_suffix+direct,multiple,IdleRange(P*),reduced,-,-,-,-,6.3 2,-
ticf-13crafc.prec50,sparse_suffix,distance_closure,sparse_suffix+distance_closure,incremental,IdleRange(P*),reduced,-,-,-,-,3.7 2,-
ticf-13crafc.prec50,sparse_suffix,distance_closure,sparse_suffix+distance_closure,maxsat,IdleRange(P*),reduced,-,-,-,-,3.4 2,-
ticf-13crafc.prec50,sparse_suffix,distance_closure,sparse_suffix+distance_closure,multiple,IdleRange(P*),reduced,-,-,-,-,5.6 2,-
ticf-13crafc.prec60,pairwise,direct,pairwise+direct,incremental,IdleRange(P*),full,-,-,-,-,3.0 4,-
ticf-13crafc.prec60,pairwise,direct,pairwise+direct,maxsat,IdleRange(P*),full,-,-,-,-,2.2 4,-
ticf-13crafc.prec60,pairwise,direct,pairwise+direct,multiple,IdleRange(P*),full,-,-,-,-,4.9 4,-
ticf-13crafc.prec60,pairwise,distance_closure,pairwise+distance_closure,incremental,IdleRange(P*),full,-,-,-,-,3.1 4,-
ticf-13crafc.prec60,pairwise,distance_closure,pairwise+distance_closure,maxsat,IdleRange(P*),full,-,-,-,-,2.5 4,-
ticf-13crafc.prec60,pairwise,distance_closure,pairwise+distance_closure,multiple,IdleRange(P*),full,-,-,-,-,4.6 4,-
ticf-13crafc.prec60,sparse_suffix,direct,sparse_suffix+direct,incremental,IdleRange(P*),full,-,-,-,-,2.2 4,-
ticf-13crafc.prec60,sparse_suffix,direct,sparse_suffix+direct,maxsat,IdleRange(P*),full,-,-,-,-,2.1 4,-
ticf-13crafc.prec60,sparse_suffix,direct,sparse_suffix+direct,multiple,IdleRange(P*),full,-,-,-,-,4.3 4,-
ticf-13crafc.prec60,sparse_suffix,distance_closure,sparse_suffix+distance_closure,incremental,IdleRange(P*),full,-,-,-,-,3.8 4,-
ticf-13crafc.prec60,sparse_suffix,distance_closure,sparse_suffix+distance_closure,maxsat,IdleRange(P*),full,-,-,-,-,3.7 4,-
ticf-13crafc.prec60,sparse_suffix,distance_closure,sparse_suffix+distance_closure,multiple,IdleRange(P*),full,-,-,-,-,6.0 4,-
ticf-13crafc.prec60,pairwise,direct,pairwise+direct,incremental,IdleRange(P*),reduced,-,-,-,-,4.2 4,-
ticf-13crafc.prec60,pairwise,direct,pairwise+direct,maxsat,IdleRange(P*),reduced,-,-,-,-,2.7 4,-
ticf-13crafc.prec60,pairwise,direct,pairwise+direct,multiple,IdleRange(P*),reduced,-,-,-,-,7.2 4,-
ticf-13crafc.prec60,pairwise,distance_closure,pairwise+distance_closure,incremental,IdleRange(P*),reduced,-,-,-,-,2.4 4,-
ticf-13crafc.prec60,pairwise,distance_closure,pairwise+distance_closure,maxsat,IdleRange(P*),reduced,-,-,-,-,1.9 4,-
ticf-13crafc.prec60,pairwise,distance_closure,pairwise+distance_closure,multiple,IdleRange(P*),reduced,-,-,-,-,3.6 4,-
ticf-13crafc.prec60,sparse_suffix,direct,sparse_suffix+direct,incremental,IdleRange(P*),reduced,-,-,-,-,3.7 4,-
ticf-13crafc.prec60,sparse_suffix,direct,sparse_suffix+direct,maxsat,IdleRange(P*),reduced,-,-,-,-,1.8 4,-
ticf-13crafc.prec60,sparse_suffix,direct,sparse_suffix+direct,multiple,IdleRange(P*),reduced,-,-,-,-,5.4 4,-
ticf-13crafc.prec60,sparse_suffix,distance_closure,sparse_suffix+distance_closure,incremental,IdleRange(P*),reduced,-,-,-,-,2.1 4,-
ticf-13crafc.prec60,sparse_suffix,distance_closure,sparse_suffix+distance_closure,maxsat,IdleRange(P*),reduced,-,-,-,-,1.9 4,-
ticf-13crafc.prec60,sparse_suffix,distance_closure,sparse_suffix+distance_closure,multiple,IdleRange(P*),reduced,-,-,-,-,4.4 4,-
ticf-14crafa.prec50,pairwise,direct,pairwise+direct,incremental,IdleRange(P*),full,-,-,-,-,85.5 4,-
ticf-14crafa.prec50,pairwise,direct,pairwise+direct,maxsat,IdleRange(P*),full,-,-,-,-,53.6 4,-
ticf-14crafa.prec50,pairwise,direct,pairwise+direct,multiple,IdleRange(P*),full,-,-,-,-,161.0 4,-
ticf-14crafa.prec50,pairwise,distance_closure,pairwise+distance_closure,incremental,IdleRange(P*),full,-,-,-,-,234.7 4,-
ticf-14crafa.prec50,pairwise,distance_closure,pairwise+distance_closure,maxsat,IdleRange(P*),full,-,-,-,-,77.2 4,-
ticf-14crafa.prec50,pairwise,distance_closure,pairwise+distance_closure,multiple,IdleRange(P*),full,-,-,-,-,328.4 4,-
ticf-14crafa.prec50,sparse_suffix,direct,sparse_suffix+direct,incremental,IdleRange(P*),full,-,-,-,-,126.6 4,-
ticf-14crafa.prec50,sparse_suffix,direct,sparse_suffix+direct,maxsat,IdleRange(P*),full,-,-,-,-,172.4 4,-
ticf-14crafa.prec50,sparse_suffix,direct,sparse_suffix+direct,multiple,IdleRange(P*),full,-,-,-,-,145.0 4,-
ticf-14crafa.prec50,sparse_suffix,distance_closure,sparse_suffix+distance_closure,incremental,IdleRange(P*),full,-,-,-,-,118.2 4,-
ticf-14crafa.prec50,sparse_suffix,distance_closure,sparse_suffix+distance_closure,maxsat,IdleRange(P*),full,-,-,-,-,369.3 4,-
ticf-14crafa.prec50,sparse_suffix,distance_closure,sparse_suffix+distance_closure,multiple,IdleRange(P*),full,-,-,-,-,122.0 4,-
ticf-14crafa.prec50,pairwise,direct,pairwise+direct,incremental,IdleRange(P*),reduced,-,-,-,-,485.6 4,-
ticf-14crafa.prec50,pairwise,direct,pairwise+direct,maxsat,IdleRange(P*),reduced,-,-,-,-,136.7 4,-
ticf-14crafa.prec50,pairwise,direct,pairwise+direct,multiple,IdleRange(P*),reduced,-,-,-,-,732.1 4,-
ticf-14crafa.prec50,pairwise,distance_closure,pairwise+distance_closure,incremental,IdleRange(P*),reduced,-,-,-,-,1626.4 4,-
ticf-14crafa.prec50,pairwise,distance_closure,pairwise+distance_closure,maxsat,IdleRange(P*),reduced,-,-,-,-,141.7 4,-
ticf-14crafa.prec50,pairwise,distance_closure,pairwise+distance_closure,multiple,IdleRange(P*),reduced,-,-,-,-,1423.4 4,-
ticf-14crafa.prec50,sparse_suffix,direct,sparse_suffix+direct,incremental,IdleRange(P*),reduced,-,-,-,-,235.6 4,-
ticf-14crafa.prec50,sparse_suffix,direct,sparse_suffix+direct,maxsat,IdleRange(P*),reduced,-,-,-,-,105.6 4,-
ticf-14crafa.prec50,sparse_suffix,direct,sparse_suffix+direct,multiple,IdleRange(P*),reduced,-,-,-,-,275.6 4,-
ticf-14crafa.prec50,sparse_suffix,distance_closure,sparse_suffix+distance_closure,incremental,IdleRange(P*),reduced,-,-,-,-,166.1 4,-
ticf-14crafa.prec50,sparse_suffix,distance_closure,sparse_suffix+distance_closure,maxsat,IdleRange(P*),reduced,-,-,-,-,171.3 4,-
ticf-14crafa.prec50,sparse_suffix,distance_closure,sparse_suffix+distance_closure,multiple,IdleRange(P*),reduced,-,-,-,-,565.0 4,-
ticf-14crafa.prec60,pairwise,direct,pairwise+direct,incremental,IdleRange(P*),full,-,-,-,-,113.1 6,-
ticf-14crafa.prec60,pairwise,direct,pairwise+direct,maxsat,IdleRange(P*),full,-,-,-,-,133.9 6,-
ticf-14crafa.prec60,pairwise,direct,pairwise+direct,multiple,IdleRange(P*),full,-,-,-,-,114.9 6,-
ticf-14crafa.prec60,pairwise,distance_closure,pairwise+distance_closure,incremental,IdleRange(P*),full,-,-,-,-,43.7 6,-
ticf-14crafa.prec60,pairwise,distance_closure,pairwise+distance_closure,maxsat,IdleRange(P*),full,-,-,-,-,81.4 6,-
ticf-14crafa.prec60,pairwise,distance_closure,pairwise+distance_closure,multiple,IdleRange(P*),full,-,-,-,-,107.4 6,-
ticf-14crafa.prec60,sparse_suffix,direct,sparse_suffix+direct,incremental,IdleRange(P*),full,-,-,-,-,85.8 6,-
ticf-14crafa.prec60,sparse_suffix,direct,sparse_suffix+direct,maxsat,IdleRange(P*),full,-,-,-,-,199.5 6,-
ticf-14crafa.prec60,sparse_suffix,direct,sparse_suffix+direct,multiple,IdleRange(P*),full,-,-,-,-,91.0 6,-
ticf-14crafa.prec60,sparse_suffix,distance_closure,sparse_suffix+distance_closure,incremental,IdleRange(P*),full,-,-,-,-,52.4 6,-
ticf-14crafa.prec60,sparse_suffix,distance_closure,sparse_suffix+distance_closure,maxsat,IdleRange(P*),full,-,-,-,-,366.7 6,-
ticf-14crafa.prec60,sparse_suffix,distance_closure,sparse_suffix+distance_closure,multiple,IdleRange(P*),full,-,-,-,-,56.1 6,-
ticf-14crafa.prec60,pairwise,direct,pairwise+direct,incremental,IdleRange(P*),reduced,-,-,-,-,444.9 6,-
ticf-14crafa.prec60,pairwise,direct,pairwise+direct,maxsat,IdleRange(P*),reduced,-,-,-,-,476.7 6,-
ticf-14crafa.prec60,pairwise,direct,pairwise+direct,multiple,IdleRange(P*),reduced,-,-,-,-,417.7 6,-
ticf-14crafa.prec60,pairwise,distance_closure,pairwise+distance_closure,incremental,IdleRange(P*),reduced,-,-,-,-,125.9 6,-
ticf-14crafa.prec60,pairwise,distance_closure,pairwise+distance_closure,maxsat,IdleRange(P*),reduced,-,-,-,-,91.0 6,-
ticf-14crafa.prec60,pairwise,distance_closure,pairwise+distance_closure,multiple,IdleRange(P*),reduced,-,-,-,-,165.9 6,-
ticf-14crafa.prec60,sparse_suffix,direct,sparse_suffix+direct,incremental,IdleRange(P*),reduced,-,-,-,-,295.3 6,-
ticf-14crafa.prec60,sparse_suffix,direct,sparse_suffix+direct,maxsat,IdleRange(P*),reduced,-,-,-,-,115.3 6,-
ticf-14crafa.prec60,sparse_suffix,direct,sparse_suffix+direct,multiple,IdleRange(P*),reduced,-,-,-,-,594.3 6,-
ticf-14crafa.prec60,sparse_suffix,distance_closure,sparse_suffix+distance_closure,incremental,IdleRange(P*),reduced,-,-,-,-,155.1 6,-
ticf-14crafa.prec60,sparse_suffix,distance_closure,sparse_suffix+distance_closure,maxsat,IdleRange(P*),reduced,-,-,-,-,318.7 6,-
ticf-14crafa.prec60,sparse_suffix,distance_closure,sparse_suffix+distance_closure,multiple,IdleRange(P*),reduced,-,-,-,-,433.7 6,-
