instance,instance_content_id,instance_family,configuration_label,factor_m,factor_p,factor_g,factor_b,factor_o,factor_s,factor_i,status,sat_result,best_value,proven_optimum,runtime_seconds,runtime_censored,peak_memory_mb,formalism,model_family,formulation_name,n_vars,n_binary_variables,n_integer_variables,n_continuous_variables,n_linear_constraints,n_global_constraints,n_nonzeros,n_hard_clauses,n_soft_clauses,n_total_clauses,n_primary_variables,n_auxiliary_variables,n_total_literals,max_hard_clause_length,configuration_id,configuration_key,domain_mode,precedence_encoding,precedence_graph,optimization_engine,solver_backend,solver_version,encoding_variant,idle_encoding,objective,objective_code,implied_constraints_code,n_hard_literals,n_soft_literals,max_soft_clause_length,n_unit_hard_clauses,n_binary_hard_clauses,n_ternary_hard_clauses,n_long_hard_clauses,soft_clause_weight,soft_weight_sum,n_objective_lits,n_optimizer_calls,best_bound,optimality_gap,branch_and_bound_nodes,cp_branches,cp_fails,n_bound_encodings,optimizer_added_variables_peak,optimizer_added_clauses_peak,optimizer_added_literals_peak,optimizer_added_clauses_cumulative,formula_scope,full_schedule_candidates,unary_eligible_schedule_candidates,reduced_schedule_candidates,active_schedule_candidates,precedence_direct_edges,precedence_closure_edges,precedence_relation_edges,precedence_max_distance,precedence_pairwise_clauses,precedence_sparse_link_clauses,precedence_unique_suffix_cuts,input_parsing_seconds,model_construction_seconds,backend_model_construction_seconds,model_build_seconds,solve_and_validate_seconds,runtime_scope,idle_range_pstar,total_internal_idle_slots,all_participant_idle_range,memory_metric,instance_sha256,instance_variant,instance_path,source_alias_count,source_alias_paths,repository_alias_count,repository_alias_paths,dataset_source_page,dataset_archive_url,dataset_archive_sha256,run_started_utc,timeout_seconds,memory_limit_mb,git_commit,git_dirty,python_version,pysat_version,hostname,platform,cpu_model,physical_cpu_cores,logical_cpu_cores,system_memory_mb,threads,random_seed,runner_command,solver_binary,solver_binary_sha256,solver_command,validation_errors,solver_message,error_type,error_message,solver,maxsat_backend_preference,sat_backend_preference,resolved_uwrmaxsat_bin,precedence_mode,precedence_configuration,objective_value,objective_participant_count,objective_participants,initial_schedule_candidates,unary_removed_schedule_candidates,preprocessing_removed_schedule_candidates,removed_schedule_candidates,participant_internal_idle_slots,busy_participants_per_slot,assignment,schedule_by_slot,enabled_constraints,message_type,objective_encoding
ticf-13crafb.fixed020-Forb,b2b-0519cd76c99f9943,fixed,R-DC-IRP-CPO-CP,Reduced,NativeCP,DistanceClosure-E*,NativeMinMaxSpan,IdleRangePstar,CPLEXCP,N/A,OPTIMAL,SAT,17,17,0.165172,False,34.637,CP,CP-MeetingTime-SpanRange,CP-MeetingTime-SpanRange-Reduced-DistanceClosure,195,0,195,0,0,78,0,,,,195,0,,,cfg3__m-reduced__p-native_cp__g-distance_closure__b-native_min_max_span_range__o-idle_range_pstar__s-cplex_cp__i-na,cfg3__m-reduced__p-native_cp__g-distance_closure__b-native_min_max_span_range__o-idle_range_pstar__s-cplex_cp__i-na,reduced,native_cp,distance_closure,CPLEXCP,CPLEX-CP,DOcplex 2.32.264,n/a,native_min_max_span_range,internal_idle_slot_range_pstar,IRP,NA,,,,,,,,,,0,1,17,0,,154,4,,,,,,"formalism-specific model size: SAT/MaxSAT reports base CNF and soft clauses, MIP reports variables/linear constraints/nonzeros, and CP reports integer variables plus linear/global constraints; SAT bound/totalizer overhead remains separate in optimizer_added_*",4290,2607,2197,2197,0,0,0,0,,,,0.002171,0.128254,0.022879,0.130425,0.034747,"wall-clock from immediately before reading/parsing the .dzn instance through model construction, optimization, solution decoding, and independent validation; excludes worker-process startup and result-file export",17,362,17,peak_process_tree_rss_mb,0519cd76c99f99430d46300a428fa16a2eb0fa17fc8cfa93cbbc32f7eb7a22d9,fixed020,data_table07_fixed/ticf-13crafb.fixed020-Forb.dzn,1,data_table07_fixed/ticf-13crafb.fixed020-Forb.dzn,1,data_table07_fixed/ticf-13crafb.fixed020-Forb.dzn,https://imae.udg.edu/Recerca/LAI/,https://ima.udg.edu/Recerca/lai/b2b/b2b.zip,,2026-07-24T06:14:03+00:00,7200.0,,6f3ccaf59383a413936ee93d69392f669805b607,True,3.10.12,1.9.dev7,instance-20260722-153126,Linux-6.8.0-1064-gcp-x86_64-with-glibc2.35,x86_64,4,8,15988.055,1,0,/home/dclng566/projects/Business-Meeting-Scheduling-Problem/.venv/bin/python /home/dclng566/projects/Business-Meeting-Scheduling-Problem/src/Main.py --data-dir data_table07_fixed --solver cplex_cp --timeout 7200 --threads 1 --random-seed 0 --csv output/cplex_cp_official/data_table07_fixed/aggregate.csv --long-csv output/cplex_cp_official/data_table07_fixed/detailed.csv --excel-dir output/cplex_cp_official/data_table07_fixed/excel --verbose,,,,,Optimal | SearchCompleted | SearchHasNotBeenStopped,,,cplex_cp,,,,exact_native,native_cp+distance_closure,17,56,"1,2,3,4,7,8,9,10,12,13,14,15,16,17,18,19,20,21,22,23,24,25,26,28,29,30,31,32,33,36,37,38,39,40,41,42,43,44,45,47,48,51,53,54,56,57,58,59,60,61,62,63,64,65,66,76",2607,1683,410,410,"7,13,5,10,0,0,4,3,7,7,0,12,12,5,8,10,8,10,10,7,8,5,6,1,13,15,0,0,0,3,4,4,8,0,0,12,13,0,7,12,8,6,11,6,3,0,0,0,0,0,14,0,4,1,0,0,11,2,3,10,6,0,5,0,0,17,0,0,0,0,0,0,0,0,0,6","28,28,28,28,28,28,28,28,28,18,12,14,18,18,20,10,8,6,2,6,2,4","2,5,1,2,4,1,3,4,12,7,6,5,3,4,14,13,2,15,16,14,13,2,15,3,8,4,5,6,9,5,2,9,9,2,1,9,4,17,11,8,7,10,15,14,17,15,16,7,1,2,14,6,18,13,4,13,8,8,9,7,15,1,3,13,20,16,9,6,4,5,1,7,15,3,14,10,11,5,4,9,8,3,1,2,13,14,15,2,9,1,2,7,8,22,19,15,13,17,20,16,14,21,18,3,22,5,6,6,7,1,2,3,11,10,8,9,1,4,3,2,7,5,6,12,7,6,8,9,4,6,8,3,2,5,13,12,11,20,16,10,14,15,7,1,17,8,5,10,3,5,4,6,1,7,9,5,3,10,18,6,12,8,4,11,3,5,10,1,7,12,9,2,4,8,6,1,13,7,3,12,4,14,5,6,8,9,10,15,11,6,12,8,10,9,7",1:M3 M6 M35 M49 M62 M71 M83 M90 M110 M117 M144 M153 M168 M176 | 2:M1 M4 M17 M22 M31 M34 M50 M84 M88 M91 M111 M120 M133 M172 | 3:M7 M13 M24 M63 M74 M82 M104 M112 M119 M132 M149 M157 M165 M179 | 4:M5 M8 M14 M26 M37 M55 M69 M79 M118 M129 M151 M163 M173 M181 | 5:M2 M12 M27 M30 M70 M78 M106 M122 M134 M147 M150 M156 M166 M183 | 6:M11 M28 M52 M68 M107 M108 M123 M126 M130 M152 M160 M175 M184 M190 | 7:M10 M41 M48 M60 M72 M92 M109 M121 M125 M143 M154 M169 M178 M195 | 8:M25 M40 M57 M58 M81 M93 M115 M127 M131 M146 M162 M174 M185 M192 | 9:M29 M32 M33 M36 M59 M67 M80 M89 M116 M128 M155 M171 M186 M194 | 10:M42 M76 M114 M140 M148 M158 M167 M187 M193 | 11:M39 M77 M113 M137 M164 M189 | 12:M9 M124 M136 M161 M170 M180 M191 | 13:M16 M21 M54 M56 M64 M85 M97 M135 M177 | 14:M15 M20 M44 M51 M75 M86 M101 M141 M182 | 15:M18 M23 M43 M46 M61 M73 M87 M96 M142 M188 | 16:M19 M47 M66 M100 M139 | 17:M38 M45 M98 M145 | 18:M53 M103 M159 | 19:M95 | 20:M65 M99 M138 | 21:M102 | 22:M94 M105,one reduced-domain integer time variable per meeting | global all_diff per participant | global count per slot for table capacity | distance-labelled transitive precedence closure | native min/max internal-idle expressions | native max/min range objective over P*,result,native_min_max_span_range
forum-13crafc.fixed040-Forb,b2b-1357e27c73d58a71,fixed,R-DC-IRP-CPO-CP,Reduced,NativeCP,DistanceClosure-E*,NativeMinMaxSpan,IdleRangePstar,CPLEXCP,N/A,OPTIMAL,SAT,12,12,0.068241,False,34.004,CP,CP-MeetingTime-SpanRange,CP-MeetingTime-SpanRange-Reduced-DistanceClosure,154,0,154,0,0,79,0,,,,154,0,,,cfg3__m-reduced__p-native_cp__g-distance_closure__b-native_min_max_span_range__o-idle_range_pstar__s-cplex_cp__i-na,cfg3__m-reduced__p-native_cp__g-distance_closure__b-native_min_max_span_range__o-idle_range_pstar__s-cplex_cp__i-na,reduced,native_cp,distance_closure,CPLEXCP,CPLEX-CP,DOcplex 2.32.264,n/a,native_min_max_span_range,internal_idle_slot_range_pstar,IRP,NA,,,,,,,,,,0,1,12,0,,92,4,,,,,,"formalism-specific model size: SAT/MaxSAT reports base CNF and soft clauses, MIP reports variables/linear constraints/nonzeros, and CP reports integer variables plus linear/global constraints; SAT bound/totalizer overhead remains separate in optimizer_added_*",3234,1480,1108,1108,0,0,0,0,,,,0.001944,0.028878,0.026397,0.030822,0.037418,"wall-clock from immediately before reading/parsing the .dzn instance through model construction, optimization, solution decoding, and independent validation; excludes worker-process startup and result-file export",12,381,14,peak_process_tree_rss_mb,1357e27c73d58a71bffc4d1e693d0d0cf9549b9f9cba424cee39d488e04227cf,fixed040,data_table07_fixed/forum-13crafc.fixed040-Forb.dzn,1,data_table07_fixed/forum-13crafc.fixed040-Forb.dzn,1,data_table07_fixed/forum-13crafc.fixed040-Forb.dzn,https://imae.udg.edu/Recerca/LAI/,https://ima.udg.edu/Recerca/lai/b2b/b2b.zip,,2026-07-24T06:14:03+00:00,7200.0,,6f3ccaf59383a413936ee93d69392f669805b607,True,3.10.12,1.9.dev7,instance-20260722-153126,Linux-6.8.0-1064-gcp-x86_64-with-glibc2.35,x86_64,4,8,15988.055,1,0,/home/dclng566/projects/Business-Meeting-Scheduling-Problem/.venv/bin/python /home/dclng566/projects/Business-Meeting-Scheduling-Problem/src/Main.py --data-dir data_table07_fixed --solver cplex_cp --timeout 7200 --threads 1 --random-seed 0 --csv output/cplex_cp_official/data_table07_fixed/aggregate.csv --long-csv output/cplex_cp_official/data_table07_fixed/detailed.csv --excel-dir output/cplex_cp_official/data_table07_fixed/excel --verbose,,,,,Optimal | SearchCompleted | SearchHasNotBeenStopped,,,cplex_cp,,,,exact_native,native_cp+distance_closure,12,58,"1,2,3,4,5,6,7,8,9,10,11,12,13,14,15,16,18,19,23,24,25,26,27,28,29,30,31,32,33,34,35,36,37,38,39,40,41,42,44,45,46,47,48,49,50,52,53,54,56,57,59,60,62,63,64,65,66,70",1480,1754,372,372,"2,5,10,6,3,7,6,6,10,5,7,7,5,13,2,3,0,9,3,0,0,0,9,4,3,14,4,7,9,2,9,9,8,4,3,9,4,13,13,10,7,9,0,9,6,13,3,2,3,14,0,6,2,2,0,6,7,0,10,3,0,3,11,8,4,6,0,0,0,4","24,24,24,24,24,24,24,18,20,24,16,12,12,10,2,4,6,0,2,8,6","6,9,2,7,5,11,3,4,1,14,7,11,21,8,12,9,10,17,4,2,3,6,5,9,7,2,10,7,2,3,4,1,5,8,5,2,11,4,3,1,12,4,14,15,16,13,3,1,3,7,5,16,8,20,6,21,19,6,10,1,11,9,9,8,20,7,10,4,1,7,8,2,3,6,9,13,5,4,2,1,13,8,6,10,5,7,3,9,12,20,11,9,7,8,5,14,6,10,3,2,10,13,4,1,10,3,4,7,1,2,12,5,6,3,6,2,1,11,10,5,4,6,10,20,5,9,12,11,13,7,8,14,17,9,6,12,13,10,11,21,5,8,7,4,17,2,1,14,6,1,10,2,3,4",1:M9 M32 M40 M48 M60 M69 M80 M104 M109 M117 M147 M150 | 2:M3 M20 M26 M29 M36 M72 M79 M100 M110 M116 M146 M152 | 3:M7 M21 M30 M39 M47 M49 M73 M87 M99 M106 M114 M153 | 4:M8 M19 M31 M38 M42 M68 M78 M103 M107 M121 M144 M154 | 5:M5 M23 M33 M35 M51 M77 M85 M95 M112 M120 M125 M141 | 6:M1 M22 M55 M58 M74 M83 M97 M113 M115 M122 M135 M149 | 7:M4 M11 M25 M28 M50 M66 M70 M86 M93 M108 M130 M143 | 8:M14 M34 M53 M64 M71 M82 M94 M131 M142 | 9:M2 M16 M24 M62 M63 M75 M88 M92 M126 M134 | 10:M17 M27 M59 M67 M84 M98 M101 M105 M119 M123 M138 M151 | 11:M6 M12 M37 M61 M91 M118 M128 M139 | 12:M15 M41 M89 M111 M127 M136 | 13:M46 M76 M81 M102 M129 M137 | 14:M10 M43 M96 M132 M148 | 15:M44 | 16:M45 M52 | 17:M18 M133 M145 | 18: | 19:M57 | 20:M54 M65 M90 M124 | 21:M13 M56 M140,one reduced-domain integer time variable per meeting | global all_diff per participant | global count per slot for table capacity | distance-labelled transitive precedence closure | native min/max internal-idle expressions | native max/min range objective over P*,result,native_min_max_span_range
forumt-14crafd.fixed040-Forb,b2b-1af73e04aa27c9c5,fixed,R-DC-IRP-CPO-CP,Reduced,NativeCP,DistanceClosure-E*,NativeMinMaxSpan,IdleRangePstar,CPLEXCP,N/A,UNSAT,UNSAT,,,0.04702,False,37.379,CP,CP-MeetingTime-SpanRange,CP-MeetingTime-SpanRange-Reduced-DistanceClosure,236,0,236,0,1,69,0,,,,236,0,,,cfg3__m-reduced__p-native_cp__g-distance_closure__b-native_min_max_span_range__o-idle_range_pstar__s-cplex_cp__i-na,cfg3__m-reduced__p-native_cp__g-distance_closure__b-native_min_max_span_range__o-idle_range_pstar__s-cplex_cp__i-na,reduced,native_cp,distance_closure,CPLEXCP,CPLEX-CP,DOcplex 2.32.264,n/a,native_min_max_span_range,internal_idle_slot_range_pstar,IRP,NA,,,,,,,,,,0,1,4,,,0,1,,,,,,"formalism-specific model size: SAT/MaxSAT reports base CNF and soft clauses, MIP reports variables/linear constraints/nonzeros, and CP reports integer variables plus linear/global constraints; SAT bound/totalizer overhead remains separate in optimizer_added_*",2360,1464,872,872,0,0,0,0,,,,0.00239,0.012492,0.023469,0.014882,0.032137,"wall-clock from immediately before reading/parsing the .dzn instance through model construction, optimization, solution decoding, and independent validation; excludes worker-process startup and result-file export",,,,peak_process_tree_rss_mb,1af73e04aa27c9c56c98d213234c44f96c2b7e781abddc93eb756ec4a39fc28d,fixed040,data_table07_fixed/forumt-14crafd.fixed040-Forb.dzn,1,data_table07_fixed/forumt-14crafd.fixed040-Forb.dzn,1,data_table07_fixed/forumt-14crafd.fixed040-Forb.dzn,https://imae.udg.edu/Recerca/LAI/,https://ima.udg.edu/Recerca/lai/b2b/b2b.zip,,2026-07-24T06:14:03+00:00,7200.0,,6f3ccaf59383a413936ee93d69392f669805b607,True,3.10.12,1.9.dev7,instance-20260722-153126,Linux-6.8.0-1064-gcp-x86_64-with-glibc2.35,x86_64,4,8,15988.055,1,0,/home/dclng566/projects/Business-Meeting-Scheduling-Problem/.venv/bin/python /home/dclng566/projects/Business-Meeting-Scheduling-Problem/src/Main.py --data-dir data_table07_fixed --solver cplex_cp --timeout 7200 --threads 1 --random-seed 0 --csv output/cplex_cp_official/data_table07_fixed/aggregate.csv --long-csv output/cplex_cp_official/data_table07_fixed/detailed.csv --excel-dir output/cplex_cp_official/data_table07_fixed/excel --verbose,,,,,Infeasible | SearchCompleted | SearchHasNotBeenStopped,,,cplex_cp,,,,exact_native,native_cp+distance_closure,,59,"1,2,3,4,5,6,7,8,9,10,11,12,13,14,15,16,17,18,20,21,22,23,24,25,26,27,28,29,30,31,32,33,34,35,36,37,38,39,40,41,42,43,44,45,46,47,48,49,50,51,52,53,54,55,56,57,58,59,60",1464,896,592,592,,,,,one reduced-domain integer time variable per meeting | global all_diff per participant | global count per slot for table capacity | distance-labelled transitive precedence closure | native min/max internal-idle expressions | native max/min range objective over P*,result,native_min_max_span_range
tic-14crafd.fixed020-Forb,b2b-20c1a4ac9d8c02a4,fixed,R-DC-IRP-CPO-CP,Reduced,NativeCP,DistanceClosure-E*,NativeMinMaxSpan,IdleRangePstar,CPLEXCP,N/A,OPTIMAL,SAT,3,3,0.105269,False,36.883,CP,CP-MeetingTime-SpanRange,CP-MeetingTime-SpanRange-Reduced-DistanceClosure,236,0,236,0,0,69,0,,,,236,0,,,cfg3__m-reduced__p-native_cp__g-distance_closure__b-native_min_max_span_range__o-idle_range_pstar__s-cplex_cp__i-na,cfg3__m-reduced__p-native_cp__g-distance_closure__b-native_min_max_span_range__o-idle_range_pstar__s-cplex_cp__i-na,reduced,native_cp,distance_closure,CPLEXCP,CPLEX-CP,DOcplex 2.32.264,n/a,native_min_max_span_range,internal_idle_slot_range_pstar,IRP,NA,,,,,,,,,,0,1,3,0,,149,10,,,,,,"formalism-specific model size: SAT/MaxSAT reports base CNF and soft clauses, MIP reports variables/linear constraints/nonzeros, and CP reports integer variables plus linear/global constraints; SAT bound/totalizer overhead remains separate in optimizer_added_*",2360,1937,1381,1381,0,0,0,0,,,,0.002352,0.06436,0.026416,0.066712,0.038557,"wall-clock from immediately before reading/parsing the .dzn instance through model construction, optimization, solution decoding, and independent validation; excludes worker-process startup and result-file export",3,44,3,peak_process_tree_rss_mb,20c1a4ac9d8c02a47d6795674576234fe908fb53558c72471b2af7e4a4c47c1e,fixed020,data_table07_fixed/tic-14crafd.fixed020-Forb.dzn,1,data_table07_fixed/tic-14crafd.fixed020-Forb.dzn,1,data_table07_fixed/tic-14crafd.fixed020-Forb.dzn,https://imae.udg.edu/Recerca/LAI/,https://ima.udg.edu/Recerca/lai/b2b/b2b.zip,,2026-07-24T06:14:03+00:00,7200.0,,6f3ccaf59383a413936ee93d69392f669805b607,True,3.10.12,1.9.dev7,instance-20260722-153126,Linux-6.8.0-1064-gcp-x86_64-with-glibc2.35,x86_64,4,8,15988.055,1,0,/home/dclng566/projects/Business-Meeting-Scheduling-Problem/.venv/bin/python /home/dclng566/projects/Business-Meeting-Scheduling-Problem/src/Main.py --data-dir data_table07_fixed --solver cplex_cp --timeout 7200 --threads 1 --random-seed 0 --csv output/cplex_cp_official/data_table07_fixed/aggregate.csv --long-csv output/cplex_cp_official/data_table07_fixed/detailed.csv --excel-dir output/cplex_cp_official/data_table07_fixed/excel --verbose,,,,,Optimal | SearchCompleted | SearchHasNotBeenStopped,,,cplex_cp,,,,exact_native,native_cp+distance_closure,3,59,"1,2,3,4,5,6,7,8,9,10,11,12,13,14,15,16,17,18,20,21,22,23,24,25,26,27,28,29,30,31,32,33,34,35,36,37,38,39,40,41,42,43,44,45,46,47,48,49,50,51,52,53,54,55,56,57,58,59,60",1937,423,556,556,"0,0,0,0,3,0,3,3,1,0,0,0,3,0,0,0,2,0,0,0,0,2,0,0,0,0,0,0,0,3,0,0,0,2,0,2,0,0,1,0,0,0,0,0,1,0,2,2,0,3,2,0,0,0,3,1,2,0,1,2","48,50,50,50,50,46,50,44,42,42","8,6,7,4,10,9,2,5,4,9,1,8,8,4,7,2,1,10,3,6,5,9,5,3,8,7,1,7,1,3,6,4,5,1,2,2,5,1,7,2,5,2,10,3,4,9,1,9,1,7,8,4,5,6,3,4,6,2,5,3,1,10,9,2,8,6,7,1,10,5,3,4,4,9,5,6,10,2,7,9,5,8,1,3,10,6,4,7,1,3,6,5,8,4,2,1,7,4,2,9,3,4,2,5,6,9,8,10,4,9,3,3,8,5,4,10,1,9,6,9,10,5,4,10,8,3,5,7,2,1,10,6,8,8,5,7,4,10,3,9,6,2,9,5,8,1,7,2,3,3,2,3,10,4,7,6,9,1,5,8,6,9,10,5,3,7,8,6,3,7,8,10,2,9,7,2,1,4,8,10,6,7,7,4,2,3,3,7,2,10,4,5,4,7,10,5,6,2,1,8,1,6,8,2,9,7,3,4,1,5,9,6,4,2,1,4,3,7,2,5,1,9,8,6,10,6,2,3,10,5,7,8,6,3,1,7",1:M11 M17 M27 M29 M34 M38 M47 M49 M61 M68 M83 M89 M96 M117 M130 M146 M158 M177 M199 M201 M209 M215 M221 M235 | 2:M7 M16 M35 M36 M40 M42 M58 M64 M78 M95 M99 M103 M129 M142 M148 M151 M173 M176 M185 M189 M198 M204 M214 M219 M227 | 3:M19 M24 M30 M44 M55 M60 M71 M84 M90 M101 M111 M112 M126 M139 M149 M150 M152 M165 M169 M186 M187 M207 M217 M228 M234 | 4:M4 M9 M14 M32 M45 M52 M56 M72 M73 M87 M94 M98 M102 M109 M115 M123 M137 M154 M178 M184 M191 M193 M208 M213 M216 | 5:M8 M21 M23 M33 M37 M41 M53 M59 M70 M75 M81 M92 M104 M114 M122 M127 M135 M144 M159 M164 M192 M196 M210 M220 M230 | 6:M2 M20 M31 M54 M57 M66 M76 M86 M91 M105 M119 M132 M141 M156 M161 M168 M181 M197 M202 M212 M224 M226 M233 | 7:M3 M15 M26 M28 M39 M50 M67 M79 M88 M97 M128 M136 M147 M155 M166 M170 M175 M182 M183 M188 M194 M206 M218 M231 M236 | 8:M1 M12 M13 M25 M51 M65 M82 M93 M107 M113 M125 M133 M134 M145 M160 M167 M171 M179 M200 M203 M223 M232 | 9:M6 M10 M22 M46 M48 M63 M74 M80 M100 M106 M110 M118 M120 M140 M143 M157 M162 M174 M205 M211 M222 | 10:M5 M18 M43 M62 M69 M77 M85 M108 M116 M121 M124 M131 M138 M153 M163 M172 M180 M190 M195 M225 M229,one reduced-domain integer time variable per meeting | global all_diff per participant | global count per slot for table capacity | distance-labelled transitive precedence closure | native min/max internal-idle expressions | native max/min range objective over P*,result,native_min_max_span_range
forum-13crafb.fixed020-Forb,b2b-23ddcce42f479e52,fixed,R-DC-IRP-CPO-CP,Reduced,NativeCP,DistanceClosure-E*,NativeMinMaxSpan,IdleRangePstar,CPLEXCP,N/A,OPTIMAL,SAT,17,17,0.160181,False,36.469,CP,CP-MeetingTime-SpanRange,CP-MeetingTime-SpanRange-Reduced-DistanceClosure,195,0,195,0,0,78,0,,,,195,0,,,cfg3__m-reduced__p-native_cp__g-distance_closure__b-native_min_max_span_range__o-idle_range_pstar__s-cplex_cp__i-na,cfg3__m-reduced__p-native_cp__g-distance_closure__b-native_min_max_span_range__o-idle_range_pstar__s-cplex_cp__i-na,reduced,native_cp,distance_closure,CPLEXCP,CPLEX-CP,DOcplex 2.32.264,n/a,native_min_max_span_range,internal_idle_slot_range_pstar,IRP,NA,,,,,,,,,,0,1,17,0,,154,4,,,,,,"formalism-specific model size: SAT/MaxSAT reports base CNF and soft clauses, MIP reports variables/linear constraints/nonzeros, and CP reports integer variables plus linear/global constraints; SAT bound/totalizer overhead remains separate in optimizer_added_*",4290,2545,2138,2138,0,0,0,0,,,,0.00215,0.123655,0.022362,0.125804,0.034377,"wall-clock from immediately before reading/parsing the .dzn instance through model construction, optimization, solution decoding, and independent validation; excludes worker-process startup and result-file export",17,374,17,peak_process_tree_rss_mb,23ddcce42f479e52cb99a4d5e0baa6bd4a97ffda59362851306478ecc9fd32f6,fixed020,data_table07_fixed/forum-13crafb.fixed020-Forb.dzn,1,data_table07_fixed/forum-13crafb.fixed020-Forb.dzn,1,data_table07_fixed/forum-13crafb.fixed020-Forb.dzn,https://imae.udg.edu/Recerca/LAI/,https://ima.udg.edu/Recerca/lai/b2b/b2b.zip,,2026-07-24T06:14:03+00:00,7200.0,,6f3ccaf59383a413936ee93d69392f669805b607,True,3.10.12,1.9.dev7,instance-20260722-153126,Linux-6.8.0-1064-gcp-x86_64-with-glibc2.35,x86_64,4,8,15988.055,1,0,/home/dclng566/projects/Business-Meeting-Scheduling-Problem/.venv/bin/python /home/dclng566/projects/Business-Meeting-Scheduling-Problem/src/Main.py --data-dir data_table07_fixed --solver cplex_cp --timeout 7200 --threads 1 --random-seed 0 --csv output/cplex_cp_official/data_table07_fixed/aggregate.csv --long-csv output/cplex_cp_official/data_table07_fixed/detailed.csv --excel-dir output/cplex_cp_official/data_table07_fixed/excel --verbose,,,,,Optimal | SearchCompleted | SearchHasNotBeenStopped,,,cplex_cp,,,,exact_native,native_cp+distance_closure,17,56,"1,2,3,4,7,8,9,10,12,13,14,15,16,17,18,19,20,21,22,23,24,25,26,28,29,30,31,32,33,36,37,38,39,40,41,42,43,44,45,47,48,51,53,54,56,57,58,59,60,61,62,63,64,65,66,76",2545,1745,407,407,"7,13,4,10,0,0,6,3,7,11,0,12,13,6,7,10,8,6,13,13,6,5,6,0,14,16,0,1,0,4,3,4,8,0,0,6,14,0,8,10,7,11,12,5,3,0,0,0,0,0,14,0,5,1,0,0,10,2,1,10,4,0,10,0,2,17,0,0,0,0,0,0,0,0,0,6","28,28,28,28,28,28,28,28,28,18,12,14,18,16,20,12,8,4,4,6,2,4","2,7,3,2,4,1,3,8,13,7,6,5,2,3,13,14,1,15,16,14,13,3,15,5,8,4,5,4,9,5,2,9,9,3,1,9,4,18,12,8,7,14,17,15,16,19,15,7,2,1,14,6,17,13,4,11,9,6,8,9,16,1,3,13,20,15,9,6,4,5,1,9,13,5,12,10,11,8,4,3,7,3,1,2,14,16,15,2,8,3,1,7,8,18,22,21,13,17,20,16,14,15,19,4,22,6,5,6,7,1,2,3,11,10,8,9,1,2,5,3,6,7,4,12,7,10,8,9,4,6,8,3,2,5,13,17,11,20,12,15,14,10,7,1,16,8,5,10,6,2,6,7,1,5,9,6,3,2,10,11,15,7,4,9,3,5,10,4,1,12,11,2,6,8,7,1,14,2,8,12,4,13,5,6,7,10,9,15,9,6,12,5,10,8,4",1:M6 M17 M35 M50 M62 M71 M83 M91 M110 M117 M144 M153 M169 M176 | 2:M1 M4 M13 M31 M49 M84 M88 M111 M118 M133 M150 M158 M172 M178 | 3:M3 M7 M14 M22 M34 M63 M80 M82 M90 M112 M120 M132 M157 M165 | 4:M5 M26 M28 M37 M55 M69 M79 M104 M123 M129 M163 M168 M181 M195 | 5:M12 M24 M27 M30 M70 M74 M107 M119 M134 M147 M154 M166 M183 M192 | 6:M11 M52 M58 M68 M106 M108 M121 M130 M149 M151 M156 M173 M184 M190 | 7:M2 M10 M41 M48 M81 M92 M109 M122 M125 M143 M152 M162 M175 M185 | 8:M8 M25 M40 M59 M78 M89 M93 M115 M127 M131 M146 M174 M179 M194 | 9:M29 M32 M33 M36 M57 M60 M67 M72 M116 M128 M155 M164 M187 M189 | 10:M76 M114 M126 M142 M148 M159 M167 M186 M193 | 11:M56 M77 M113 M137 M160 M171 | 12:M39 M75 M124 M139 M170 M180 M191 | 13:M9 M15 M21 M54 M64 M73 M97 M135 M182 | 14:M16 M20 M42 M51 M85 M101 M141 M177 | 15:M18 M23 M44 M47 M66 M87 M102 M140 M161 M188 | 16:M19 M45 M61 M86 M100 M145 | 17:M43 M53 M98 M136 | 18:M38 M94 | 19:M46 M103 | 20:M65 M99 M138 | 21:M96 | 22:M95 M105,one reduced-domain integer time variable per meeting | global all_diff per participant | global count per slot for table capacity | distance-labelled transitive precedence closure | native min/max internal-idle expressions | native max/min range objective over P*,result,native_min_max_span_range
forum-13.fixed040-Forb,b2b-2484f943983220c5,fixed,R-DC-IRP-CPO-CP,Reduced,NativeCP,DistanceClosure-E*,NativeMinMaxSpan,IdleRangePstar,CPLEXCP,N/A,OPTIMAL,SAT,12,12,0.066817,False,34.52,CP,CP-MeetingTime-SpanRange,CP-MeetingTime-SpanRange-Reduced-DistanceClosure,154,0,154,0,0,79,0,,,,154,0,,,cfg3__m-reduced__p-native_cp__g-distance_closure__b-native_min_max_span_range__o-idle_range_pstar__s-cplex_cp__i-na,cfg3__m-reduced__p-native_cp__g-distance_closure__b-native_min_max_span_range__o-idle_range_pstar__s-cplex_cp__i-na,reduced,native_cp,distance_closure,CPLEXCP,CPLEX-CP,DOcplex 2.32.264,n/a,native_min_max_span_range,internal_idle_slot_range_pstar,IRP,NA,,,,,,,,,,0,1,12,0,,92,4,,,,,,"formalism-specific model size: SAT/MaxSAT reports base CNF and soft clauses, MIP reports variables/linear constraints/nonzeros, and CP reports integer variables plus linear/global constraints; SAT bound/totalizer overhead remains separate in optimizer_added_*",3234,1480,1108,1108,0,0,0,0,,,,0.001916,0.029017,0.025118,0.030932,0.035885,"wall-clock from immediately before reading/parsing the .dzn instance through model construction, optimization, solution decoding, and independent validation; excludes worker-process startup and result-file export",12,384,14,peak_process_tree_rss_mb,2484f943983220c53520718a3cd9190d037f35dbc62893cc70f97b5ecfa787fc,fixed040,data_table07_fixed/forum-13.fixed040-Forb.dzn,1,data_table07_fixed/forum-13.fixed040-Forb.dzn,1,data_table07_fixed/forum-13.fixed040-Forb.dzn,https://imae.udg.edu/Recerca/LAI/,https://ima.udg.edu/Recerca/lai/b2b/b2b.zip,,2026-07-24T06:14:03+00:00,7200.0,,6f3ccaf59383a413936ee93d69392f669805b607,True,3.10.12,1.9.dev7,instance-20260722-153126,Linux-6.8.0-1064-gcp-x86_64-with-glibc2.35,x86_64,4,8,15988.055,1,0,/home/dclng566/projects/Business-Meeting-Scheduling-Problem/.venv/bin/python /home/dclng566/projects/Business-Meeting-Scheduling-Problem/src/Main.py --data-dir data_table07_fixed --solver cplex_cp --timeout 7200 --threads 1 --random-seed 0 --csv output/cplex_cp_official/data_table07_fixed/aggregate.csv --long-csv output/cplex_cp_official/data_table07_fixed/detailed.csv --excel-dir output/cplex_cp_official/data_table07_fixed/excel --verbose,,,,,Optimal | SearchCompleted | SearchHasNotBeenStopped,,,cplex_cp,,,,exact_native,native_cp+distance_closure,12,58,"1,2,3,4,5,6,7,8,9,10,11,12,13,14,15,16,18,19,23,24,25,26,27,28,29,30,31,32,33,34,35,36,37,38,39,40,41,42,44,45,46,47,48,49,50,52,53,54,56,57,59,60,62,63,64,65,66,70",1480,1754,372,372,"2,3,13,5,3,7,6,6,10,2,9,7,2,14,2,3,0,11,2,0,0,0,9,5,3,14,4,7,9,2,9,9,12,2,3,9,4,14,13,11,7,9,0,11,2,13,2,2,3,14,0,4,2,2,0,8,7,0,10,2,0,3,11,8,8,6,0,0,0,4","28,28,28,28,28,24,22,18,16,24,12,6,10,8,2,4,6,0,2,8,6","6,9,2,7,5,11,3,4,1,14,7,6,21,5,8,9,10,17,4,2,3,5,1,8,7,2,10,7,2,3,4,1,5,8,5,2,11,4,3,1,12,4,14,15,16,13,3,1,3,7,5,16,2,20,6,21,19,6,10,1,11,9,9,8,20,5,10,4,1,7,8,2,3,6,9,13,5,4,2,1,13,8,6,10,5,7,3,9,10,20,8,9,7,3,5,14,6,4,3,2,10,13,4,1,10,3,4,7,1,2,12,5,6,3,4,2,1,11,10,6,5,5,10,20,1,4,6,11,8,2,7,14,17,9,3,11,13,5,12,21,8,6,7,4,17,2,1,10,6,1,10,2,3,4",1:M9 M23 M32 M40 M48 M60 M69 M80 M104 M109 M117 M125 M147 M150 | 2:M3 M20 M26 M29 M36 M53 M72 M79 M100 M110 M116 M130 M146 M152 | 3:M7 M21 M30 M39 M47 M49 M73 M87 M94 M99 M106 M114 M135 M153 | 4:M8 M19 M31 M38 M42 M68 M78 M98 M103 M107 M115 M126 M144 M154 | 5:M5 M14 M22 M33 M35 M51 M66 M77 M85 M95 M112 M121 M122 M138 | 6:M1 M12 M55 M58 M74 M83 M97 M113 M120 M127 M142 M149 | 7:M4 M11 M25 M28 M50 M70 M86 M93 M108 M131 M143 | 8:M15 M24 M34 M64 M71 M82 M91 M129 M141 | 9:M2 M16 M62 M63 M75 M88 M92 M134 | 10:M17 M27 M59 M67 M84 M89 M101 M105 M119 M123 M148 M151 | 11:M6 M37 M61 M118 M128 M136 | 12:M41 M111 M139 | 13:M46 M76 M81 M102 M137 | 14:M10 M43 M96 M132 | 15:M44 | 16:M45 M52 | 17:M18 M133 M145 | 18: | 19:M57 | 20:M54 M65 M90 M124 | 21:M13 M56 M140,one reduced-domain integer time variable per meeting | global all_diff per participant | global count per slot for table capacity | distance-labelled transitive precedence closure | native min/max internal-idle expressions | native max/min range objective over P*,result,native_min_max_span_range
tic-13.fixed040-Forb,b2b-258117be621917b1,fixed,R-DC-IRP-CPO-CP,Reduced,NativeCP,DistanceClosure-E*,NativeMinMaxSpan,IdleRangePstar,CPLEXCP,N/A,OPTIMAL,SAT,4,4,0.059881,False,34.621,CP,CP-MeetingTime-SpanRange,CP-MeetingTime-SpanRange-Reduced-DistanceClosure,180,0,180,0,0,55,0,,,,180,0,,,cfg3__m-reduced__p-native_cp__g-distance_closure__b-native_min_max_span_range__o-idle_range_pstar__s-cplex_cp__i-na,cfg3__m-reduced__p-native_cp__g-distance_closure__b-native_min_max_span_range__o-idle_range_pstar__s-cplex_cp__i-na,reduced,native_cp,distance_closure,CPLEXCP,CPLEX-CP,DOcplex 2.32.264,n/a,native_min_max_span_range,internal_idle_slot_range_pstar,IRP,NA,,,,,,,,,,0,1,4,0,,72,4,,,,,,"formalism-specific model size: SAT/MaxSAT reports base CNF and soft clauses, MIP reports variables/linear constraints/nonzeros, and CP reports integer variables plus linear/global constraints; SAT bound/totalizer overhead remains separate in optimizer_added_*",1800,1152,576,576,0,0,0,0,,,,0.001933,0.026697,0.020748,0.028629,0.031251,"wall-clock from immediately before reading/parsing the .dzn instance through model construction, optimization, solution decoding, and independent validation; excludes worker-process startup and result-file export",4,57,4,peak_process_tree_rss_mb,258117be621917b1dc82611e4ccc76a645c00c6b95f30f0fb115c746fe51854d,fixed040,data_table07_fixed/tic-13.fixed040-Forb.dzn,1,data_table07_fixed/tic-13.fixed040-Forb.dzn,1,data_table07_fixed/tic-13.fixed040-Forb.dzn,https://imae.udg.edu/Recerca/LAI/,https://ima.udg.edu/Recerca/lai/b2b/b2b.zip,,2026-07-24T06:14:03+00:00,7200.0,,6f3ccaf59383a413936ee93d69392f669805b607,True,3.10.12,1.9.dev7,instance-20260722-153126,Linux-6.8.0-1064-gcp-x86_64-with-glibc2.35,x86_64,4,8,15988.055,1,0,/home/dclng566/projects/Business-Meeting-Scheduling-Problem/.venv/bin/python /home/dclng566/projects/Business-Meeting-Scheduling-Problem/src/Main.py --data-dir data_table07_fixed --solver cplex_cp --timeout 7200 --threads 1 --random-seed 0 --csv output/cplex_cp_official/data_table07_fixed/aggregate.csv --long-csv output/cplex_cp_official/data_table07_fixed/detailed.csv --excel-dir output/cplex_cp_official/data_table07_fixed/excel --verbose,,,,,Optimal | SearchCompleted | SearchHasNotBeenStopped,,,cplex_cp,,,,exact_native,native_cp+distance_closure,4,45,"1,3,4,5,6,7,8,9,10,11,12,13,14,15,16,17,18,19,20,21,22,23,24,25,26,27,28,29,30,31,32,33,34,35,36,37,38,40,41,42,43,44,45,46,47",1152,648,576,576,"0,0,3,1,2,1,4,1,4,0,0,3,0,0,3,1,1,0,1,3,1,1,0,2,2,1,0,0,3,1,3,0,2,1,0,2,4,0,0,0,0,2,0,0,2,2,0","38,38,42,34,40,34,38,36,30,30","5,9,7,10,6,1,2,3,8,4,8,7,3,5,10,4,1,3,9,2,5,7,4,2,5,9,10,3,6,6,3,7,2,4,9,1,5,10,2,8,5,7,2,3,6,4,1,8,9,9,1,7,3,4,9,7,8,3,6,5,4,2,1,8,3,6,8,5,1,2,3,10,6,8,1,7,4,9,5,3,7,8,10,4,6,1,7,2,8,2,9,6,5,10,7,3,10,3,8,1,5,9,4,5,6,7,9,8,5,2,8,4,9,10,6,7,6,1,7,6,10,8,5,3,1,2,4,6,8,10,1,6,4,8,2,10,9,2,8,3,1,4,5,1,7,3,9,2,4,6,2,5,4,10,1,5,3,1,5,3,2,3,7,9,6,10,4,5,3,2,1,7,8,7,10,3,1,5,2,7",1:M6 M17 M36 M47 M51 M63 M69 M75 M86 M100 M118 M125 M131 M141 M144 M155 M158 M171 M177 | 2:M7 M20 M24 M33 M39 M43 M62 M70 M88 M90 M110 M126 M135 M138 M148 M151 M161 M170 M179 | 3:M8 M13 M18 M28 M31 M44 M53 M58 M65 M71 M80 M96 M98 M124 M140 M146 M157 M160 M162 M169 M176 | 4:M10 M16 M23 M34 M46 M54 M61 M77 M84 M103 M112 M127 M133 M142 M149 M153 M167 | 5:M1 M14 M21 M25 M37 M41 M60 M68 M79 M93 M101 M104 M109 M123 M143 M152 M156 M159 M168 M178 | 6:M5 M29 M30 M45 M59 M66 M73 M85 M92 M105 M115 M117 M120 M128 M132 M150 M165 | 7:M3 M12 M22 M32 M42 M52 M56 M76 M81 M87 M95 M106 M116 M119 M145 M163 M172 M174 M180 | 8:M9 M11 M40 M48 M57 M64 M67 M74 M82 M89 M99 M108 M111 M122 M129 M134 M139 M173 | 9:M2 M19 M26 M35 M49 M50 M55 M78 M91 M102 M107 M113 M137 M147 M164 | 10:M4 M15 M27 M38 M72 M83 M94 M97 M114 M121 M130 M136 M154 M166 M175,one reduced-domain integer time variable per meeting | global all_diff per participant | global count per slot for table capacity | distance-labelled transitive precedence closure | native min/max internal-idle expressions | native max/min range objective over P*,result,native_min_max_span_range
tic-13crafc.fixed040-Forb,b2b-26468607e0b6d3b7,fixed,R-DC-IRP-CPO-CP,Reduced,NativeCP,DistanceClosure-E*,NativeMinMaxSpan,IdleRangePstar,CPLEXCP,N/A,OPTIMAL,SAT,4,4,0.059797,False,34.57,CP,CP-MeetingTime-SpanRange,CP-MeetingTime-SpanRange-Reduced-DistanceClosure,180,0,180,0,0,55,0,,,,180,0,,,cfg3__m-reduced__p-native_cp__g-distance_closure__b-native_min_max_span_range__o-idle_range_pstar__s-cplex_cp__i-na,cfg3__m-reduced__p-native_cp__g-distance_closure__b-native_min_max_span_range__o-idle_range_pstar__s-cplex_cp__i-na,reduced,native_cp,distance_closure,CPLEXCP,CPLEX-CP,DOcplex 2.32.264,n/a,native_min_max_span_range,internal_idle_slot_range_pstar,IRP,NA,,,,,,,,,,0,1,4,0,,71,7,,,,,,"formalism-specific model size: SAT/MaxSAT reports base CNF and soft clauses, MIP reports variables/linear constraints/nonzeros, and CP reports integer variables plus linear/global constraints; SAT bound/totalizer overhead remains separate in optimizer_added_*",1800,1152,576,576,0,0,0,0,,,,0.001917,0.026905,0.020607,0.028822,0.030975,"wall-clock from immediately before reading/parsing the .dzn instance through model construction, optimization, solution decoding, and independent validation; excludes worker-process startup and result-file export",4,58,4,peak_process_tree_rss_mb,26468607e0b6d3b7908dab6b25e4a0c1ba14e9886e3c682b9e80f10dceaefcd5,fixed040,data_table07_fixed/tic-13crafc.fixed040-Forb.dzn,1,data_table07_fixed/tic-13crafc.fixed040-Forb.dzn,1,data_table07_fixed/tic-13crafc.fixed040-Forb.dzn,https://imae.udg.edu/Recerca/LAI/,https://ima.udg.edu/Recerca/lai/b2b/b2b.zip,,2026-07-24T06:14:03+00:00,7200.0,,6f3ccaf59383a413936ee93d69392f669805b607,True,3.10.12,1.9.dev7,instance-20260722-153126,Linux-6.8.0-1064-gcp-x86_64-with-glibc2.35,x86_64,4,8,15988.055,1,0,/home/dclng566/projects/Business-Meeting-Scheduling-Problem/.venv/bin/python /home/dclng566/projects/Business-Meeting-Scheduling-Problem/src/Main.py --data-dir data_table07_fixed --solver cplex_cp --timeout 7200 --threads 1 --random-seed 0 --csv output/cplex_cp_official/data_table07_fixed/aggregate.csv --long-csv output/cplex_cp_official/data_table07_fixed/detailed.csv --excel-dir output/cplex_cp_official/data_table07_fixed/excel --verbose,,,,,Optimal | SearchCompleted | SearchHasNotBeenStopped,,,cplex_cp,,,,exact_native,native_cp+distance_closure,4,45,"1,3,4,5,6,7,8,9,10,11,12,13,14,15,16,17,18,19,20,21,22,23,24,25,26,27,28,29,30,31,32,33,34,35,36,37,38,40,41,42,43,44,45,46,47",1152,648,576,576,"0,0,3,1,1,1,4,1,4,0,0,4,0,0,1,1,1,0,1,3,3,1,0,3,2,1,0,0,3,2,3,0,1,1,0,2,4,0,0,0,0,2,0,0,2,2,0","36,36,38,36,38,36,38,38,32,32","5,9,7,10,6,1,2,3,8,4,8,7,3,5,10,4,1,6,9,2,5,7,4,8,5,9,10,3,6,6,3,7,2,4,9,1,5,10,2,8,5,7,2,3,6,4,1,8,9,9,1,7,8,4,9,7,8,3,6,5,4,2,1,8,3,6,8,10,9,2,3,10,6,2,1,7,4,9,5,3,7,8,10,4,6,1,7,4,8,2,9,6,5,10,7,3,10,3,8,1,5,9,4,5,6,7,9,8,5,2,8,4,9,10,6,7,6,1,7,6,1,8,5,3,1,2,4,6,8,10,1,6,4,8,2,10,9,2,8,3,10,4,5,1,7,3,9,2,4,6,2,5,4,10,1,5,3,1,5,3,2,3,7,9,6,10,4,5,3,2,1,7,8,7,10,3,1,5,2,7",1:M6 M17 M36 M47 M51 M63 M75 M86 M100 M118 M121 M125 M131 M144 M155 M158 M171 M177 | 2:M7 M20 M33 M39 M43 M62 M70 M74 M90 M110 M126 M135 M138 M148 M151 M161 M170 M179 | 3:M8 M13 M28 M31 M44 M58 M65 M71 M80 M96 M98 M124 M140 M146 M157 M160 M162 M169 M176 | 4:M10 M16 M23 M34 M46 M54 M61 M77 M84 M88 M103 M112 M127 M133 M142 M149 M153 M167 | 5:M1 M14 M21 M25 M37 M41 M60 M79 M93 M101 M104 M109 M123 M143 M152 M156 M159 M168 M178 | 6:M5 M18 M29 M30 M45 M59 M66 M73 M85 M92 M105 M115 M117 M120 M128 M132 M150 M165 | 7:M3 M12 M22 M32 M42 M52 M56 M76 M81 M87 M95 M106 M116 M119 M145 M163 M172 M174 M180 | 8:M9 M11 M24 M40 M48 M53 M57 M64 M67 M82 M89 M99 M108 M111 M122 M129 M134 M139 M173 | 9:M2 M19 M26 M35 M49 M50 M55 M69 M78 M91 M102 M107 M113 M137 M147 M164 | 10:M4 M15 M27 M38 M68 M72 M83 M94 M97 M114 M130 M136 M141 M154 M166 M175,one reduced-domain integer time variable per meeting | global all_diff per participant | global count per slot for table capacity | distance-labelled transitive precedence closure | native min/max internal-idle expressions | native max/min range objective over P*,result,native_min_max_span_range
tic-14crafa.fixed040-Forb,b2b-2b75cc24046a04af,fixed,R-DC-IRP-CPO-CP,Reduced,NativeCP,DistanceClosure-E*,NativeMinMaxSpan,IdleRangePstar,CPLEXCP,N/A,UNSAT,UNSAT,,,0.046234,False,49.805,CP,CP-MeetingTime-SpanRange,CP-MeetingTime-SpanRange-Reduced-DistanceClosure,237,0,237,0,1,69,0,,,,237,0,,,cfg3__m-reduced__p-native_cp__g-distance_closure__b-native_min_max_span_range__o-idle_range_pstar__s-cplex_cp__i-na,cfg3__m-reduced__p-native_cp__g-distance_closure__b-native_min_max_span_range__o-idle_range_pstar__s-cplex_cp__i-na,reduced,native_cp,distance_closure,CPLEXCP,CPLEX-CP,DOcplex 2.32.264,n/a,native_min_max_span_range,internal_idle_slot_range_pstar,IRP,NA,,,,,,,,,,0,1,3,,,0,1,,,,,,"formalism-specific model size: SAT/MaxSAT reports base CNF and soft clauses, MIP reports variables/linear constraints/nonzeros, and CP reports integer variables plus linear/global constraints; SAT bound/totalizer overhead remains separate in optimizer_added_*",2370,1524,891,891,0,0,0,0,,,,0.002341,0.014194,0.02149,0.016535,0.029699,"wall-clock from immediately before reading/parsing the .dzn instance through model construction, optimization, solution decoding, and independent validation; excludes worker-process startup and result-file export",,,,peak_process_tree_rss_mb,2b75cc24046a04afbef92436e1e6c41b4b19597690927df6a8bd4d7d206a241e,fixed040,data_table07_fixed/tic-14crafa.fixed040-Forb.dzn,1,data_table07_fixed/tic-14crafa.fixed040-Forb.dzn,1,data_table07_fixed/tic-14crafa.fixed040-Forb.dzn,https://imae.udg.edu/Recerca/LAI/,https://ima.udg.edu/Recerca/lai/b2b/b2b.zip,,2026-07-24T06:14:03+00:00,7200.0,,6f3ccaf59383a413936ee93d69392f669805b607,True,3.10.12,1.9.dev7,instance-20260722-153126,Linux-6.8.0-1064-gcp-x86_64-with-glibc2.35,x86_64,4,8,15988.055,1,0,/home/dclng566/projects/Business-Meeting-Scheduling-Problem/.venv/bin/python /home/dclng566/projects/Business-Meeting-Scheduling-Problem/src/Main.py --data-dir data_table07_fixed --solver cplex_cp --timeout 7200 --threads 1 --random-seed 0 --csv output/cplex_cp_official/data_table07_fixed/aggregate.csv --long-csv output/cplex_cp_official/data_table07_fixed/detailed.csv --excel-dir output/cplex_cp_official/data_table07_fixed/excel --verbose,,,,,Infeasible | SearchCompleted | SearchHasNotBeenStopped,,,cplex_cp,,,,exact_native,native_cp+distance_closure,,59,"1,2,3,4,5,6,7,8,9,10,11,12,13,14,15,16,17,18,20,21,22,23,24,25,26,27,28,29,30,31,32,33,34,35,36,37,38,39,40,41,42,43,44,45,46,47,48,49,50,51,52,53,54,55,56,57,58,59,60",1524,846,633,633,,,,,one reduced-domain integer time variable per meeting | global all_diff per participant | global count per slot for table capacity | distance-labelled transitive precedence closure | native min/max internal-idle expressions | native max/min range objective over P*,result,native_min_max_span_range
tic-12crafc.fixed020-Forb,b2b-2db2e812b65b8b00,fixed,R-DC-IRP-CPO-CP,Reduced,NativeCP,DistanceClosure-E*,NativeMinMaxSpan,IdleRangePstar,CPLEXCP,N/A,OPTIMAL,SAT,4,4,0.051437,False,37.023,CP,CP-MeetingTime-SpanRange,CP-MeetingTime-SpanRange-Reduced-DistanceClosure,125,0,125,0,0,47,0,,,,125,0,,,cfg3__m-reduced__p-native_cp__g-distance_closure__b-native_min_max_span_range__o-idle_range_pstar__s-cplex_cp__i-na,cfg3__m-reduced__p-native_cp__g-distance_closure__b-native_min_max_span_range__o-idle_range_pstar__s-cplex_cp__i-na,reduced,native_cp,distance_closure,CPLEXCP,CPLEX-CP,DOcplex 2.32.264,n/a,native_min_max_span_range,internal_idle_slot_range_pstar,IRP,NA,,,,,,,,,,0,1,4,0,,64,4,,,,,,"formalism-specific model size: SAT/MaxSAT reports base CNF and soft clauses, MIP reports variables/linear constraints/nonzeros, and CP reports integer variables plus linear/global constraints; SAT bound/totalizer overhead remains separate in optimizer_added_*",1000,825,590,590,0,0,0,0,,,,0.001582,0.019776,0.020478,0.021358,0.030079,"wall-clock from immediately before reading/parsing the .dzn instance through model construction, optimization, solution decoding, and independent validation; excludes worker-process startup and result-file export",4,32,4,peak_process_tree_rss_mb,2db2e812b65b8b00998818cf42ec19ffc1208d7bf35cbec6cb14757871987f7e,fixed020,data_table07_fixed/tic-12crafc.fixed020-Forb.dzn,1,data_table07_fixed/tic-12crafc.fixed020-Forb.dzn,1,data_table07_fixed/tic-12crafc.fixed020-Forb.dzn,https://imae.udg.edu/Recerca/LAI/,https://ima.udg.edu/Recerca/lai/b2b/b2b.zip,,2026-07-24T06:14:03+00:00,7200.0,,6f3ccaf59383a413936ee93d69392f669805b607,True,3.10.12,1.9.dev7,instance-20260722-153126,Linux-6.8.0-1064-gcp-x86_64-with-glibc2.35,x86_64,4,8,15988.055,1,0,/home/dclng566/projects/Business-Meeting-Scheduling-Problem/.venv/bin/python /home/dclng566/projects/Business-Meeting-Scheduling-Problem/src/Main.py --data-dir data_table07_fixed --solver cplex_cp --timeout 7200 --threads 1 --random-seed 0 --csv output/cplex_cp_official/data_table07_fixed/aggregate.csv --long-csv output/cplex_cp_official/data_table07_fixed/detailed.csv --excel-dir output/cplex_cp_official/data_table07_fixed/excel --verbose,,,,,Optimal | SearchCompleted | SearchHasNotBeenStopped,,,cplex_cp,,,,exact_native,native_cp+distance_closure,4,39,"1,2,3,4,5,6,7,8,9,10,11,12,13,14,15,16,17,18,19,20,21,22,23,24,25,26,27,28,29,30,31,32,33,34,35,36,39,41,42",825,175,235,235,"0,2,0,0,0,0,1,1,0,0,0,1,4,0,0,4,0,0,4,2,1,1,3,0,0,0,0,0,4,0,0,1,0,1,0,0,0,0,2,0,0,0","32,32,32,32,28,32,30,32","6,4,1,5,8,8,1,3,7,3,2,2,5,8,7,1,3,6,6,2,5,7,3,8,5,3,1,2,4,7,6,8,1,5,6,4,7,2,2,4,1,6,8,5,3,6,3,8,4,2,8,5,2,3,7,4,1,6,2,7,5,8,6,4,1,7,2,3,1,8,3,2,6,7,4,5,6,4,4,8,6,5,7,3,1,2,6,4,1,5,7,1,6,4,5,3,7,8,2,4,2,5,1,8,3,8,3,4,1,7,2,7,4,8,3,6,1,5,1,4,7,2,8,3,6",1:M3 M7 M16 M27 M33 M41 M57 M65 M69 M85 M89 M92 M103 M109 M117 M119 | 2:M11 M12 M20 M28 M38 M39 M50 M53 M59 M67 M72 M86 M99 M101 M111 M122 | 3:M8 M10 M17 M23 M26 M45 M47 M54 M68 M71 M84 M96 M105 M107 M115 M124 | 4:M2 M29 M36 M40 M49 M56 M64 M75 M78 M79 M88 M94 M100 M108 M113 M120 | 5:M4 M13 M21 M25 M34 M44 M52 M61 M76 M82 M90 M95 M102 M118 | 6:M1 M18 M19 M31 M35 M42 M46 M58 M63 M73 M77 M81 M87 M93 M116 M125 | 7:M9 M15 M22 M30 M37 M55 M60 M66 M74 M83 M91 M97 M110 M112 M121 | 8:M5 M6 M14 M24 M32 M43 M48 M51 M62 M70 M80 M98 M104 M106 M114 M123,one reduced-domain integer time variable per meeting | global all_diff per participant | global count per slot for table capacity | distance-labelled transitive precedence closure | native min/max internal-idle expressions | native max/min range objective over P*,result,native_min_max_span_range
forum-13crafb.fixed040-Forb,b2b-39598e5e6cfbae3a,fixed,R-DC-IRP-CPO-CP,Reduced,NativeCP,DistanceClosure-E*,NativeMinMaxSpan,IdleRangePstar,CPLEXCP,N/A,UNSAT,UNSAT,,,0.038777,False,38.098,CP,CP-MeetingTime-SpanRange,CP-MeetingTime-SpanRange-Reduced-DistanceClosure,195,0,195,0,1,78,0,,,,195,0,,,cfg3__m-reduced__p-native_cp__g-distance_closure__b-native_min_max_span_range__o-idle_range_pstar__s-cplex_cp__i-na,cfg3__m-reduced__p-native_cp__g-distance_closure__b-native_min_max_span_range__o-idle_range_pstar__s-cplex_cp__i-na,reduced,native_cp,distance_closure,CPLEXCP,CPLEX-CP,DOcplex 2.32.264,n/a,native_min_max_span_range,internal_idle_slot_range_pstar,IRP,NA,,,,,,,,,,0,1,17,,,0,1,,,,,,"formalism-specific model size: SAT/MaxSAT reports base CNF and soft clauses, MIP reports variables/linear constraints/nonzeros, and CP reports integer variables plus linear/global constraints; SAT bound/totalizer overhead remains separate in optimizer_added_*",4290,1991,1862,1862,0,0,0,0,,,,0.002158,0.007367,0.021309,0.009525,0.029252,"wall-clock from immediately before reading/parsing the .dzn instance through model construction, optimization, solution decoding, and independent validation; excludes worker-process startup and result-file export",,,,peak_process_tree_rss_mb,39598e5e6cfbae3a525691f20903e82eafb6958c238efb7c2b82ee27e694f775,fixed040,data_table07_fixed/forum-13crafb.fixed040-Forb.dzn,1,data_table07_fixed/forum-13crafb.fixed040-Forb.dzn,1,data_table07_fixed/forum-13crafb.fixed040-Forb.dzn,https://imae.udg.edu/Recerca/LAI/,https://ima.udg.edu/Recerca/lai/b2b/b2b.zip,,2026-07-24T06:14:03+00:00,7200.0,,6f3ccaf59383a413936ee93d69392f669805b607,True,3.10.12,1.9.dev7,instance-20260722-153126,Linux-6.8.0-1064-gcp-x86_64-with-glibc2.35,x86_64,4,8,15988.055,1,0,/home/dclng566/projects/Business-Meeting-Scheduling-Problem/.venv/bin/python /home/dclng566/projects/Business-Meeting-Scheduling-Problem/src/Main.py --data-dir data_table07_fixed --solver cplex_cp --timeout 7200 --threads 1 --random-seed 0 --csv output/cplex_cp_official/data_table07_fixed/aggregate.csv --long-csv output/cplex_cp_official/data_table07_fixed/detailed.csv --excel-dir output/cplex_cp_official/data_table07_fixed/excel --verbose,,,,,Infeasible | SearchCompleted | SearchHasNotBeenStopped,,,cplex_cp,,,,exact_native,native_cp+distance_closure,,56,"1,2,3,4,7,8,9,10,12,13,14,15,16,17,18,19,20,21,22,23,24,25,26,28,29,30,31,32,33,36,37,38,39,40,41,42,43,44,45,47,48,51,53,54,56,57,58,59,60,61,62,63,64,65,66,76",1991,2299,129,129,,,,,one reduced-domain integer time variable per meeting | global all_diff per participant | global count per slot for table capacity | distance-labelled transitive precedence closure | native min/max internal-idle expressions | native max/min range objective over P*,result,native_min_max_span_range
forumt-14crafc.fixed040-Forb,b2b-4aa41cba1098bda4,fixed,R-DC-IRP-CPO-CP,Reduced,NativeCP,DistanceClosure-E*,NativeMinMaxSpan,IdleRangePstar,CPLEXCP,N/A,UNSAT,UNSAT,,,0.042946,False,38.051,CP,CP-MeetingTime-SpanRange,CP-MeetingTime-SpanRange-Reduced-DistanceClosure,237,0,237,0,1,69,0,,,,237,0,,,cfg3__m-reduced__p-native_cp__g-distance_closure__b-native_min_max_span_range__o-idle_range_pstar__s-cplex_cp__i-na,cfg3__m-reduced__p-native_cp__g-distance_closure__b-native_min_max_span_range__o-idle_range_pstar__s-cplex_cp__i-na,reduced,native_cp,distance_closure,CPLEXCP,CPLEX-CP,DOcplex 2.32.264,n/a,native_min_max_span_range,internal_idle_slot_range_pstar,IRP,NA,,,,,,,,,,0,1,3,,,0,1,,,,,,"formalism-specific model size: SAT/MaxSAT reports base CNF and soft clauses, MIP reports variables/linear constraints/nonzeros, and CP reports integer variables plus linear/global constraints; SAT bound/totalizer overhead remains separate in optimizer_added_*",2370,1467,999,999,0,0,0,0,,,,0.002331,0.010894,0.021488,0.013225,0.029721,"wall-clock from immediately before reading/parsing the .dzn instance through model construction, optimization, solution decoding, and independent validation; excludes worker-process startup and result-file export",,,,peak_process_tree_rss_mb,4aa41cba1098bda4e1db3244db9de9ef1f0116133d665929fe43c36968f77c9c,fixed040,data_table07_fixed/forumt-14crafc.fixed040-Forb.dzn,1,data_table07_fixed/forumt-14crafc.fixed040-Forb.dzn,1,data_table07_fixed/forumt-14crafc.fixed040-Forb.dzn,https://imae.udg.edu/Recerca/LAI/,https://ima.udg.edu/Recerca/lai/b2b/b2b.zip,,2026-07-24T06:14:03+00:00,7200.0,,6f3ccaf59383a413936ee93d69392f669805b607,True,3.10.12,1.9.dev7,instance-20260722-153126,Linux-6.8.0-1064-gcp-x86_64-with-glibc2.35,x86_64,4,8,15988.055,1,0,/home/dclng566/projects/Business-Meeting-Scheduling-Problem/.venv/bin/python /home/dclng566/projects/Business-Meeting-Scheduling-Problem/src/Main.py --data-dir data_table07_fixed --solver cplex_cp --timeout 7200 --threads 1 --random-seed 0 --csv output/cplex_cp_official/data_table07_fixed/aggregate.csv --long-csv output/cplex_cp_official/data_table07_fixed/detailed.csv --excel-dir output/cplex_cp_official/data_table07_fixed/excel --verbose,,,,,Infeasible | SearchCompleted | SearchHasNotBeenStopped,,,cplex_cp,,,,exact_native,native_cp+distance_closure,,59,"1,2,3,4,5,6,7,8,9,10,11,12,13,14,15,16,17,18,20,21,22,23,24,25,26,27,28,29,30,31,32,33,34,35,36,37,38,39,40,41,42,43,44,45,46,47,48,49,50,51,52,53,54,55,56,57,58,59,60",1467,903,468,468,,,,,one reduced-domain integer time variable per meeting | global all_diff per participant | global count per slot for table capacity | distance-labelled transitive precedence closure | native min/max internal-idle expressions | native max/min range objective over P*,result,native_min_max_span_range
forumt-14crafe.fixed040-Forb,b2b-5359dd083a8ad211,fixed,R-DC-IRP-CPO-CP,Reduced,NativeCP,DistanceClosure-E*,NativeMinMaxSpan,IdleRangePstar,CPLEXCP,N/A,UNSAT,UNSAT,,,0.046472,False,37.332,CP,CP-MeetingTime-SpanRange,CP-MeetingTime-SpanRange-Reduced-DistanceClosure,236,0,236,0,1,69,0,,,,236,0,,,cfg3__m-reduced__p-native_cp__g-distance_closure__b-native_min_max_span_range__o-idle_range_pstar__s-cplex_cp__i-na,cfg3__m-reduced__p-native_cp__g-distance_closure__b-native_min_max_span_range__o-idle_range_pstar__s-cplex_cp__i-na,reduced,native_cp,distance_closure,CPLEXCP,CPLEX-CP,DOcplex 2.32.264,n/a,native_min_max_span_range,internal_idle_slot_range_pstar,IRP,NA,,,,,,,,,,0,1,4,,,0,1,,,,,,"formalism-specific model size: SAT/MaxSAT reports base CNF and soft clauses, MIP reports variables/linear constraints/nonzeros, and CP reports integer variables plus linear/global constraints; SAT bound/totalizer overhead remains separate in optimizer_added_*",2360,1464,872,872,0,0,0,0,,,,0.002367,0.012565,0.023297,0.014932,0.03154,"wall-clock from immediately before reading/parsing the .dzn instance through model construction, optimization, solution decoding, and independent validation; excludes worker-process startup and result-file export",,,,peak_process_tree_rss_mb,5359dd083a8ad211155ac001c0f45a7f5deb9c268bd997234153c115b1a952ea,fixed040,data_table07_fixed/forumt-14crafe.fixed040-Forb.dzn,1,data_table07_fixed/forumt-14crafe.fixed040-Forb.dzn,1,data_table07_fixed/forumt-14crafe.fixed040-Forb.dzn,https://imae.udg.edu/Recerca/LAI/,https://ima.udg.edu/Recerca/lai/b2b/b2b.zip,,2026-07-24T06:14:03+00:00,7200.0,,6f3ccaf59383a413936ee93d69392f669805b607,True,3.10.12,1.9.dev7,instance-20260722-153126,Linux-6.8.0-1064-gcp-x86_64-with-glibc2.35,x86_64,4,8,15988.055,1,0,/home/dclng566/projects/Business-Meeting-Scheduling-Problem/.venv/bin/python /home/dclng566/projects/Business-Meeting-Scheduling-Problem/src/Main.py --data-dir data_table07_fixed --solver cplex_cp --timeout 7200 --threads 1 --random-seed 0 --csv output/cplex_cp_official/data_table07_fixed/aggregate.csv --long-csv output/cplex_cp_official/data_table07_fixed/detailed.csv --excel-dir output/cplex_cp_official/data_table07_fixed/excel --verbose,,,,,Infeasible | SearchCompleted | SearchHasNotBeenStopped,,,cplex_cp,,,,exact_native,native_cp+distance_closure,,59,"1,2,3,4,5,6,7,8,9,10,11,12,13,14,15,16,17,18,20,21,22,23,24,25,26,27,28,29,30,31,32,33,34,35,36,37,38,39,40,41,42,43,44,45,46,47,48,49,50,51,52,53,54,55,56,57,58,59,60",1464,896,592,592,,,,,one reduced-domain integer time variable per meeting | global all_diff per participant | global count per slot for table capacity | distance-labelled transitive precedence closure | native min/max internal-idle expressions | native max/min range objective over P*,result,native_min_max_span_range
tic-12.fixed040-Forb,b2b-5461a3780bea0365,fixed,R-DC-IRP-CPO-CP,Reduced,NativeCP,DistanceClosure-E*,NativeMinMaxSpan,IdleRangePstar,CPLEXCP,N/A,UNSAT,UNSAT,,,0.031474,False,37.539,CP,CP-MeetingTime-SpanRange,CP-MeetingTime-SpanRange-Reduced-DistanceClosure,125,0,125,0,1,47,0,,,,125,0,,,cfg3__m-reduced__p-native_cp__g-distance_closure__b-native_min_max_span_range__o-idle_range_pstar__s-cplex_cp__i-na,cfg3__m-reduced__p-native_cp__g-distance_closure__b-native_min_max_span_range__o-idle_range_pstar__s-cplex_cp__i-na,reduced,native_cp,distance_closure,CPLEXCP,CPLEX-CP,DOcplex 2.32.264,n/a,native_min_max_span_range,internal_idle_slot_range_pstar,IRP,NA,,,,,,,,,,0,1,4,,,0,1,,,,,,"formalism-specific model size: SAT/MaxSAT reports base CNF and soft clauses, MIP reports variables/linear constraints/nonzeros, and CP reports integer variables plus linear/global constraints; SAT bound/totalizer overhead remains separate in optimizer_added_*",1000,650,545,545,0,0,0,0,,,,0.001554,0.002258,0.021066,0.003813,0.027662,"wall-clock from immediately before reading/parsing the .dzn instance through model construction, optimization, solution decoding, and independent validation; excludes worker-process startup and result-file export",,,,peak_process_tree_rss_mb,5461a3780bea0365c04358fd9587aa536b00e15b7bcabb809288cde18c166127,fixed040,data_table07_fixed/tic-12.fixed040-Forb.dzn,1,data_table07_fixed/tic-12.fixed040-Forb.dzn,1,data_table07_fixed/tic-12.fixed040-Forb.dzn,https://imae.udg.edu/Recerca/LAI/,https://ima.udg.edu/Recerca/lai/b2b/b2b.zip,,2026-07-24T06:14:03+00:00,7200.0,,6f3ccaf59383a413936ee93d69392f669805b607,True,3.10.12,1.9.dev7,instance-20260722-153126,Linux-6.8.0-1064-gcp-x86_64-with-glibc2.35,x86_64,4,8,15988.055,1,0,/home/dclng566/projects/Business-Meeting-Scheduling-Problem/.venv/bin/python /home/dclng566/projects/Business-Meeting-Scheduling-Problem/src/Main.py --data-dir data_table07_fixed --solver cplex_cp --timeout 7200 --threads 1 --random-seed 0 --csv output/cplex_cp_official/data_table07_fixed/aggregate.csv --long-csv output/cplex_cp_official/data_table07_fixed/detailed.csv --excel-dir output/cplex_cp_official/data_table07_fixed/excel --verbose,,,,,Infeasible | SearchCompleted | SearchHasNotBeenStopped,,,cplex_cp,,,,exact_native,native_cp+distance_closure,,39,"1,2,3,4,5,6,7,8,9,10,11,12,13,14,15,16,17,18,19,20,21,22,23,24,25,26,27,28,29,30,31,32,33,34,35,36,39,41,42",650,350,105,105,,,,,one reduced-domain integer time variable per meeting | global all_diff per participant | global count per slot for table capacity | distance-labelled transitive precedence closure | native min/max internal-idle expressions | native max/min range objective over P*,result,native_min_max_span_range
tic-14crafa.fixed020-Forb,b2b-62746a8d315a262a,fixed,R-DC-IRP-CPO-CP,Reduced,NativeCP,DistanceClosure-E*,NativeMinMaxSpan,IdleRangePstar,CPLEXCP,N/A,OPTIMAL,SAT,2,2,0.102192,False,49.574,CP,CP-MeetingTime-SpanRange,CP-MeetingTime-SpanRange-Reduced-DistanceClosure,237,0,237,0,0,69,0,,,,237,0,,,cfg3__m-reduced__p-native_cp__g-distance_closure__b-native_min_max_span_range__o-idle_range_pstar__s-cplex_cp__i-na,cfg3__m-reduced__p-native_cp__g-distance_closure__b-native_min_max_span_range__o-idle_range_pstar__s-cplex_cp__i-na,reduced,native_cp,distance_closure,CPLEXCP,CPLEX-CP,DOcplex 2.32.264,n/a,native_min_max_span_range,internal_idle_slot_range_pstar,IRP,NA,,,,,,,,,,0,1,2,0,,173,25,,,,,,"formalism-specific model size: SAT/MaxSAT reports base CNF and soft clauses, MIP reports variables/linear constraints/nonzeros, and CP reports integer variables plus linear/global constraints; SAT bound/totalizer overhead remains separate in optimizer_added_*",2370,1947,1388,1388,0,0,0,0,,,,0.00231,0.063687,0.02421,0.065997,0.036195,"wall-clock from immediately before reading/parsing the .dzn instance through model construction, optimization, solution decoding, and independent validation; excludes worker-process startup and result-file export",2,42,2,peak_process_tree_rss_mb,62746a8d315a262a23dc11d61be98bf54321cb5b07b95cc8b1907b360ee74546,fixed020,data_table07_fixed/tic-14crafa.fixed020-Forb.dzn,1,data_table07_fixed/tic-14crafa.fixed020-Forb.dzn,1,data_table07_fixed/tic-14crafa.fixed020-Forb.dzn,https://imae.udg.edu/Recerca/LAI/,https://ima.udg.edu/Recerca/lai/b2b/b2b.zip,,2026-07-24T06:14:03+00:00,7200.0,,6f3ccaf59383a413936ee93d69392f669805b607,True,3.10.12,1.9.dev7,instance-20260722-153126,Linux-6.8.0-1064-gcp-x86_64-with-glibc2.35,x86_64,4,8,15988.055,1,0,/home/dclng566/projects/Business-Meeting-Scheduling-Problem/.venv/bin/python /home/dclng566/projects/Business-Meeting-Scheduling-Problem/src/Main.py --data-dir data_table07_fixed --solver cplex_cp --timeout 7200 --threads 1 --random-seed 0 --csv output/cplex_cp_official/data_table07_fixed/aggregate.csv --long-csv output/cplex_cp_official/data_table07_fixed/detailed.csv --excel-dir output/cplex_cp_official/data_table07_fixed/excel --verbose,,,,,Optimal | SearchCompleted | SearchHasNotBeenStopped,,,cplex_cp,,,,exact_native,native_cp+distance_closure,2,59,"1,2,3,4,5,6,7,8,9,10,11,12,13,14,15,16,17,18,20,21,22,23,24,25,26,27,28,29,30,31,32,33,34,35,36,37,38,39,40,41,42,43,44,45,46,47,48,49,50,51,52,53,54,55,56,57,58,59,60",1947,423,559,559,"0,0,0,1,1,0,0,2,1,0,0,0,2,0,0,0,2,2,0,0,0,0,0,0,0,0,2,2,0,2,2,2,0,1,2,1,0,0,1,0,0,0,0,0,2,0,0,2,0,2,1,0,1,0,1,2,0,1,2,2","52,50,54,50,52,46,50,44,38,38","8,2,7,6,3,5,1,10,5,2,7,9,5,2,1,10,6,3,8,10,3,4,7,5,9,3,10,2,6,1,4,1,6,2,3,7,2,8,5,3,10,7,2,6,8,9,4,3,8,9,2,4,1,6,10,3,9,2,4,7,5,6,3,10,8,5,7,2,9,1,8,6,5,9,4,10,3,8,1,5,2,9,4,6,10,7,2,4,5,1,8,3,2,9,1,7,5,4,3,10,1,8,4,5,2,5,4,3,5,3,8,7,9,9,5,7,10,2,3,6,1,3,2,1,2,4,3,1,7,8,6,4,2,9,4,8,5,6,7,10,3,7,9,8,1,6,8,4,7,1,10,2,6,9,1,7,3,8,4,5,2,8,1,3,6,7,5,4,10,5,9,6,4,4,7,9,10,8,2,1,3,6,3,4,1,2,6,4,7,5,10,3,8,5,7,4,9,10,1,8,1,6,7,8,2,5,3,10,4,1,2,1,6,7,3,5,6,7,1,5,6,4,7,9,3,1,2,10,9,8,5,7,3,4,5,6,1",1:M7 M15 M30 M32 M53 M70 M79 M90 M95 M101 M121 M124 M128 M145 M150 M155 M163 M180 M185 M199 M201 M210 M212 M219 M226 M237 | 2:M2 M10 M14 M28 M34 M37 M43 M51 M58 M68 M81 M87 M93 M105 M118 M123 M125 M133 M152 M161 M179 M186 M205 M211 M227 | 3:M5 M18 M21 M26 M35 M40 M48 M56 M63 M77 M92 M99 M108 M110 M119 M122 M127 M141 M157 M164 M181 M183 M192 M207 M215 M225 M233 | 4:M22 M31 M47 M52 M59 M75 M83 M88 M98 M103 M107 M126 M132 M135 M148 M159 M168 M173 M174 M184 M188 M196 M209 M222 M234 | 5:M6 M9 M13 M24 M39 M61 M66 M73 M80 M89 M97 M104 M106 M109 M115 M137 M160 M167 M170 M190 M194 M206 M216 M220 M231 M235 | 6:M4 M17 M29 M33 M44 M54 M62 M72 M84 M120 M131 M138 M146 M153 M165 M172 M182 M187 M202 M213 M217 M221 M236 | 7:M3 M11 M23 M36 M42 M60 M67 M86 M96 M112 M116 M129 M139 M142 M149 M156 M166 M175 M189 M195 M203 M214 M218 M223 M232 | 8:M1 M19 M38 M45 M49 M65 M71 M78 M91 M102 M111 M130 M136 M144 M147 M158 M162 M178 M193 M200 M204 M230 | 9:M12 M25 M46 M50 M57 M69 M74 M82 M94 M113 M114 M134 M143 M154 M171 M176 M197 M224 M229 | 10:M8 M16 M20 M27 M41 M55 M64 M76 M85 M100 M117 M140 M151 M169 M177 M191 M198 M208 M228,one reduced-domain integer time variable per meeting | global all_diff per participant | global count per slot for table capacity | distance-labelled transitive precedence closure | native min/max internal-idle expressions | native max/min range objective over P*,result,native_min_max_span_range
tic-13crafc.fixed020-Forb,b2b-655cd690b48f2d7b,fixed,R-DC-IRP-CPO-CP,Reduced,NativeCP,DistanceClosure-E*,NativeMinMaxSpan,IdleRangePstar,CPLEXCP,N/A,OPTIMAL,SAT,3,3,0.085091,False,37.824,CP,CP-MeetingTime-SpanRange,CP-MeetingTime-SpanRange-Reduced-DistanceClosure,180,0,180,0,0,55,0,,,,180,0,,,cfg3__m-reduced__p-native_cp__g-distance_closure__b-native_min_max_span_range__o-idle_range_pstar__s-cplex_cp__i-na,cfg3__m-reduced__p-native_cp__g-distance_closure__b-native_min_max_span_range__o-idle_range_pstar__s-cplex_cp__i-na,reduced,native_cp,distance_closure,CPLEXCP,CPLEX-CP,DOcplex 2.32.264,n/a,native_min_max_span_range,internal_idle_slot_range_pstar,IRP,NA,,,,,,,,,,0,1,3,0,,135,15,,,,,,"formalism-specific model size: SAT/MaxSAT reports base CNF and soft clauses, MIP reports variables/linear constraints/nonzeros, and CP reports integer variables plus linear/global constraints; SAT bound/totalizer overhead remains separate in optimizer_added_*",1800,1476,1068,1068,0,0,0,0,,,,0.00193,0.047048,0.025231,0.048978,0.036113,"wall-clock from immediately before reading/parsing the .dzn instance through model construction, optimization, solution decoding, and independent validation; excludes worker-process startup and result-file export",3,47,3,peak_process_tree_rss_mb,655cd690b48f2d7b0196a7e267e2ad8e277a6574238c8a6605a62ba7f41070c0,fixed020,data_table07_fixed/tic-13crafc.fixed020-Forb.dzn,1,data_table07_fixed/tic-13crafc.fixed020-Forb.dzn,1,data_table07_fixed/tic-13crafc.fixed020-Forb.dzn,https://imae.udg.edu/Recerca/LAI/,https://ima.udg.edu/Recerca/lai/b2b/b2b.zip,,2026-07-24T06:14:03+00:00,7200.0,,6f3ccaf59383a413936ee93d69392f669805b607,True,3.10.12,1.9.dev7,instance-20260722-153126,Linux-6.8.0-1064-gcp-x86_64-with-glibc2.35,x86_64,4,8,15988.055,1,0,/home/dclng566/projects/Business-Meeting-Scheduling-Problem/.venv/bin/python /home/dclng566/projects/Business-Meeting-Scheduling-Problem/src/Main.py --data-dir data_table07_fixed --solver cplex_cp --timeout 7200 --threads 1 --random-seed 0 --csv output/cplex_cp_official/data_table07_fixed/aggregate.csv --long-csv output/cplex_cp_official/data_table07_fixed/detailed.csv --excel-dir output/cplex_cp_official/data_table07_fixed/excel --verbose,,,,,Optimal | SearchCompleted | SearchHasNotBeenStopped,,,cplex_cp,,,,exact_native,native_cp+distance_closure,3,45,"1,3,4,5,6,7,8,9,10,11,12,13,14,15,16,17,18,19,20,21,22,23,24,25,26,27,28,29,30,31,32,33,34,35,36,37,38,40,41,42,43,44,45,46,47",1476,324,408,408,"0,0,3,2,3,2,1,1,1,3,0,3,0,0,3,0,0,0,0,1,2,1,0,3,2,0,1,0,1,1,2,0,2,1,0,0,3,0,0,0,0,2,0,0,0,3,0","36,38,38,38,38,38,38,38,30,28","8,2,5,10,7,3,9,4,1,6,8,5,3,4,10,6,1,7,4,2,3,10,1,3,5,7,2,10,6,3,10,7,5,4,9,2,1,7,2,4,5,4,3,1,6,5,9,8,2,10,5,7,9,6,10,3,4,2,7,8,4,2,1,6,9,3,8,6,4,1,9,8,1,6,7,5,4,10,2,9,7,3,1,6,8,4,7,2,5,8,9,5,2,6,7,3,7,6,8,1,5,9,8,5,4,9,6,2,7,2,8,4,9,6,3,5,6,8,3,6,10,4,6,10,9,1,4,8,7,3,6,8,3,5,2,1,10,2,3,10,5,1,4,5,7,3,1,2,4,9,2,5,6,10,1,6,4,8,5,9,2,10,1,8,7,3,7,8,3,2,7,9,5,7,1,3,4,8,8,1",1:M9 M17 M23 M37 M44 M63 M70 M73 M83 M100 M126 M136 M142 M147 M155 M163 M175 M180 | 2:M2 M20 M27 M36 M39 M49 M58 M62 M79 M88 M93 M108 M110 M135 M138 M148 M151 M161 M170 | 3:M6 M13 M21 M24 M30 M43 M56 M66 M82 M96 M115 M119 M130 M133 M139 M146 M166 M169 M176 | 4:M8 M14 M19 M34 M40 M42 M57 M61 M69 M77 M86 M105 M112 M122 M127 M143 M149 M157 M177 | 5:M3 M12 M25 M33 M41 M46 M51 M76 M89 M92 M101 M104 M116 M134 M141 M144 M152 M159 M173 | 6:M10 M16 M29 M45 M54 M64 M68 M74 M84 M94 M98 M107 M114 M117 M120 M123 M131 M153 M156 | 7:M5 M18 M26 M32 M38 M52 M59 M75 M81 M87 M95 M97 M109 M129 M145 M165 M167 M171 M174 | 8:M1 M11 M48 M60 M67 M72 M85 M90 M99 M103 M111 M118 M128 M132 M158 M164 M168 M178 M179 | 9:M7 M35 M47 M53 M65 M71 M80 M91 M102 M106 M113 M125 M150 M160 M172 | 10:M4 M15 M22 M28 M31 M50 M55 M78 M121 M124 M137 M140 M154 M162,one reduced-domain integer time variable per meeting | global all_diff per participant | global count per slot for table capacity | distance-labelled transitive precedence closure | native min/max internal-idle expressions | native max/min range objective over P*,result,native_min_max_span_range
forumt-14crafc.fixed020-Forb,b2b-6709604f5b95997c,fixed,R-DC-IRP-CPO-CP,Reduced,NativeCP,DistanceClosure-E*,NativeMinMaxSpan,IdleRangePstar,CPLEXCP,N/A,OPTIMAL,SAT,2,2,0.11048,False,51.789,CP,CP-MeetingTime-SpanRange,CP-MeetingTime-SpanRange-Reduced-DistanceClosure,237,0,237,0,0,69,0,,,,237,0,,,cfg3__m-reduced__p-native_cp__g-distance_closure__b-native_min_max_span_range__o-idle_range_pstar__s-cplex_cp__i-na,cfg3__m-reduced__p-native_cp__g-distance_closure__b-native_min_max_span_range__o-idle_range_pstar__s-cplex_cp__i-na,reduced,native_cp,distance_closure,CPLEXCP,CPLEX-CP,DOcplex 2.32.264,n/a,native_min_max_span_range,internal_idle_slot_range_pstar,IRP,NA,,,,,,,,,,0,1,2,0,,4536,1627,,,,,,"formalism-specific model size: SAT/MaxSAT reports base CNF and soft clauses, MIP reports variables/linear constraints/nonzeros, and CP reports integer variables plus linear/global constraints; SAT bound/totalizer overhead remains separate in optimizer_added_*",2370,1870,1318,1318,0,0,0,0,,,,0.002329,0.059165,0.024536,0.061494,0.048987,"wall-clock from immediately before reading/parsing the .dzn instance through model construction, optimization, solution decoding, and independent validation; excludes worker-process startup and result-file export",2,50,2,peak_process_tree_rss_mb,6709604f5b95997c696ac7e06b15797ba6577672686cf7343f6a43cb403618c5,fixed020,data_table07_fixed/forumt-14crafc.fixed020-Forb.dzn,1,data_table07_fixed/forumt-14crafc.fixed020-Forb.dzn,1,data_table07_fixed/forumt-14crafc.fixed020-Forb.dzn,https://imae.udg.edu/Recerca/LAI/,https://ima.udg.edu/Recerca/lai/b2b/b2b.zip,,2026-07-24T06:14:03+00:00,7200.0,,6f3ccaf59383a413936ee93d69392f669805b607,True,3.10.12,1.9.dev7,instance-20260722-153126,Linux-6.8.0-1064-gcp-x86_64-with-glibc2.35,x86_64,4,8,15988.055,1,0,/home/dclng566/projects/Business-Meeting-Scheduling-Problem/.venv/bin/python /home/dclng566/projects/Business-Meeting-Scheduling-Problem/src/Main.py --data-dir data_table07_fixed --solver cplex_cp --timeout 7200 --threads 1 --random-seed 0 --csv output/cplex_cp_official/data_table07_fixed/aggregate.csv --long-csv output/cplex_cp_official/data_table07_fixed/detailed.csv --excel-dir output/cplex_cp_official/data_table07_fixed/excel --verbose,,,,,Optimal | SearchCompleted | SearchHasNotBeenStopped,,,cplex_cp,,,,exact_native,native_cp+distance_closure,2,59,"1,2,3,4,5,6,7,8,9,10,11,12,13,14,15,16,17,18,20,21,22,23,24,25,26,27,28,29,30,31,32,33,34,35,36,37,38,39,40,41,42,43,44,45,46,47,48,49,50,51,52,53,54,55,56,57,58,59,60",1870,500,552,552,"0,0,0,1,2,0,0,1,0,0,2,0,2,0,0,0,2,2,0,0,0,2,0,0,0,0,2,2,0,2,2,2,0,2,2,2,0,0,2,0,0,0,0,0,2,0,1,2,0,0,1,0,1,0,2,2,2,1,2,2","46,48,50,50,48,44,50,50,46,42","2,6,10,9,8,3,1,7,5,6,7,9,1,4,6,10,2,8,8,10,5,3,7,8,2,3,1,5,2,1,8,9,4,10,9,8,2,3,5,6,10,3,9,6,5,7,4,3,2,9,7,1,10,10,9,1,3,2,4,6,5,7,8,6,5,3,1,2,9,10,8,7,5,1,4,6,3,7,6,5,2,10,9,1,4,8,2,4,3,1,8,6,2,8,3,10,6,9,6,5,9,8,7,1,2,3,4,8,9,1,2,8,3,10,2,7,4,1,3,9,6,4,10,8,4,8,3,2,7,1,4,7,5,3,4,7,2,8,10,9,1,7,5,8,10,4,4,3,8,2,4,9,3,1,2,5,6,8,7,10,6,5,2,3,7,8,1,4,10,3,9,1,5,7,4,5,2,6,8,1,4,7,5,4,3,2,10,8,7,5,6,9,5,6,1,3,9,2,7,5,1,9,5,6,2,1,10,4,7,8,5,7,4,6,10,6,9,7,10,9,2,5,6,3,4,1,7,10,9,8,4,7,3,5,3,4,9",1:M7 M13 M27 M30 M52 M56 M67 M74 M84 M90 M104 M110 M118 M130 M141 M154 M167 M172 M180 M195 M201 M206 M226 | 2:M1 M17 M25 M29 M37 M49 M58 M68 M81 M87 M93 M105 M111 M115 M128 M137 M150 M155 M163 M177 M186 M198 M205 M221 | 3:M6 M22 M26 M38 M42 M48 M57 M66 M77 M89 M95 M106 M113 M119 M127 M134 M148 M153 M164 M170 M185 M196 M224 M233 M235 | 4:M14 M33 M47 M59 M75 M85 M88 M107 M117 M122 M125 M131 M135 M146 M147 M151 M168 M175 M181 M184 M208 M213 M225 M231 M236 | 5:M9 M21 M28 M39 M45 M61 M65 M73 M80 M100 M133 M143 M156 M162 M173 M176 M183 M190 M193 M200 M203 M211 M222 M234 | 6:M2 M10 M15 M40 M44 M60 M64 M76 M79 M92 M97 M99 M121 M157 M161 M178 M191 M194 M204 M214 M216 M223 | 7:M8 M11 M23 M46 M51 M62 M72 M78 M103 M116 M129 M132 M136 M142 M159 M165 M174 M182 M189 M199 M209 M212 M218 M227 M232 | 8:M5 M18 M19 M24 M31 M36 M63 M71 M86 M91 M94 M102 M108 M112 M124 M126 M138 M144 M149 M158 M166 M179 M188 M210 M230 | 9:M4 M12 M32 M35 M43 M50 M55 M69 M83 M98 M101 M109 M120 M140 M152 M171 M192 M197 M202 M217 M220 M229 M237 | 10:M3 M16 M20 M34 M41 M53 M54 M70 M82 M96 M114 M123 M139 M145 M160 M169 M187 M207 M215 M219 M228,one reduced-domain integer time variable per meeting | global all_diff per participant | global count per slot for table capacity | distance-labelled transitive precedence closure | native min/max internal-idle expressions | native max/min range objective over P*,result,native_min_max_span_range
tic-13crafb.fixed020-Forb,b2b-68122efb4033d5e3,fixed,R-DC-IRP-CPO-CP,Reduced,NativeCP,DistanceClosure-E*,NativeMinMaxSpan,IdleRangePstar,CPLEXCP,N/A,OPTIMAL,SAT,1,1,0.092236,False,56.598,CP,CP-MeetingTime-SpanRange,CP-MeetingTime-SpanRange-Reduced-DistanceClosure,184,0,184,0,0,54,0,,,,184,0,,,cfg3__m-reduced__p-native_cp__g-distance_closure__b-native_min_max_span_range__o-idle_range_pstar__s-cplex_cp__i-na,cfg3__m-reduced__p-native_cp__g-distance_closure__b-native_min_max_span_range__o-idle_range_pstar__s-cplex_cp__i-na,reduced,native_cp,distance_closure,CPLEXCP,CPLEX-CP,DOcplex 2.32.264,n/a,native_min_max_span_range,internal_idle_slot_range_pstar,IRP,NA,,,,,,,,,,0,1,1,0,,665,261,,,,,,"formalism-specific model size: SAT/MaxSAT reports base CNF and soft clauses, MIP reports variables/linear constraints/nonzeros, and CP reports integer variables plus linear/global constraints; SAT bound/totalizer overhead remains separate in optimizer_added_*",1840,1516,1066,1066,0,0,0,0,,,,0.002041,0.050674,0.027057,0.052715,0.039521,"wall-clock from immediately before reading/parsing the .dzn instance through model construction, optimization, solution decoding, and independent validation; excludes worker-process startup and result-file export",1,15,1,peak_process_tree_rss_mb,68122efb4033d5e39a7e9dc66d3e2614b688ae3f0c94b6f573bdd78cb33ac9ef,fixed020,data_table07_fixed/tic-13crafb.fixed020-Forb.dzn,1,data_table07_fixed/tic-13crafb.fixed020-Forb.dzn,1,data_table07_fixed/tic-13crafb.fixed020-Forb.dzn,https://imae.udg.edu/Recerca/LAI/,https://ima.udg.edu/Recerca/lai/b2b/b2b.zip,,2026-07-24T06:14:03+00:00,7200.0,,6f3ccaf59383a413936ee93d69392f669805b607,True,3.10.12,1.9.dev7,instance-20260722-153126,Linux-6.8.0-1064-gcp-x86_64-with-glibc2.35,x86_64,4,8,15988.055,1,0,/home/dclng566/projects/Business-Meeting-Scheduling-Problem/.venv/bin/python /home/dclng566/projects/Business-Meeting-Scheduling-Problem/src/Main.py --data-dir data_table07_fixed --solver cplex_cp --timeout 7200 --threads 1 --random-seed 0 --csv output/cplex_cp_official/data_table07_fixed/aggregate.csv --long-csv output/cplex_cp_official/data_table07_fixed/detailed.csv --excel-dir output/cplex_cp_official/data_table07_fixed/excel --verbose,,,,,Optimal | SearchCompleted | SearchHasNotBeenStopped,,,cplex_cp,,,,exact_native,native_cp+distance_closure,1,44,"1,2,3,4,5,6,7,8,9,10,11,12,13,14,15,16,17,18,19,20,21,22,24,25,26,27,28,29,30,31,32,33,34,35,36,37,38,40,41,42,43,44,45,46",1516,324,450,450,"0,1,0,0,1,0,0,0,0,0,1,0,0,1,0,1,0,0,0,0,1,0,0,0,1,0,0,0,1,0,1,0,1,0,0,0,1,1,0,0,0,0,1,0,1,1","30,36,38,36,38,40,40,40,36,34","1,5,7,3,8,10,9,3,8,2,8,10,7,6,8,6,4,3,6,8,1,9,7,6,5,4,7,9,8,2,1,5,8,9,6,7,3,4,10,10,9,3,2,5,7,10,6,4,4,2,1,8,5,10,9,6,7,10,3,4,2,8,1,3,9,4,8,5,2,3,10,6,4,10,2,5,8,1,7,3,9,4,9,2,8,2,7,4,5,6,8,10,5,8,7,7,1,10,4,2,3,9,4,10,3,6,8,7,9,6,10,8,5,1,7,5,6,10,1,4,2,3,6,10,9,7,8,6,5,1,9,4,2,5,9,6,8,7,1,2,3,10,9,4,5,3,7,9,4,6,1,2,5,9,3,5,1,4,2,1,7,3,6,4,7,6,9,3,5,2,8,1,10,2,8,7,3,6,5,6,2,7,3,5",1:M1 M21 M31 M51 M63 M78 M97 M114 M119 M130 M139 M151 M157 M160 M172 | 2:M10 M30 M43 M50 M61 M69 M75 M84 M86 M100 M121 M133 M140 M152 M159 M170 M174 M181 | 3:M4 M8 M18 M37 M42 M59 M64 M70 M80 M101 M105 M122 M141 M146 M155 M162 M168 M177 M183 | 4:M17 M26 M38 M48 M49 M60 M66 M73 M82 M88 M99 M103 M120 M132 M144 M149 M158 M164 | 5:M2 M25 M32 M44 M53 M68 M76 M89 M93 M113 M116 M129 M134 M145 M153 M156 M169 M179 M184 | 6:M14 M16 M19 M24 M35 M47 M56 M72 M90 M106 M110 M117 M123 M128 M136 M150 M163 M166 M178 M180 | 7:M3 M13 M23 M27 M36 M45 M57 M79 M87 M95 M96 M108 M115 M126 M138 M147 M161 M165 M176 M182 | 8:M5 M9 M11 M15 M20 M29 M33 M52 M62 M67 M77 M85 M91 M94 M107 M112 M127 M137 M171 M175 | 9:M7 M22 M28 M34 M41 M55 M65 M81 M83 M102 M109 M125 M131 M135 M143 M148 M154 M167 | 10:M6 M12 M39 M40 M46 M54 M58 M71 M74 M92 M98 M104 M111 M118 M124 M142 M173,one reduced-domain integer time variable per meeting | global all_diff per participant | global count per slot for table capacity | distance-labelled transitive precedence closure | native min/max internal-idle expressions | native max/min range objective over P*,result,native_min_max_span_range
forumt-14.fixed020-Forb,b2b-68ff48a5ee0abf8c,fixed,R-DC-IRP-CPO-CP,Reduced,NativeCP,DistanceClosure-E*,NativeMinMaxSpan,IdleRangePstar,CPLEXCP,N/A,OPTIMAL,SAT,2,2,0.117292,False,37.059,CP,CP-MeetingTime-SpanRange,CP-MeetingTime-SpanRange-Reduced-DistanceClosure,237,0,237,0,0,69,0,,,,237,0,,,cfg3__m-reduced__p-native_cp__g-distance_closure__b-native_min_max_span_range__o-idle_range_pstar__s-cplex_cp__i-na,cfg3__m-reduced__p-native_cp__g-distance_closure__b-native_min_max_span_range__o-idle_range_pstar__s-cplex_cp__i-na,reduced,native_cp,distance_closure,CPLEXCP,CPLEX-CP,DOcplex 2.32.264,n/a,native_min_max_span_range,internal_idle_slot_range_pstar,IRP,NA,,,,,,,,,,0,1,2,0,,5755,2004,,,,,,"formalism-specific model size: SAT/MaxSAT reports base CNF and soft clauses, MIP reports variables/linear constraints/nonzeros, and CP reports integer variables plus linear/global constraints; SAT bound/totalizer overhead remains separate in optimizer_added_*",2370,1870,1318,1318,0,0,0,0,,,,0.002434,0.06093,0.026782,0.063364,0.053928,"wall-clock from immediately before reading/parsing the .dzn instance through model construction, optimization, solution decoding, and independent validation; excludes worker-process startup and result-file export",2,42,2,peak_process_tree_rss_mb,68ff48a5ee0abf8c2b66c8a4047e59fad4922ef144103350f0b3d008b2927167,fixed020,data_table07_fixed/forumt-14.fixed020-Forb.dzn,1,data_table07_fixed/forumt-14.fixed020-Forb.dzn,1,data_table07_fixed/forumt-14.fixed020-Forb.dzn,https://imae.udg.edu/Recerca/LAI/,https://ima.udg.edu/Recerca/lai/b2b/b2b.zip,,2026-07-24T06:14:03+00:00,7200.0,,6f3ccaf59383a413936ee93d69392f669805b607,True,3.10.12,1.9.dev7,instance-20260722-153126,Linux-6.8.0-1064-gcp-x86_64-with-glibc2.35,x86_64,4,8,15988.055,1,0,/home/dclng566/projects/Business-Meeting-Scheduling-Problem/.venv/bin/python /home/dclng566/projects/Business-Meeting-Scheduling-Problem/src/Main.py --data-dir data_table07_fixed --solver cplex_cp --timeout 7200 --threads 1 --random-seed 0 --csv output/cplex_cp_official/data_table07_fixed/aggregate.csv --long-csv output/cplex_cp_official/data_table07_fixed/detailed.csv --excel-dir output/cplex_cp_official/data_table07_fixed/excel --verbose,,,,,Optimal | SearchCompleted | SearchHasNotBeenStopped,,,cplex_cp,,,,exact_native,native_cp+distance_closure,2,59,"1,2,3,4,5,6,7,8,9,10,11,12,13,14,15,16,17,18,20,21,22,23,24,25,26,27,28,29,30,31,32,33,34,35,36,37,38,39,40,41,42,43,44,45,46,47,48,49,50,51,52,53,54,55,56,57,58,59,60",1870,500,552,552,"0,0,0,1,2,0,0,2,0,0,2,0,2,0,0,0,2,2,0,0,0,0,0,0,0,0,0,2,0,1,2,2,0,1,1,2,0,0,2,0,0,0,0,0,1,0,2,2,1,2,0,0,2,0,2,0,2,1,1,0","44,50,46,52,54,46,50,46,44,42","8,6,2,5,7,3,1,9,5,4,1,5,8,2,6,10,7,9,8,8,10,3,7,10,4,6,1,8,8,1,8,9,4,1,3,1,2,7,5,9,10,3,7,6,9,2,5,3,10,9,8,4,5,1,10,9,7,2,4,6,5,9,4,3,10,8,6,2,1,7,8,1,5,9,6,10,3,5,1,10,2,4,9,6,7,8,4,5,3,1,2,6,10,4,6,2,7,3,2,6,1,7,9,10,8,2,1,4,1,6,2,10,8,5,9,7,4,1,3,2,6,7,9,3,4,2,3,8,7,10,5,4,10,6,4,3,8,2,9,7,5,7,10,8,1,6,7,3,4,2,10,9,3,1,4,6,2,8,7,5,9,1,8,3,10,6,2,4,7,6,9,3,5,4,2,5,7,10,8,1,5,7,5,4,3,2,10,8,5,6,3,9,5,1,2,3,9,4,7,5,6,5,2,3,4,1,10,7,9,8,9,7,5,4,6,5,4,7,8,9,5,2,7,3,4,1,6,10,8,4,5,2,6,2,5,3,4",1:M7 M11 M27 M30 M34 M36 M54 M69 M72 M79 M90 M101 M107 M109 M118 M145 M154 M162 M180 M194 M206 M226 | 2:M3 M14 M37 M46 M58 M68 M81 M91 M96 M99 M106 M111 M120 M126 M138 M150 M157 M167 M175 M186 M195 M203 M222 M232 M234 | 3:M6 M22 M35 M42 M48 M64 M77 M89 M98 M119 M124 M127 M136 M148 M153 M164 M172 M185 M191 M196 M204 M224 M236 | 4:M10 M25 M33 M52 M59 M63 M82 M87 M94 M108 M117 M125 M132 M135 M149 M155 M168 M174 M184 M198 M205 M214 M217 M225 M230 M237 | 5:M4 M9 M12 M39 M47 M53 M61 M73 M78 M88 M114 M131 M141 M160 M173 M176 M181 M183 M189 M193 M200 M202 M213 M216 M221 M231 M235 | 6:M2 M15 M26 M44 M60 M67 M75 M84 M92 M95 M100 M110 M121 M134 M146 M156 M166 M170 M190 M201 M215 M227 M233 | 7:M5 M17 M23 M38 M43 M57 M70 M85 M97 M102 M116 M122 M129 M140 M142 M147 M159 M169 M177 M182 M199 M208 M212 M218 M223 | 8:M1 M13 M19 M20 M28 M29 M31 M51 M66 M71 M86 M105 M113 M128 M137 M144 M158 M163 M179 M188 M210 M219 M229 | 9:M8 M18 M32 M40 M45 M50 M56 M62 M74 M83 M103 M115 M123 M139 M152 M161 M171 M192 M197 M209 M211 M220 | 10:M16 M21 M24 M41 M49 M55 M65 M76 M80 M93 M104 M112 M130 M133 M143 M151 M165 M178 M187 M207 M228,one reduced-domain integer time variable per meeting | global all_diff per participant | global count per slot for table capacity | distance-labelled transitive precedence closure | native min/max internal-idle expressions | native max/min range objective over P*,result,native_min_max_span_range
ticf-13crafc.fixed020-Forb,b2b-6fbfa57997c0d7f3,fixed,R-DC-IRP-CPO-CP,Reduced,NativeCP,DistanceClosure-E*,NativeMinMaxSpan,IdleRangePstar,CPLEXCP,N/A,OPTIMAL,SAT,10,10,0.110188,False,35.645,CP,CP-MeetingTime-SpanRange,CP-MeetingTime-SpanRange-Reduced-DistanceClosure,154,0,154,0,0,79,0,,,,154,0,,,cfg3__m-reduced__p-native_cp__g-distance_closure__b-native_min_max_span_range__o-idle_range_pstar__s-cplex_cp__i-na,cfg3__m-reduced__p-native_cp__g-distance_closure__b-native_min_max_span_range__o-idle_range_pstar__s-cplex_cp__i-na,reduced,native_cp,distance_closure,CPLEXCP,CPLEX-CP,DOcplex 2.32.264,n/a,native_min_max_span_range,internal_idle_slot_range_pstar,IRP,NA,,,,,,,,,,0,1,10,0,,123,4,,,,,,"formalism-specific model size: SAT/MaxSAT reports base CNF and soft clauses, MIP reports variables/linear constraints/nonzeros, and CP reports integer variables plus linear/global constraints; SAT bound/totalizer overhead remains separate in optimizer_added_*",3234,2006,1760,1760,0,0,0,0,,,,0.001882,0.073144,0.024265,0.075026,0.035162,"wall-clock from immediately before reading/parsing the .dzn instance through model construction, optimization, solution decoding, and independent validation; excludes worker-process startup and result-file export",10,315,12,peak_process_tree_rss_mb,6fbfa57997c0d7f36229a91b2530bec9ab94154be644954667bd0b6b33c5e421,fixed020,data_table07_fixed/ticf-13crafc.fixed020-Forb.dzn,1,data_table07_fixed/ticf-13crafc.fixed020-Forb.dzn,1,data_table07_fixed/ticf-13crafc.fixed020-Forb.dzn,https://imae.udg.edu/Recerca/LAI/,https://ima.udg.edu/Recerca/lai/b2b/b2b.zip,,2026-07-24T06:14:03+00:00,7200.0,,6f3ccaf59383a413936ee93d69392f669805b607,True,3.10.12,1.9.dev7,instance-20260722-153126,Linux-6.8.0-1064-gcp-x86_64-with-glibc2.35,x86_64,4,8,15988.055,1,0,/home/dclng566/projects/Business-Meeting-Scheduling-Problem/.venv/bin/python /home/dclng566/projects/Business-Meeting-Scheduling-Problem/src/Main.py --data-dir data_table07_fixed --solver cplex_cp --timeout 7200 --threads 1 --random-seed 0 --csv output/cplex_cp_official/data_table07_fixed/aggregate.csv --long-csv output/cplex_cp_official/data_table07_fixed/detailed.csv --excel-dir output/cplex_cp_official/data_table07_fixed/excel --verbose,,,,,Optimal | SearchCompleted | SearchHasNotBeenStopped,,,cplex_cp,,,,exact_native,native_cp+distance_closure,10,58,"1,2,3,4,5,6,7,8,9,10,11,12,13,14,15,16,18,19,23,24,25,26,27,28,29,30,31,32,33,34,35,36,37,38,39,40,41,42,44,45,46,47,48,49,50,52,53,54,56,57,59,60,62,63,64,65,66,70",2006,1228,246,246,"2,6,12,5,2,9,2,6,5,4,2,7,5,8,2,3,0,9,2,0,0,0,4,5,2,11,4,8,9,3,11,10,5,5,6,2,2,7,12,7,7,7,0,8,5,12,4,4,2,12,0,4,2,6,0,5,4,0,2,3,0,3,4,6,2,5,0,0,0,4","24,24,24,24,24,24,24,20,16,22,18,14,12,10,8,8,2,0,4,4,2","5,7,3,6,8,4,2,11,1,15,8,12,9,7,13,16,10,11,4,2,8,5,3,1,7,2,5,7,2,3,6,1,9,4,5,1,11,3,2,6,12,1,14,14,15,13,4,3,7,4,10,16,8,11,6,5,19,6,1,3,11,4,10,11,20,9,8,1,4,9,5,2,3,6,7,12,8,4,2,5,6,7,13,8,1,3,10,9,9,20,8,13,12,10,7,14,6,11,6,3,10,5,2,1,10,3,7,6,1,2,12,4,5,6,1,5,3,2,10,4,7,19,11,9,12,8,10,14,7,13,6,16,15,13,14,5,10,11,12,21,7,9,8,4,17,2,15,16,2,1,10,4,3,5",1:M9 M24 M32 M36 M42 M59 M68 M85 M104 M109 M115 M150 | 2:M7 M20 M26 M29 M39 M72 M79 M103 M110 M118 M146 M149 | 3:M3 M23 M30 M38 M48 M60 M73 M86 M100 M106 M117 M153 | 4:M6 M19 M34 M47 M50 M62 M69 M78 M112 M120 M144 M152 | 5:M1 M22 M27 M35 M56 M71 M80 M102 M113 M116 M136 M154 | 6:M4 M31 M40 M55 M58 M74 M81 M97 M99 M108 M114 M131 | 7:M2 M14 M25 M28 M49 M75 M82 M95 M107 M121 M129 M141 | 8:M5 M11 M21 M53 M67 M77 M84 M91 M126 M143 | 9:M13 M33 M66 M70 M88 M89 M124 M142 | 10:M17 M51 M63 M87 M94 M101 M105 M119 M127 M137 M151 | 11:M8 M18 M37 M54 M61 M64 M98 M123 M138 | 12:M12 M41 M76 M93 M111 M125 M139 | 13:M15 M46 M83 M92 M130 M134 | 14:M43 M44 M96 M128 M135 | 15:M10 M45 M133 M147 | 16:M16 M52 M132 M148 | 17:M145 | 18: | 19:M57 M122 | 20:M65 M90 | 21:M140,one reduced-domain integer time variable per meeting | global all_diff per participant | global count per slot for table capacity | distance-labelled transitive precedence closure | native min/max internal-idle expressions | native max/min range objective over P*,result,native_min_max_span_range
tic-14crafc.fixed040-Forb,b2b-76ae0a9391630c04,fixed,R-DC-IRP-CPO-CP,Reduced,NativeCP,DistanceClosure-E*,NativeMinMaxSpan,IdleRangePstar,CPLEXCP,N/A,UNSAT,UNSAT,,,0.046888,False,49.742,CP,CP-MeetingTime-SpanRange,CP-MeetingTime-SpanRange-Reduced-DistanceClosure,237,0,237,0,1,69,0,,,,237,0,,,cfg3__m-reduced__p-native_cp__g-distance_closure__b-native_min_max_span_range__o-idle_range_pstar__s-cplex_cp__i-na,cfg3__m-reduced__p-native_cp__g-distance_closure__b-native_min_max_span_range__o-idle_range_pstar__s-cplex_cp__i-na,reduced,native_cp,distance_closure,CPLEXCP,CPLEX-CP,DOcplex 2.32.264,n/a,native_min_max_span_range,internal_idle_slot_range_pstar,IRP,NA,,,,,,,,,,0,1,3,,,0,1,,,,,,"formalism-specific model size: SAT/MaxSAT reports base CNF and soft clauses, MIP reports variables/linear constraints/nonzeros, and CP reports integer variables plus linear/global constraints; SAT bound/totalizer overhead remains separate in optimizer_added_*",2370,1524,891,891,0,0,0,0,,,,0.002348,0.014347,0.02174,0.016695,0.030194,"wall-clock from immediately before reading/parsing the .dzn instance through model construction, optimization, solution decoding, and independent validation; excludes worker-process startup and result-file export",,,,peak_process_tree_rss_mb,76ae0a9391630c045a1b861aa0f9b85cb255d224b587e8c8187197144190002c,fixed040,data_table07_fixed/tic-14crafc.fixed040-Forb.dzn,1,data_table07_fixed/tic-14crafc.fixed040-Forb.dzn,1,data_table07_fixed/tic-14crafc.fixed040-Forb.dzn,https://imae.udg.edu/Recerca/LAI/,https://ima.udg.edu/Recerca/lai/b2b/b2b.zip,,2026-07-24T06:14:03+00:00,7200.0,,6f3ccaf59383a413936ee93d69392f669805b607,True,3.10.12,1.9.dev7,instance-20260722-153126,Linux-6.8.0-1064-gcp-x86_64-with-glibc2.35,x86_64,4,8,15988.055,1,0,/home/dclng566/projects/Business-Meeting-Scheduling-Problem/.venv/bin/python /home/dclng566/projects/Business-Meeting-Scheduling-Problem/src/Main.py --data-dir data_table07_fixed --solver cplex_cp --timeout 7200 --threads 1 --random-seed 0 --csv output/cplex_cp_official/data_table07_fixed/aggregate.csv --long-csv output/cplex_cp_official/data_table07_fixed/detailed.csv --excel-dir output/cplex_cp_official/data_table07_fixed/excel --verbose,,,,,Infeasible | SearchCompleted | SearchHasNotBeenStopped,,,cplex_cp,,,,exact_native,native_cp+distance_closure,,59,"1,2,3,4,5,6,7,8,9,10,11,12,13,14,15,16,17,18,20,21,22,23,24,25,26,27,28,29,30,31,32,33,34,35,36,37,38,39,40,41,42,43,44,45,46,47,48,49,50,51,52,53,54,55,56,57,58,59,60",1524,846,633,633,,,,,one reduced-domain integer time variable per meeting | global all_diff per participant | global count per slot for table capacity | distance-labelled transitive precedence closure | native min/max internal-idle expressions | native max/min range objective over P*,result,native_min_max_span_range
forumt-14crafe.fixed020-Forb,b2b-7cb4c41f402c628a,fixed,R-DC-IRP-CPO-CP,Reduced,NativeCP,DistanceClosure-E*,NativeMinMaxSpan,IdleRangePstar,CPLEXCP,N/A,OPTIMAL,SAT,4,4,0.100963,False,49.766,CP,CP-MeetingTime-SpanRange,CP-MeetingTime-SpanRange-Reduced-DistanceClosure,236,0,236,0,0,69,0,,,,236,0,,,cfg3__m-reduced__p-native_cp__g-distance_closure__b-native_min_max_span_range__o-idle_range_pstar__s-cplex_cp__i-na,cfg3__m-reduced__p-native_cp__g-distance_closure__b-native_min_max_span_range__o-idle_range_pstar__s-cplex_cp__i-na,reduced,native_cp,distance_closure,CPLEXCP,CPLEX-CP,DOcplex 2.32.264,n/a,native_min_max_span_range,internal_idle_slot_range_pstar,IRP,NA,,,,,,,,,,0,1,4,0,,146,14,,,,,,"formalism-specific model size: SAT/MaxSAT reports base CNF and soft clauses, MIP reports variables/linear constraints/nonzeros, and CP reports integer variables plus linear/global constraints; SAT bound/totalizer overhead remains separate in optimizer_added_*",2360,1865,1332,1332,0,0,0,0,,,,0.002351,0.061972,0.024554,0.064323,0.03664,"wall-clock from immediately before reading/parsing the .dzn instance through model construction, optimization, solution decoding, and independent validation; excludes worker-process startup and result-file export",4,66,4,peak_process_tree_rss_mb,7cb4c41f402c628a8b208576a4be038c1d9818b60fae24c411e36efefa469652,fixed020,data_table07_fixed/forumt-14crafe.fixed020-Forb.dzn,1,data_table07_fixed/forumt-14crafe.fixed020-Forb.dzn,1,data_table07_fixed/forumt-14crafe.fixed020-Forb.dzn,https://imae.udg.edu/Recerca/LAI/,https://ima.udg.edu/Recerca/lai/b2b/b2b.zip,,2026-07-24T06:14:03+00:00,7200.0,,6f3ccaf59383a413936ee93d69392f669805b607,True,3.10.12,1.9.dev7,instance-20260722-153126,Linux-6.8.0-1064-gcp-x86_64-with-glibc2.35,x86_64,4,8,15988.055,1,0,/home/dclng566/projects/Business-Meeting-Scheduling-Problem/.venv/bin/python /home/dclng566/projects/Business-Meeting-Scheduling-Problem/src/Main.py --data-dir data_table07_fixed --solver cplex_cp --timeout 7200 --threads 1 --random-seed 0 --csv output/cplex_cp_official/data_table07_fixed/aggregate.csv --long-csv output/cplex_cp_official/data_table07_fixed/detailed.csv --excel-dir output/cplex_cp_official/data_table07_fixed/excel --verbose,,,,,Optimal | SearchCompleted | SearchHasNotBeenStopped,,,cplex_cp,,,,exact_native,native_cp+distance_closure,4,59,"1,2,3,4,5,6,7,8,9,10,11,12,13,14,15,16,17,18,20,21,22,23,24,25,26,27,28,29,30,31,32,33,34,35,36,37,38,39,40,41,42,43,44,45,46,47,48,49,50,51,52,53,54,55,56,57,58,59,60",1865,495,533,533,"0,0,0,0,4,0,4,1,1,0,4,0,2,2,0,0,2,2,0,0,0,3,0,0,0,0,1,0,0,4,0,0,0,4,0,2,0,0,1,0,0,0,0,0,2,0,3,4,0,3,4,0,1,0,4,3,2,0,1,2","44,48,48,48,48,44,48,48,48,48","9,10,7,4,3,6,2,5,10,9,8,9,4,9,3,1,7,10,2,6,5,9,10,8,10,7,5,7,1,8,4,7,3,4,1,2,8,9,7,6,6,2,5,3,4,10,1,3,9,2,10,4,1,7,6,10,6,2,8,3,1,5,4,2,3,10,9,6,8,5,1,7,4,1,5,3,9,5,2,8,9,6,1,3,10,7,4,7,1,2,3,5,9,4,8,1,10,6,2,7,8,4,2,9,6,3,8,4,7,10,2,8,6,2,5,10,3,9,1,10,4,5,8,10,6,5,4,7,3,1,10,6,5,1,2,3,4,6,8,7,9,5,9,8,5,10,7,2,1,3,2,3,10,1,7,6,9,5,4,8,6,3,2,1,8,5,9,3,6,7,8,5,2,5,10,8,7,2,4,9,3,5,4,6,2,9,7,4,2,10,6,3,9,9,8,5,4,7,10,1,4,8,4,10,9,7,1,3,2,5,9,1,6,7,8,3,7,5,2,10,1,4,8,6,9,3,2,8,10,5,7,6,1,3,4,8",1:M16 M29 M35 M47 M53 M61 M71 M74 M83 M89 M96 M119 M130 M134 M149 M154 M164 M200 M207 M212 M221 M233 | 2:M7 M19 M36 M42 M50 M58 M64 M79 M90 M99 M103 M111 M114 M135 M148 M151 M163 M173 M178 M185 M189 M209 M219 M227 | 3:M5 M15 M33 M44 M48 M60 M65 M76 M84 M91 M106 M117 M129 M136 M150 M152 M162 M168 M181 M192 M208 M216 M226 M234 | 4:M4 M13 M31 M34 M45 M52 M63 M73 M87 M94 M102 M108 M121 M127 M137 M159 M179 M183 M188 M197 M201 M203 M222 M235 | 5:M8 M21 M27 M43 M62 M70 M75 M78 M92 M115 M122 M126 M133 M142 M145 M158 M166 M172 M174 M182 M196 M210 M218 M230 | 6:M6 M20 M40 M41 M55 M57 M68 M82 M98 M105 M113 M125 M132 M138 M156 M161 M169 M184 M191 M213 M224 M232 | 7:M3 M17 M26 M28 M32 M39 M54 M72 M86 M88 M100 M109 M128 M140 M147 M155 M170 M177 M187 M198 M206 M214 M217 M231 | 8:M11 M24 M30 M37 M59 M69 M80 M95 M101 M107 M112 M123 M139 M144 M160 M165 M171 M176 M195 M202 M215 M223 M228 M236 | 9:M1 M10 M12 M14 M22 M38 M49 M67 M77 M81 M93 M104 M118 M141 M143 M157 M167 M180 M186 M193 M194 M205 M211 M225 | 10:M2 M9 M18 M23 M25 M46 M51 M56 M66 M85 M97 M110 M116 M120 M124 M131 M146 M153 M175 M190 M199 M204 M220 M229,one reduced-domain integer time variable per meeting | global all_diff per participant | global count per slot for table capacity | distance-labelled transitive precedence closure | native min/max internal-idle expressions | native max/min range objective over P*,result,native_min_max_span_range
ticf-13crafa.fixed020-Forb,b2b-7d171f65c17cc788,fixed,R-DC-IRP-CPO-CP,Reduced,NativeCP,DistanceClosure-E*,NativeMinMaxSpan,IdleRangePstar,CPLEXCP,N/A,OPTIMAL,SAT,10,10,0.109382,False,36.473,CP,CP-MeetingTime-SpanRange,CP-MeetingTime-SpanRange-Reduced-DistanceClosure,154,0,154,0,0,79,0,,,,154,0,,,cfg3__m-reduced__p-native_cp__g-distance_closure__b-native_min_max_span_range__o-idle_range_pstar__s-cplex_cp__i-na,cfg3__m-reduced__p-native_cp__g-distance_closure__b-native_min_max_span_range__o-idle_range_pstar__s-cplex_cp__i-na,reduced,native_cp,distance_closure,CPLEXCP,CPLEX-CP,DOcplex 2.32.264,n/a,native_min_max_span_range,internal_idle_slot_range_pstar,IRP,NA,,,,,,,,,,0,1,10,0,,123,4,,,,,,"formalism-specific model size: SAT/MaxSAT reports base CNF and soft clauses, MIP reports variables/linear constraints/nonzeros, and CP reports integer variables plus linear/global constraints; SAT bound/totalizer overhead remains separate in optimizer_added_*",3234,2006,1760,1760,0,0,0,0,,,,0.001887,0.072705,0.023961,0.074591,0.034791,"wall-clock from immediately before reading/parsing the .dzn instance through model construction, optimization, solution decoding, and independent validation; excludes worker-process startup and result-file export",10,299,12,peak_process_tree_rss_mb,7d171f65c17cc788144732b643e90d17836096a0a65ec62643d3d0a2a2a771c3,fixed020,data_table07_fixed/ticf-13crafa.fixed020-Forb.dzn,1,data_table07_fixed/ticf-13crafa.fixed020-Forb.dzn,1,data_table07_fixed/ticf-13crafa.fixed020-Forb.dzn,https://imae.udg.edu/Recerca/LAI/,https://ima.udg.edu/Recerca/lai/b2b/b2b.zip,,2026-07-24T06:14:03+00:00,7200.0,,6f3ccaf59383a413936ee93d69392f669805b607,True,3.10.12,1.9.dev7,instance-20260722-153126,Linux-6.8.0-1064-gcp-x86_64-with-glibc2.35,x86_64,4,8,15988.055,1,0,/home/dclng566/projects/Business-Meeting-Scheduling-Problem/.venv/bin/python /home/dclng566/projects/Business-Meeting-Scheduling-Problem/src/Main.py --data-dir data_table07_fixed --solver cplex_cp --timeout 7200 --threads 1 --random-seed 0 --csv output/cplex_cp_official/data_table07_fixed/aggregate.csv --long-csv output/cplex_cp_official/data_table07_fixed/detailed.csv --excel-dir output/cplex_cp_official/data_table07_fixed/excel --verbose,,,,,Optimal | SearchCompleted | SearchHasNotBeenStopped,,,cplex_cp,,,,exact_native,native_cp+distance_closure,10,58,"1,2,3,4,5,6,7,8,9,10,11,12,13,14,15,16,18,19,23,24,25,26,27,28,29,30,31,32,33,34,35,36,37,38,39,40,41,42,44,45,46,47,48,49,50,52,53,54,56,57,59,60,62,63,64,65,66,70",2006,1228,246,246,"2,4,12,5,2,9,2,6,8,3,2,9,4,8,2,2,0,9,2,0,0,0,2,3,2,11,4,8,9,3,11,10,5,2,6,2,2,7,12,9,7,7,0,10,3,12,2,2,2,12,0,4,2,3,0,7,4,0,2,2,0,3,2,2,2,6,0,0,0,4","28,28,28,28,28,28,26,20,16,18,16,10,8,8,4,4,2,0,2,4,2","5,7,3,6,8,4,2,11,1,15,4,11,6,7,8,13,10,9,4,2,8,5,3,1,7,2,5,7,2,3,6,1,9,4,5,1,11,3,2,6,12,1,14,14,15,13,4,3,7,3,8,16,2,11,5,4,19,6,1,2,11,1,9,8,20,7,6,1,4,9,5,2,3,6,7,12,8,4,2,5,6,7,13,8,1,3,10,9,8,20,5,9,11,10,4,14,6,7,6,3,10,5,2,1,10,3,7,6,1,2,12,4,5,6,1,5,3,2,10,4,7,16,4,8,12,6,9,10,3,7,5,14,11,11,10,5,1,9,8,21,3,6,7,4,17,2,13,12,2,1,10,4,3,5",1:M9 M24 M32 M36 M42 M59 M62 M68 M85 M104 M109 M115 M137 M150 | 2:M7 M20 M26 M29 M39 M53 M60 M72 M79 M103 M110 M118 M146 M149 | 3:M3 M23 M30 M38 M48 M50 M73 M86 M100 M106 M117 M129 M141 M153 | 4:M6 M11 M19 M34 M47 M56 M69 M78 M95 M112 M120 M123 M144 M152 | 5:M1 M22 M27 M35 M55 M71 M80 M91 M102 M113 M116 M131 M136 M154 | 6:M4 M13 M31 M40 M58 M67 M74 M81 M97 M99 M108 M114 M126 M142 | 7:M2 M14 M25 M28 M49 M66 M75 M82 M98 M107 M121 M130 M143 | 8:M5 M15 M21 M51 M64 M77 M84 M89 M124 M139 | 9:M18 M33 M63 M70 M88 M92 M127 M138 | 10:M17 M87 M94 M101 M105 M119 M128 M135 M151 | 11:M8 M12 M37 M54 M61 M93 M133 M134 | 12:M41 M76 M111 M125 M148 | 13:M16 M46 M83 M147 | 14:M43 M44 M96 M132 | 15:M10 M45 | 16:M52 M122 | 17:M145 | 18: | 19:M57 | 20:M65 M90 | 21:M140,one reduced-domain integer time variable per meeting | global all_diff per participant | global count per slot for table capacity | distance-labelled transitive precedence closure | native min/max internal-idle expressions | native max/min range objective over P*,result,native_min_max_span_range
forum-13.fixed020-Forb,b2b-83b4544ca9650041,fixed,R-DC-IRP-CPO-CP,Reduced,NativeCP,DistanceClosure-E*,NativeMinMaxSpan,IdleRangePstar,CPLEXCP,N/A,OPTIMAL,SAT,10,10,0.108296,False,36.641,CP,CP-MeetingTime-SpanRange,CP-MeetingTime-SpanRange-Reduced-DistanceClosure,154,0,154,0,0,79,0,,,,154,0,,,cfg3__m-reduced__p-native_cp__g-distance_closure__b-native_min_max_span_range__o-idle_range_pstar__s-cplex_cp__i-na,cfg3__m-reduced__p-native_cp__g-distance_closure__b-native_min_max_span_range__o-idle_range_pstar__s-cplex_cp__i-na,reduced,native_cp,distance_closure,CPLEXCP,CPLEX-CP,DOcplex 2.32.264,n/a,native_min_max_span_range,internal_idle_slot_range_pstar,IRP,NA,,,,,,,,,,0,1,10,0,,123,4,,,,,,"formalism-specific model size: SAT/MaxSAT reports base CNF and soft clauses, MIP reports variables/linear constraints/nonzeros, and CP reports integer variables plus linear/global constraints; SAT bound/totalizer overhead remains separate in optimizer_added_*",3234,1957,1713,1713,0,0,0,0,,,,0.0019,0.071146,0.024281,0.073046,0.03525,"wall-clock from immediately before reading/parsing the .dzn instance through model construction, optimization, solution decoding, and independent validation; excludes worker-process startup and result-file export",10,297,12,peak_process_tree_rss_mb,83b4544ca965004171f61a7dd37c5e58b564d16be0488de1c693fd7566e30c92,fixed020,data_table07_fixed/forum-13.fixed020-Forb.dzn,1,data_table07_fixed/forum-13.fixed020-Forb.dzn,1,data_table07_fixed/forum-13.fixed020-Forb.dzn,https://imae.udg.edu/Recerca/LAI/,https://ima.udg.edu/Recerca/lai/b2b/b2b.zip,,2026-07-24T06:14:03+00:00,7200.0,,6f3ccaf59383a413936ee93d69392f669805b607,True,3.10.12,1.9.dev7,instance-20260722-153126,Linux-6.8.0-1064-gcp-x86_64-with-glibc2.35,x86_64,4,8,15988.055,1,0,/home/dclng566/projects/Business-Meeting-Scheduling-Problem/.venv/bin/python /home/dclng566/projects/Business-Meeting-Scheduling-Problem/src/Main.py --data-dir data_table07_fixed --solver cplex_cp --timeout 7200 --threads 1 --random-seed 0 --csv output/cplex_cp_official/data_table07_fixed/aggregate.csv --long-csv output/cplex_cp_official/data_table07_fixed/detailed.csv --excel-dir output/cplex_cp_official/data_table07_fixed/excel --verbose,,,,,Optimal | SearchCompleted | SearchHasNotBeenStopped,,,cplex_cp,,,,exact_native,native_cp+distance_closure,10,58,"1,2,3,4,5,6,7,8,9,10,11,12,13,14,15,16,18,19,23,24,25,26,27,28,29,30,31,32,33,34,35,36,37,38,39,40,41,42,44,45,46,47,48,49,50,52,53,54,56,57,59,60,62,63,64,65,66,70",1957,1277,244,244,"2,4,12,5,2,9,4,6,4,3,2,8,4,7,2,2,0,9,2,0,0,0,3,2,2,12,4,9,8,6,11,10,2,2,3,2,2,5,12,8,7,7,0,11,3,12,2,4,2,12,0,2,2,5,0,10,4,0,3,2,0,3,2,2,2,6,0,0,0,4","28,28,28,28,28,28,26,20,16,16,14,12,10,8,4,4,2,0,2,4,2","11,5,4,6,8,7,2,3,1,15,4,11,13,8,7,12,10,9,4,2,1,8,3,5,7,2,6,7,2,3,9,1,4,4,5,1,11,3,2,6,12,1,14,14,15,13,4,3,6,3,9,16,4,8,5,7,19,6,1,2,11,2,6,7,20,5,8,1,7,8,5,2,3,6,9,12,4,4,2,8,6,10,1,5,3,13,9,7,8,20,5,7,4,9,1,14,6,11,5,2,10,6,3,1,10,3,7,5,1,2,12,4,6,4,2,5,3,1,10,7,6,16,3,7,12,8,9,10,5,13,6,14,11,9,11,3,1,10,8,21,7,6,5,4,17,2,12,13,2,1,10,5,4,3",1:M9 M21 M32 M36 M42 M59 M68 M83 M95 M104 M109 M118 M137 M150 | 2:M7 M20 M26 M29 M39 M60 M62 M72 M79 M100 M110 M115 M146 M149 | 3:M8 M23 M30 M38 M48 M50 M73 M85 M103 M106 M117 M123 M136 M154 | 4:M3 M11 M19 M33 M34 M47 M53 M77 M78 M93 M112 M114 M144 M153 | 5:M2 M24 M35 M55 M66 M71 M84 M91 M99 M108 M116 M129 M143 M152 | 6:M4 M27 M40 M49 M58 M63 M74 M81 M97 M102 M113 M121 M131 M142 | 7:M6 M15 M25 M28 M56 M64 M69 M88 M92 M107 M120 M124 M141 | 8:M5 M14 M22 M54 M67 M70 M80 M89 M126 M139 | 9:M18 M31 M51 M75 M87 M94 M127 M134 | 10:M17 M82 M101 M105 M119 M128 M138 M151 | 11:M1 M12 M37 M61 M98 M133 M135 | 12:M16 M41 M76 M111 M125 M147 | 13:M13 M46 M86 M130 M148 | 14:M43 M44 M96 M132 | 15:M10 M45 | 16:M52 M122 | 17:M145 | 18: | 19:M57 | 20:M65 M90 | 21:M140,one reduced-domain integer time variable per meeting | global all_diff per participant | global count per slot for table capacity | distance-labelled transitive precedence closure | native min/max internal-idle expressions | native max/min range objective over P*,result,native_min_max_span_range
tic-13crafb.fixed040-Forb,b2b-86a0956fe38dec64,fixed,R-DC-IRP-CPO-CP,Reduced,NativeCP,DistanceClosure-E*,NativeMinMaxSpan,IdleRangePstar,CPLEXCP,N/A,OPTIMAL,SAT,4,4,0.070705,False,33.461,CP,CP-MeetingTime-SpanRange,CP-MeetingTime-SpanRange-Reduced-DistanceClosure,184,0,184,0,0,54,0,,,,184,0,,,cfg3__m-reduced__p-native_cp__g-distance_closure__b-native_min_max_span_range__o-idle_range_pstar__s-cplex_cp__i-na,cfg3__m-reduced__p-native_cp__g-distance_closure__b-native_min_max_span_range__o-idle_range_pstar__s-cplex_cp__i-na,reduced,native_cp,distance_closure,CPLEXCP,CPLEX-CP,DOcplex 2.32.264,n/a,native_min_max_span_range,internal_idle_slot_range_pstar,IRP,NA,,,,,,,,,,0,1,4,0,,143,54,,,,,,"formalism-specific model size: SAT/MaxSAT reports base CNF and soft clauses, MIP reports variables/linear constraints/nonzeros, and CP reports integer variables plus linear/global constraints; SAT bound/totalizer overhead remains separate in optimizer_added_*",1840,1183,534,534,0,0,0,0,,,,0.001976,0.033079,0.025226,0.035055,0.035651,"wall-clock from immediately before reading/parsing the .dzn instance through model construction, optimization, solution decoding, and independent validation; excludes worker-process startup and result-file export",4,52,4,peak_process_tree_rss_mb,86a0956fe38dec643de93aa37ea129295b1bc505a4788df58ef01deb56db0f34,fixed040,data_table07_fixed/tic-13crafb.fixed040-Forb.dzn,1,data_table07_fixed/tic-13crafb.fixed040-Forb.dzn,1,data_table07_fixed/tic-13crafb.fixed040-Forb.dzn,https://imae.udg.edu/Recerca/LAI/,https://ima.udg.edu/Recerca/lai/b2b/b2b.zip,,2026-07-24T06:14:03+00:00,7200.0,,6f3ccaf59383a413936ee93d69392f669805b607,True,3.10.12,1.9.dev7,instance-20260722-153126,Linux-6.8.0-1064-gcp-x86_64-with-glibc2.35,x86_64,4,8,15988.055,1,0,/home/dclng566/projects/Business-Meeting-Scheduling-Problem/.venv/bin/python /home/dclng566/projects/Business-Meeting-Scheduling-Problem/src/Main.py --data-dir data_table07_fixed --solver cplex_cp --timeout 7200 --threads 1 --random-seed 0 --csv output/cplex_cp_official/data_table07_fixed/aggregate.csv --long-csv output/cplex_cp_official/data_table07_fixed/detailed.csv --excel-dir output/cplex_cp_official/data_table07_fixed/excel --verbose,,,,,Optimal | SearchCompleted | SearchHasNotBeenStopped,,,cplex_cp,,,,exact_native,native_cp+distance_closure,4,44,"1,2,3,4,5,6,7,8,9,10,11,12,13,14,15,16,17,18,19,20,21,22,24,25,26,27,28,29,30,31,32,33,34,35,36,37,38,40,41,42,43,44,45,46",1183,657,649,649,"0,2,0,4,3,0,2,0,3,0,3,0,0,1,0,2,0,4,0,0,3,0,0,0,1,0,0,0,1,0,2,0,2,1,4,0,0,3,0,0,0,0,4,0,3,4","38,42,38,36,36,34,34,34,38,38","7,3,8,10,2,5,3,4,7,2,8,10,6,2,7,2,9,6,8,3,7,9,5,8,3,4,7,1,9,10,1,3,4,10,6,7,5,9,8,10,6,7,2,5,1,10,4,9,4,9,1,7,8,2,5,6,6,1,3,7,10,8,4,3,5,8,2,4,1,6,2,1,10,2,5,4,9,6,7,3,8,2,9,8,4,1,9,4,5,6,8,2,5,2,1,2,1,9,4,5,7,9,5,7,3,6,4,8,10,2,10,9,5,6,7,5,1,10,4,5,8,1,10,9,3,2,6,6,10,3,9,5,4,4,9,3,8,10,7,2,6,1,1,6,9,3,7,10,1,2,4,3,5,1,3,10,6,10,2,1,8,3,9,4,6,1,9,3,10,2,8,5,7,9,8,7,2,1,3,10,2,5,4,3",1:M28 M31 M45 M51 M58 M69 M72 M86 M95 M97 M117 M122 M142 M143 M149 M154 M160 M166 M178 | 2:M5 M10 M14 M16 M43 M54 M67 M71 M74 M82 M92 M94 M96 M110 M126 M140 M150 M159 M170 M177 M181 | 3:M2 M7 M20 M25 M32 M59 M64 M80 M105 M125 M130 M136 M146 M152 M155 M162 M168 M179 M184 | 4:M8 M26 M33 M47 M49 M63 M68 M76 M85 M88 M99 M107 M119 M133 M134 M151 M164 M183 | 5:M6 M23 M37 M44 M55 M65 M75 M89 M93 M100 M103 M113 M116 M120 M132 M153 M172 M182 | 6:M13 M18 M35 M41 M56 M57 M70 M78 M90 M106 M114 M127 M128 M141 M144 M157 M165 | 7:M1 M9 M15 M21 M27 M36 M42 M52 M60 M79 M101 M104 M115 M139 M147 M173 M176 | 8:M3 M11 M19 M24 M39 M53 M62 M66 M81 M84 M91 M108 M121 M137 M161 M171 M175 | 9:M17 M22 M29 M38 M48 M50 M77 M83 M87 M98 M102 M112 M124 M131 M135 M145 M163 M167 M174 | 10:M4 M12 M30 M34 M40 M46 M61 M73 M109 M111 M118 M123 M129 M138 M148 M156 M158 M169 M180,one reduced-domain integer time variable per meeting | global all_diff per participant | global count per slot for table capacity | distance-labelled transitive precedence closure | native min/max internal-idle expressions | native max/min range objective over P*,result,native_min_max_span_range
ticf-13crafa.fixed040-Forb,b2b-875f44095ffb4591,fixed,R-DC-IRP-CPO-CP,Reduced,NativeCP,DistanceClosure-E*,NativeMinMaxSpan,IdleRangePstar,CPLEXCP,N/A,OPTIMAL,SAT,12,12,0.066888,False,34.508,CP,CP-MeetingTime-SpanRange,CP-MeetingTime-SpanRange-Reduced-DistanceClosure,154,0,154,0,0,79,0,,,,154,0,,,cfg3__m-reduced__p-native_cp__g-distance_closure__b-native_min_max_span_range__o-idle_range_pstar__s-cplex_cp__i-na,cfg3__m-reduced__p-native_cp__g-distance_closure__b-native_min_max_span_range__o-idle_range_pstar__s-cplex_cp__i-na,reduced,native_cp,distance_closure,CPLEXCP,CPLEX-CP,DOcplex 2.32.264,n/a,native_min_max_span_range,internal_idle_slot_range_pstar,IRP,NA,,,,,,,,,,0,1,12,0,,92,4,,,,,,"formalism-specific model size: SAT/MaxSAT reports base CNF and soft clauses, MIP reports variables/linear constraints/nonzeros, and CP reports integer variables plus linear/global constraints; SAT bound/totalizer overhead remains separate in optimizer_added_*",3234,1522,1144,1144,0,0,0,0,,,,0.001892,0.02969,0.024626,0.031581,0.035306,"wall-clock from immediately before reading/parsing the .dzn instance through model construction, optimization, solution decoding, and independent validation; excludes worker-process startup and result-file export",12,373,14,peak_process_tree_rss_mb,875f44095ffb459191299eb004fc155a0baa689617274d312a7ac857df520f60,fixed040,data_table07_fixed/ticf-13crafa.fixed040-Forb.dzn,1,data_table07_fixed/ticf-13crafa.fixed040-Forb.dzn,1,data_table07_fixed/ticf-13crafa.fixed040-Forb.dzn,https://imae.udg.edu/Recerca/LAI/,https://ima.udg.edu/Recerca/lai/b2b/b2b.zip,,2026-07-24T06:14:03+00:00,7200.0,,6f3ccaf59383a413936ee93d69392f669805b607,True,3.10.12,1.9.dev7,instance-20260722-153126,Linux-6.8.0-1064-gcp-x86_64-with-glibc2.35,x86_64,4,8,15988.055,1,0,/home/dclng566/projects/Business-Meeting-Scheduling-Problem/.venv/bin/python /home/dclng566/projects/Business-Meeting-Scheduling-Problem/src/Main.py --data-dir data_table07_fixed --solver cplex_cp --timeout 7200 --threads 1 --random-seed 0 --csv output/cplex_cp_official/data_table07_fixed/aggregate.csv --long-csv output/cplex_cp_official/data_table07_fixed/detailed.csv --excel-dir output/cplex_cp_official/data_table07_fixed/excel --verbose,,,,,Optimal | SearchCompleted | SearchHasNotBeenStopped,,,cplex_cp,,,,exact_native,native_cp+distance_closure,12,58,"1,2,3,4,5,6,7,8,9,10,11,12,13,14,15,16,18,19,23,24,25,26,27,28,29,30,31,32,33,34,35,36,37,38,39,40,41,42,44,45,46,47,48,49,50,52,53,54,56,57,59,60,62,63,64,65,66,70",1522,1712,378,378,"2,2,13,5,3,7,6,4,7,2,9,8,3,14,2,3,0,11,2,0,0,0,9,4,2,14,4,8,9,2,8,9,9,2,3,9,4,5,13,9,7,9,0,11,2,14,2,2,3,14,0,5,2,9,0,9,7,0,10,2,0,3,11,8,7,6,0,0,0,4","28,28,28,28,26,28,24,16,18,20,14,6,10,8,4,2,6,0,2,8,4","6,9,2,7,5,11,3,4,1,14,5,11,21,7,6,9,10,17,4,2,3,8,1,5,7,1,3,7,2,9,1,6,4,8,5,3,11,4,2,1,12,4,15,15,14,13,2,1,3,9,5,16,7,20,6,8,19,6,10,1,11,9,6,7,20,5,10,1,5,7,8,2,3,6,9,13,4,2,4,1,9,8,5,10,3,7,13,6,5,20,8,9,7,3,4,14,6,2,3,2,10,13,4,1,10,2,6,7,5,3,12,1,4,2,3,4,1,11,10,5,6,5,10,20,3,4,8,11,6,2,7,14,17,9,5,3,13,10,11,21,8,6,7,4,17,2,1,12,6,2,10,3,4,1",1:M9 M23 M26 M31 M40 M48 M60 M68 M80 M104 M112 M117 M147 M154 | 2:M3 M20 M29 M39 M47 M72 M78 M98 M100 M106 M114 M130 M146 M150 | 3:M7 M21 M27 M36 M49 M73 M85 M94 M99 M110 M115 M125 M136 M152 | 4:M8 M19 M33 M38 M42 M77 M79 M95 M103 M113 M116 M126 M144 M153 | 5:M5 M11 M24 M35 M51 M66 M69 M83 M89 M109 M120 M122 M135 | 6:M1 M15 M32 M55 M58 M63 M74 M88 M97 M107 M121 M129 M142 M149 | 7:M4 M14 M25 M28 M53 M64 M70 M86 M93 M108 M131 M143 | 8:M22 M34 M56 M71 M82 M91 M127 M141 | 9:M2 M16 M30 M50 M62 M75 M81 M92 M134 | 10:M17 M59 M67 M84 M101 M105 M119 M123 M138 M151 | 11:M6 M12 M37 M61 M118 M128 M139 | 12:M41 M111 M148 | 13:M46 M76 M87 M102 M137 | 14:M10 M45 M96 M132 | 15:M43 M44 | 16:M52 | 17:M18 M133 M145 | 18: | 19:M57 | 20:M54 M65 M90 M124 | 21:M13 M140,one reduced-domain integer time variable per meeting | global all_diff per participant | global count per slot for table capacity | distance-labelled transitive precedence closure | native min/max internal-idle expressions | native max/min range objective over P*,result,native_min_max_span_range
tic-13.fixed020-Forb,b2b-8dae671d7946abe6,fixed,R-DC-IRP-CPO-CP,Reduced,NativeCP,DistanceClosure-E*,NativeMinMaxSpan,IdleRangePstar,CPLEXCP,N/A,OPTIMAL,SAT,3,3,0.08355,False,37.82,CP,CP-MeetingTime-SpanRange,CP-MeetingTime-SpanRange-Reduced-DistanceClosure,180,0,180,0,0,55,0,,,,180,0,,,cfg3__m-reduced__p-native_cp__g-distance_closure__b-native_min_max_span_range__o-idle_range_pstar__s-cplex_cp__i-na,cfg3__m-reduced__p-native_cp__g-distance_closure__b-native_min_max_span_range__o-idle_range_pstar__s-cplex_cp__i-na,reduced,native_cp,distance_closure,CPLEXCP,CPLEX-CP,DOcplex 2.32.264,n/a,native_min_max_span_range,internal_idle_slot_range_pstar,IRP,NA,,,,,,,,,,0,1,3,0,,117,5,,,,,,"formalism-specific model size: SAT/MaxSAT reports base CNF and soft clauses, MIP reports variables/linear constraints/nonzeros, and CP reports integer variables plus linear/global constraints; SAT bound/totalizer overhead remains separate in optimizer_added_*",1800,1476,1068,1068,0,0,0,0,,,,0.001917,0.046653,0.024513,0.04857,0.034979,"wall-clock from immediately before reading/parsing the .dzn instance through model construction, optimization, solution decoding, and independent validation; excludes worker-process startup and result-file export",3,46,3,peak_process_tree_rss_mb,8dae671d7946abe68d764e4429258bb7a03fecc4e7368e956202fbfb3bf26abd,fixed020,data_table07_fixed/tic-13.fixed020-Forb.dzn,1,data_table07_fixed/tic-13.fixed020-Forb.dzn,1,data_table07_fixed/tic-13.fixed020-Forb.dzn,https://imae.udg.edu/Recerca/LAI/,https://ima.udg.edu/Recerca/lai/b2b/b2b.zip,,2026-07-24T06:14:03+00:00,7200.0,,6f3ccaf59383a413936ee93d69392f669805b607,True,3.10.12,1.9.dev7,instance-20260722-153126,Linux-6.8.0-1064-gcp-x86_64-with-glibc2.35,x86_64,4,8,15988.055,1,0,/home/dclng566/projects/Business-Meeting-Scheduling-Problem/.venv/bin/python /home/dclng566/projects/Business-Meeting-Scheduling-Problem/src/Main.py --data-dir data_table07_fixed --solver cplex_cp --timeout 7200 --threads 1 --random-seed 0 --csv output/cplex_cp_official/data_table07_fixed/aggregate.csv --long-csv output/cplex_cp_official/data_table07_fixed/detailed.csv --excel-dir output/cplex_cp_official/data_table07_fixed/excel --verbose,,,,,Optimal | SearchCompleted | SearchHasNotBeenStopped,,,cplex_cp,,,,exact_native,native_cp+distance_closure,3,45,"1,3,4,5,6,7,8,9,10,11,12,13,14,15,16,17,18,19,20,21,22,23,24,25,26,27,28,29,30,31,32,33,34,35,36,37,38,40,41,42,43,44,45,46,47",1476,324,408,408,"0,0,3,2,0,2,1,1,0,3,0,3,0,0,3,0,0,0,0,3,2,1,0,3,2,0,1,0,1,1,3,0,2,1,0,0,3,0,0,0,0,2,0,0,0,3,0","36,38,42,36,36,40,38,38,30,26","8,2,5,10,7,3,9,4,1,6,8,5,3,4,10,6,1,7,4,2,3,10,1,3,5,7,2,4,6,3,10,7,5,4,9,2,1,7,2,3,5,4,3,1,6,5,9,8,2,8,5,7,9,6,10,3,6,2,7,8,4,2,1,6,9,3,8,6,4,1,9,8,1,6,7,5,4,10,2,1,7,3,9,10,6,4,7,2,5,8,9,5,2,6,7,3,7,6,8,1,5,9,8,5,4,9,6,2,7,2,8,4,9,6,3,4,6,8,3,6,10,4,6,10,9,1,4,8,7,3,6,8,3,5,2,1,10,2,3,10,5,1,3,5,7,3,1,2,4,9,2,5,6,10,1,6,4,8,5,9,2,10,1,8,7,3,7,8,3,2,7,9,5,7,1,3,4,8,8,1",1:M9 M17 M23 M37 M44 M63 M70 M73 M80 M100 M126 M136 M142 M147 M155 M163 M175 M180 | 2:M2 M20 M27 M36 M39 M49 M58 M62 M79 M88 M93 M108 M110 M135 M138 M148 M151 M161 M170 | 3:M6 M13 M21 M24 M30 M40 M43 M56 M66 M82 M96 M115 M119 M130 M133 M139 M143 M146 M166 M169 M176 | 4:M8 M14 M19 M28 M34 M42 M61 M69 M77 M86 M105 M112 M116 M122 M127 M149 M157 M177 | 5:M3 M12 M25 M33 M41 M46 M51 M76 M89 M92 M101 M104 M134 M141 M144 M152 M159 M173 | 6:M10 M16 M29 M45 M54 M57 M64 M68 M74 M85 M94 M98 M107 M114 M117 M120 M123 M131 M153 M156 | 7:M5 M18 M26 M32 M38 M52 M59 M75 M81 M87 M95 M97 M109 M129 M145 M165 M167 M171 M174 | 8:M1 M11 M48 M50 M60 M67 M72 M90 M99 M103 M111 M118 M128 M132 M158 M164 M168 M178 M179 | 9:M7 M35 M47 M53 M65 M71 M83 M91 M102 M106 M113 M125 M150 M160 M172 | 10:M4 M15 M22 M31 M55 M78 M84 M121 M124 M137 M140 M154 M162,one reduced-domain integer time variable per meeting | global all_diff per participant | global count per slot for table capacity | distance-labelled transitive precedence closure | native min/max internal-idle expressions | native max/min range objective over P*,result,native_min_max_span_range
forum-14.fixed040-Forb,b2b-93f09824d2e8aa74,fixed,R-DC-IRP-CPO-CP,Reduced,NativeCP,DistanceClosure-E*,NativeMinMaxSpan,IdleRangePstar,CPLEXCP,N/A,OPTIMAL,SAT,16,16,0.188872,False,38.445,CP,CP-MeetingTime-SpanRange,CP-MeetingTime-SpanRange-Reduced-DistanceClosure,302,0,302,0,0,94,0,,,,302,0,,,cfg3__m-reduced__p-native_cp__g-distance_closure__b-native_min_max_span_range__o-idle_range_pstar__s-cplex_cp__i-na,cfg3__m-reduced__p-native_cp__g-distance_closure__b-native_min_max_span_range__o-idle_range_pstar__s-cplex_cp__i-na,reduced,native_cp,distance_closure,CPLEXCP,CPLEX-CP,DOcplex 2.32.264,n/a,native_min_max_span_range,internal_idle_slot_range_pstar,IRP,NA,,,,,,,,,,0,1,16,0,,177,4,,,,,,"formalism-specific model size: SAT/MaxSAT reports base CNF and soft clauses, MIP reports variables/linear constraints/nonzeros, and CP reports integer variables plus linear/global constraints; SAT bound/totalizer overhead remains separate in optimizer_added_*",6644,3328,2182,2182,0,0,0,0,,,,0.002938,0.14959,0.021953,0.152528,0.036344,"wall-clock from immediately before reading/parsing the .dzn instance through model construction, optimization, solution decoding, and independent validation; excludes worker-process startup and result-file export",16,463,16,peak_process_tree_rss_mb,93f09824d2e8aa7477c0aed951461cdaf879da204988e94ce9346f2147d2bb09,fixed040,data_table07_fixed/forum-14.fixed040-Forb.dzn,1,data_table07_fixed/forum-14.fixed040-Forb.dzn,1,data_table07_fixed/forum-14.fixed040-Forb.dzn,https://imae.udg.edu/Recerca/LAI/,https://ima.udg.edu/Recerca/lai/b2b/b2b.zip,,2026-07-24T06:14:03+00:00,7200.0,,6f3ccaf59383a413936ee93d69392f669805b607,True,3.10.12,1.9.dev7,instance-20260722-153126,Linux-6.8.0-1064-gcp-x86_64-with-glibc2.35,x86_64,4,8,15988.055,1,0,/home/dclng566/projects/Business-Meeting-Scheduling-Problem/.venv/bin/python /home/dclng566/projects/Business-Meeting-Scheduling-Problem/src/Main.py --data-dir data_table07_fixed --solver cplex_cp --timeout 7200 --threads 1 --random-seed 0 --csv output/cplex_cp_official/data_table07_fixed/aggregate.csv --long-csv output/cplex_cp_official/data_table07_fixed/detailed.csv --excel-dir output/cplex_cp_official/data_table07_fixed/excel --verbose,,,,,Optimal | SearchCompleted | SearchHasNotBeenStopped,,,cplex_cp,,,,exact_native,native_cp+distance_closure,16,72,"1,2,3,4,5,6,8,9,11,12,14,17,19,20,21,22,23,24,25,26,27,28,29,30,31,32,33,34,35,36,37,38,39,40,41,42,43,44,45,46,47,48,49,50,51,52,53,54,55,56,57,58,59,60,61,62,63,64,65,66,67,68,69,70,71,72,73,74,75,76,77,78",3328,3316,1146,1146,"9,9,9,3,9,13,0,8,0,0,16,3,0,8,0,0,8,0,11,2,9,5,12,3,2,4,2,6,8,11,14,3,10,11,11,4,10,8,0,6,12,13,11,7,14,0,4,1,11,9,12,3,10,9,5,8,0,0,6,0,0,6,11,11,3,0,6,0,2,10,1,1,0,6,3,11,10,0","44,44,44,42,44,38,44,34,34,36,26,36,26,18,16,10,14,18,12,8,10,6","22,8,2,13,12,1,7,14,15,13,13,12,4,1,7,3,10,2,5,6,1,11,17,10,11,19,9,15,10,5,21,17,5,21,7,8,9,10,11,14,3,18,19,1,2,13,8,14,15,12,9,6,10,7,3,8,12,1,2,5,1,16,12,4,13,1,20,6,22,2,16,12,4,9,18,19,6,9,15,2,5,18,10,3,7,8,12,11,7,13,3,4,12,2,2,6,6,2,20,10,7,1,3,9,2,5,8,11,18,6,4,7,12,8,21,7,6,2,12,9,4,5,3,10,7,3,6,11,12,5,1,4,11,7,6,5,2,13,9,8,3,3,9,19,4,10,14,17,6,1,1,7,12,4,3,11,13,3,4,1,14,9,10,5,16,15,19,13,6,18,14,8,12,11,1,2,10,13,7,18,15,8,17,5,16,4,17,18,1,20,3,5,2,9,4,2,3,8,5,8,1,3,4,6,7,2,6,3,5,7,12,4,14,17,2,1,13,4,7,3,1,17,18,6,19,5,8,20,21,14,10,11,2,22,12,16,13,15,9,5,3,1,13,2,8,1,10,9,6,5,7,4,9,5,7,4,10,6,3,7,5,2,1,11,8,12,10,9,6,4,14,11,9,4,10,4,5,3,12,1,7,10,2,18,7,21,8,5,3,15,11,12,3,2,6,10,8,5,9,4,1,7",1:M6 M14 M21 M44 M58 M61 M66 M102 M131 M150 M151 M160 M175 M189 M201 M216 M221 M242 M246 M263 M280 M301 | 2:M3 M18 M45 M59 M70 M80 M94 M95 M98 M105 M118 M137 M176 M193 M196 M206 M215 M233 M244 M262 M283 M294 | 3:M16 M41 M55 M84 M91 M103 M123 M126 M141 M142 M155 M158 M191 M197 M202 M208 M220 M241 M259 M278 M289 M293 | 4:M13 M64 M73 M92 M111 M121 M132 M145 M154 M159 M186 M195 M203 M212 M218 M252 M256 M270 M274 M276 M300 | 5:M19 M30 M33 M60 M81 M106 M122 M130 M136 M164 M184 M192 M199 M209 M226 M240 M250 M254 M261 M277 M288 M298 | 6:M20 M52 M68 M77 M96 M97 M110 M117 M127 M135 M149 M169 M204 M207 M224 M249 M258 M269 M295 | 7:M7 M15 M35 M54 M85 M89 M101 M112 M116 M125 M134 M152 M179 M205 M210 M219 M251 M255 M260 M281 M285 M302 | 8:M2 M36 M47 M56 M86 M107 M114 M140 M172 M182 M198 M200 M227 M245 M265 M287 M297 | 9:M27 M37 M51 M74 M78 M104 M120 M139 M143 M162 M194 M239 M248 M253 M268 M273 M299 | 10:M17 M24 M29 M38 M53 M83 M100 M124 M146 M163 M177 M231 M247 M257 M267 M275 M282 M296 | 11:M22 M25 M39 M88 M108 M128 M133 M156 M174 M232 M264 M272 M291 | 12:M5 M12 M50 M57 M63 M72 M87 M93 M113 M119 M129 M153 M173 M211 M235 M266 M279 M292 | 13:M4 M10 M11 M46 M65 M90 M138 M157 M168 M178 M217 M237 M243 | 14:M8 M40 M48 M147 M161 M171 M213 M230 M271 | 15:M9 M28 M49 M79 M166 M181 M238 M290 | 16:M62 M71 M165 M185 M236 | 17:M23 M32 M148 M183 M187 M214 M222 | 18:M42 M75 M82 M109 M170 M180 M188 M223 M284 | 19:M26 M43 M76 M144 M167 M225 | 20:M67 M99 M190 M228 | 21:M31 M34 M115 M229 M286 | 22:M1 M69 M234,one reduced-domain integer time variable per meeting | global all_diff per participant | global count per slot for table capacity | distance-labelled transitive precedence closure | native min/max internal-idle expressions | native max/min range objective over P*,result,native_min_max_span_range
forumt-14crafd.fixed020-Forb,b2b-99df5d460fc6f231,fixed,R-DC-IRP-CPO-CP,Reduced,NativeCP,DistanceClosure-E*,NativeMinMaxSpan,IdleRangePstar,CPLEXCP,N/A,OPTIMAL,SAT,4,4,0.100884,False,49.363,CP,CP-MeetingTime-SpanRange,CP-MeetingTime-SpanRange-Reduced-DistanceClosure,236,0,236,0,0,69,0,,,,236,0,,,cfg3__m-reduced__p-native_cp__g-distance_closure__b-native_min_max_span_range__o-idle_range_pstar__s-cplex_cp__i-na,cfg3__m-reduced__p-native_cp__g-distance_closure__b-native_min_max_span_range__o-idle_range_pstar__s-cplex_cp__i-na,reduced,native_cp,distance_closure,CPLEXCP,CPLEX-CP,DOcplex 2.32.264,n/a,native_min_max_span_range,internal_idle_slot_range_pstar,IRP,NA,,,,,,,,,,0,1,4,0,,151,15,,,,,,"formalism-specific model size: SAT/MaxSAT reports base CNF and soft clauses, MIP reports variables/linear constraints/nonzeros, and CP reports integer variables plus linear/global constraints; SAT bound/totalizer overhead remains separate in optimizer_added_*",2360,1865,1332,1332,0,0,0,0,,,,0.002366,0.061976,0.024605,0.064342,0.036542,"wall-clock from immediately before reading/parsing the .dzn instance through model construction, optimization, solution decoding, and independent validation; excludes worker-process startup and result-file export",4,67,4,peak_process_tree_rss_mb,99df5d460fc6f231e0718d073fab1f0a755e7a6708287e568540608e91deac59,fixed020,data_table07_fixed/forumt-14crafd.fixed020-Forb.dzn,1,data_table07_fixed/forumt-14crafd.fixed020-Forb.dzn,1,data_table07_fixed/forumt-14crafd.fixed020-Forb.dzn,https://imae.udg.edu/Recerca/LAI/,https://ima.udg.edu/Recerca/lai/b2b/b2b.zip,,2026-07-24T06:14:03+00:00,7200.0,,6f3ccaf59383a413936ee93d69392f669805b607,True,3.10.12,1.9.dev7,instance-20260722-153126,Linux-6.8.0-1064-gcp-x86_64-with-glibc2.35,x86_64,4,8,15988.055,1,0,/home/dclng566/projects/Business-Meeting-Scheduling-Problem/.venv/bin/python /home/dclng566/projects/Business-Meeting-Scheduling-Problem/src/Main.py --data-dir data_table07_fixed --solver cplex_cp --timeout 7200 --threads 1 --random-seed 0 --csv output/cplex_cp_official/data_table07_fixed/aggregate.csv --long-csv output/cplex_cp_official/data_table07_fixed/detailed.csv --excel-dir output/cplex_cp_official/data_table07_fixed/excel --verbose,,,,,Optimal | SearchCompleted | SearchHasNotBeenStopped,,,cplex_cp,,,,exact_native,native_cp+distance_closure,4,59,"1,2,3,4,5,6,7,8,9,10,11,12,13,14,15,16,17,18,20,21,22,23,24,25,26,27,28,29,30,31,32,33,34,35,36,37,38,39,40,41,42,43,44,45,46,47,48,49,50,51,52,53,54,55,56,57,58,59,60",1865,495,533,533,"0,0,0,0,4,0,4,1,0,0,4,0,4,2,0,0,2,2,0,0,0,3,0,0,0,0,1,0,0,4,0,1,0,4,0,2,0,0,1,0,0,0,0,0,2,0,3,4,0,3,4,0,1,0,4,2,2,0,1,2","44,50,48,50,46,44,50,46,48,46","9,10,7,4,3,6,2,5,10,9,8,9,4,9,3,1,7,10,2,6,5,8,10,9,5,7,4,7,1,8,4,7,3,4,1,2,8,9,7,6,6,2,5,3,4,10,1,3,9,2,10,4,1,7,6,10,6,2,8,3,1,5,4,2,3,10,9,6,8,5,1,7,4,1,5,3,9,5,2,8,9,6,1,3,10,7,4,7,1,2,3,5,9,4,8,1,10,6,2,7,8,4,2,9,6,3,8,4,7,10,2,8,6,2,5,10,3,9,1,10,4,5,8,10,6,2,4,7,3,1,10,6,5,1,2,3,4,6,8,7,9,5,9,8,5,10,7,2,1,3,2,3,10,1,7,6,9,5,4,8,6,3,2,1,8,5,9,3,6,7,8,5,2,5,10,8,7,2,4,9,3,5,4,6,2,9,7,4,2,10,6,3,9,9,8,5,4,7,10,1,4,8,4,10,9,7,1,3,2,5,9,1,6,7,7,3,5,7,2,10,1,4,8,6,9,3,2,8,10,5,7,6,1,3,4,8",1:M16 M29 M35 M47 M53 M61 M71 M74 M83 M89 M96 M119 M130 M134 M149 M154 M164 M200 M207 M212 M221 M233 | 2:M7 M19 M36 M42 M50 M58 M64 M79 M90 M99 M103 M111 M114 M126 M135 M148 M151 M163 M173 M178 M185 M189 M209 M219 M227 | 3:M5 M15 M33 M44 M48 M60 M65 M76 M84 M91 M106 M117 M129 M136 M150 M152 M162 M168 M181 M192 M208 M216 M226 M234 | 4:M4 M13 M27 M31 M34 M45 M52 M63 M73 M87 M94 M102 M108 M121 M127 M137 M159 M179 M183 M188 M197 M201 M203 M222 M235 | 5:M8 M21 M25 M43 M62 M70 M75 M78 M92 M115 M122 M133 M142 M145 M158 M166 M172 M174 M182 M196 M210 M217 M230 | 6:M6 M20 M40 M41 M55 M57 M68 M82 M98 M105 M113 M125 M132 M138 M156 M161 M169 M184 M191 M213 M224 M232 | 7:M3 M17 M26 M28 M32 M39 M54 M72 M86 M88 M100 M109 M128 M140 M147 M155 M170 M177 M187 M198 M206 M214 M215 M218 M231 | 8:M11 M22 M30 M37 M59 M69 M80 M95 M101 M107 M112 M123 M139 M144 M160 M165 M171 M176 M195 M202 M223 M228 M236 | 9:M1 M10 M12 M14 M24 M38 M49 M67 M77 M81 M93 M104 M118 M141 M143 M157 M167 M180 M186 M193 M194 M205 M211 M225 | 10:M2 M9 M18 M23 M46 M51 M56 M66 M85 M97 M110 M116 M120 M124 M131 M146 M153 M175 M190 M199 M204 M220 M229,one reduced-domain integer time variable per meeting | global all_diff per participant | global count per slot for table capacity | distance-labelled transitive precedence closure | native min/max internal-idle expressions | native max/min range objective over P*,result,native_min_max_span_range
tic-14crafd.fixed040-Forb,b2b-9a5547dc248fa150,fixed,R-DC-IRP-CPO-CP,Reduced,NativeCP,DistanceClosure-E*,NativeMinMaxSpan,IdleRangePstar,CPLEXCP,N/A,UNSAT,UNSAT,,,0.050363,False,37.297,CP,CP-MeetingTime-SpanRange,CP-MeetingTime-SpanRange-Reduced-DistanceClosure,236,0,236,0,1,69,0,,,,236,0,,,cfg3__m-reduced__p-native_cp__g-distance_closure__b-native_min_max_span_range__o-idle_range_pstar__s-cplex_cp__i-na,cfg3__m-reduced__p-native_cp__g-distance_closure__b-native_min_max_span_range__o-idle_range_pstar__s-cplex_cp__i-na,reduced,native_cp,distance_closure,CPLEXCP,CPLEX-CP,DOcplex 2.32.264,n/a,native_min_max_span_range,internal_idle_slot_range_pstar,IRP,NA,,,,,,,,,,0,1,3,,,0,1,,,,,,"formalism-specific model size: SAT/MaxSAT reports base CNF and soft clauses, MIP reports variables/linear constraints/nonzeros, and CP reports integer variables plus linear/global constraints; SAT bound/totalizer overhead remains separate in optimizer_added_*",2360,1514,720,720,0,0,0,0,,,,0.002343,0.018474,0.021016,0.020817,0.029546,"wall-clock from immediately before reading/parsing the .dzn instance through model construction, optimization, solution decoding, and independent validation; excludes worker-process startup and result-file export",,,,peak_process_tree_rss_mb,9a5547dc248fa150a18b4bcaf13d622f95a8f6d43a38ab2f056306c55e06480b,fixed040,data_table07_fixed/tic-14crafd.fixed040-Forb.dzn,1,data_table07_fixed/tic-14crafd.fixed040-Forb.dzn,1,data_table07_fixed/tic-14crafd.fixed040-Forb.dzn,https://imae.udg.edu/Recerca/LAI/,https://ima.udg.edu/Recerca/lai/b2b/b2b.zip,,2026-07-24T06:14:03+00:00,7200.0,,6f3ccaf59383a413936ee93d69392f669805b607,True,3.10.12,1.9.dev7,instance-20260722-153126,Linux-6.8.0-1064-gcp-x86_64-with-glibc2.35,x86_64,4,8,15988.055,1,0,/home/dclng566/projects/Business-Meeting-Scheduling-Problem/.venv/bin/python /home/dclng566/projects/Business-Meeting-Scheduling-Problem/src/Main.py --data-dir data_table07_fixed --solver cplex_cp --timeout 7200 --threads 1 --random-seed 0 --csv output/cplex_cp_official/data_table07_fixed/aggregate.csv --long-csv output/cplex_cp_official/data_table07_fixed/detailed.csv --excel-dir output/cplex_cp_official/data_table07_fixed/excel --verbose,,,,,Infeasible | SearchCompleted | SearchHasNotBeenStopped,,,cplex_cp,,,,exact_native,native_cp+distance_closure,,59,"1,2,3,4,5,6,7,8,9,10,11,12,13,14,15,16,17,18,20,21,22,23,24,25,26,27,28,29,30,31,32,33,34,35,36,37,38,39,40,41,42,43,44,45,46,47,48,49,50,51,52,53,54,55,56,57,58,59,60",1514,846,794,794,,,,,one reduced-domain integer time variable per meeting | global all_diff per participant | global count per slot for table capacity | distance-labelled transitive precedence closure | native min/max internal-idle expressions | native max/min range objective over P*,result,native_min_max_span_range
tic-12crafc.fixed040-Forb,b2b-b9c91887e61e0d8f,fixed,R-DC-IRP-CPO-CP,Reduced,NativeCP,DistanceClosure-E*,NativeMinMaxSpan,IdleRangePstar,CPLEXCP,N/A,UNSAT,UNSAT,,,0.031322,False,37.637,CP,CP-MeetingTime-SpanRange,CP-MeetingTime-SpanRange-Reduced-DistanceClosure,125,0,125,0,1,47,0,,,,125,0,,,cfg3__m-reduced__p-native_cp__g-distance_closure__b-native_min_max_span_range__o-idle_range_pstar__s-cplex_cp__i-na,cfg3__m-reduced__p-native_cp__g-distance_closure__b-native_min_max_span_range__o-idle_range_pstar__s-cplex_cp__i-na,reduced,native_cp,distance_closure,CPLEXCP,CPLEX-CP,DOcplex 2.32.264,n/a,native_min_max_span_range,internal_idle_slot_range_pstar,IRP,NA,,,,,,,,,,0,1,4,,,0,1,,,,,,"formalism-specific model size: SAT/MaxSAT reports base CNF and soft clauses, MIP reports variables/linear constraints/nonzeros, and CP reports integer variables plus linear/global constraints; SAT bound/totalizer overhead remains separate in optimizer_added_*",1000,650,545,545,0,0,0,0,,,,0.001578,0.002261,0.020781,0.003839,0.027483,"wall-clock from immediately before reading/parsing the .dzn instance through model construction, optimization, solution decoding, and independent validation; excludes worker-process startup and result-file export",,,,peak_process_tree_rss_mb,b9c91887e61e0d8f13fcd9b8d74b0fb6668eb3a99192e7f7081144c50dc75c1b,fixed040,data_table07_fixed/tic-12crafc.fixed040-Forb.dzn,1,data_table07_fixed/tic-12crafc.fixed040-Forb.dzn,1,data_table07_fixed/tic-12crafc.fixed040-Forb.dzn,https://imae.udg.edu/Recerca/LAI/,https://ima.udg.edu/Recerca/lai/b2b/b2b.zip,,2026-07-24T06:14:03+00:00,7200.0,,6f3ccaf59383a413936ee93d69392f669805b607,True,3.10.12,1.9.dev7,instance-20260722-153126,Linux-6.8.0-1064-gcp-x86_64-with-glibc2.35,x86_64,4,8,15988.055,1,0,/home/dclng566/projects/Business-Meeting-Scheduling-Problem/.venv/bin/python /home/dclng566/projects/Business-Meeting-Scheduling-Problem/src/Main.py --data-dir data_table07_fixed --solver cplex_cp --timeout 7200 --threads 1 --random-seed 0 --csv output/cplex_cp_official/data_table07_fixed/aggregate.csv --long-csv output/cplex_cp_official/data_table07_fixed/detailed.csv --excel-dir output/cplex_cp_official/data_table07_fixed/excel --verbose,,,,,Infeasible | SearchCompleted | SearchHasNotBeenStopped,,,cplex_cp,,,,exact_native,native_cp+distance_closure,,39,"1,2,3,4,5,6,7,8,9,10,11,12,13,14,15,16,17,18,19,20,21,22,23,24,25,26,27,28,29,30,31,32,33,34,35,36,39,41,42",650,350,105,105,,,,,one reduced-domain integer time variable per meeting | global all_diff per participant | global count per slot for table capacity | distance-labelled transitive precedence closure | native min/max internal-idle expressions | native max/min range objective over P*,result,native_min_max_span_range
tic-14crafc.fixed020-Forb,b2b-c2d925ea7a03dab1,fixed,R-DC-IRP-CPO-CP,Reduced,NativeCP,DistanceClosure-E*,NativeMinMaxSpan,IdleRangePstar,CPLEXCP,N/A,OPTIMAL,SAT,2,2,0.10262,False,49.559,CP,CP-MeetingTime-SpanRange,CP-MeetingTime-SpanRange-Reduced-DistanceClosure,237,0,237,0,0,69,0,,,,237,0,,,cfg3__m-reduced__p-native_cp__g-distance_closure__b-native_min_max_span_range__o-idle_range_pstar__s-cplex_cp__i-na,cfg3__m-reduced__p-native_cp__g-distance_closure__b-native_min_max_span_range__o-idle_range_pstar__s-cplex_cp__i-na,reduced,native_cp,distance_closure,CPLEXCP,CPLEX-CP,DOcplex 2.32.264,n/a,native_min_max_span_range,internal_idle_slot_range_pstar,IRP,NA,,,,,,,,,,0,1,2,0,,171,25,,,,,,"formalism-specific model size: SAT/MaxSAT reports base CNF and soft clauses, MIP reports variables/linear constraints/nonzeros, and CP reports integer variables plus linear/global constraints; SAT bound/totalizer overhead remains separate in optimizer_added_*",2370,1947,1388,1388,0,0,0,0,,,,0.002353,0.063287,0.024649,0.065639,0.036981,"wall-clock from immediately before reading/parsing the .dzn instance through model construction, optimization, solution decoding, and independent validation; excludes worker-process startup and result-file export",2,41,2,peak_process_tree_rss_mb,c2d925ea7a03dab16db11849fccb0a13165f05696f9cf9af04b918fb316bcdd2,fixed020,data_table07_fixed/tic-14crafc.fixed020-Forb.dzn,1,data_table07_fixed/tic-14crafc.fixed020-Forb.dzn,1,data_table07_fixed/tic-14crafc.fixed020-Forb.dzn,https://imae.udg.edu/Recerca/LAI/,https://ima.udg.edu/Recerca/lai/b2b/b2b.zip,,2026-07-24T06:14:03+00:00,7200.0,,6f3ccaf59383a413936ee93d69392f669805b607,True,3.10.12,1.9.dev7,instance-20260722-153126,Linux-6.8.0-1064-gcp-x86_64-with-glibc2.35,x86_64,4,8,15988.055,1,0,/home/dclng566/projects/Business-Meeting-Scheduling-Problem/.venv/bin/python /home/dclng566/projects/Business-Meeting-Scheduling-Problem/src/Main.py --data-dir data_table07_fixed --solver cplex_cp --timeout 7200 --threads 1 --random-seed 0 --csv output/cplex_cp_official/data_table07_fixed/aggregate.csv --long-csv output/cplex_cp_official/data_table07_fixed/detailed.csv --excel-dir output/cplex_cp_official/data_table07_fixed/excel --verbose,,,,,Optimal | SearchCompleted | SearchHasNotBeenStopped,,,cplex_cp,,,,exact_native,native_cp+distance_closure,2,59,"1,2,3,4,5,6,7,8,9,10,11,12,13,14,15,16,17,18,20,21,22,23,24,25,26,27,28,29,30,31,32,33,34,35,36,37,38,39,40,41,42,43,44,45,46,47,48,49,50,51,52,53,54,55,56,57,58,59,60",1947,423,559,559,"0,0,0,1,1,0,0,2,1,0,0,0,2,0,0,0,2,2,0,0,0,0,0,0,0,0,2,2,0,2,2,2,0,0,2,2,0,0,0,0,0,0,0,0,2,0,0,2,0,2,1,0,1,0,1,2,1,1,2,1","50,50,50,50,50,46,50,48,42,38","8,2,7,6,3,5,1,10,5,2,7,9,5,2,1,10,6,8,8,10,3,4,7,5,9,3,10,2,6,1,4,1,6,2,3,7,2,8,5,3,10,7,2,6,8,9,4,3,8,9,2,4,1,6,10,3,9,2,4,7,5,6,3,10,8,5,7,2,9,1,8,6,5,9,4,10,3,8,1,5,2,9,4,6,10,7,2,4,5,1,8,3,2,9,1,7,5,4,3,10,1,8,4,5,2,5,4,3,5,3,8,7,9,9,5,7,10,2,3,6,1,3,2,1,2,4,8,1,7,9,6,4,2,9,4,8,5,6,7,10,3,7,9,8,1,6,8,4,7,1,10,2,6,9,1,7,3,8,4,5,2,8,1,3,6,7,5,4,10,5,9,6,4,4,7,9,10,8,2,1,3,6,3,4,1,2,6,4,7,5,10,3,8,5,7,4,9,10,1,8,1,6,7,8,2,5,3,10,4,1,2,1,6,7,3,5,6,7,1,5,6,4,7,9,3,1,2,10,9,8,5,7,3,8,6,9,4",1:M7 M15 M30 M32 M53 M70 M79 M90 M95 M101 M121 M124 M128 M145 M150 M155 M163 M180 M185 M199 M201 M210 M212 M219 M226 | 2:M2 M10 M14 M28 M34 M37 M43 M51 M58 M68 M81 M87 M93 M105 M118 M123 M125 M133 M152 M161 M179 M186 M205 M211 M227 | 3:M5 M21 M26 M35 M40 M48 M56 M63 M77 M92 M99 M108 M110 M119 M122 M141 M157 M164 M181 M183 M192 M207 M215 M225 M233 | 4:M22 M31 M47 M52 M59 M75 M83 M88 M98 M103 M107 M126 M132 M135 M148 M159 M168 M173 M174 M184 M188 M196 M209 M222 M237 | 5:M6 M9 M13 M24 M39 M61 M66 M73 M80 M89 M97 M104 M106 M109 M115 M137 M160 M167 M170 M190 M194 M206 M216 M220 M231 | 6:M4 M17 M29 M33 M44 M54 M62 M72 M84 M120 M131 M138 M146 M153 M165 M172 M182 M187 M202 M213 M217 M221 M235 | 7:M3 M11 M23 M36 M42 M60 M67 M86 M96 M112 M116 M129 M139 M142 M149 M156 M166 M175 M189 M195 M203 M214 M218 M223 M232 | 8:M1 M18 M19 M38 M45 M49 M65 M71 M78 M91 M102 M111 M127 M136 M144 M147 M158 M162 M178 M193 M200 M204 M230 M234 | 9:M12 M25 M46 M50 M57 M69 M74 M82 M94 M113 M114 M130 M134 M143 M154 M171 M176 M197 M224 M229 M236 | 10:M8 M16 M20 M27 M41 M55 M64 M76 M85 M100 M117 M140 M151 M169 M177 M191 M198 M208 M228,one reduced-domain integer time variable per meeting | global all_diff per participant | global count per slot for table capacity | distance-labelled transitive precedence closure | native min/max internal-idle expressions | native max/min range objective over P*,result,native_min_max_span_range
ticf-13crafc.fixed040-Forb,b2b-c5eaf708c778ad6d,fixed,R-DC-IRP-CPO-CP,Reduced,NativeCP,DistanceClosure-E*,NativeMinMaxSpan,IdleRangePstar,CPLEXCP,N/A,OPTIMAL,SAT,12,12,0.069087,False,33.582,CP,CP-MeetingTime-SpanRange,CP-MeetingTime-SpanRange-Reduced-DistanceClosure,154,0,154,0,0,79,0,,,,154,0,,,cfg3__m-reduced__p-native_cp__g-distance_closure__b-native_min_max_span_range__o-idle_range_pstar__s-cplex_cp__i-na,cfg3__m-reduced__p-native_cp__g-distance_closure__b-native_min_max_span_range__o-idle_range_pstar__s-cplex_cp__i-na,reduced,native_cp,distance_closure,CPLEXCP,CPLEX-CP,DOcplex 2.32.264,n/a,native_min_max_span_range,internal_idle_slot_range_pstar,IRP,NA,,,,,,,,,,0,1,12,0,,92,4,,,,,,"formalism-specific model size: SAT/MaxSAT reports base CNF and soft clauses, MIP reports variables/linear constraints/nonzeros, and CP reports integer variables plus linear/global constraints; SAT bound/totalizer overhead remains separate in optimizer_added_*",3234,1522,1144,1144,0,0,0,0,,,,0.001905,0.029663,0.026569,0.031568,0.03752,"wall-clock from immediately before reading/parsing the .dzn instance through model construction, optimization, solution decoding, and independent validation; excludes worker-process startup and result-file export",12,363,14,peak_process_tree_rss_mb,c5eaf708c778ad6de5d36adaa0f8b1cffbd9f5e75aa7c130dd6c567dcc7a903e,fixed040,data_table07_fixed/ticf-13crafc.fixed040-Forb.dzn,1,data_table07_fixed/ticf-13crafc.fixed040-Forb.dzn,1,data_table07_fixed/ticf-13crafc.fixed040-Forb.dzn,https://imae.udg.edu/Recerca/LAI/,https://ima.udg.edu/Recerca/lai/b2b/b2b.zip,,2026-07-24T06:14:03+00:00,7200.0,,6f3ccaf59383a413936ee93d69392f669805b607,True,3.10.12,1.9.dev7,instance-20260722-153126,Linux-6.8.0-1064-gcp-x86_64-with-glibc2.35,x86_64,4,8,15988.055,1,0,/home/dclng566/projects/Business-Meeting-Scheduling-Problem/.venv/bin/python /home/dclng566/projects/Business-Meeting-Scheduling-Problem/src/Main.py --data-dir data_table07_fixed --solver cplex_cp --timeout 7200 --threads 1 --random-seed 0 --csv output/cplex_cp_official/data_table07_fixed/aggregate.csv --long-csv output/cplex_cp_official/data_table07_fixed/detailed.csv --excel-dir output/cplex_cp_official/data_table07_fixed/excel --verbose,,,,,Optimal | SearchCompleted | SearchHasNotBeenStopped,,,cplex_cp,,,,exact_native,native_cp+distance_closure,12,58,"1,2,3,4,5,6,7,8,9,10,11,12,13,14,15,16,18,19,23,24,25,26,27,28,29,30,31,32,33,34,35,36,37,38,39,40,41,42,44,45,46,47,48,49,50,52,53,54,56,57,59,60,62,63,64,65,66,70",1522,1712,378,378,"2,5,13,5,3,7,6,5,7,5,8,8,3,14,2,6,0,11,3,0,0,0,9,5,2,13,4,8,9,2,8,9,4,2,4,9,5,6,13,9,6,9,0,9,3,14,4,2,3,14,0,5,2,7,0,6,7,0,10,2,0,3,2,8,4,5,0,0,0,4","24,24,24,24,24,24,24,20,22,22,16,12,12,10,4,2,6,0,2,8,4","6,9,2,7,5,11,3,4,1,14,7,11,21,6,8,9,10,17,4,2,3,5,1,8,7,1,3,7,2,9,1,6,4,8,5,3,11,4,2,1,12,4,15,15,14,13,2,1,3,12,5,16,9,20,8,7,19,6,10,2,11,9,7,8,20,9,10,1,5,7,8,2,3,6,9,13,4,2,4,1,9,8,5,10,3,7,13,6,12,20,11,9,10,8,5,14,6,7,4,3,10,13,5,1,10,2,6,7,5,3,12,1,4,2,3,4,1,11,10,5,6,5,10,20,13,12,9,11,7,6,8,14,17,9,5,3,13,10,12,21,8,6,7,4,17,2,11,14,6,2,10,3,4,1",1:M9 M23 M26 M31 M40 M48 M68 M80 M104 M112 M117 M154 | 2:M3 M20 M29 M39 M47 M60 M72 M78 M106 M114 M146 M150 | 3:M7 M21 M27 M36 M49 M73 M85 M100 M110 M115 M136 M152 | 4:M8 M19 M33 M38 M42 M77 M79 M99 M113 M116 M144 M153 | 5:M5 M22 M35 M51 M69 M83 M95 M103 M109 M120 M122 M135 | 6:M1 M14 M32 M58 M74 M88 M97 M107 M121 M130 M142 M149 | 7:M4 M11 M25 M28 M56 M63 M70 M86 M98 M108 M129 M143 | 8:M15 M24 M34 M55 M64 M71 M82 M94 M131 M141 | 9:M2 M16 M30 M53 M62 M66 M75 M81 M92 M127 M134 | 10:M17 M59 M67 M84 M93 M101 M105 M119 M123 M138 M151 | 11:M6 M12 M37 M61 M91 M118 M128 M147 | 12:M41 M50 M89 M111 M126 M139 | 13:M46 M76 M87 M102 M125 M137 | 14:M10 M45 M96 M132 M148 | 15:M43 M44 | 16:M52 | 17:M18 M133 M145 | 18: | 19:M57 | 20:M54 M65 M90 M124 | 21:M13 M140,one reduced-domain integer time variable per meeting | global all_diff per participant | global count per slot for table capacity | distance-labelled transitive precedence closure | native min/max internal-idle expressions | native max/min range objective over P*,result,native_min_max_span_range
forum-14.fixed020-Forb,b2b-d553fe38621bfc0e,fixed,R-DC-IRP-CPO-CP,Reduced,NativeCP,DistanceClosure-E*,NativeMinMaxSpan,IdleRangePstar,CPLEXCP,N/A,OPTIMAL,SAT,10,10,0.402899,False,38.512,CP,CP-MeetingTime-SpanRange,CP-MeetingTime-SpanRange-Reduced-DistanceClosure,302,0,302,0,0,94,0,,,,302,0,,,cfg3__m-reduced__p-native_cp__g-distance_closure__b-native_min_max_span_range__o-idle_range_pstar__s-cplex_cp__i-na,cfg3__m-reduced__p-native_cp__g-distance_closure__b-native_min_max_span_range__o-idle_range_pstar__s-cplex_cp__i-na,reduced,native_cp,distance_closure,CPLEXCP,CPLEX-CP,DOcplex 2.32.264,n/a,native_min_max_span_range,internal_idle_slot_range_pstar,IRP,NA,,,,,,,,,,0,1,10,0,,238,4,,,,,,"formalism-specific model size: SAT/MaxSAT reports base CNF and soft clauses, MIP reports variables/linear constraints/nonzeros, and CP reports integer variables plus linear/global constraints; SAT bound/totalizer overhead remains separate in optimizer_added_*",6644,4362,3544,3544,0,0,0,0,,,,0.002891,0.361991,0.022402,0.364882,0.038017,"wall-clock from immediately before reading/parsing the .dzn instance through model construction, optimization, solution decoding, and independent validation; excludes worker-process startup and result-file export",10,367,10,peak_process_tree_rss_mb,d553fe38621bfc0e0b4ecb2c6338dbcea3a917a568e0b735b715dce230ec948b,fixed020,data_table07_fixed/forum-14.fixed020-Forb.dzn,1,data_table07_fixed/forum-14.fixed020-Forb.dzn,1,data_table07_fixed/forum-14.fixed020-Forb.dzn,https://imae.udg.edu/Recerca/LAI/,https://ima.udg.edu/Recerca/lai/b2b/b2b.zip,,2026-07-24T06:14:03+00:00,7200.0,,6f3ccaf59383a413936ee93d69392f669805b607,True,3.10.12,1.9.dev7,instance-20260722-153126,Linux-6.8.0-1064-gcp-x86_64-with-glibc2.35,x86_64,4,8,15988.055,1,0,/home/dclng566/projects/Business-Meeting-Scheduling-Problem/.venv/bin/python /home/dclng566/projects/Business-Meeting-Scheduling-Problem/src/Main.py --data-dir data_table07_fixed --solver cplex_cp --timeout 7200 --threads 1 --random-seed 0 --csv output/cplex_cp_official/data_table07_fixed/aggregate.csv --long-csv output/cplex_cp_official/data_table07_fixed/detailed.csv --excel-dir output/cplex_cp_official/data_table07_fixed/excel --verbose,,,,,Optimal | SearchCompleted | SearchHasNotBeenStopped,,,cplex_cp,,,,exact_native,native_cp+distance_closure,10,72,"1,2,3,4,5,6,8,9,11,12,14,17,19,20,21,22,23,24,25,26,27,28,29,30,31,32,33,34,35,36,37,38,39,40,41,42,43,44,45,46,47,48,49,50,51,52,53,54,55,56,57,58,59,60,61,62,63,64,65,66,67,68,69,70,71,72,73,74,75,76,77,78",4362,2282,818,818,"9,5,9,3,10,10,0,2,0,0,4,0,0,9,0,0,8,0,9,6,3,3,10,1,2,1,0,3,3,10,10,7,7,10,10,4,10,8,5,1,6,10,10,6,7,0,6,1,10,4,0,4,6,10,6,8,0,0,5,0,0,6,9,10,4,3,5,0,1,10,4,2,0,2,3,10,7,0","44,44,44,44,44,44,44,44,38,36,30,30,28,16,18,10,12,10,6,6,6,6","22,8,1,13,12,5,7,14,15,13,13,9,1,2,8,4,7,3,5,6,1,11,17,13,10,11,17,15,9,6,21,1,12,5,9,8,4,2,15,16,7,18,19,1,4,11,5,12,14,7,8,4,7,8,2,3,12,2,5,3,6,15,13,6,5,3,20,3,22,10,13,12,4,9,5,4,1,13,15,6,5,16,9,7,11,14,3,10,4,2,3,8,5,7,2,6,6,5,4,10,19,2,9,10,4,3,8,6,7,6,9,8,11,13,1,9,2,6,12,4,10,3,5,8,7,3,6,1,12,2,5,3,12,7,4,11,15,13,9,8,2,3,9,11,4,10,2,14,12,1,8,6,12,7,10,16,1,2,6,1,14,17,4,2,8,6,10,9,13,18,16,20,12,11,1,2,10,15,3,4,14,8,18,5,7,5,17,18,2,15,9,3,1,4,6,7,1,8,2,1,4,3,11,5,7,8,9,7,14,11,10,3,6,17,5,2,13,14,16,3,1,9,18,6,19,13,8,12,22,15,10,4,2,20,7,21,5,11,17,4,2,1,13,8,11,13,1,9,3,5,6,7,9,3,7,6,8,10,9,7,5,2,1,12,8,10,11,6,4,3,5,8,10,4,9,2,5,4,12,1,7,3,6,8,11,21,10,10,7,1,11,6,7,12,2,10,8,3,4,9,1,5",1:M3 M13 M21 M32 M44 M77 M115 M128 M150 M157 M160 M175 M193 M197 M200 M221 M242 M247 M263 M280 M290 M301 | 2:M14 M38 M55 M58 M90 M95 M102 M117 M130 M141 M147 M158 M164 M176 M189 M199 M216 M233 M241 M262 M276 M295 | 3:M18 M56 M60 M66 M68 M87 M91 M106 M122 M126 M132 M142 M179 M192 M202 M212 M220 M249 M254 M270 M282 M298 | 4:M16 M37 M45 M52 M73 M76 M89 M99 M105 M120 M135 M145 M163 M180 M194 M201 M232 M240 M269 M274 M278 M299 | 5:M6 M19 M34 M47 M59 M65 M75 M81 M93 M98 M123 M131 M184 M186 M204 M215 M237 M250 M261 M271 M277 M302 | 6:M20 M30 M61 M64 M80 M96 M97 M108 M110 M118 M127 M152 M159 M166 M195 M213 M224 M251 M256 M268 M283 M292 | 7:M7 M17 M41 M50 M53 M84 M94 M109 M125 M134 M154 M185 M196 M205 M208 M235 M252 M255 M260 M281 M289 M293 | 8:M2 M15 M36 M51 M54 M92 M107 M112 M124 M140 M151 M165 M182 M198 M206 M227 M244 M257 M265 M272 M284 M297 | 9:M12 M29 M35 M74 M83 M103 M111 M116 M139 M143 M168 M191 M207 M222 M248 M253 M259 M275 M300 | 10:M25 M70 M88 M100 M104 M121 M146 M155 M167 M177 M211 M231 M258 M266 M273 M287 M288 M296 | 11:M22 M26 M46 M85 M113 M136 M144 M174 M203 M210 M238 M245 M267 M285 M291 | 12:M5 M33 M48 M57 M72 M119 M129 M133 M149 M153 M173 M228 M264 M279 M294 | 13:M4 M10 M11 M24 M63 M71 M78 M114 M138 M169 M217 M226 M243 M246 | 14:M8 M49 M86 M148 M161 M181 M209 M218 | 15:M9 M28 M39 M62 M79 M137 M178 M190 M230 | 16:M40 M82 M156 M171 M219 | 17:M23 M27 M162 M187 M214 M239 | 18:M42 M170 M183 M188 M223 | 19:M43 M101 M225 | 20:M67 M172 M234 | 21:M31 M236 M286 | 22:M1 M69 M229,one reduced-domain integer time variable per meeting | global all_diff per participant | global count per slot for table capacity | distance-labelled transitive precedence closure | native min/max internal-idle expressions | native max/min range objective over P*,result,native_min_max_span_range
ticf-14crafa.fixed040-Forb,b2b-d8a5243110047880,fixed,R-DC-IRP-CPO-CP,Reduced,NativeCP,DistanceClosure-E*,NativeMinMaxSpan,IdleRangePstar,CPLEXCP,N/A,OPTIMAL,SAT,16,16,0.203374,False,50.324,CP,CP-MeetingTime-SpanRange,CP-MeetingTime-SpanRange-Reduced-DistanceClosure,302,0,302,0,0,94,0,,,,302,0,,,cfg3__m-reduced__p-native_cp__g-distance_closure__b-native_min_max_span_range__o-idle_range_pstar__s-cplex_cp__i-na,cfg3__m-reduced__p-native_cp__g-distance_closure__b-native_min_max_span_range__o-idle_range_pstar__s-cplex_cp__i-na,reduced,native_cp,distance_closure,CPLEXCP,CPLEX-CP,DOcplex 2.32.264,n/a,native_min_max_span_range,internal_idle_slot_range_pstar,IRP,NA,,,,,,,,,,0,1,16,0,,178,4,,,,,,"formalism-specific model size: SAT/MaxSAT reports base CNF and soft clauses, MIP reports variables/linear constraints/nonzeros, and CP reports integer variables plus linear/global constraints; SAT bound/totalizer overhead remains separate in optimizer_added_*",6644,3598,2386,2386,0,0,0,0,,,,0.002855,0.163437,0.022943,0.166293,0.037081,"wall-clock from immediately before reading/parsing the .dzn instance through model construction, optimization, solution decoding, and independent validation; excludes worker-process startup and result-file export",16,535,16,peak_process_tree_rss_mb,d8a52431100478807cb91d9b69ca2ababd3134f3ec2b68d8d617955d2c211e89,fixed040,data_table07_fixed/ticf-14crafa.fixed040-Forb.dzn,1,data_table07_fixed/ticf-14crafa.fixed040-Forb.dzn,1,data_table07_fixed/ticf-14crafa.fixed040-Forb.dzn,https://imae.udg.edu/Recerca/LAI/,https://ima.udg.edu/Recerca/lai/b2b/b2b.zip,,2026-07-24T06:14:03+00:00,7200.0,,6f3ccaf59383a413936ee93d69392f669805b607,True,3.10.12,1.9.dev7,instance-20260722-153126,Linux-6.8.0-1064-gcp-x86_64-with-glibc2.35,x86_64,4,8,15988.055,1,0,/home/dclng566/projects/Business-Meeting-Scheduling-Problem/.venv/bin/python /home/dclng566/projects/Business-Meeting-Scheduling-Problem/src/Main.py --data-dir data_table07_fixed --solver cplex_cp --timeout 7200 --threads 1 --random-seed 0 --csv output/cplex_cp_official/data_table07_fixed/aggregate.csv --long-csv output/cplex_cp_official/data_table07_fixed/detailed.csv --excel-dir output/cplex_cp_official/data_table07_fixed/excel --verbose,,,,,Optimal | SearchCompleted | SearchHasNotBeenStopped,,,cplex_cp,,,,exact_native,native_cp+distance_closure,16,72,"1,2,3,4,5,6,8,9,11,12,14,17,19,20,21,22,23,24,25,26,27,28,29,30,31,32,33,34,35,36,37,38,39,40,41,42,43,44,45,46,47,48,49,50,51,52,53,54,55,56,57,58,59,60,61,62,63,64,65,66,67,68,69,70,71,72,73,74,75,76,77,78",3598,3046,1212,1212,"9,10,9,5,13,11,0,12,2,0,16,3,0,7,0,0,8,0,11,5,6,10,12,1,2,9,15,6,12,11,16,10,9,11,12,2,4,8,6,10,7,13,11,8,11,6,5,1,11,9,3,4,10,9,10,7,0,1,5,2,9,6,9,11,10,8,8,0,2,8,3,1,0,7,1,14,11,1","44,44,44,44,40,42,42,34,28,30,26,30,26,24,20,14,14,16,20,8,6,8","22,8,2,14,12,5,7,13,17,14,13,6,8,3,7,11,1,2,10,9,4,13,17,8,5,19,2,15,17,5,21,4,5,15,7,8,16,10,13,14,1,18,19,12,1,11,14,13,10,2,15,3,6,8,9,7,12,1,19,3,4,7,12,3,2,12,20,2,22,1,16,12,4,9,18,19,14,12,15,6,1,18,13,11,7,5,4,7,10,14,3,4,11,6,2,1,6,1,2,10,15,1,3,14,4,2,5,7,18,6,4,1,12,2,21,11,9,2,12,5,10,4,3,10,6,5,2,11,7,3,1,15,5,11,6,1,3,13,9,8,7,6,8,19,4,5,6,17,3,2,6,7,4,5,11,22,10,3,4,8,14,4,10,13,20,19,16,7,9,18,8,12,14,11,4,20,15,13,6,10,16,8,1,11,9,9,13,18,1,2,5,16,3,4,3,16,8,1,15,4,5,3,17,2,6,7,5,19,8,6,2,3,14,17,7,1,13,3,4,13,1,22,20,18,15,7,8,2,5,19,10,14,11,21,12,16,6,17,9,7,3,12,13,1,4,2,7,9,6,12,3,5,9,7,5,3,4,6,5,11,10,9,6,7,8,2,12,4,3,1,14,9,19,8,10,3,5,1,2,6,7,10,4,18,1,8,2,6,19,15,11,1,12,3,6,2,10,9,8,4,5,7",1:M17 M41 M45 M58 M70 M81 M96 M98 M102 M112 M131 M136 M183 M189 M198 M216 M221 M244 M270 M278 M285 M292 | 2:M3 M18 M27 M50 M65 M68 M95 M99 M106 M114 M118 M127 M150 M190 M204 M211 M228 M246 M266 M279 M287 M296 | 3:M14 M52 M60 M64 M91 M103 M123 M130 M137 M149 M158 M193 M195 M202 M212 M218 M241 M251 M256 M269 M276 M294 | 4:M21 M32 M61 M73 M87 M92 M105 M111 M122 M145 M153 M159 M162 M175 M194 M200 M219 M245 M257 M268 M283 M300 | 5:M6 M25 M30 M33 M86 M107 M120 M126 M133 M146 M154 M191 M201 M207 M229 M252 M255 M259 M277 M301 | 6:M12 M53 M80 M94 M97 M110 M125 M135 M142 M147 M151 M179 M205 M210 M237 M249 M258 M263 M280 M288 M295 | 7:M7 M15 M35 M56 M62 M85 M88 M108 M129 M141 M152 M168 M206 M215 M226 M240 M247 M254 M264 M281 M302 | 8:M2 M13 M24 M36 M54 M140 M143 M160 M171 M182 M197 M209 M227 M265 M274 M286 M299 | 9:M20 M55 M74 M117 M139 M169 M185 M186 M239 M248 M253 M262 M272 M298 | 10:M19 M38 M49 M89 M100 M121 M124 M157 M163 M180 M231 M261 M275 M282 M297 | 11:M16 M46 M84 M93 M116 M128 M134 M155 M174 M184 M233 M260 M291 | 12:M5 M44 M57 M63 M66 M72 M78 M113 M119 M172 M235 M242 M250 M267 M293 | 13:M8 M11 M22 M39 M48 M83 M138 M164 M178 M187 M217 M220 M243 | 14:M4 M10 M40 M47 M77 M90 M104 M161 M173 M213 M232 M271 | 15:M28 M34 M51 M79 M101 M132 M177 M199 M225 M290 | 16:M37 M71 M167 M181 M192 M196 M236 | 17:M9 M23 M29 M148 M203 M214 M238 | 18:M42 M75 M82 M109 M170 M188 M224 M284 | 19:M26 M43 M59 M76 M144 M166 M208 M230 M273 M289 | 20:M67 M165 M176 M223 | 21:M31 M115 M234 | 22:M1 M69 M156 M222,one reduced-domain integer time variable per meeting | global all_diff per participant | global count per slot for table capacity | distance-labelled transitive precedence closure | native min/max internal-idle expressions | native max/min range objective over P*,result,native_min_max_span_range
ticf-14crafa.fixed020-Forb,b2b-d9c3ce3e96e527f8,fixed,R-DC-IRP-CPO-CP,Reduced,NativeCP,DistanceClosure-E*,NativeMinMaxSpan,IdleRangePstar,CPLEXCP,N/A,OPTIMAL,SAT,15,15,0.432342,False,33.676,CP,CP-MeetingTime-SpanRange,CP-MeetingTime-SpanRange-Reduced-DistanceClosure,302,0,302,0,0,94,0,,,,302,0,,,cfg3__m-reduced__p-native_cp__g-distance_closure__b-native_min_max_span_range__o-idle_range_pstar__s-cplex_cp__i-na,cfg3__m-reduced__p-native_cp__g-distance_closure__b-native_min_max_span_range__o-idle_range_pstar__s-cplex_cp__i-na,reduced,native_cp,distance_closure,CPLEXCP,CPLEX-CP,DOcplex 2.32.264,n/a,native_min_max_span_range,internal_idle_slot_range_pstar,IRP,NA,,,,,,,,,,0,1,15,0,,238,4,,,,,,"formalism-specific model size: SAT/MaxSAT reports base CNF and soft clauses, MIP reports variables/linear constraints/nonzeros, and CP reports integer variables plus linear/global constraints; SAT bound/totalizer overhead remains separate in optimizer_added_*",6644,4768,3859,3859,0,0,0,0,,,,0.002796,0.392416,0.022374,0.395212,0.03713,"wall-clock from immediately before reading/parsing the .dzn instance through model construction, optimization, solution decoding, and independent validation; excludes worker-process startup and result-file export",15,404,15,peak_process_tree_rss_mb,d9c3ce3e96e527f8474ce7298989a6a42f1abfe7f712d67a2b2f6cb14f0df302,fixed020,data_table07_fixed/ticf-14crafa.fixed020-Forb.dzn,1,data_table07_fixed/ticf-14crafa.fixed020-Forb.dzn,1,data_table07_fixed/ticf-14crafa.fixed020-Forb.dzn,https://imae.udg.edu/Recerca/LAI/,https://ima.udg.edu/Recerca/lai/b2b/b2b.zip,,2026-07-24T06:14:03+00:00,7200.0,,6f3ccaf59383a413936ee93d69392f669805b607,True,3.10.12,1.9.dev7,instance-20260722-153126,Linux-6.8.0-1064-gcp-x86_64-with-glibc2.35,x86_64,4,8,15988.055,1,0,/home/dclng566/projects/Business-Meeting-Scheduling-Problem/.venv/bin/python /home/dclng566/projects/Business-Meeting-Scheduling-Problem/src/Main.py --data-dir data_table07_fixed --solver cplex_cp --timeout 7200 --threads 1 --random-seed 0 --csv output/cplex_cp_official/data_table07_fixed/aggregate.csv --long-csv output/cplex_cp_official/data_table07_fixed/detailed.csv --excel-dir output/cplex_cp_official/data_table07_fixed/excel --verbose,,,,,Optimal | SearchCompleted | SearchHasNotBeenStopped,,,cplex_cp,,,,exact_native,native_cp+distance_closure,15,72,"1,2,3,4,5,6,8,9,11,12,14,17,19,20,21,22,23,24,25,26,27,28,29,30,31,32,33,34,35,36,37,38,39,40,41,42,43,44,45,46,47,48,49,50,51,52,53,54,55,56,57,58,59,60,61,62,63,64,65,66,67,68,69,70,71,72,73,74,75,76,77,78",4768,1876,909,909,"9,5,10,5,11,8,0,1,2,0,1,2,0,5,0,0,8,0,8,3,4,6,12,1,2,11,15,0,7,11,14,6,12,11,12,0,13,8,6,3,9,12,11,2,9,0,1,1,10,10,3,3,3,6,2,9,0,3,10,2,7,6,9,11,2,5,6,0,0,8,0,2,0,6,0,3,0,1","44,44,44,44,44,44,44,42,42,32,30,30,26,18,18,10,16,8,6,8,4,6","22,8,3,14,12,4,1,13,17,14,13,2,5,6,9,8,1,3,10,7,10,13,17,10,4,9,2,15,17,4,21,14,11,13,7,8,15,12,16,9,2,18,19,7,13,6,15,12,1,2,11,2,4,7,6,8,12,1,1,4,8,7,12,3,2,1,20,2,22,3,10,1,4,6,5,11,3,14,15,10,1,13,16,9,12,5,4,4,6,14,11,12,8,10,2,1,9,4,3,10,20,5,2,12,3,1,4,16,2,6,9,7,1,3,7,9,10,3,12,6,2,5,11,2,5,9,7,6,8,3,1,15,11,6,4,3,5,13,12,8,7,7,9,11,4,2,6,19,14,2,1,9,4,2,11,14,6,3,5,1,15,1,8,5,17,15,12,6,4,18,13,7,14,2,13,20,1,4,7,3,10,8,5,11,17,9,13,18,3,16,6,1,5,2,6,10,8,5,6,7,8,3,15,5,9,4,4,6,7,8,5,2,9,17,3,1,13,3,14,19,1,17,21,5,22,6,8,7,18,2,13,4,11,15,9,10,20,16,12,9,3,5,13,6,4,10,11,9,5,8,3,7,9,11,7,5,10,12,5,3,1,12,6,11,8,2,10,4,7,9,7,17,10,8,9,3,5,6,1,4,2,7,8,11,5,8,6,7,9,8,11,6,4,5,9,2,7,8,12,1,3,10",1:M7 M17 M49 M58 M59 M66 M72 M81 M96 M106 M113 M131 M151 M160 M162 M177 M192 M216 M221 M261 M279 M300 | 2:M12 M27 M41 M50 M52 M65 M68 M95 M103 M109 M121 M124 M146 M150 M154 M174 M194 M212 M230 M266 M281 M296 | 3:M3 M18 M64 M70 M77 M99 M105 M114 M118 M130 M136 M158 M180 M189 M202 M215 M218 M241 M251 M260 M276 M301 | 4:M6 M25 M30 M53 M60 M73 M87 M88 M98 M107 M135 M145 M153 M169 M178 M206 M207 M232 M245 M268 M280 M293 | 5:M13 M75 M86 M102 M122 M125 M137 M159 M164 M183 M193 M198 M204 M211 M224 M242 M249 M256 M259 M277 M285 M294 | 6:M14 M46 M55 M74 M89 M110 M120 M128 M134 M147 M157 M168 M191 M195 M199 M208 M226 M244 M263 M278 M287 M292 | 7:M20 M35 M44 M54 M62 M112 M115 M127 M141 M142 M172 M179 M200 M209 M228 M252 M255 M269 M271 M282 M288 M297 | 8:M2 M16 M36 M56 M61 M93 M129 M140 M163 M182 M197 M201 M210 M227 M250 M265 M274 M283 M286 M290 M298 | 9:M15 M26 M40 M84 M97 M111 M116 M126 M143 M152 M186 M205 M213 M235 M240 M248 M253 M270 M275 M289 M295 | 10:M19 M21 M24 M71 M80 M94 M100 M117 M181 M196 M236 M246 M257 M267 M273 M302 | 11:M33 M51 M76 M91 M123 M133 M144 M155 M184 M233 M247 M254 M264 M284 M291 | 12:M5 M38 M48 M57 M63 M85 M92 M104 M119 M139 M167 M239 M258 M262 M299 | 13:M8 M11 M22 M34 M45 M82 M138 M171 M175 M187 M217 M231 M243 | 14:M4 M10 M32 M78 M90 M149 M156 M173 M219 | 15:M28 M37 M47 M79 M132 M161 M166 M203 M234 | 16:M39 M83 M108 M190 M238 | 17:M9 M23 M29 M165 M185 M214 M222 M272 | 18:M42 M170 M188 M229 | 19:M43 M148 M220 | 20:M67 M101 M176 M237 | 21:M31 M223 | 22:M1 M69 M225,one reduced-domain integer time variable per meeting | global all_diff per participant | global count per slot for table capacity | distance-labelled transitive precedence closure | native min/max internal-idle expressions | native max/min range objective over P*,result,native_min_max_span_range
forum-13crafc.fixed020-Forb,b2b-daea3b64518d4996,fixed,R-DC-IRP-CPO-CP,Reduced,NativeCP,DistanceClosure-E*,NativeMinMaxSpan,IdleRangePstar,CPLEXCP,N/A,OPTIMAL,SAT,10,10,0.108677,False,36.551,CP,CP-MeetingTime-SpanRange,CP-MeetingTime-SpanRange-Reduced-DistanceClosure,154,0,154,0,0,79,0,,,,154,0,,,cfg3__m-reduced__p-native_cp__g-distance_closure__b-native_min_max_span_range__o-idle_range_pstar__s-cplex_cp__i-na,cfg3__m-reduced__p-native_cp__g-distance_closure__b-native_min_max_span_range__o-idle_range_pstar__s-cplex_cp__i-na,reduced,native_cp,distance_closure,CPLEXCP,CPLEX-CP,DOcplex 2.32.264,n/a,native_min_max_span_range,internal_idle_slot_range_pstar,IRP,NA,,,,,,,,,,0,1,10,0,,123,4,,,,,,"formalism-specific model size: SAT/MaxSAT reports base CNF and soft clauses, MIP reports variables/linear constraints/nonzeros, and CP reports integer variables plus linear/global constraints; SAT bound/totalizer overhead remains separate in optimizer_added_*",3234,1957,1713,1713,0,0,0,0,,,,0.001906,0.07142,0.024382,0.073326,0.035351,"wall-clock from immediately before reading/parsing the .dzn instance through model construction, optimization, solution decoding, and independent validation; excludes worker-process startup and result-file export",10,322,12,peak_process_tree_rss_mb,daea3b64518d49962d2b9ae74012c5acc9e3d8b30857ced446e269701fee3ffd,fixed020,data_table07_fixed/forum-13crafc.fixed020-Forb.dzn,1,data_table07_fixed/forum-13crafc.fixed020-Forb.dzn,1,data_table07_fixed/forum-13crafc.fixed020-Forb.dzn,https://imae.udg.edu/Recerca/LAI/,https://ima.udg.edu/Recerca/lai/b2b/b2b.zip,,2026-07-24T06:14:03+00:00,7200.0,,6f3ccaf59383a413936ee93d69392f669805b607,True,3.10.12,1.9.dev7,instance-20260722-153126,Linux-6.8.0-1064-gcp-x86_64-with-glibc2.35,x86_64,4,8,15988.055,1,0,/home/dclng566/projects/Business-Meeting-Scheduling-Problem/.venv/bin/python /home/dclng566/projects/Business-Meeting-Scheduling-Problem/src/Main.py --data-dir data_table07_fixed --solver cplex_cp --timeout 7200 --threads 1 --random-seed 0 --csv output/cplex_cp_official/data_table07_fixed/aggregate.csv --long-csv output/cplex_cp_official/data_table07_fixed/detailed.csv --excel-dir output/cplex_cp_official/data_table07_fixed/excel --verbose,,,,,Optimal | SearchCompleted | SearchHasNotBeenStopped,,,cplex_cp,,,,exact_native,native_cp+distance_closure,10,58,"1,2,3,4,5,6,7,8,9,10,11,12,13,14,15,16,18,19,23,24,25,26,27,28,29,30,31,32,33,34,35,36,37,38,39,40,41,42,44,45,46,47,48,49,50,52,53,54,56,57,59,60,62,63,64,65,66,70",1957,1277,244,244,"2,7,12,6,2,9,4,6,2,4,2,7,4,11,2,3,0,11,3,0,0,0,2,5,2,12,4,8,8,3,11,10,5,6,4,3,2,7,12,6,7,7,0,8,5,12,4,2,2,12,0,5,2,6,0,6,4,0,3,5,0,3,4,7,2,5,0,0,0,4","24,24,24,24,24,24,24,20,18,22,16,14,10,12,8,6,4,0,2,6,2","11,5,4,6,8,7,2,3,1,15,5,11,7,9,14,12,10,8,4,2,3,8,1,5,7,2,6,7,2,3,9,1,4,4,5,1,11,3,2,6,12,1,14,14,15,13,4,3,8,7,10,16,9,11,6,5,19,6,1,3,11,4,9,10,20,8,13,1,7,8,5,2,3,6,9,12,4,4,2,5,3,9,6,7,1,10,13,8,10,20,9,12,7,8,5,14,6,11,5,2,10,6,3,1,10,3,7,5,1,2,12,4,6,4,2,5,3,1,10,7,6,20,10,12,17,7,11,13,8,14,9,15,16,14,13,11,6,8,12,21,7,10,9,4,17,2,16,15,2,1,10,5,4,3",1:M9 M23 M32 M36 M42 M59 M68 M85 M104 M109 M118 M150 | 2:M7 M20 M26 M29 M39 M72 M79 M100 M110 M115 M146 M149 | 3:M8 M21 M30 M38 M48 M60 M73 M81 M103 M106 M117 M154 | 4:M3 M19 M33 M34 M47 M62 M77 M78 M112 M114 M144 M153 | 5:M2 M11 M24 M35 M56 M71 M80 M95 M99 M108 M116 M152 | 6:M4 M27 M40 M55 M58 M74 M83 M97 M102 M113 M121 M137 | 7:M6 M13 M25 M28 M50 M69 M84 M93 M107 M120 M126 M141 | 8:M5 M18 M22 M49 M66 M70 M88 M94 M129 M138 | 9:M14 M31 M53 M63 M75 M82 M91 M131 M143 | 10:M17 M51 M64 M86 M89 M101 M105 M119 M123 M142 M151 | 11:M1 M12 M37 M54 M61 M98 M127 M136 | 12:M16 M41 M76 M92 M111 M124 M139 | 13:M46 M67 M87 M128 M135 | 14:M15 M43 M44 M96 M130 M134 | 15:M10 M45 M132 M148 | 16:M52 M133 M147 | 17:M125 M145 | 18: | 19:M57 | 20:M65 M90 M122 | 21:M140,one reduced-domain integer time variable per meeting | global all_diff per participant | global count per slot for table capacity | distance-labelled transitive precedence closure | native min/max internal-idle expressions | native max/min range objective over P*,result,native_min_max_span_range
forumt-14.fixed040-Forb,b2b-dff1ddf7eb8b23ee,fixed,R-DC-IRP-CPO-CP,Reduced,NativeCP,DistanceClosure-E*,NativeMinMaxSpan,IdleRangePstar,CPLEXCP,N/A,UNSAT,UNSAT,,,0.043506,False,52.172,CP,CP-MeetingTime-SpanRange,CP-MeetingTime-SpanRange-Reduced-DistanceClosure,237,0,237,0,1,69,0,,,,237,0,,,cfg3__m-reduced__p-native_cp__g-distance_closure__b-native_min_max_span_range__o-idle_range_pstar__s-cplex_cp__i-na,cfg3__m-reduced__p-native_cp__g-distance_closure__b-native_min_max_span_range__o-idle_range_pstar__s-cplex_cp__i-na,reduced,native_cp,distance_closure,CPLEXCP,CPLEX-CP,DOcplex 2.32.264,n/a,native_min_max_span_range,internal_idle_slot_range_pstar,IRP,NA,,,,,,,,,,0,1,3,,,0,1,,,,,,"formalism-specific model size: SAT/MaxSAT reports base CNF and soft clauses, MIP reports variables/linear constraints/nonzeros, and CP reports integer variables plus linear/global constraints; SAT bound/totalizer overhead remains separate in optimizer_added_*",2370,1467,999,999,0,0,0,0,,,,0.002339,0.010977,0.021591,0.013315,0.030191,"wall-clock from immediately before reading/parsing the .dzn instance through model construction, optimization, solution decoding, and independent validation; excludes worker-process startup and result-file export",,,,peak_process_tree_rss_mb,dff1ddf7eb8b23ee4899c176aac307b597da0c151d88ba72f55641245f664ff6,fixed040,data_table07_fixed/forumt-14.fixed040-Forb.dzn,1,data_table07_fixed/forumt-14.fixed040-Forb.dzn,1,data_table07_fixed/forumt-14.fixed040-Forb.dzn,https://imae.udg.edu/Recerca/LAI/,https://ima.udg.edu/Recerca/lai/b2b/b2b.zip,,2026-07-24T06:14:03+00:00,7200.0,,6f3ccaf59383a413936ee93d69392f669805b607,True,3.10.12,1.9.dev7,instance-20260722-153126,Linux-6.8.0-1064-gcp-x86_64-with-glibc2.35,x86_64,4,8,15988.055,1,0,/home/dclng566/projects/Business-Meeting-Scheduling-Problem/.venv/bin/python /home/dclng566/projects/Business-Meeting-Scheduling-Problem/src/Main.py --data-dir data_table07_fixed --solver cplex_cp --timeout 7200 --threads 1 --random-seed 0 --csv output/cplex_cp_official/data_table07_fixed/aggregate.csv --long-csv output/cplex_cp_official/data_table07_fixed/detailed.csv --excel-dir output/cplex_cp_official/data_table07_fixed/excel --verbose,,,,,Infeasible | SearchCompleted | SearchHasNotBeenStopped,,,cplex_cp,,,,exact_native,native_cp+distance_closure,,59,"1,2,3,4,5,6,7,8,9,10,11,12,13,14,15,16,17,18,20,21,22,23,24,25,26,27,28,29,30,31,32,33,34,35,36,37,38,39,40,41,42,43,44,45,46,47,48,49,50,51,52,53,54,55,56,57,58,59,60",1467,903,468,468,,,,,one reduced-domain integer time variable per meeting | global all_diff per participant | global count per slot for table capacity | distance-labelled transitive precedence closure | native min/max internal-idle expressions | native max/min range objective over P*,result,native_min_max_span_range
tic-12.fixed020-Forb,b2b-ec94e147e93f141b,fixed,R-DC-IRP-CPO-CP,Reduced,NativeCP,DistanceClosure-E*,NativeMinMaxSpan,IdleRangePstar,CPLEXCP,N/A,OPTIMAL,SAT,4,4,0.051202,False,37.254,CP,CP-MeetingTime-SpanRange,CP-MeetingTime-SpanRange-Reduced-DistanceClosure,125,0,125,0,0,47,0,,,,125,0,,,cfg3__m-reduced__p-native_cp__g-distance_closure__b-native_min_max_span_range__o-idle_range_pstar__s-cplex_cp__i-na,cfg3__m-reduced__p-native_cp__g-distance_closure__b-native_min_max_span_range__o-idle_range_pstar__s-cplex_cp__i-na,reduced,native_cp,distance_closure,CPLEXCP,CPLEX-CP,DOcplex 2.32.264,n/a,native_min_max_span_range,internal_idle_slot_range_pstar,IRP,NA,,,,,,,,,,0,1,4,0,,68,4,,,,,,"formalism-specific model size: SAT/MaxSAT reports base CNF and soft clauses, MIP reports variables/linear constraints/nonzeros, and CP reports integer variables plus linear/global constraints; SAT bound/totalizer overhead remains separate in optimizer_added_*",1000,825,590,590,0,0,0,0,,,,0.001575,0.019662,0.020371,0.021236,0.029966,"wall-clock from immediately before reading/parsing the .dzn instance through model construction, optimization, solution decoding, and independent validation; excludes worker-process startup and result-file export",4,30,4,peak_process_tree_rss_mb,ec94e147e93f141b2f4bfb25021a9e18a4fce2883d22c7a7f15ee41cdd15e037,fixed020,data_table07_fixed/tic-12.fixed020-Forb.dzn,1,data_table07_fixed/tic-12.fixed020-Forb.dzn,1,data_table07_fixed/tic-12.fixed020-Forb.dzn,https://imae.udg.edu/Recerca/LAI/,https://ima.udg.edu/Recerca/lai/b2b/b2b.zip,,2026-07-24T06:14:03+00:00,7200.0,,6f3ccaf59383a413936ee93d69392f669805b607,True,3.10.12,1.9.dev7,instance-20260722-153126,Linux-6.8.0-1064-gcp-x86_64-with-glibc2.35,x86_64,4,8,15988.055,1,0,/home/dclng566/projects/Business-Meeting-Scheduling-Problem/.venv/bin/python /home/dclng566/projects/Business-Meeting-Scheduling-Problem/src/Main.py --data-dir data_table07_fixed --solver cplex_cp --timeout 7200 --threads 1 --random-seed 0 --csv output/cplex_cp_official/data_table07_fixed/aggregate.csv --long-csv output/cplex_cp_official/data_table07_fixed/detailed.csv --excel-dir output/cplex_cp_official/data_table07_fixed/excel --verbose,,,,,Optimal | SearchCompleted | SearchHasNotBeenStopped,,,cplex_cp,,,,exact_native,native_cp+distance_closure,4,39,"1,2,3,4,5,6,7,8,9,10,11,12,13,14,15,16,17,18,19,20,21,22,23,24,25,26,27,28,29,30,31,32,33,34,35,36,39,41,42",825,175,235,235,"0,2,0,0,0,0,1,1,0,0,0,1,4,0,0,4,0,0,0,2,2,1,4,0,0,0,0,0,4,0,0,1,0,1,0,0,0,0,2,0,0,0","32,32,34,32,28,28,32,32","6,4,1,5,8,8,1,3,7,3,4,2,5,8,7,1,3,6,6,2,5,7,3,8,5,3,1,2,4,7,6,8,1,5,6,4,7,2,2,4,1,6,8,5,3,2,3,8,7,1,8,5,2,3,7,4,1,6,2,7,5,8,6,4,1,7,2,3,1,8,3,2,6,7,4,5,6,4,4,8,6,5,7,3,1,2,2,4,3,5,7,1,6,4,5,3,7,8,2,4,2,5,1,8,3,8,3,4,1,7,2,6,4,8,3,7,1,5,1,4,7,2,8,3,6",1:M3 M7 M16 M27 M33 M41 M50 M57 M65 M69 M85 M92 M103 M109 M117 M119 | 2:M12 M20 M28 M38 M39 M46 M53 M59 M67 M72 M86 M87 M99 M101 M111 M122 | 3:M8 M10 M17 M23 M26 M45 M47 M54 M68 M71 M84 M89 M96 M105 M107 M115 M124 | 4:M2 M11 M29 M36 M40 M56 M64 M75 M78 M79 M88 M94 M100 M108 M113 M120 | 5:M4 M13 M21 M25 M34 M44 M52 M61 M76 M82 M90 M95 M102 M118 | 6:M1 M18 M19 M31 M35 M42 M58 M63 M73 M77 M81 M93 M112 M125 | 7:M9 M15 M22 M30 M37 M49 M55 M60 M66 M74 M83 M91 M97 M110 M116 M121 | 8:M5 M6 M14 M24 M32 M43 M48 M51 M62 M70 M80 M98 M104 M106 M114 M123,one reduced-domain integer time variable per meeting | global all_diff per participant | global count per slot for table capacity | distance-labelled transitive precedence closure | native min/max internal-idle expressions | native max/min range objective over P*,result,native_min_max_span_range
ticf-13crafb.fixed040-Forb,b2b-edbb467b1644ee00,fixed,R-DC-IRP-CPO-CP,Reduced,NativeCP,DistanceClosure-E*,NativeMinMaxSpan,IdleRangePstar,CPLEXCP,N/A,UNSAT,UNSAT,,,0.03476,False,37.902,CP,CP-MeetingTime-SpanRange,CP-MeetingTime-SpanRange-Reduced-DistanceClosure,195,0,195,0,2,78,0,,,,195,0,,,cfg3__m-reduced__p-native_cp__g-distance_closure__b-native_min_max_span_range__o-idle_range_pstar__s-cplex_cp__i-na,cfg3__m-reduced__p-native_cp__g-distance_closure__b-native_min_max_span_range__o-idle_range_pstar__s-cplex_cp__i-na,reduced,native_cp,distance_closure,CPLEXCP,CPLEX-CP,DOcplex 2.32.264,n/a,native_min_max_span_range,internal_idle_slot_range_pstar,IRP,NA,,,,,,,,,,0,1,17,,,0,1,,,,,,"formalism-specific model size: SAT/MaxSAT reports base CNF and soft clauses, MIP reports variables/linear constraints/nonzeros, and CP reports integer variables plus linear/global constraints; SAT bound/totalizer overhead remains separate in optimizer_added_*",4290,2054,2019,2019,0,0,0,0,,,,0.002166,0.002961,0.02177,0.005127,0.029633,"wall-clock from immediately before reading/parsing the .dzn instance through model construction, optimization, solution decoding, and independent validation; excludes worker-process startup and result-file export",,,,peak_process_tree_rss_mb,edbb467b1644ee009e701d103d5b94e5a65cd3f1d60336194bae80e5e20e0515,fixed040,data_table07_fixed/ticf-13crafb.fixed040-Forb.dzn,1,data_table07_fixed/ticf-13crafb.fixed040-Forb.dzn,1,data_table07_fixed/ticf-13crafb.fixed040-Forb.dzn,https://imae.udg.edu/Recerca/LAI/,https://ima.udg.edu/Recerca/lai/b2b/b2b.zip,,2026-07-24T06:14:03+00:00,7200.0,,6f3ccaf59383a413936ee93d69392f669805b607,True,3.10.12,1.9.dev7,instance-20260722-153126,Linux-6.8.0-1064-gcp-x86_64-with-glibc2.35,x86_64,4,8,15988.055,1,0,/home/dclng566/projects/Business-Meeting-Scheduling-Problem/.venv/bin/python /home/dclng566/projects/Business-Meeting-Scheduling-Problem/src/Main.py --data-dir data_table07_fixed --solver cplex_cp --timeout 7200 --threads 1 --random-seed 0 --csv output/cplex_cp_official/data_table07_fixed/aggregate.csv --long-csv output/cplex_cp_official/data_table07_fixed/detailed.csv --excel-dir output/cplex_cp_official/data_table07_fixed/excel --verbose,,,,,Infeasible | SearchCompleted | SearchHasNotBeenStopped,,,cplex_cp,,,,exact_native,native_cp+distance_closure,,56,"1,2,3,4,7,8,9,10,12,13,14,15,16,17,18,19,20,21,22,23,24,25,26,28,29,30,31,32,33,36,37,38,39,40,41,42,43,44,45,47,48,51,53,54,56,57,58,59,60,61,62,63,64,65,66,76",2054,2236,35,35,,,,,one reduced-domain integer time variable per meeting | global all_diff per participant | global count per slot for table capacity | distance-labelled transitive precedence closure | native min/max internal-idle expressions | native max/min range objective over P*,result,native_min_max_span_range
